Scenario 3 - Bigrams,,,,,,,,,
CONTROL,,AC15,,AC15P,,HYBRID_3_5,,HYBRID_SEMANTIC,
Bigram,Count,Bigram,Count,Bigram,Count,Bigram,Count,Bigram,Count
if you,49,if you,82,if you,85,you can,70,if you,67
you can,44,you can,80,you can,83,if you,69,you can,64
it s,36,rev b,50,rev b,53,it s,32,it s,45
can t,23,it s,42,it s,38,can t,32,if the,33
if the,20,can t,35,can t,35,early access,31,series b,31
safety case,19,operating envelope,29,is not,32,sign off,29,safety case,28
with a,19,if the,26,series b,30,chief architect,29,you re,28
you re,19,series b,26,proposal a,27,series b,24,can t,27
the hardware,19,in the,24,if the,27,proposal a,23,early access,27
series b,19,you re,24,you re,27,safety case,23,in the,26
the bridge,18,can be,23,chief architect,27,is not,22,for the,26
the company,17,proposal a,23,i can,23,you re,22,won t,25
proposal a,16,chief architect,23,only if,22,with a,18,don t,23
early access,16,don t,23,the mining,20,operating envelope,18,chief architect,23
not a,15,e g,21,la eap,20,the chief,18,proposal a,22
of the,15,into a,21,not a,19,don t,17,the chief,22
commercial launch,15,haul road,20,sign off,19,only if,17,operating envelope,21
hardware fix,15,is not,19,the chief,18,i can,17,the hardware,20
is not,14,doesn t,19,operating envelope,18,the bridge,17,sign off,20
operating envelope,14,and the,19,if they,18,limited availability,16,the series,20
a constrained,14,only if,18,site qualification,18,as a,16,haul road,20
only if,14,failure mode,18,e g,18,and the,16,is not,19
and the,14,the architect,18,with a,17,haul roads,16,not a,19
i can,14,hardware fix,17,limited availability,17,hardware fix,15,s a,19
chief architect,14,the mining,17,don t,16,can be,15,and a,19
as a,13,even if,16,not just,16,for the,15,must be,18
this quarter,13,is a,16,can be,16,to the,15,doesn t,17
won t,13,won t,16,as a,16,you should,15,haul roads,17
interference zones,13,safety hover,16,and the,16,technical authority,15,can be,17
haul road,13,haul roads,16,early access,16,you have,14,in a,17
don t,12,lock loss,15,this quarter,16,even if,14,i can,17
a safety,12,to a,15,b shielding,16,not a,14,non negotiable,17
for the,12,the chief,15,help you,15,and you,14,with a,17
even if,12,i can,15,high emi,15,in the,14,only if,16
can be,12,with a,14,mining partner,15,and a,14,the architect,16
s a,11,of the,14,to a,15,entry into,14,the mining,16
the chief,11,this quarter,14,haul roads,15,into service,14,critical zones,16
constrained commercial,11,this is,13,the bridge,14,the mining,14,you need,15
service led,11,not a,13,this is,14,is a,13,the bridge,15
high interference,11,the hardware,13,in the,14,e g,13,hardware fix,14
what you,11,the bridge,13,if any,14,as the,13,commercial launch,14
e g,11,the sla,13,is a,14,haul road,13,to a,14
is a,11,early access,13,low emi,14,if the,13,if they,14
and you,11,can you,12,commercial launch,13,hover descend,13,with the,14
if it,11,what you,12,that s,13,shielding revision,12,a constrained,14
to a,11,one of,12,you cannot,13,this is,12,you have,13
hot swap,11,or you,12,can help,13,re not,12,even if,13
lock loss,10,with the,12,envelope and,13,the envelope,12,site qualification,13
isn t,10,if they,12,in a,13,of the,11,into a,13
in the,10,non negotiable,12,haul road,13,you cannot,11,if it,13
in high,10,time to,11,for the,12,safe landing,11,and the,13
into a,10,if it,11,and a,12,to a,11,do not,13
it as,10,and you,11,explicit exclusions,12,tied to,11,the company,13
this is,9,and a,11,the next,12,that s,11,controlled launch,13
you are,9,commissioning period,11,safety hover,12,downtime penalties,11,the launch,12
and a,9,loss of,10,downtime penalties,12,active haul,11,to the,12
delay for,9,it as,10,the window,12,is the,10,e g,12
by design,9,interference zones,10,stop criteria,12,in a,10,architect sign,12
doesn t,9,you need,10,high interference,11,you ve,10,integrity monitoring,12
the delay,9,must be,10,you need,11,a safety,10,that s,12
that s,9,and or,10,you must,11,this quarter,10,constrained launch,12
rather than,9,supported envelope,10,even if,11,commercial launch,10,is a,12
on site,9,the company,10,won t,11,responsible technical,10,production pilot,12
for a,9,of these,10,must be,11,the architect,10,uptime penalties,12
you should,8,you have,10,the system,11,into a,10,a launch,11
where you,8,for a,10,the envelope,11,and what,10,high interference,11
unless you,8,s a,9,what you,11,the company,10,this is,11
sign off,8,in a,9,penalty slas,11,staged acceptance,10,and you,11
non negotiable,8,is the,9,if it,10,ga launch,10,rather than,11
a as,8,not just,9,we can,10,a constrained,9,envelope and,11
hardware shielding,8,you should,9,of the,10,doesn t,9,you should,11
service credits,8,you don,9,you should,10,failure mode,9,predatory bridge,11
cure periods,8,may be,9,may be,10,won t,9,for a,11
in a,8,you want,9,we will,10,envelope and,9,the contract,11
high consequence,8,tied to,9,the company,10,what to,9,as a,11
not just,7,not ready,9,and what,10,the shielding,9,have a,10
the safety,7,unless you,9,for mining,10,the series,9,lose the,10
if they,7,bridge loan,9,that is,9,lock loss,9,s not,10
probability of,7,control loss,9,flights day,9,so you,9,b milestone,10
within a,7,cure periods,9,whether the,9,b milestone,9,isn t,10
fail safe,7,launch this,9,you have,9,is real,9,can help,10
safe behavior,7,the contract,9,s a,9,your current,9,probability of,10
it can,7,as a,9,until rev,9,safety hover,9,of these,10
to meet,7,explicit exclusions,9,paid deployments,9,uptime penalties,9,the mine,10
a high,7,and what,9,will accept,9,mining partner,9,on site,10
but it,7,active haul,9,a bounded,9,gen autonomy,9,a pilot,10
envelope and,7,the decision,8,the series,9,the decision,8,of the,9
to make,7,isn t,8,within a,9,you don,8,may be,9
the mining,7,flight hours,8,on call,9,they re,8,the current,9
with the,7,supported operating,8,probability of,9,interference zones,8,edge case,9
the odd,7,a safety,8,cost of,9,a bounded,8,a defensible,9
spares hot,7,you cannot,8,predatory bridge,9,if any,8,the safety,9
to the,7,are true,8,production sla,9,the safety,8,case for,9
if any,6,probability of,8,no penalties,9,we can,8,runtime integrity,9
suspended loads,6,default control,8,to keep,9,probability of,8,help you,9
you may,6,the event,8,will not,9,you need,8,it as,9
lose the,6,in writing,8,you d,8,s a,8,what you,9
part of,6,mining sla,8,into a,8,the board,8,root cause,9
bridge terms,6,mining partner,8,is no,8,a broad,8,downtime penalties,9
constrained launch,6,the series,8,with the,8,emi zones,8,but only,9
worst case,6,for any,8,global launch,8,strict uptime,8,pilot acceptance,9
shielding revision,6,to clear,8,on time,8,service credits,8,this quarter,9
a defined,6,so the,7,residual risk,8,do not,8,you must,8
the market,6,the system,7,and you,8,what you,8,the team,8
commercial deployment,6,magnetic interference,7,a safety,8,within a,8,interference zones,8
the board,6,envelope with,7,hover land,8,if it,7,can still,8
t sign,6,but only,7,then the,8,high interference,7,it with,8
you share,6,to avoid,7,of a,8,or a,7,you cannot,8
covenants control,6,the launch,7,on the,8,root cause,7,we can,8
a crash,6,a single,7,event rate,8,is only,7,be true,8
s not,6,event rate,7,it is,8,will not,7,failure mode,8
on a,6,you ll,7,doesn t,8,milestone rewrite,7,a controlled,8
downtime penalties,6,can help,7,launch partner,8,in writing,7,if any,8
your current,6,help you,7,acceptance metrics,8,of these,7,safety hover,8
zones can,6,risk is,7,you want,8,cannot guarantee,7,unless you,8
the contract,6,hover land,7,safe loiter,8,sign the,7,within a,8
on the,6,the envelope,7,so you,7,a controlled,7,penalty backed,8
acceptance ramp,6,under a,7,in high,7,help you,7,caps exclusions,8
a known,6,one page,7,interference zones,7,not ready,7,qualified corridors,8
nav confidence,6,the delay,7,as the,7,have a,7,shielding fix,8
penalty clauses,6,a high,7,systems architect,7,where you,7,the event,7
your safety,6,if any,7,site survey,7,at the,7,where the,7
the qualified,6,for the,7,paid pilots,7,you ship,7,where you,7
qualified odd,6,you still,7,risk is,7,a as,7,safe landing,7
haul roads,6,enough to,7,bridge terms,7,but only,7,not just,7
can still,5,worst case,7,any of,7,on site,7,designated safe,7
be a,5,the site,7,than a,7,authority sign,7,nav integrity,7
launch with,5,service level,7,launch definition,7,a launch,7,the next,7
a written,5,exclusions for,7,no go,7,case and,7,ask the,7
that you,5,but it,7,because it,7,the vc,7,paid deployments,7
if your,5,near term,7,you tell,7,delay for,6,the system,7
you cannot,5,until rev,7,tell me,7,event rate,6,milestone language,7
may be,5,downtime definition,7,failure mode,7,the failure,6,written safety,7
the system,5,counts as,7,ability to,7,no go,6,event rate,7
until hardware,5,envelope and,7,penalty clauses,7,not sign,6,one of,7
must be,5,within a,7,the contract,7,to do,6,t accept,7
hardware hardening,5,the window,7,paid pilot,7,it as,6,loss of,7
how to,5,exit criteria,7,for a,7,how to,6,so you,7
the next,5,stop rollback,7,landing zones,7,can help,6,in mining,7
in writing,5,the vc,7,we cannot,7,you are,6,that can,7
signed safety,5,s not,6,qualification phase,7,ready for,6,accept a,7
a non,5,mission abort,6,within qualified,7,s not,6,service credits,7
tell you,5,that makes,6,launch this,7,a known,6,the partner,7
is defensible,5,a bounded,6,you ve,7,not just,6,at the,7
the team,5,high interference,6,penalties in,7,the same,6,or a,7
be met,5,it can,6,over haul,7,launch that,6,a known,7
enforced by,5,constrained launch,6,if a,6,the system,6,the root,7
you want,5,the market,6,a site,6,worst case,6,the shielding,7
you had,5,a as,6,it as,6,you share,6,mining partner,7
had a,5,that s,6,is only,6,that is,6,hardware shielding,7
market window,5,that can,6,losing the,6,the worst,6,safe box,7
strategic customer,5,the next,6,a concrete,6,over an,6,make the,6
customer prepay,5,you to,6,would make,6,penalty exposure,6,the real,6
talent loss,5,hardware rev,6,isn t,6,can you,6,you don,6
t be,5,option c,6,launch into,6,a month,6,can occur,6
the series,5,change the,6,what to,6,with the,6,you are,6
bridge is,5,we can,6,to do,6,is no,6,re not,6
control rights,5,launch into,6,accept a,6,no longer,6,re qualification,6
loss of,5,to the,6,bounded envelope,6,only after,6,controlled commercial,6
and it,5,given your,6,launch in,6,flight hours,6,option c,6
it is,5,reputational damage,6,a defined,6,if they,6,launch envelope,6
safety hover,5,constrained envelope,6,you are,6,unless you,6,site classes,6
treat it,5,a launch,6,for that,6,a defined,6,case is,6
the event,5,safety case,6,the supported,6,but it,6,if yes,6
you need,5,ready if,6,retrofit plan,6,non stationary,6,is the,6
re not,5,to be,6,able to,6,a written,6,the interference,6
a month,5,any of,6,a is,6,the window,6,to make,6
exclusions for,5,supply chain,6,supported envelope,6,on the,6,where it,6
mining partner,5,you may,6,so the,6,an early,6,a written,6
sla penalties,5,rather than,6,one page,6,we will,6,but it,6
and likely,5,the failure,6,but it,6,in high,5,you share,6
can shift,5,and your,6,it can,6,may be,5,default triggers,6
predatory bridge,5,what this,6,of these,6,geofence patch,5,any of,6
at the,5,you ve,6,refinance trap,6,are true,5,with explicit,6
stop ship,5,or the,6,the risk,6,they can,5,in qualified,6
penalty caps,5,is no,6,you may,6,the geofence,5,does not,6
arr site,5,sla definition,6,an unbounded,6,if your,5,not automatically,6
an early,5,partner s,6,you share,6,go no,5,the delay,6
an eap,5,a commissioning,6,the key,6,on a,5,the failure,6
outside the,5,the partner,6,until you,6,landing zones,5,from the,6
a formal,5,t guarantee,6,hover descend,6,corridors and,5,the worst,6
stop ops,5,architect s,6,emi sites,6,the milestone,5,it if,6
cannot be,5,the aircraft,6,what the,6,one page,5,in place,6
choose a,4,t become,6,risk if,6,for early,5,the key,6
does not,4,what the,6,what i,6,with explicit,5,it can,6
still be,4,downtime penalties,6,no longer,6,should not,5,zones and,6
are true,4,launch that,6,with penalties,6,you must,5,delay and,6
lateral drift,4,site certification,6,to accept,6,losing the,5,launch now,6
a launch,4,gross profit,6,recovery time,6,is to,5,explicit exclusions,6
that the,4,uptime penalties,6,we ll,6,that preserves,5,hover landing,6
systems architect,4,access program,6,capped penalties,6,declared envelope,5,launch partner,6
sign the,4,critical corridors,6,emi environments,6,standard if,5,service level,6
the real,4,traffic control,6,penalties or,6,depends on,5,strict uptime,6
the architect,4,negotiable no,6,tied to,6,the exact,5,true you,6
change the,4,edge case,5,acceptance period,6,for a,5,capped remedies,6
commercial availability,4,a safe,5,mining ga,6,forced landing,5,they re,6
commercial release,4,envelope that,5,what would,6,of a,5,safe loiter,6
broad ga,4,depending on,5,delay for,6,the hardware,5,root fix,6
retrofit commitment,4,can become,5,shielding or,6,it doesn,5,on call,6
schedule with,4,cost of,5,near term,6,the fix,5,launch this,6
plan and,4,a constrained,5,with no,6,you may,5,pilot terms,6
defensible and,4,is only,5,whether you,6,what s,5,you may,6
event rate,4,at the,5,and b,6,is low,5,stop ship,6
if a,4,you are,5,the market,6,sla penalty,5,stop deploy,6
a is,4,before lock,5,the current,6,the resignation,5,critical zone,6
case and,4,the product,5,dynamic detection,6,resignation threat,5,on the,6
you ve,4,losing the,5,qualified envelope,6,threat is,5,at least,5
as stated,4,is an,5,rather than,6,because it,5,a is,5
and how,4,so you,5,architect sign,6,unless the,5,are true,5
it to,4,we are,5,during eap,6,at scale,5,enough to,5
for an,4,are not,5,no hover,6,b delay,5,safety relevant,5
becomes a,4,the team,5,corridors over,6,the contract,5,the condition,5
safety authority,4,it is,5,the vc,6,counts as,5,delay for,5
failure modes,4,commercial launch,5,proposal b,5,the current,5,bridge terms,5
remediation plan,4,this can,5,but only,5,geofence is,5,ability to,5
because the,4,can still,5,depending on,5,for mining,5,hardware remediation,5
or the,4,in supported,5,customer trust,5,integrity monitoring,5,predefined safe,5
shipping now,4,a supported,5,interference is,5,a real,5,safe zone,5
b now,4,how to,5,may not,5,shift and,5,not launch,5
tail risk,4,incident review,5,do you,5,what the,5,given your,5
or a,4,i would,5,can bound,5,in weeks,5,committed hardware,5
without a,4,sign off,5,need to,5,it is,5,a delay,5
and your,4,and i,5,sign a,5,isn t,5,a safety,5
it by,4,inside a,5,where you,5,a way,5,residual risk,5
in that,4,such that,5,safety first,5,can defend,5,flight hours,5
depends on,4,stop ship,5,is the,5,stationary emi,5,risk and,5
designated safe,4,i e,5,safety case,5,emi risk,5,when it,5
landing pads,4,a known,5,broad ga,5,penalties and,5,and what,5
dynamic detection,4,per flight,5,envelope is,5,a defensible,5,mining offshore,5
whether you,4,flight hour,5,make it,5,a board,5,reckless if,5
month slip,4,based on,5,you ship,5,exclusion zones,5,these are,5
of a,4,a simple,5,in writing,5,mining contract,5,hard to,5
that can,4,when the,5,key engineers,5,a critical,5,constrained envelope,5
likely to,4,systems architect,5,a milestone,5,architect or,5,to avoid,5
to avoid,4,a one,5,per site,5,the team,5,insider led,5
led ops,4,definition of,5,they won,5,key person,5,led bridge,5
is the,4,bridge terms,5,a defensible,5,envelope if,5,lock loss,5
the customer,4,probability weighted,5,that envelope,5,the next,5,mission abort,5
tied to,4,control rights,5,launch that,5,over haul,5,safe zones,5
you still,4,re qualification,5,delay with,5,an active,5,if your,5
unconditional reliability,4,that is,5,a credible,5,global launch,4,you ve,5
reliability with,4,you share,5,signed deployments,5,for hardware,4,the balance,5
with penalties,4,right now,5,you draft,5,it can,4,remediation plan,5
the current,4,interference exposure,5,a practical,5,this week,4,launch that,5
that is,4,abort rate,5,landing zone,5,occur in,4,if we,5
qualified zones,4,whether the,5,not ready,5,enough to,4,if no,5
zones corridors,4,the balance,5,re not,5,fleet grounding,4,bottom line,5
hardware revision,4,on the,5,be able,5,sla penalties,4,that triggers,5
credits vs,4,you launch,5,contract alignment,5,closer to,4,tell you,5
vs cash,4,with explicit,5,to the,5,a geofence,4,safety aborts,5
across the,4,what i,5,create a,5,in industrial,4,and that,5
then proposal,4,no longer,5,a predatory,5,a is,4,that the,5
a geofence,4,reference customer,5,be the,5,architect leads,4,phase with,5
not viable,4,the exact,5,chance of,5,proposal b,4,acceptance metrics,5
a phased,4,penalty schedule,5,delay is,5,case for,4,renegotiate the,5
the envelope,4,sorties day,5,and expected,5,to ga,4,a broad,5
magnetic interference,4,be true,5,long term,5,ship a,4,then the,5
climb hold,4,sla is,5,terms that,5,why this,4,mining launch,5
return to,4,for interference,5,next round,5,the best,4,exclusions and,5
and an,4,interference triggered,5,covenants control,5,paid deployments,4,penalties and,5
an enforceable,4,the service,5,the delay,5,delivered units,4,worst case,5
the launch,4,hot spares,5,t bound,5,to make,4,safety reliability,5
geofence only,4,launch milestone,5,even with,5,launch with,4,as the,5
autonomous within,4,a stop,5,a controlled,5,defined operating,4,with uptime,5
s still,4,for that,5,way to,5,within envelope,4,cannot guarantee,5
odd not,4,paste the,5,if your,5,draft a,4,for mining,5
geofencing is,4,definition and,5,safe landing,5,a one,4,the site,5
an odd,4,hover landing,5,abort rate,5,any of,4,retrofit policy,5
a qualified,4,or a,5,are true,5,where the,4,a concrete,5
launch partner,4,into that,5,when it,5,given your,4,geofence only,5
under a,4,the only,5,the balance,5,than a,4,without a,5
be the,4,per aircraft,5,p resign,5,to avoid,4,production sla,5
the service,4,delay for,5,i would,5,are not,4,acceptance phase,5
service level,4,shifting interference,5,bounded launch,5,for each,4,t sign,5
lock in,4,and b,5,launch scope,5,recovery time,4,what the,5
launch that,4,service throughput,5,an sla,5,that can,4,being first,5
redundancy spares,4,market window,5,downtime and,5,if a,4,skyhaul s,5
delta arr,4,as downtime,5,it doesn,5,with margin,4,contribution margin,5
delta ev,4,period exclusions,5,partner will,5,risk is,4,contract structure,5
for mining,4,an eap,5,emi is,5,not the,4,you lose,5
fix and,4,critical corridor,5,or capped,5,can still,4,sign and,5
make the,4,we will,5,to avoid,5,incident response,4,you do,5
access program,4,cannot be,5,what counts,5,get the,4,customer prepay,5
ops authority,4,ghost edge,4,as downtime,5,a decision,4,gen autonomy,5
hardware remediation,4,hover descend,4,rate and,5,a simple,4,are met,5
until the,4,and enforce,4,reliability penalties,5,the operating,4,the early,5
descend where,4,if no,4,reputational damage,5,and reliability,4,an active,5
critical infrastructure,4,flights day,4,ga launch,5,based on,4,active haul,5
safe volume,4,expected events,4,pilot la,5,talent loss,4,the aircraft,5
critical lanes,4,events day,4,safety reliability,5,so the,4,over haul,5
a dated,4,is safe,4,in mining,5,of ruin,4,a showstopper,5
proceed with,4,exactly what,4,with an,5,bridge terms,4,production mining,5
the haul,4,a geofence,4,a qualification,5,control and,4,the vc,5
safety owner,4,nav lock,4,the team,5,bridge is,4,deploy authority,5
you don,3,instead of,4,in weeks,5,on time,4,this as,4
you ll,3,a predictable,4,shifting emi,5,risk the,4,destroy the,4
safety culture,3,architect leads,4,how often,5,the delay,4,case can,4
the defect,3,risk the,4,mitigation is,5,at least,4,t be,4
not the,3,shipping a,4,zones may,5,delay is,4,in high,4
any of,3,a crash,4,may shift,5,a credible,4,environments where,4
of these,3,of a,4,launch only,5,do next,4,chance of,4
injury property,3,safe and,4,satisfy the,5,failure modes,4,least one,4
written safety,3,a defined,4,penalties and,5,risk and,4,ship into,4
case hazard,3,low interference,4,the competitor,5,maturity covenants,4,if all,4
hazard analysis,3,t it,4,competitor delay,5,control rights,4,all of,4
evidence that,3,launch to,4,mining contract,5,make it,4,landing zones,4
chief systems,3,to ga,4,t meet,5,s the,4,not ready,4
can sign,3,commit to,4,de scope,5,you tell,4,ready to,4
you either,3,hardware revision,4,unbounded emi,5,tell me,4,reputational damage,4
or you,3,treat it,4,the exact,5,then the,4,b delay,4
but you,3,long term,4,uptime penalties,5,the balance,4,true the,4
risk a,3,architect signs,4,de scoped,5,case is,4,the core,4
satisfy the,3,and enforceable,4,mining is,5,the least,4,on time,4
to your,3,t meet,4,not sign,5,penalty clauses,4,ghost edge,4
investors and,3,what is,4,within hours,5,zones may,4,a predefined,4
a vs,3,you ship,4,site safety,5,not accept,4,an internal,4
vs b,3,and operational,4,roads and,5,with penalties,4,shielding revision,4
launch as,3,a credible,4,to safe,5,one of,4,for early,4
bound the,3,case and,4,emergency landing,5,the penalty,4,launch with,4
launch this,3,launch scope,4,flight readiness,5,production loss,4,how to,4
hardware rev,3,a written,4,readiness certificate,5,explicit operating,4,next hours,4
static geofence,3,and investors,4,go only,5,real time,4,so the,4
of interference,3,for you,4,launch what,4,landing pads,4,a single,4
land where,3,and it,4,these are,4,launch and,4,produce a,4
they won,3,if your,4,is still,4,hardware shielding,4,a one,4
with explicit,3,they can,4,of flights,4,penalty structure,4,one page,4
for your,3,detection mitigation,4,fraction of,4,you paste,4,for each,4
how often,3,the supported,4,a safe,4,penalty clause,4,with evidence,4
are in,3,envelope not,4,of safety,4,redacted i,4,evidence that,4
in those,3,ability to,4,do this,4,an entry,4,chief systems,4
those zones,3,for hardware,4,a geofence,4,reliability qualification,4,systems architect,4
do not,3,can sign,4,bound it,4,a single,4,sign the,4
ship broadly,3,chief systems,4,that can,4,can demonstrate,4,defined as,4
based on,3,in place,4,lock loss,4,primary mitigation,4,with controlled,4
geofence beta,3,tell me,4,bridge loan,4,with downtime,4,controlled availability,4
label it,3,your current,4,willing to,4,a safe,4,they won,4
risk and,3,i ll,4,to sign,4,safe loiter,4,need to,4
a signed,3,turn this,4,the safety,4,may still,4,the decision,4
or delay,3,this into,4,not the,4,rather than,4,shipping into,4
fix if,3,it becomes,4,hardware shielding,4,zones can,4,customer visible,4
i ll,3,even without,4,need a,4,can shift,4,and still,4
is likely,3,with your,4,for high,4,or equivalent,4,it is,4
interference areas,3,b or,4,validated envelope,4,and whether,4,it to,4
you ship,3,forced sale,4,is real,4,with remote,4,a safe,4
health gating,3,default risk,4,a clear,4,for exceptions,4,safe for,4
static geofencing,3,a bridge,4,non negotiable,4,remote support,4,that is,4
paid deployments,3,board control,4,insist on,4,covenants and,4,and rollback,4
deployments within,3,fees warrants,4,the milestone,4,in that,4,integrity gating,4
the operating,3,away from,4,cannot bound,4,the launch,4,and can,4
engineering safety,3,delay is,4,or you,4,clear downtime,4,you want,4
safety critical,3,bound the,4,from the,4,downtime definitions,4,we ship,4
within the,3,the key,4,gated launch,4,will sign,4,for your,4
stated envelope,3,landing is,4,b and,4,veto power,4,bridge as,4
behavior is,3,pre cleared,4,for your,4,market position,4,because the,4
envelope is,3,landing zones,4,draft a,4,reliability with,4,rights that,4
customer facing,3,these are,4,ready for,4,a formal,4,the very,4
where it,3,the same,4,or a,4,or designated,4,risk you,4
it doesn,3,can prove,4,evidence that,4,designated safety,4,a month,4
and what,3,and recovery,4,bounded risk,4,safety authority,4,than a,4
when it,3,triggers the,4,be true,4,to expand,4,creates a,4
met in,3,enough that,4,are met,4,an eis,4,to recover,4
known failure,3,a month,4,that match,4,written safety,4,even with,4
supply chain,3,b launch,4,d need,4,a dated,4,a predatory,4
in place,3,expected sorties,4,within the,4,dated plan,4,into an,4
a product,3,that the,4,contracts and,4,and exclusions,4,key talent,4
to that,3,changes the,4,match the,4,exit criteria,4,dilution control,4
want i,3,penalty clauses,4,acceptance criteria,4,engineers will,4,what to,4
a one,3,get the,4,criteria and,4,plan for,4,often the,4
one page,3,to meet,4,unless you,4,launch milestone,4,but not,4
make a,3,that contract,4,can still,4,during early,4,launch in,4
and b,3,have a,4,still be,4,next hours,4,qualified sites,4
way to,3,amend the,4,this as,4,near term,4,whether you,4
the milestone,3,commissioning phase,4,milestone redefinition,4,critical zone,4,safe corridors,4
high probability,3,penalties are,4,you still,4,until reliability,4,only in,4
you choose,3,triggered safety,4,what makes,4,a showstopper,4,at that,4
insider bridge,3,b hardware,4,make the,4,an envelope,4,time to,4
tranche based,3,redundancy so,4,s not,4,descend over,4,as an,4
based series,3,expensive but,4,how to,4,no overflight,4,whether the,4
smaller bridge,3,penalties reputational,4,b milestone,4,stop rules,4,the roadmap,4
even with,3,a hard,4,to reduce,4,result you,4,the round,4
if shipping,3,what to,4,cannot be,4,and your,3,p text,4
expected value,3,to do,4,p50 p90,4,your safety,3,a quick,4
what to,3,next hours,4,a refinance,4,make the,3,before you,4
to do,3,uptime definition,4,it to,4,the risk,3,will you,4
the decision,3,penalty exposure,4,cannot guarantee,4,do this,3,bridge or,4
engineering leadership,3,you change,4,sla penalties,4,per flight,3,talent loss,4
is safe,3,you deliver,4,treat it,4,rate at,3,a way,4
launch to,3,geofence is,4,system can,4,fraction of,3,or b,4
bottom line,3,containment is,4,the event,4,interference conditions,3,expected downtime,4
re choosing,3,at least,4,enough to,4,events month,3,missions day,4
bridge s,3,least one,4,environments where,4,in mining,3,recovery time,4
maturity covenants,3,runtime detection,4,that matches,4,is safe,3,test if,4
can help,3,definition or,4,a written,4,phi is,3,production ready,4
help you,3,cannot bound,4,is worth,4,release the,3,reliability is,4
it on,3,autonomy is,4,may still,4,sites you,3,until you,4
safety hazard,3,they are,4,treat as,4,outside the,3,production rollout,4
an availability,3,can use,4,you paste,4,a tight,3,but you,4
is credible,3,because interference,4,changes the,4,a hard,3,a production,4
safe landing,3,penalized sla,4,the decision,4,hard constraint,3,with defined,4
that are,3,in that,4,do not,4,and likely,3,penalties are,4
at least,3,may not,4,explicit operating,4,safety architecture,3,reduced waived,4
can prove,3,mode is,4,where it,4,sign a,3,and safe,4
mission abort,3,it doesn,4,no or,4,t have,3,launch decision,4
predefined safe,3,quarter but,4,explicit emi,4,commercial release,3,mining conglomerate,4
can suggest,3,does not,4,on site,4,not ga,3,full sla,4
unless the,3,downtime is,4,after rev,4,abort corridors,3,until the,4
of losing,3,a certified,4,or after,4,and recovery,3,paste the,4
losing the,3,certified operating,4,while keeping,4,mandatory telemetry,3,downtime definition,4
is effectively,3,envelope v1,4,case for,4,event logging,3,keep the,4
a death,3,are proven,4,counts as,4,off on,3,reduces the,4
death spiral,3,they refuse,4,at the,4,of failure,3,t equal,4
the resignation,3,critical path,4,a one,4,site survey,3,to prevent,4
keep the,3,is amended,4,either a,4,your test,3,fix or,4
and or,3,to rev,4,can demonstrate,4,milestone renegotiation,3,path to,4
kill the,3,b and,4,penalties during,4,not do,3,pilot phase,4
try to,3,launch now,4,the minimum,4,broad launch,3,geofence is,4
site qualified,3,being first,4,reliability case,4,true you,3,loiter landing,4
but only,3,number of,4,your mitigation,4,bounded envelope,3,if integrity,4
will sign,3,envelope contract,4,can sign,4,the event,3,a hard,4
b the,3,gen autonomy,4,return to,4,to sign,3,yes you,4
changes the,3,signs the,4,bounded mitigation,4,your stated,3,autonomous within,4
no longer,3,and contract,4,time launch,4,and it,3,in industrial,4
hover land,3,b milestone,4,t be,4,break even,3,to keep,4
risk penalties,3,do not,4,architect s,4,cost of,3,downtime penalty,4
penalties service,3,penalty slas,4,mining as,4,heavy lift,3,terms caps,4
offer a,3,known limitations,4,is we,4,supervision model,3,with penalties,4
within qualified,3,the eap,4,b whether,4,and enforce,3,partner won,4
qualified corridors,3,will not,4,you choose,4,residual risk,3,mining sla,4
explicit exclusions,3,with an,4,remote supervision,4,not an,3,market window,4
site spare,3,eap can,4,exclusions for,4,reliability and,3,s delay,4
swap to,3,t sign,4,envelope if,4,forced landings,3,paid production,4
create site,3,an active,4,zones under,4,is enforceable,3,is effectively,4
insists on,3,loiter landing,4,a commercial,4,safety critical,3,for launch,4
on unconditional,3,for minutes,4,knowingly defective,4,on call,3,only as,4
redacted i,3,planned for,4,not bounded,4,and customer,3,only after,4
with downtime,3,keep out,4,hardware fix,4,at a,3,proceed with,4
why it,3,road blockage,4,b program,4,test that,3,an early,4
it changes,3,roads and,4,and c,4,for ga,3,an eap,4
failure mode,3,the rev,4,emi zones,4,flight test,3,corridors only,4
to be,3,scope creep,4,emi mining,4,named technical,3,capped service,4
and contract,3,the haul,4,next hours,4,and operational,3,access envelope,4
caps cure,3,corridor containment,4,definition that,4,you want,3,you now,4
the full,3,the ghost,3,slas in,4,landing hover,3,now have,4
full site,3,lock in,3,lock in,4,predatory terms,3,over near,4
can tell,3,a specific,3,the only,4,a company,3,occur over,4
phased launch,3,safe hover,3,a mine,4,company ending,3,hover land,4
with an,3,makes the,3,or de,4,and b,3,over critical,4
onboard detection,3,if yes,3,a launch,4,delay becomes,3,launch into,4
that triggers,3,bounded launch,3,they will,4,chance of,3,showstopper for,4
transitions to,3,until you,3,signs the,4,more than,3,roads critical,4
g climb,3,if a,3,scope mining,4,customer grounding,3,launch and,4
to safe,3,day in,3,will launch,4,predatory bridge,3,acceptance criteria,4
safe corridor,3,event is,3,the engineers,4,and can,3,not sign,4
quickly you,3,within days,3,an eap,4,t crash,3,we re,4
the worst,3,flights in,3,flight hours,4,broadly with,3,can we,3
case for,3,launch is,3,to rev,4,triggers a,3,not the,3
t bound,3,geofence patch,3,no uptime,4,time launch,3,industrial autonomy,3
a commercial,3,hover then,3,are you,4,the practical,3,landing can,3
architect sign,3,outside the,3,active haul,4,so it,3,can create,3
odd with,3,viable only,3,predefined safe,4,least one,3,treat this,3
that matches,3,with evidence,3,have a,4,renegotiate the,3,case the,3
confidence loss,3,to safe,3,mining production,4,launch into,3,retention and,3
high magnetic,3,over an,3,no fly,4,this can,3,a customer,3
a predatory,3,system is,3,road blockage,4,the round,3,n missions,3
enforceable odd,3,part of,3,kills gen,4,if investors,3,in environments,3
odd limited,3,you must,3,availability early,4,and or,3,the defect,3
on an,3,your chief,3,qualified low,4,terms that,3,the chance,3
ship authority,3,architect can,3,what they,4,is often,3,one event,3
probability weighted,3,constraints if,3,in qualified,4,envelope limits,3,you ship,3
launch and,3,t get,3,eap launch,4,site integration,3,why it,3
this week,3,team that,3,lead vc,4,and runway,3,is viable,3
sign what,3,truth and,3,you don,3,shielding fix,3,viable only,3
shifting interference,3,when it,3,what customers,3,with conservative,3,the following,3
meet uptime,3,industrial environments,3,engineers can,3,without a,3,detect the,3
acceptance period,3,quickly a,3,truthful and,3,under the,3,control if,3
delay as,3,or b,3,the ghost,3,then a,3,near people,3
defined odd,3,keep the,3,edge case,3,what i,3,t guarantee,3
ev approx,3,so it,3,a quick,3,a milestone,3,guarantee safe,3
you to,3,on time,3,interference conditions,3,share the,3,a label,3
to ship,3,limited availability,3,incidents day,3,monthly burn,3,and operational,3
t get,3,execution not,3,day flights,3,didn t,3,that envelope,3
explicit odd,3,a rev,3,operator intervention,3,safety related,3,damage and,3
the round,3,make the,3,customers will,3,could be,3,execution risk,3
program eap,3,a concrete,3,as launch,3,over a,3,proposal b,3
if interference,3,per flights,3,the geofence,3,call it,3,schedule and,3
the primary,3,supported environments,3,can actually,3,mission abort,3,fix schedule,3
must match,3,per month,3,bound risk,3,loss of,3,one sentence,3
no unconditional,3,technically honest,3,bound exposure,3,mission termination,3,can demonstrate,3
qualified envelope,3,ship broadly,3,known defect,3,a nuisance,3,what it,3
release gate,3,landing footprint,3,estimator health,3,envelope the,3,specific mine,3
the eap,3,within an,3,answer yes,3,you d,3,runtime nav,3
sla language,3,site survey,3,becomes a,3,need to,3,early and,3
an explicit,3,require a,3,is an,3,i e,3,rtb to,3
odd is,3,a pre,3,the same,3,month delay,3,is still,3
not by,3,even a,3,chief systems,3,delay the,3,and retrofit,3
scoped to,3,telemetry incident,3,critical path,3,c_ bridge,3,early units,3
operational hazard,3,investor narrative,3,a release,3,p_ default,3,a non,3
safe hover,3,want to,3,stop ship,3,times c_,3,uncommanded landing,3
and customer,3,investors a,3,you avoid,3,the ship,3,you sign,3
roads with,3,envelope expansion,3,engineers are,3,p_ exit,3,and stay,3
hazard log,3,to hardware,3,outside the,3,from the,3,answer is,3
like a,3,propose a,3,first ethos,3,c_ launch,3,ship and,3
site hazards,3,your facts,3,the label,3,talent retention,3,worse than,3
odd that,3,call it,3,gated limited,3,even a,3,the lead,3
behavior that,3,how you,3,a vs,3,make a,3,into the,3
known safe,3,lose the,3,vs b,3,or b,3,c controlled,3
safe state,3,team and,3,b if,3,the two,3,near term,3
enforced operating,3,that still,3,but you,3,such that,3,interference conditions,3
an active,3,operationally non,3,pilot only,3,to give,3,mines offshore,3
active haul,3,non disruptive,3,this can,3,burn and,3,land where,3
in mining,3,architect sign,3,path to,3,and show,3,are the,3
hover descend,3,b delay,3,bounded operating,3,what this,3,the only,3
if all,3,delay hardware,3,incident response,3,per site,3,what exactly,3
all of,3,more than,3,broad claims,3,maintenance windows,3,number of,3
hover over,3,on a,3,a month,3,at that,3,a specific,3
over critical,3,customers and,3,you will,3,penalties are,3,the minimum,3
contract sla,3,means for,3,move is,3,time to,3,a practical,3
authority won,3,a practical,3,try to,3,accept a,3,ready for,3
consequence operational,3,residual risk,3,investors accept,3,uptime sla,3,can defend,3
dated hardware,3,emi magnetic,3,such as,3,under proposal,3,an explicit,3
if we,3,heavy lift,3,on rev,3,the mine,3,that a,3
a tranche,3,and p,3,manufacturing plan,3,mine s,3,mission success,3
road blockage,3,per mission,3,architect leads,3,or the,3,in that,3
paid eap,3,incident response,3,will sign,3,s an,3,t ship,3
an investor,3,staged rollout,3,without pretending,3,the customer,3,architect or,3
governance and,3,from the,3,there s,3,a staged,3,can sign,3
formal board,3,contracts that,3,and only,3,explicit exclusions,3,the stated,3
caps and,3,technical owners,3,of those,3,liability and,3,stated envelope,3
retrofit plan,3,the safety,3,that triggers,3,credits hard,3,rate in,3
behavior must,3,high severity,3,worse than,3,hard cap,3,of safety,3
plan with,3,operational readiness,3,change the,3,loss pass,3,bound the,3
this as,2,environments and,3,language that,3,pass through,3,be explicit,3
financing milestone,2,becomes reckless,3,with your,3,sites areas,3,envelope that,3
milestone definition,2,high probability,3,make a,3,the first,3,during initial,3
optimize for,2,covenant default,3,risk and,3,launch partner,3,containment and,3
cash and,2,delay bridge,3,the real,3,pads and,3,that make,3
culture and,2,happens if,3,defined envelope,3,availability with,3,interference risk,3
the same,2,default remedies,3,interference magnetic,3,what is,3,and engineering,3
a slow,2,path with,3,magnetic environments,3,paste the,3,data and,3
hazard if,2,not the,3,then you,3,uptime penalty,3,rule if,3
these are,2,p ruin,3,are not,3,clause redacted,3,your team,3
occur over,2,of control,3,before you,3,with an,3,it doesn,3
people vehicles,2,chance of,3,you call,3,into direct,3,and support,3
any credible,2,be structurally,3,case is,3,you change,3,this week,3
credible scenario,2,worse than,3,risk statement,3,they won,3,you draft,3
leads to,2,becomes a,3,when the,3,architect s,3,to launch,3
property damage,2,bridge or,3,a small,3,t be,3,make a,3
damage regulatory,2,engineering gates,3,mission success,3,cannot be,3,company s,3
issue it,2,avoid the,3,ghost case,3,only viable,3,long term,3
a no,2,a financing,3,limits and,3,onboard integrity,3,delay is,3
require a,2,low and,3,external claims,3,to be,3,is reckless,3
analysis fmea,2,t bound,3,envelope you,3,be true,3,of a,3
architect can,2,the core,3,and on,3,option you,3,control loss,3
your core,2,engineering team,3,plan if,3,degraded nav,3,death spiral,3
t the,2,share the,3,access program,3,nav integrity,3,covenants default,3
may lose,2,interest fees,3,strict envelope,3,to safe,3,consent rights,3
month roadmap,2,rights and,3,to say,3,sites missions,3,cap table,3
roadmap hit,2,which single,3,review with,3,and exclusion,3,to do,3
that with,2,the right,3,written sign,3,cannot honestly,3,team s,3
a beta,2,is usually,3,it and,3,and contract,3,trying to,3
beta label,2,calling it,3,can enforce,3,trigger class,3,interference is,3
plan to,2,where the,3,b is,3,can answer,3,month delay,3
as part,2,the following,3,not be,3,only as,3,delay bridge,3
proposal b,2,safety relevant,3,redefine the,3,t guarantee,3,warrants dilution,3
the financing,2,because the,3,release scope,3,either a,3,the best,3
is truly,2,can enter,3,thresholds and,3,equivalent root,3,in parallel,3
the commercial,2,current constraints,3,depends on,3,what your,3,commercial availability,3
before accepting,2,p event,3,enterprise value,3,the most,3,bridge with,3
what launch,2,severity based,3,launching now,3,definition and,3,tied to,3
can bound,2,cannot guarantee,3,a strong,3,calling it,3,reduce the,3
the hazard,2,zones and,3,the least,3,it becomes,3,lender leverage,3
be able,2,evidence that,3,probability weighted,3,and still,3,the top,3
able to,2,not guaranteed,3,a delay,3,how many,3,landing in,3
without pretending,2,you tell,3,survival probability,3,autonomous operations,3,in an,3
system is,2,event can,3,that make,3,within the,3,as not,3
not broad,2,unless the,3,that prevent,3,say autonomous,3,safety exposure,3
site qualification,2,that you,3,but the,3,envelope with,3,a site,3
detection of,2,a page,3,which is,3,support for,3,corridors landing,3
interference estimator,2,a delay,3,after a,3,may shift,3,operate in,3
estimator inconsistency,2,you already,3,a simple,3,knowingly defective,3,is only,3
before lock,2,burn and,3,a day,3,roadmap back,3,a nuisance,3
do this,2,decision rule,3,to compute,3,back months,3,nuisance it,3
led deployments,2,that a,3,runway months,3,control risk,3,precautionary landing,3
telemetry incident,2,will sign,3,warrants fees,3,launch this,3,abort rate,3
incident review,2,covenants control,3,control rights,3,launch you,3,outside designated,3
grounding authority,2,i need,3,of closing,3,and explicit,3,operational disruption,3
who pays,2,with downtime,3,under a,3,a delay,3,customer disclosure,3
within defined,2,of downtime,3,to make,3,support and,3,environment where,3
defined operating,2,and penalty,3,the predatory,3,the only,3,a decision,3
and technically,2,expected downtime,3,a validated,3,risk that,3,risk is,3
technically defensible,2,this partner,3,milestone based,3,evidence the,3,you tell,3
to sign,2,exposure you,3,for rev,3,milestone language,3,tell me,3
re in,2,compute expected,3,only for,3,language and,3,and your,3
in b,2,day mttr,3,away from,3,board memo,3,the reason,3
next hours,2,mttr if,3,in low,3,can capture,3,losing the,3
a short,2,and mttr,3,existential risk,3,ga with,3,than the,3
target sites,2,you will,3,loss of,3,does not,3,kill the,3
rate consequence,2,redundancy such,3,key engineering,3,makes a,3,field firefighting,3
consequence severity,2,is met,3,exposure you,3,penalties begin,3,if p,3
severity in,2,shipping into,3,or an,3,begin only,3,should do,3
zones is,2,penalty sla,3,share the,3,x flight,3,a binary,3
with suspended,2,ask for,3,discount cap,3,the market,3,retrofit plan,3
case sign,2,envelope explicit,3,cap warrants,3,need a,3,you stay,3
not ship,2,safety landings,3,and your,3,competitor delay,3,stay and,3
now ask,2,fleet availability,3,burn and,3,must be,3,toward delay,3
paid pilots,2,on site,3,sanity check,3,defensible envelope,3,a bridge,3
constrained release,2,launch partner,3,near miss,3,milestone definition,3,is likely,3
or soften,2,credible launch,3,and it,3,skyhaul s,3,either a,3
soften it,2,mining deployment,3,otherwise you,3,first mover,3,the predatory,3
you change,2,then proposal,3,events day,3,v_ text,3,share the,3
a into,2,as originally,3,impact on,3,the downside,3,and whether,3
the constrained,2,because it,3,use a,3,the key,3,architect would,3
negotiable hardware,2,exact uptime,3,in your,3,emi triggered,3,can tell,3
on what,2,day and,3,for each,3,longer a,3,no longer,3
ve shared,2,t amend,3,credible injury,3,long term,3,over a,3
reputation risk,2,ship for,3,does the,3,commercial scope,3,per site,3
availability this,2,you paste,3,landing area,3,off chief,3,restricted zones,3
quarter only,2,a is,3,exposure is,3,ga this,3,with no,3
and get,2,launch only,3,is high,3,you do,3,exclusions caps,3
get a,2,commissioning stabilization,3,if all,3,this isn,3,expected value,3
while continuing,2,stabilization period,3,rate in,3,bounded entry,3,a few,3
continuing the,2,period with,3,is low,3,service eis,3,events in,3
ll tell,2,with reduced,3,meet an,3,defer cap,3,regardless of,3
you which,2,zero penalties,3,an explicit,3,expand envelope,3,dynamic interference,3
path is,2,throughput fleet,3,bounded and,3,immediate actions,3,so your,3
during lock,2,that avoids,3,to customers,3,the emi,3,the operating,3
loss is,2,t hit,3,in environments,3,accountable owner,3,re ready,3
is there,2,spares fast,3,a crisp,3,you ll,3,credits and,3
any lateral,2,fast swap,3,label is,3,way to,3,and downtime,3
drift or,2,customer downtime,3,looks like,3,the engineers,3,downtime attribution,3
and if,2,amended sla,3,your current,3,reacting to,3,spare aircraft,3
flight time,2,enforceable envelope,3,fix the,3,treated as,3,which is,3
interference detection,2,if that,3,but if,3,access program,3,penalty clauses,3
in weeks,2,not launch,3,bridge can,3,conservative buffers,3,backed uptime,3
defined envelope,2,a the,3,compute the,3,t sign,3,that prevents,3
we can,2,guarantee geofence,3,of delaying,3,structure that,3,operationally catastrophic,3
meet it,2,with penalties,3,of launching,3,capped service,3,redundancy so,3
and support,2,need at,3,the defect,3,definitions and,3,a predictable,3
support it,2,that triggers,3,they refuse,3,insists on,3,hardware revision,3
critical autonomy,2,n aircraft,3,keep them,3,revision or,3,timeline retrofit,3
definition of,2,weeks you,3,a gated,3,criteria to,3,penalties if,3
documented safety,2,ship into,3,paste the,3,whether the,3,insist on,3
fmea mitigations,2,fix or,3,can we,3,envelope b,3,on strict,3
the stated,2,time and,3,breach risk,3,customer claims,3,strict penalties,3
and safe,2,via redundancy,3,early deployments,3,penalties during,3,the risk,3
emi magnetic,2,if either,3,can create,3,capped and,3,you paste,3
not operator,2,architect is,3,emi conditions,3,downtime penalty,3,penalty exposure,3
it does,2,is effectively,3,get the,3,geofence around,3,a as,3
is measured,2,we cannot,3,a structured,3,fail to,3,your mining,3
in representative,2,or contract,3,capped downtime,3,test plan,3,becomes a,3
the highest,2,you d,3,penalties explicit,3,the engineering,3,is no,3
changes only,2,to complete,3,emi site,3,that any,3,depending on,3
can deliver,2,where it,3,momentum while,3,like haul,3,can dominate,3
incident response,2,what counts,3,they insist,3,traffic control,3,it into,3
sufficient to,2,with contracts,3,on penalties,3,showstopper for,3,a contract,3
to diagnose,2,the label,3,penalties now,3,in critical,3,acceptance period,3
clear incident,2,zones can,3,by the,3,operational hazard,3,with reduced,3
ability to,2,can shift,3,launch now,3,mitigation geofence,3,is defined,3
meet the,2,reliability with,3,the sla,3,for any,3,with redundancy,3
issue is,2,liability and,3,measured targets,3,penalty bearing,3,equal site,3
a fixed,2,predatory bridge,3,delay or,3,bearing uptime,3,downtime if,3
or b,2,control or,3,launch with,3,overflight of,3,partner insists,3
with bounded,2,that case,3,or delay,3,critical zones,3,insists on,3
a stated,2,the fix,3,precisely what,3,roads and,3,redundancy on,3
envelope with,2,shift you,3,the site,3,test with,3,sla with,3
leader can,2,delay as,3,i need,3,they want,3,change the,3
that if,2,managed service,3,you to,3,real and,3,contract and,3
can turn,2,and may,3,penalties if,3,guarantee containment,3,you launch,3
turn this,2,you could,3,for this,3,eis launch,3,a different,3
this into,2,of launch,3,penalty exposure,3,do in,3,next step,3
launch gate,2,t make,3,and triggers,3,side letter,3,and capped,3
a delay,2,what it,3,geofencing is,3,external claims,3,you whether,3
delay becomes,2,it changes,3,stable and,3,claims if,3,penalty structure,3
reckless only,2,in your,3,honestly underwrite,3,flight readiness,3,cannot be,3
lower risk,2,window without,3,mutually agreed,3,hover over,3,mitigation is,3
milestone but,2,renegotiate the,3,agreed acceptance,3,the lead,3,runtime navigation,3
when delaying,2,mining contract,3,a burn,3,lead vc,3,navigation integrity,3
delaying is,2,downtime and,3,availability if,3,and we,3,defined safe,3
delay is,2,reduced zero,3,rate mttr,3,integration planning,3,because it,3
hard to,2,b if,3,phasing exclusions,3,post fix,3,like a,3
to defend,2,sign a,3,sla you,3,have three,2,fix if,3
most of,2,is operationally,3,to your,3,commercial pilot,2,plan and,3
true the,2,the claims,3,are the,3,pilot limited,2,corridors with,3
create a,2,truthful and,3,i m,3,paid but,2,for that,3
of failure,2,the minimum,3,architect is,3,constrained envelope,2,real time,3
covenants you,2,and to,3,it becomes,3,your best,2,a defined,3
realistically close,2,uptime downtime,3,bound on,3,investors and,2,what would,3
close series,2,with redundancy,3,based on,3,can do,2,would make,3
after the,2,but you,3,interference detection,3,flight in,2,are effectively,3
the issue,2,enterprise value,3,with conservative,3,per month,2,way to,3
a credible,2,extend runway,3,conservative buffers,3,phi fraction,2,odd with,3
deployment but,2,contract terms,3,in that,3,flights that,2,monitoring and,3
you haven,2,profit per,3,that environment,3,sector site,2,to stay,3
haven t,2,share uplift,3,renegotiate the,3,expected events,2,the value,3
milestone tranche,2,value approx,3,keep mining,3,you run,2,nav lock,3
b strategic,2,the flagship,3,penalties until,3,if phi,2,guarantee containment,3
prepay smaller,2,as not,3,the core,3,event is,2,your launch,3
key talent,2,and how,3,customers sites,3,grounding sla,2,rely on,3
that makes,2,a critical,3,no penalty,3,penalties or,2,it may,3
the roadmap,2,them to,3,while still,3,for your,2,satisfy the,3
anyway so,2,you now,3,launch if,3,initial sites,2,you still,3
you take,2,now have,3,with capped,3,constrained release,2,end up,3
mitigation plan,2,a real,3,capped no,3,geofencing is,2,may still,3
a field,2,unless it,3,under remote,3,a root,2,the constrained,3
field incident,2,quarter only,3,calling it,3,cause mitigation,2,the product,3
materially impair,2,make it,3,works anywhere,3,be a,2,firefighting and,3
the right,2,to remove,3,autonomous within,3,a risk,2,you as,3
is an,2,go no,3,under supervision,3,if all,2,they can,3
ship now,2,no go,3,qualified operating,3,all of,2,in mines,3
a small,2,use the,3,survey and,3,the following,2,is exactly,3
dilution and,2,triggered by,3,and can,3,aren t,2,create a,3
if engineering,2,program eap,3,environments not,3,gnss multipath,2,architect won,3
launch is,2,autonomous within,3,qualified zones,3,multipath denial,2,it does,3
renegotiate the,2,pre declared,3,launch and,3,t occur,2,they may,3
constrained deployments,2,eap scope,3,shipping under,3,so proposal,2,a structured,3
insider led,2,under pressure,3,sales ops,3,only defensible,2,structured pilot,3
led bridge,2,the engineers,3,the hardware,3,not as,2,first and,3
venture debt,2,and contractually,3,require a,3,a soft,2,zones can,3
bridge burn,2,expected behavior,3,a broad,3,value if,2,can shift,3
duty of,2,during eap,3,limited scope,3,your chief,2,use skyhaul,3
of care,2,satisfy the,3,lose the,3,riskier delay,2,delay as,3
line the,2,architect has,3,to preserve,3,delay than,2,pilot in,3
bridge makes,2,veto over,3,and contract,3,just with,2,sla penalties,3
financing options,2,must change,3,a known,3,with worse,2,milestone definition,3
share the,2,optics only,3,i e,3,treat this,2,definition that,3
terms rate,2,a defensible,3,procurement cycles,3,this as,2,b lead,3
rate maturity,2,can tell,3,the skyhaul,3,the shipped,2,field ops,3
warrants dilution,2,tell you,3,does not,3,have an,2,supply chain,3
runway burn,2,no hover,3,partner s,3,to scale,2,contract safe,3
sanity check,2,hover no,3,can defend,3,limited commercial,2,mining with,3
check whether,2,no land,3,b or,3,path to,2,a paid,3
whether it,2,over critical,3,use the,3,availability this,2,pilot with,3
survivable or,2,over active,3,delay as,3,committing to,2,in writing,3
categorize it,2,control procedure,3,as leverage,3,a fixed,2,delay to,3
an uncommanded,2,contract penalties,3,emi exclusions,3,interference and,2,s the,3
can occur,2,a truck,3,sla after,3,and with,2,head start,3
as safety,2,truck for,3,strong evidence,3,with safe,2,a credible,3
safety relevant,2,roads decks,3,proceed with,3,envelope explicit,2,more than,3
constraints by,2,decks work,3,a reason,3,telemetry event,2,win rate,3
a hazardous,2,work faces,3,reason to,3,a limited,2,and reputational,3
operational risk,2,the road,3,plan to,3,with defined,2,the reference,3
availability defect,2,containment and,3,window is,3,financing you,2,now vs,3
it aborts,2,exclusions or,3,likely to,3,argue you,2,vs delay,3
aborts missions,2,within the,3,to be,3,while not,2,share uplift,3
re tasking,2,hover over,3,in unbounded,3,your architect,2,you d,3
a safe,2,overflight occupancy,3,mining sla,3,way you,2,gross profit,3
a major,2,out volumes,3,i ll,3,you get,2,what i,3
is only,2,you provide,3,because you,3,eliminates the,2,i d,3
p event,2,provide redundancy,3,on what,3,random landings,2,to answer,3
of flights,2,do immediately,3,if early,3,b lead,2,the market,3
events day,2,re not,3,a high,3,immediately with,2,and contract,3
flights day,2,good launch,3,eliminate the,3,x paid,2,gen dies,3
can become,2,named partners,3,skyhaul s,3,deployments live,2,the edge,3
edge case,2,max time,3,post launch,3,live or,2,this isn,3
what the,2,uptime penalty,3,truthfully bounded,3,or x,2,launch only,3
risk matrix,2,that as,3,yes to,3,g n,2,contract caps,3
lateral control,2,b schedule,3,and enforce,3,events per,2,a committed,3
a designated,2,mining operations,3,or mining,3,revision plan,2,mining contract,3
wherever it,2,key person,3,preserve the,3,the issue,2,they are,3
if there,2,use with,3,a signable,3,b you,2,treat the,3
there s,2,fund against,3,keep the,3,ve bounded,2,to renegotiate,3
in industrial,2,as launch,3,milestone if,3,revenue and,2,capped convert,3
can use,2,partner deployment,3,insists on,3,the limited,2,convert customer,3
because it,2,b condition,3,into an,3,defense in,2,ship authority,3
it creates,2,the investors,3,what we,3,in depth,2,architect leaves,3
safety depends,2,aren t,3,the bounded,3,and conservative,2,off and,3
then you,2,will launch,3,accept as,3,fallback behavior,2,access program,3
and treat,2,flight readiness,3,bounded la,3,early deployments,2,defensible safety,3
call it,2,no overflight,3,a penalty,3,run a,2,the eap,3
it a,2,the above,3,penalty free,3,off with,2,eap must,3
a nuisance,2,the worst,3,make an,3,field support,2,it won,3
to show,2,bounded eap,3,pass fail,3,the hard,2,liability cap,3
it cannot,2,regardless of,3,no downtime,3,hard stop,2,ship stop,3
event is,2,the lead,3,and stop,3,rationalize risk,2,y flight,3
is low,2,lead vc,3,any event,3,these are,2,can halt,3
you tell,2,paid deployments,3,a prohibited,3,define a,2,authority and,3
tell me,2,roads until,3,health emi,3,envelope where,2,all three,3
drift and,2,emi hardening,3,emi indicators,3,guarantee safe,2,to full,3
severity likelihood,2,vs delay,2,envelope stop,3,operationally for,2,after acceptance,3
the balance,2,s what,2,ask the,3,becomes a,2,mining downtime,3
bridge loan,2,you truthfully,2,off stop,3,a site,2,a demonstrated,3
company anyway,2,a loss,2,aren t,3,must choose,2,fail safe,3
why the,2,navigation lock,2,in place,3,a vs,2,near critical,3
t a,2,even with,2,scope and,3,vs b,2,could occur,3
architect two,2,descend behavior,2,stop authority,3,stated facts,2,landing pads,3
two leads,2,customers will,2,a mining,3,especially the,2,autonomy is,3
the autonomy,2,experience it,2,minimum contract,3,the likely,2,and triggers,3
chance of,2,landing zone,2,hover over,3,b is,2,before entering,3
a serious,2,it lands,2,over an,3,a true,2,entering critical,3
back to,2,you define,2,an active,3,move is,2,roads and,3
control terms,2,an operating,2,other critical,3,runway and,2,into mining,3
terms that,2,the behavior,2,critical corridors,3,you compute,2,procedures and,3
need a,2,rare and,2,divert to,3,the break,2,test plan,3
avoid it,2,and operationally,2,for any,3,explicit go,2,exclusion buffers,3
practical conclusion,2,launch can,2,pilot with,3,first customer,2,plan with,3
resignation threat,2,delaying is,2,engineer sign,3,customer sites,2,obstruction time,3
threat is,2,in high,2,x minutes,3,unplanned landing,2,to clear,3
broadly with,2,it to,2,a demonstrated,3,penalties a,2,commercial mining,3
plan is,2,operations if,2,often do,3,standard for,2,treated as,3
and operationally,2,a site,2,a showstopper,3,for an,2,over an,3
can keep,2,become a,2,you had,3,an engineering,2,full launch,3
to satisfy,2,operational disruption,2,hover corridors,3,ready is,2,full production,3
b launch,2,which is,2,customer contract,3,is always,2,access production,3
enforced envelope,2,is exactly,2,pilot terms,3,envelope you,2,the wrong,3
and key,2,what operations,2,hard no,3,offshore deck,2,what they,3
monthly burn,2,expected flights,2,perfect vs,3,proximity to,2,launch milestone,3
s top,2,mean time,2,vs good,3,to people,2,the board,3
top terms,2,disruption hours,2,key person,3,people vehicles,2,launch at,3
known behavior,2,of disruption,2,architect signs,3,it operationally,2,as launch,3
is no,2,expected disruption,2,time boxed,3,credible hazard,2,would not,3
just a,2,is plausible,2,definition what,3,by a,2,sign a,3
a technical,2,unreliable before,2,they can,3,for chimera,2,readiness certificate,3
what this,2,before you,2,design freeze,3,nav lock,2,safety authority,3
this means,2,can fix,2,first article,3,high magnetic,2,quarter only,3
the drone,2,engineering reality,2,our ability,3,magnetic interference,2,the program,3
as service,2,only as,2,a real,3,a documented,2,the controlled,3
service interruption,2,interference can,2,for minutes,3,and availability,2,so field,3
abort recovery,2,local fields,2,eap qualification,3,availability targets,2,engineering safety,3
you risk,2,dependency if,2,document the,3,confidence bounds,2,ring fence,3
grounding and,2,system that,2,gen autonomy,3,of safety,2,we will,3
immediate actions,2,the geofence,2,the rev,3,hover descents,2,where can,2
interference unqualified,2,the wrong,2,b hardware,3,or per,2,safely and,2
unqualified zones,2,then descend,2,worst case,3,dispatch reliability,2,t crash,2
the partner,2,could still,2,result you,3,launch or,2,crash is,2
the truth,2,should treat,2,gen and,3,at customer,2,line for,2
a site,2,are in,2,fly corridors,3,for that,2,for heavy,2
commit to,2,interference conditions,2,odd exclusions,3,category is,2,heavy lift,2
day to,2,residuals estimator,2,is true,3,with uncertain,2,question is,2
phased acceptance,2,estimator innovation,2,the lead,3,or defects,2,an uncommanded,2
a hard,2,transition to,2,what launch,2,on perfect,2,be able,2
zones until,2,a more,2,launch means,2,can create,2,able to,2
response times,2,more robust,2,you likely,2,landings in,2,are controlled,2
times spares,2,robust nav,2,financing milestone,2,a the,2,site operations,2
you must,2,nav mode,2,what investors,2,triggering conditions,2,t have,2
make any,2,return to,2,investors require,2,conditions with,2,launch you,2
reliability claim,2,you guarantee,2,they re,2,exclusion is,2,event is,2
if one,2,guarantee a,2,what your,2,signed off,2,if a,2
t create,2,landing loiter,2,your best,2,for flight,2,missions in,2
with measured,2,loiter footprint,2,if feasible,2,regression testing,2,is p,2
partner insists,2,geofencing is,2,is to,2,covers the,2,of event,2
penalties and,2,leads is,2,a narrowly,2,just the,2,missions missions,2
stack is,2,an existential,2,narrowly scoped,2,instrument and,2,will almost,2
that case,2,the resignation,2,and bounded,2,and regression,2,almost certainly,2
case you,2,resignation threat,2,as an,2,test the,2,certainly see,2
fix or,2,a measurable,2,problem not,2,the ghost,2,see it,2
or at,2,hold the,2,just a,2,ghost edge,2,it quickly,2
you paste,2,knowledge and,2,a defect,2,edge case,2,quickly and,2
paste the,2,them is,2,flights in,2,controlled pilots,2,s only,2
must change,2,s where,2,zones can,2,still be,2,still be,2
change to,2,come from,2,be either,2,the field,2,stress test,2
a reliability,2,decide whether,2,exposure a,2,telemetry health,2,test proposal,2
and reputational,2,a can,2,can compute,2,health monitoring,2,geofence beta,2
s operations,2,so that,2,let p_hi,2,customer comms,2,beta for,2
can also,2,that your,2,p_hi fraction,2,an event,2,new equipment,2
reliability expectations,2,not shipping,2,flights that,2,a customer,2,the hazard,2
need to,2,a clearly,2,enter high,2,customer site,2,static geofencing,2
it into,2,clearly bounded,2,conditions site,2,readiness to,2,bound it,2
hard caps,2,bounded operating,2,site dependent,2,safety reliability,2,procedure a,2
periods exclusions,2,with verified,2,p_event_total p_hi,2,veto rights,2,a map,2
led operations,2,verified mitigations,2,day p_event_total,2,ops support,2,a control,2
mttr commitments,2,and with,2,day p_hi,2,expands envelope,2,is local,2
so availability,2,destroying the,2,p_hi p_event_total,2,envelope without,2,local temporary,2
before penalties,2,can deliver,2,p_event_total incidents,2,architecture sign,2,runtime detection,2
penalties attach,2,deliver the,2,day every,2,off if,2,containment behavior,2
penalties across,2,next years,2,every days,2,if that,2,behavior is,2
at minimum,2,site safety,2,mission abort,2,company in,2,is operationally,2
clause redacted,2,requirements and,2,pad blockage,2,in practice,2,safe in,2
they re,2,need a,2,regardless of,2,practice a,2,active equipment,2
t guarantee,2,to trigger,2,in days,2,definition you,2,zones the,2
in probability,2,a third,2,days not,2,is ready,2,current safety,2
what that,2,launch parallel,2,not weeks,2,state and,2,relevant risk,2
that implies,2,parallel hardware,2,cost incident,2,test evidence,2,operational envelope,2
for proposal,2,a or,2,the first,2,within that,2,in contracts,2
defensible you,2,interference is,2,geofence patch,2,that envelope,2,to ship,2
triggers avoid,2,do it,2,the interference,2,off by,2,into that,2
autonomy if,2,not supported,2,is predictable,2,can turn,2,architect leads,2
if nav,2,availability with,2,but may,2,mission profiles,2,under a,2
confidence drops,2,investors if,2,can trigger,2,no not,2,triggers resignations,2
mode that,2,de risked,2,yes we,2,terms make,2,you likely,2
bounded e,2,risked execution,2,an execution,2,make delay,2,a longer,2
not land,2,the milestone,2,execution risk,2,on whether,2,b is,2
land wherever,2,global launch,2,risk of,2,whether a,2,schedule is,2
site changes,2,ga within,2,architect two,2,shipping now,2,is high,2
implement and,2,contracted deployments,2,two lead,2,have credible,2,lead times,2
and validate,2,loss in,2,lead engineers,2,reckless if,2,qualification integration,2
enforceable operating,2,envelope a,2,and likely,2,raises the,2,months your,2
your mining,2,eliminate the,2,likely a,2,the chance,2,a later,2
exactly what,2,the need,2,to convert,2,covenant breach,2,in practice,2
if events,2,need for,2,deployment envelope,2,forced sale,2,instead of,2
compatible with,2,the financing,2,envelope disclosure,2,the right,2,launch on,2
the sla,2,credible how,2,disclosure language,2,question is,2,only into,2
with reliability,2,to decide,2,authority if,2,terms can,2,into site,2
not acceptable,2,per site,2,a hard,2,be existential,2,the ghost,2
your viable,2,t ship,2,hard constraint,2,and how,2,looks like,2
delay hardware,2,targeted tests,2,is also,2,to test,2,qualified environments,2
shielding fix,2,to answer,2,a moral,2,short maturity,2,mine areas,2
contract carve,2,mission aborts,2,dominates a,2,maturity hard,2,only site,2
carve outs,2,a short,2,if hardware,2,lien on,2,minimum viable,2
knowingly shipping,2,innovation residuals,2,the true,2,b harder,2,mission early,2
unbounded downtime,2,pass fail,2,fix but,2,forces a,2,zone if,2
what lock,2,in parallel,2,option c,2,down round,2,controlled land,2
in your,2,ship within,2,bounded commercial,2,when you,2,only inside,2
as autonomous,2,an envelope,2,low interference,2,build a,2,contracts sow,2
operating design,2,operational playbooks,2,exposure via,2,supplier lead,2,corridor safe,2
design domain,2,what happens,2,contract sla,2,there s,2,governance and,2
domain odd,2,pre deployment,2,engineering sign,2,before the,2,launch safety,2
on humans,2,interference survey,2,off required,2,fix ships,2,customer facing,2
true you,2,as part,2,measurable traction,2,also be,2,fix is,2
can say,2,put in,2,traction and,2,be reckless,2,plan date,2
autonomous if,2,now you,2,the shielding,2,mode can,2,revision and,2
real time,2,a risk,2,shielding revision,2,after repeated,2,why this,2
humans are,2,verified kpis,2,launch messaging,2,repeated anomalies,2,paying deployments,2
are part,2,with less,2,messaging if,2,and losing,2,talent culture,2
standby is,2,i d,2,you go,2,level risk,2,engineers can,2
operations what,2,would not,2,on a,2,risk not,2,knowingly unsafe,2
is whether,2,knowingly defective,2,envelope site,2,launch can,2,unsafe indefensible,2
to present,2,is how,2,survey geofence,2,can become,2,plan to,2
present it,2,and still,2,just rare,2,trust and,2,to decide,2
the control,2,avoid a,2,and reduce,2,de risk,2,site class,2
control loop,2,delay if,2,authority with,2,a renegotiate,2,class can,2
depending on,2,can restructure,2,the systems,2,per hour,2,major property,2
envelope odd,2,restructure the,2,on safety,2,paid limited,2,property damage,2
supervised autonomy,2,release that,2,safety claims,2,defined envelope,2,incident if,2
matches reality,2,define and,2,constraints then,2,reliability targets,2,contain it,2
odd where,2,enforce a,2,then proposal,2,most of,2,that site,2
on confidence,2,the issue,2,a isn,2,it without,2,launch eligible,2
hold return,2,and can,2,you delay,2,without ga,2,b evidence,2
mining sla,2,you get,2,by redefining,2,investors won,2,evidence threshold,2
nav lock,2,fix if,2,month delay,2,meeting objective,2,threshold for,2
hover controlled,2,fix and,2,be rational,2,cap on,2,use the,2
controlled descent,2,a crisp,2,rational if,2,non dilutive,2,and require,2
descent land,2,crisp technical,2,convert commercial,2,strategic partner,2,a threshold,2
crash but,2,and customer,2,as limited,2,freeze non,2,customers won,2
on schedule,2,immediate next,2,availability shipments,2,non critical,2,off conditions,2
expects reliability,2,measured event,2,contingent on,2,hiring pause,2,launch scope,2
because interference,2,by environment,2,conversion terms,2,protect the,2,case and,2
b delay,2,interference likelihood,2,a published,2,critical chain,2,stay if,2
delay months,2,willingness to,2,published rev,2,decision rule,2,choosing between,2
revision to,2,to accept,2,improve terms,2,all three,2,b or,2
to eliminate,2,cto you,2,shorten duration,2,conservative assumptions,2,and likely,2
eliminate the,2,want share,2,determine whether,2,fix limited,2,core capability,2
stated is,2,flight volume,2,early customers,2,materially reduces,2,often worse,2
penalty contract,2,and c,2,and their,2,risk financing,2,immediately engage,2
with enforceable,2,contractually means,2,get written,2,financing path,2,engage the,2
for hardware,2,press release,2,written release,2,alternative capital,2,lead board,2
the only,2,release vs,2,release criteria,2,leave you,2,as paid,2
may not,2,signed deployments,2,x y,2,bridge if,2,deployments with,2
as broad,2,engineers and,2,resignation risk,2,a brittle,2,availability rather,2
t accept,2,ready for,2,risk b,2,bridge can,2,are common,2
accept an,2,for an,2,b delay,2,shipping is,2,environments mines,2
ops redundancy,2,engineering company,2,delay bridge,2,key resignations,2,because shipping,2
a controlled,2,ready is,2,c gated,2,of customer,2,will likely,2
site spares,2,not safe,2,launch partial,2,i d,2,visible failures,2
uptime at,2,safe in,2,can use,2,next week,2,still end,2
uptime is,2,a verified,2,a if,2,ship ga,2,is truly,2
in practice,2,evidence of,2,customer acceptance,2,get counsel,2,when the,2
fix on,2,to operate,2,acceptance of,2,covenant brittleness,2,magnetometer heading,2
an immutable,2,truth standard,2,that will,2,brittleness and,2,integrity metric,2
safety gates,2,standard what,2,driven by,2,the real,2,of sites,2
lead times,2,what we,2,equipment state,2,to paid,2,global launch,2
being in,2,ready requires,2,yaw source,2,revised milestone,2,what are,2
in market,2,claims envelope,2,customers flights,2,may avoid,2,per customer,2
quarter but,2,environment class,2,day and,2,avoid both,2,propose a,2
clauses and,2,by design,2,you answer,2,and toxic,2,envelope site,2
engineers will,2,or explicitly,2,answer those,2,bridge s,2,no go,2
of shipping,2,and enforced,2,those i,2,s key,2,thresholds and,2
goes up,2,what engineering,2,your safety,2,label it,2,needed to,2
pricing power,2,can back,2,engineering standard,2,it by,2,chimera is,2
cost of,2,a defendable,2,for an,2,not nuisance,2,when we,2
month delay,2,autonomous heavy,2,heavy lift,2,nuisance hover,2,back it,2
can do,2,and they,2,s the,2,navigation integrity,2,an acceptable,2
contractually and,2,with severity,2,can make,2,integrity loss,2,and c,2
now to,2,g no,2,what it,2,landing that,2,support and,2
enforced odd,2,hazards any,2,it will,2,current fallback,2,ship where,2
mining agreement,2,lead to,2,that it,2,fallback is,2,t the,2
ramp acceptance,2,for autonomy,2,it in,2,because the,2,what must,2
use the,2,but the,2,real world,2,safety severity,2,call it,2
structure and,2,case is,2,truthful claims,2,if this,2,it ready,2
then the,2,with no,2,a binary,2,your intended,2,gate a,2
should not,2,reliable detection,2,to chimera,2,rare in,2,case sign,2
not sign,2,or an,2,zone constraints,2,operations no,2,that includes,2
the incremental,2,for mission,2,rules if,2,no credible,2,severity likelihood,2
enterprise value,2,mission disrupting,2,reliability in,2,in safety,2,and defined,2
can lock,2,disrupting events,2,what must,2,and potentially,2,definition of,2
lock customers,2,events recovery,2,hazard analysis,2,worse if,2,your chief,2
from the,2,recovery time,2,go conditions,2,commercial severity,2,or equivalent,2
ops with,2,time distribution,2,red line,2,even when,2,gate b,2
be high,2,distribution p50,2,line if,2,for industrial,2,evidence thresholds,2
arr multiple,2,p50 p95,2,reliability targets,2,t plan,2,criteria and,2
arr times,2,operational impact,2,targets slos,2,this the,2,flight hour,2
the multiple,2,you rely,2,small set,2,exposure and,2,hours to,2
credible and,2,rely on,2,set of,2,exposure is,2,a failure,2
lets you,2,the loop,2,of service,2,treat it,2,mode is,2
you lock,2,event rates,2,success rate,2,a conditional,2,is rare,2
lock sites,2,readiness includes,2,rate of,2,safety risk,2,early customers,2
sites at,2,and update,2,land events,2,it in,2,t reliably,2
of those,2,telemetry sufficient,2,events per,2,in emi,2,gate c,2
at arr,2,sufficient to,2,dispatch reliability,2,operating area,2,detect it,2
arr delta,2,to reconstruct,2,to launch,2,it a,2,monitoring can,2
with real,2,incidents and,2,on representative,2,nuisance only,2,site procedures,2
can ship,2,on call,2,representative sites,2,can guarantee,2,detection containment,2
a way,2,field support,2,need an,2,a pre,2,envelope restriction,2
and credible,2,regression gates,2,an slo,2,area or,2,gate d,2
longer a,2,for expanding,2,x per,2,safe corridor,2,and quality,2
existential failure,2,envelope based,2,per flights,2,with enforced,2,your test,2
the product,2,months of,2,emi envelope,2,fast and,2,gate e,2
is real,2,is what,2,to what,2,sla failure,2,sufficient to,2
treat financing,2,can drift,2,runbooks for,2,nuisance it,2,to diagnose,2
financing as,2,t detect,2,safe hover,2,zones are,2,process with,2
ship something,2,a system,2,especially if,2,you pin,2,staged rollout,2
get to,2,zones comms,2,hardware rev,2,what evidence,2,slas and,2
put the,2,comms procedures,2,and configuration,2,what we,2,and escalation,2
case odd,2,that match,2,pilot eap,2,right now,2,for industrial,2
for any,2,unsupported conditions,2,general availability,2,now with,2,industrial customers,2
any commercial,2,the cultural,2,the intended,2,with your,2,and reduce,2
choosing to,2,signable by,2,you say,2,ship proposal,2,contractual and,2
into unqualified,2,by the,2,say no,2,the talent,2,a published,2
unqualified areas,2,accountable technical,2,envelope definition,2,even with,2,environmental limits,2
odd exclusions,2,safety first,2,cannot override,2,that make,2,required site,2
exclusions penalty,2,when all,2,off if,2,the quick,2,site setup,2
to b,2,all are,2,sign the,2,interest fees,2,that match,2
hardware plan,2,contracts safety,2,that scope,2,treat as,2,match reality,2
validation plan,2,change control,2,chimera s,2,as an,2,sales can,2
still lose,2,is staffed,2,for you,2,approx c_,2,or we,2
to redefine,2,staffed and,2,can re,2,c_ talent,2,being the,2
to paid,2,sign offs,2,re scope,2,approx p_,2,how this,2
less restrictive,2,ops and,2,enforce that,2,tail risk,2,or you,2
of we,2,you as,2,detection and,2,c_ field,2,and b,2
we delayed,2,as cto,2,it truthfully,2,if c_,2,qualification runtime,2
shipped and,2,for chimera,2,for ga,2,is defensible,2,shipping can,2
mining uptime,2,v1 with,2,root cause,2,and talent,2,ethical and,2
terms i,2,no the,2,be ready,2,it likely,2,want a,2
you whether,2,create a,2,a short,2,be the,2,prove it,2
a real,2,default or,2,can adopt,2,b or,2,what is,2
full launch,2,ruin ruin,2,envelope explicit,2,that triggers,2,and exclusions,2
define a,2,ruin happens,2,test set,2,quarter or,2,your current,2
and enforce,2,these become,2,plan site,2,least lethal,2,means for,2
dispatch software,2,become likely,2,telemetry on,2,lethal financing,2,that engineering,2
software must,2,control ip,2,sign offs,2,what would,2,delay reckless,2
primary control,2,chain delays,2,your intended,2,with real,2,potentially reckless,2
detection health,2,fix the,2,environments mining,2,real veto,2,it predictably,2
estimator consistency,2,the bug,2,slo thresholds,2,veto sign,2,term viability,2
reliability across,2,at early,2,statement that,2,off power,2,in ways,2
the whole,2,early sites,2,customers and,2,power and,2,survive the,2
whole site,2,fix hardware,2,not by,2,give you,2,the right,2
periods and,2,month roadmap,2,to delay,2,you a,2,the highest,2
operating outside,2,roadmap slip,2,under proposal,2,a crisp,2,of being,2
make it,2,slip you,2,a a,2,as is,2,in months,2
time bound,2,support burden,2,move if,2,compute a,2,delaying is,2
we ll,2,safety culture,2,the alternative,2,show which,2,high probability,2
ll see,2,without crashes,2,churn brand,2,this new,2,that any,2
architect signs,2,the path,2,incident rate,2,is it,2,forced sale,2
signs the,2,higher probability,2,of key,2,it safe,2,down round,2
can pause,2,weighted ruin,2,bridge outcomes,2,can we,2,blocks series,2
if field,2,way to,2,outcomes probability,2,contractually and,2,b anyway,2
field data,2,build a,2,probability you,2,and operationally,2,that prevent,2
data violates,2,your numbers,2,b on,2,so your,2,prevent the,2
violates assumptions,2,outcomes you,2,post delay,2,reliability into,2,very execution,2
not ga,2,for each,2,economic control,2,as downtime,2,re delaying,2
not all,2,sale or,2,control cost,2,customer caused,2,re trying,2
all conditions,2,the current,2,how much,2,caused access,2,to reduce,2
best effort,2,because you,2,and whether,2,access limits,2,delay this,2
they ll,2,may still,2,if b,2,limits comms,2,this bridge,2
decision with,2,hardware schedule,2,probability and,2,expected downtime,2,bridge can,2
the structural,2,acceptable to,2,makes a,2,you likely,2,be reckless,2
what actually,2,to customers,2,failure modes,2,estimate phi,2,and often,2
actually fixes,2,brand damage,2,predatory terms,2,that mine,2,safety escalations,2
fixes it,2,loss default,2,discount warrants,2,hover event,2,brand scar,2
there is,2,are tight,2,control provisions,2,missions month,2,delay plus,2
is enforced,2,make delay,2,you survive,2,targets and,2,it creates,2
design not,2,delay reckless,2,make rev,2,especially if,2,a trust,2
shift static,2,can renegotiate,2,at worse,2,to production,2,safety governance,2
knowingly defective,2,renegotiate terms,2,worse terms,2,a strict,2,but shipping,2
contract penalties,2,the month,2,the product,2,known environment,2,envelope can,2
the program,2,be the,2,shipping now,2,abort mode,2,a ship,2
is scoped,2,what makes,2,the higher,2,mode and,2,on acceptable,2
meet availability,2,a way,2,the chance,2,sign uptime,2,x months,2
operation outside,2,way that,2,unbounded exposure,2,uptime with,2,program cancellation,2
access is,2,can make,2,exposure if,2,penalties you,2,the option,2
revised sla,2,these the,2,a few,2,betting the,2,that matter,2
penalty exposure,2,cash dominion,2,your systems,2,company on,2,lien on,2
this incident,2,chain slips,2,believe you,2,on one,2,on ip,2
crash it,2,delay can,2,knowingly shipped,2,is capped,2,behavior can,2
real commercial,2,become reckless,2,secure series,2,events can,2,can they,2
the incident,2,predatory terms,2,risk from,2,pilot with,2,they block,2
current fail,2,bridge with,2,retention a,2,go back,2,that makes,2
are can,2,date covenants,2,simple decision,2,the relationship,2,on if,2
can produce,2,shielding prototype,2,decision test,2,convert reliability,2,a hardware,2
even without,2,prototype validated,2,can run,2,phase pilot,2,is delay,2
of high,2,validated evt,2,day ask,2,service limited,2,or launch,2
is insufficient,2,evt dvt,2,your cfo,2,supervised ops,2,avoid delay,2
uptime penalty,2,periods and,2,current runway,2,exclusions emi,2,alternatives to,2
you now,2,mac clauses,2,months at,2,no downtime,2,availability paid,2
roads loading,2,find alternative,2,at current,2,begins only,2,deployments in,2
safe loiter,2,to reduce,2,dilution at,2,objective acceptance,2,than global,2
volume or,2,paid pilots,2,at conversion,2,acceptance metrics,2,investors to,2
than land,2,while you,2,closing series,2,n flight,2,painful but,2
incident report,2,often enough,2,then compute,2,fix validation,2,milestone payments,2
the declared,2,mean delay,2,execution capacity,2,that align,2,non predatory,2
operational incident,2,financing strategy,2,ugly dilution,2,align with,2,cost actions,2
as originally,2,strategy that,2,make delay,2,with reality,2,actions to,2
blocking a,2,a schedule,2,accepting the,2,cap liability,2,financing structure,2
a haul,2,delay becomes,2,bridge as,2,define downtime,2,or the,2
for minutes,2,reckless when,2,as is,2,refuse any,2,top bridge,2
prove safe,2,slip triggers,2,betting the,2,and insist,2,terms security,2
language that,2,loss while,2,pilots signed,2,insist on,2,security covenants,2
how quickly,2,damage and,2,deployments within,2,penalties immediately,2,triggers warrants,2
a showstopper,2,which can,2,if investors,2,a strong,2,maturity and,2
a tested,2,dilution if,2,avoid the,2,not use,2,classify the,2
plan that,2,terms interest,2,burn immediately,2,use them,2,survivable vs,2
what we,2,warrants covenants,2,immediately temporary,2,them as,2,launch plan,2
the following,2,covenants milestones,2,raise in,2,proceed with,2,navigation lock,2
over haul,2,cash runway,2,based draws,2,still not,2,an unsafe,2
buffers and,2,runway burn,2,strategic customer,2,fleet redundancy,2,sla breach,2
by dispatch,2,the default,2,customer prepayments,2,emi and,2,categorize it,2
failover behavior,2,and identify,2,reduce single,2,eliminate the,2,of navigation,2
on nav,2,single term,2,single lender,2,decision impact,2,use a,2
program if,2,the biggest,2,lender control,2,away from,2,pick the,2
this isn,2,categorize by,2,delay ga,2,from a,2,the intended,2
t let,2,no crash,2,and series,2,with renegotiated,2,blocks haul,2
road incident,2,is still,2,reckless if,2,renegotiated sla,2,at risk,2
unsafe ga,2,causing a,2,it materially,2,sla acceptance,2,the drone,2
commercial early,2,a mission,2,operational control,2,penalties in,2,people equipment,2
access launch,2,unplanned landing,2,if shipping,2,s expected,2,keep this,2
supervised operations,2,equipment water,2,to operate,2,to estimate,2,without strict,2
sla acceptance,2,safety hazard,2,or loss,2,the uptime,2,per sortie,2
ramp exclusions,2,it a,2,the reckless,2,i ll,2,event in,2
exclusions caps,2,a nuisance,2,capital structure,2,specific redlines,2,p n,2
shielding rev,2,the narrow,2,structure that,2,yes it,2,customers with,2
you into,2,the landing,2,warrants covenants,2,of proposal,2,of sorties,2
into an,2,it into,2,schedule confidence,2,launch broadly,2,the susceptible,2
the engineering,2,then land,2,you sanity,2,constrained entry,2,susceptible conditions,2
we ship,2,payload state,2,check whether,2,why it,2,in susceptible,2
architect and,2,if these,2,it nuisance,2,is likely,2,can guarantee,2
safety gate,2,severity is,2,safety risk,2,conditional rate,2,treat it,2
or worse,2,is typically,2,injury property,2,events into,2,due to,2
we will,2,operationally major,2,availability mission,2,even safe,2,visible failure,2
will not,2,applies if,2,sla breach,2,mitigation is,2,calling it,2
not represent,2,can occur,2,controlled hover,2,and enforceable,2,only defensible,2
an unsafe,2,occur outside,2,be low,2,what proposal,2,t credibly,2
to objective,2,even slowly,2,but still,2,to remain,2,key question,2
eap deployments,2,behavior can,2,offshore deck,2,it from,2,that determines,2
eap milestone,2,near over,2,people vehicles,2,contractually bounded,2,determines whether,2
a governance,2,slow descent,2,operational terms,2,acceptance penalties,2,a precautionary,2
you and,2,where an,2,you ll,2,after a,2,landing rate,2
demonstrated hazardous,2,without a,2,of downtime,2,defined reliability,2,honest it,2
hazardous operational,2,credible worst,2,into sla,2,liability service,2,a real,2
operational outcome,2,chimera can,2,at scale,2,t accept,2,and potentially,2
you the,2,and site,2,controlled protective,2,with this,2,should trigger,2
miss the,2,site specific,2,protective response,2,practical next,2,when feasible,2
should do,2,mission profile,2,impact class,2,next step,2,in any,2
decision memo,2,one for,2,safety severity,2,interruptions at,2,any environment,2
impact and,2,marketing language,2,no credible,2,them a,2,me whether,2
that explicitly,2,reliability ops,2,injury pathway,2,a revised,2,proximity to,2
a board,2,loss safety,2,constrained landing,2,service addendum,2,that your,2
autonomous claims,2,hover slow,2,vehicles offshore,2,delay that,2,go to,2
move is,2,to land,2,system cannot,2,fix or,2,credibly prevent,2
is to,2,land and,2,guarantee a,2,a different,2,prevent them,2
ga launch,2,rare in,2,operator dispatch,2,partner site,2,defensible operating,2
i would,2,containment if,2,auto land,2,punitive sla,2,bridge is,2
flight readiness,2,only in,2,likelihood in,2,sla and,2,architect two,2
have a,2,detect early,2,in industrial,2,a can,2,two leads,2
over an,2,early enough,2,per exposed,2,envelope is,2,you already,2
causing a,2,reposition to,2,exposed flight,2,static geofence,2,already have,2
not fully,2,known safe,2,is frequent,2,a reliable,2,have an,2
ve already,2,safe landing,2,rate can,2,valid if,2,hardware delay,2
cannot guarantee,2,where any,2,ready in,2,shifting interference,2,mission aborts,2
no hover,2,any landing,2,a nuisance,2,site changes,2,aborts in,2
dispatch gating,2,is acceptable,2,all are,2,mitigation if,2,t just,2
a revised,2,and do,2,true the,2,viable if,2,that causes,2
or equivalent,2,answer is,2,any are,2,to we,2,investors customers,2
aligned to,2,me a,2,it forces,2,emi is,2,governance is,2
supervised ops,2,a whether,2,unplanned landings,2,that requires,2,is weak,2
remediation retrofit,2,now with,2,high availability,2,perfect geofencing,2,ship the,2
the recommendation,2,the engineering,2,qualification and,2,not after,2,add risk,2
case scenario,2,product integrity,2,expected flights,2,transition to,2,risk p,2
scenario you,2,is high,2,day i,2,return to,2,key resignations,2
financing and,2,the reason,2,set an,2,t do,2,times months,2
long term,2,architect two,2,milestone even,2,specific sites,2,delay months,2
with alternatives,2,two leads,2,with series,2,contract exclusions,2,months add,2
burn and,2,month delay,2,reduce the,2,the trigger,2,may reduce,2
be underestimating,2,page model,2,the probability,2,revision that,2,future fundability,2
underestimating how,2,probability you,2,a successful,2,delay ga,2,alone if,2
months turns,2,to months,2,successful series,2,but may,2,text resignations,2
turns into,2,chain re,2,b later,2,emi maps,2,resignations gtrsim,2
constrained early,2,qualification integration,2,on that,2,maps change,2,then expected,2
you lose,2,output expected,2,be more,2,integrity degrades,2,from a,2
and sales,2,expected dilution,2,than it,2,guarantee a,2,and reputation,2
just this,2,months and,2,and execution,2,the main,2,months and,2
this one,2,ruin via,2,expected cost,2,control if,2,right now,2
liability the,2,and market,2,p b,2,if zones,2,get a,2
at risk,2,given the,2,refinance risk,2,guarantee coverage,2,constrained commercial,2
road event,2,not as,2,down round,2,with reliability,2,hardware retrofit,2
cash runway,2,they leave,2,treat that,2,me what,2,plan will,2
a release,2,to close,2,that as,2,blow up,2,and sign,2
triggers no,2,ops cost,2,now to,2,can suggest,2,sign if,2
override without,2,what s,2,statement of,2,suggest the,2,balance moves,2
board process,2,s the,2,conditions for,2,most realistic,2,delay because,2
missions cannot,2,aborts or,2,increased probability,2,safe fallback,2,a likely,2
be launched,2,core technical,2,execution slows,2,pattern and,2,and ability,2
launched outside,2,raise a,2,the break,2,weeks or,2,raise series,2
outside qualified,2,your situation,2,break even,2,only under,2,b it,2
hard exclusion,2,bridge is,2,now is,2,under a,2,bridge it,2
with conservative,2,then delaying,2,hit of,2,involvement is,2,with investors,2
conservative buffers,2,delaying for,2,the technical,2,exception handling,2,if commercial,2
are over,2,fix is,2,autonomy companies,2,is compatible,2,launch can,2
hold in,2,a material,2,would treat,2,compatible with,2,sites you,2
volume and,2,or forced,2,t get,2,with autonomy,2,line given,2
or return,2,triggers default,2,them to,2,the odd,2,the dominant,2
a predefined,2,architect will,2,balance usually,2,support is,2,ship broadly,2
corridor landing,2,may reduce,2,usually lies,2,required to,2,way that,2
landing pad,2,balance away,2,lies toward,2,becomes misleading,2,ship only,2
match reality,2,facts the,2,toward delay,2,inside the,2,qualified envelope,2
preferably service,2,as is,2,trap if,2,mining sites,2,less toxic,2
credits not,2,but we,2,can keep,2,sites with,2,structure if,2
not cash,2,otherwise the,2,scope they,2,to respond,2,terms and,2
cash explicit,2,biggest unknown,2,they ll,2,should be,2,changes the,2
and for,2,the loan,2,ll sign,2,autonomy within,2,re deciding,2
for defined,2,company ending,2,a constrained,2,odd envelope,2,deciding whether,2
defined interference,2,with high,2,it cleanly,2,site approved,2,an environment,2
interference conditions,2,need from,2,and burn,2,human intervention,2,that likely,2
conditions until,2,from you,2,limited launch,2,may occur,2,liquidated damages,2
is deployed,2,and burn,2,to estimate,2,autonomous anywhere,2,can meet,2
with monitoring,2,bridge covenants,2,cost if,2,site if,2,mining customers,2
odd under,2,hardware timeline,2,estimate of,2,current mitigation,2,as downtime,2
is delay,2,p50 p90,2,explicitly and,2,many require,2,site per,2
go conditions,2,to ship,2,and tell,2,decision to,2,per mission,2
acceptable this,2,ship with,2,decision you,2,operations and,2,customer caused,2
destroying the,2,with geofence,2,penalties with,2,that what,2,zones planned,2
company is,2,envelope launch,2,with penalty,2,for launch,2,planned maintenance,2
b close,2,ll map,2,then land,2,and contracts,2,aborts under,2
let the,2,show which,2,land is,2,the declared,2,under defined,2
a schedule,2,downtime penalty,2,nuisance it,2,autonomous but,2,defined conditions,2
treat the,2,clauses the,2,contract s,2,but you,2,cash penalties,2
lois msas,2,customer failure,2,t crash,2,autonomous within,2,caps if,2
msas contingent,2,in industrial,2,downtime what,2,demonstrate low,2,high risk,2
contingent on,2,one or,2,time in,2,the conflict,2,translate the,2
site surveys,2,or more,2,their site,2,conflict as,2,the same,2
the platform,2,more of,2,strict slas,2,known failure,2,in their,2
here is,2,of uptime,2,contract risk,2,mode in,2,day t,2
financing plan,2,service availability,2,high probability,2,chimera s,2,mean recovery,2
in parallel,2,of service,2,know a,2,triggering a,2,time per,2
surveys integration,2,service capacity,2,condition can,2,crash but,2,per event,2
alternatives to,2,liquidated damages,2,when you,2,an unplanned,2,minutes including,2
delay launch,2,exact sla,2,not ship,2,unplanned mission,2,downtime and,2
and associated,2,definition measurement,2,ship into,2,landing location,2,makes p,2
prior to,2,for this,2,operational design,2,patch cannot,2,higher than,2
treat this,1,site is,2,is warranted,2,because interference,2,mine environment,2
as three,1,then compute,2,and where,2,partner expects,2,zones this,2
three intertwined,1,downtime day,2,including emi,2,expects reliability,2,a shift,2
intertwined decisions,1,if this,2,the partner,2,and has,2,can trigger,2
decisions not,1,uptime throughput,2,accept an,2,penalties which,2,mining this,2
not one,1,redundancy or,2,re being,2,direct financial,2,mines are,2
one safety,1,changing the,2,to underwrite,2,the roadmap,2,magnetic anomalies,2
safety acceptability,1,these to,2,pilot limited,2,reality a,2,heavy equipment,2
acceptability product,1,true before,2,sla begins,2,of launch,2,test statistic,2
product integrity,1,before launch,2,after measured,2,is explicit,2,inside the,2
integrity trust,1,under that,2,met this,2,broad ga,2,you commit,2
trust financing,1,contract the,2,this preserves,2,launch under,2,partner you,2
definition if,1,the affected,2,keeping claims,2,delay to,2,defined acceptance,2
t separate,1,mitigation that,2,defined mttr,2,to remove,2,initial period,2
separate them,1,safe loiter,2,trained operators,2,remove the,2,are reduced,2
them you,1,that service,2,with clear,2,class shielding,2,you harden,2
ll optimize,1,level uptime,2,system will,2,launch as,2,availability with,2
for cash,1,uptime is,2,if interference,2,in hardware,2,total liability,2
and accidentally,1,if none,2,decision impact,2,momentum and,2,conditions restricted,2
accidentally choose,1,of those,2,with this,2,month slip,2,landing zone,2
and talent,1,a penalty,2,this mining,2,market is,2,change control,2
talent catastrophe,1,to match,2,can show,2,shipping something,2,a re,2
catastrophe a,1,that includes,2,zones and,2,failure is,2,qualification and,2
a or,1,includes a,2,and contractually,2,low and,2,and not,2
or optimize,1,explicit emi,2,and keep,2,rapid recovery,2,telemetry as,2
for purity,1,magnetic exclusions,2,keep penalties,2,might be,2,as arbiter,2
purity and,1,while kpis,2,targets if,2,band aid,2,cause and,2
and accept,1,kpis are,2,this partner,2,they may,2,the sla,2
accept avoidable,1,pending rev,2,for delay,2,a financing,2,with occasional,2
avoidable dilution,1,to throughput,2,scope either,2,that could,2,occasional aborts,2
dilution b,1,availability not,2,delay the,2,and control,2,aborts you,2
b classify,1,single drone,2,measurement window,2,my leaning,2,defined retrieval,2
classify the,1,mission completion,2,what are,2,written investor,2,an abort,2
defect correctly,1,completion if,2,are penalties,2,availability counts,2,site down,2
correctly safety,1,operational redundancy,2,penalties what,2,penalties strengthens,2,is how,2
safety vs,1,penalties you,2,site emi,2,and capped,2,how you,2
vs availability,1,meet the,2,emi survey,2,capped penalties,2,a mining,2
availability does,1,extra airframes,2,commit to,2,strengthens the,2,uptime a,2
not crash,1,is expensive,2,to production,2,ship countercase,2,now and,2
crash is,1,cheaper than,2,and we,2,brittle covenants,2,the specific,2
same as,1,than penalties,2,the mine,2,retain the,2,and or,2
as safe,1,the deployment,2,gate that,2,exact series,2,landings in,2
safe a,1,a non,2,yes it,2,mining sla,2,in operationally,2
slow descent,1,launch story,2,viable for,2,memo and,2,catastrophic areas,2
descent can,1,delay that,2,you also,2,and investor,2,areas and,2
a hazard,1,that partner,2,directly into,2,force ga,2,t occur,2
true missions,1,launch elsewhere,2,exposure and,2,with customers,2,the service,2
missions include,1,while delaying,2,and reputational,2,accept staged,2,cannot secure,2
include suspended,1,this mining,2,a public,2,instead of,2,contract changes,2
loads or,1,and timeline,2,is stable,2,on day,2,risk at,2
or hazardous,1,truth to,2,dynamic emi,2,safety sign,2,pushes you,2
hazardous payloads,1,internally if,2,at that,2,envelope not,2,you toward,2
payloads descent,1,interference and,2,that site,2,ga the,2,delay or,2
descent could,1,and penalties,2,t protect,2,the competitor,2,constrained pilot,2
could occur,1,originally described,2,protect you,2,s delay,2,need from,2
over people,1,described geofence,2,viable only,2,not less,2,of two,2
vehicles water,1,broad launch,2,all three,2,risk bounded,2,explicit envelope,2
water slopes,1,is likely,2,a low,2,defend reliability,2,commit to,2
slopes decks,1,high visibility,2,a no,2,after you,2,later you,2
decks lock,1,do in,2,or c,2,g x,2,you delay,2
loss produces,1,fast enough,2,penalties tied,2,hours y,2,they refuse,2
produces lateral,1,expected penalty,2,to mutually,2,y forced,2,refuse any,2
drift before,1,i constrained,2,burn in,2,until qualified,2,pilot structure,2
before while,1,or ii,2,meets the,2,corridors safe,2,structure and,2
while descending,1,partner won,2,the phase,2,market opening,2,and insist,2
descending customers,1,this as,2,this launch,2,now they,2,a strong,2
customers operate,1,contract if,2,a paid,2,use the,2,strong signal,2
operate frequently,1,sla uptime,2,period with,2,deployments delivered,2,a first,2
frequently in,1,mttr for,2,during phase,2,units reliability,2,first deployment,2
in magnetic,1,monthly penalty,2,la until,2,reliability metrics,2,penalty language,2
magnetic noisy,1,exposure and,2,any phasing,2,metrics in,2,remedy caps,2
noisy areas,1,likely loss,2,a stop,2,frame as,2,your expected,2
areas which,1,materially reduces,2,not necessarily,2,the primary,2,expected missions,2
which your,1,a s,2,gross margin,2,primary control,2,expected penalty,2
your sectors,1,s viability,2,is commercially,2,design routes,2,exposure and,2
sectors often,1,sla terms,2,keep a,2,that always,2,and propose,2
often do,1,before the,2,you provide,2,keep the,2,it changes,2
do if,1,expectations penalty,2,geofence is,2,weeks then,2,with downtime,2
scenario leads,1,behavior becomes,2,hazard is,2,lighthouse mine,2,it becomes,2
to injury,1,and manage,2,is dynamic,2,safe pads,2,mining environments,2
regulatory breach,1,can guarantee,2,a mitigation,2,pretending the,2,magnetic interference,2
breach this,1,guarantee the,2,can close,2,risk to,2,if interference,2
with mitigation,1,t be,2,is exactly,2,using the,2,uptime terms,2
mitigation issue,1,sla changes,2,risk that,2,a ga,2,clauses are,2
no ga,1,the relevant,2,what this,2,staged slas,2,the expected,2
ga issue,1,incidents day,2,on event,2,architect will,2,a modified,2
issue require,1,exposure expected,2,availability target,2,send the,2,a can,2
fmea operational,1,they re,2,and how,2,contract addendum,2,with enforceable,2
operational constraints,1,for mining,2,mitigation when,2,the revised,2,changes required,2
constraints verification,1,any near,2,the magnetic,2,internal sign,2,waived penalties,2
verification evidence,1,only under,2,your map,2,off meeting,2,is proven,2
real trade,1,these conditions,2,zones move,2,has veto,2,and caps,2
trade is,1,sla commissioning,2,shifting zones,2,milestone wording,2,caps on,2
is cash,1,landings until,2,path that,2,delay as,2,on liability,2
cash milestone,1,sla measured,2,that engineers,2,as leverage,2,n aircraft,2
milestone vs,1,measured on,2,the mitigation,2,it quickly,2,so a,2
vs losing,1,fleet service,2,hard gate,2,way that,2,aircraft abort,2
losing your,1,on sla,2,real time,2,position is,2,abort doesn,2
core technical,1,high risk,2,estimator mode,2,industrial autonomy,2,site downtime,2
technical spine,1,deliver service,2,and or,2,mover value,2,immediate strict,2
spine proposal,1,service by,2,avoidance not,2,lock in,2,penalties with,2
a s,1,then a,2,forced land,2,faster than,2,a becomes,2
s biggest,1,safety landing,2,a forced,2,what they,2,b operational,2
biggest downside,1,and requires,2,is safe,2,because you,2,required you,2
downside isn,1,while launching,2,s often,2,delta n,2,rapid swap,2
the disruption,1,launching elsewhere,2,not guaranteed,2,n_ text,2,feasible c,2
disruption it,1,launching into,2,to known,2,text win,2,site specific,2
s that,1,a low,2,safe zone,2,text contribution,2,rate is,2
architect leads,1,the penalized,2,zone over,2,c contract,2,time and,2
leads month,1,this implies,2,a full,2,text site,2,contract into,2
hit is,1,mining conglomerate,2,become a,2,p text,2,liability service,2
is plausible,1,they won,2,envelope the,2,probability weighted,2,redundancy proposal,2
plausible signal,1,or redundancy,2,unbounded mitigation,2,text downside,2,viable if,2
signal internally,1,can secure,2,zones you,2,c_ text,2,launch elsewhere,2
internally that,1,envelope the,2,should assume,2,text impact,2,immediate next,2
that safety,1,launch not,2,cannot honestly,2,is worth,2,for one,2
safety first,1,pull the,2,must either,2,delta v,2,metrics and,2
first is,1,measurement window,2,out of,2,that kills,2,argument if,2
is negotiable,1,that number,2,resolves the,2,or triggers,2,non stationary,2
negotiable under,1,number is,2,set a,2,known emi,2,equipment power,2
under pressure,1,is nontrivial,2,a proposal,2,reliability narrative,2,then a,2
pressure create,1,nontrivial you,2,within weeks,2,i would,2,geofence cannot,2
create external,1,the edge,2,produce a,2,envelope staged,2,be a,2
external trust,1,geofence coverage,2,confidence not,2,contract terms,2,what this,2
trust debt,1,not enforceable,2,defined operating,2,downside it,2,a proposal,2
debt industrial,1,sla with,2,until acceptance,2,risk if,2,you to,2
industrial buyers,1,what that,2,of what,2,if gen,2,you upgrade,2
buyers have,1,for proposal,2,the architect,2,autonomy dies,2,upgrade it,2
have long,1,the commercial,2,that preserves,2,as launch,2,the geofence,2
long memories,1,detection proactive,2,to low,2,honestly underwrite,2,the boundary,2
memories if,1,proactive mitigation,2,sites with,2,geofence based,2,of truth,2
your best,1,monitor that,2,as paid,2,architect resignation,2,within weeks,2
best people,1,aircraft must,2,pilot qualification,2,ship in,2,heading vs,2
people believe,1,take a,2,value without,2,to launch,2,when moving,2
believe shipping,1,to get,2,sla or,2,that the,2,changes in,2
shipping is,1,and only,2,s safety,2,change what,2,sanity checks,2
is unethical,1,or can,2,a scoped,2,what launch,2,zones might,2
unethical you,1,should assume,2,me a,2,launch means,2,might shift,2
cannot manage,1,the vehicle,2,can implement,2,not to,2,each site,2
manage that,1,level if,2,detection estimator,2,make retention,2,operating area,2
label you,1,if incidents,2,weeks and,2,formal go,2,acceptance flights,2
either change,1,aircraft hot,2,phase with,2,board visible,2,flights with,2
the plan,1,swap recovery,2,penalties i,2,scope expansion,2,criteria a,2
to something,1,downtime this,2,choose between,2,a commercial,2,site changes,2
something they,1,s one,2,scoped launch,2,sites routes,2,so an,2
they can,1,ways to,2,true but,2,payload bands,2,onsite support,2
can stand,1,c contract,2,definition geofencing,2,cap penalties,2,support during,2
stand behind,1,contract sla,2,on standby,2,and redundancy,2,phase this,2
behind or,1,be made,2,not automatically,2,eis is,2,residual events,2
you accept,1,in weeks,2,operational gating,2,becomes the,2,ship anything,2
accept the,1,need to,2,gating a,2,least bad,2,before the,2
the attrition,1,to renegotiate,2,s usually,2,burn reduction,2,the true,2
attrition as,1,t do,2,can intervene,2,preserves the,2,envelope this,2
the choice,1,then the,2,but don,2,often less,2,is often,2
choice and,1,deployment is,2,t have,2,less risky,2,the difference,2
and cost,1,or deploy,2,normal operation,2,that detonates,2,difference between,2
cost it,1,can we,2,autonomy is,2,detonates the,2,band aid,2
it honestly,1,the risk,2,autonomy as,2,actions next,2,can use,2
honestly proposal,1,want paste,2,autonomous becomes,2,if we,2,ask for,2
b is,1,determines whether,2,true in,2,we ship,2,into qualified,2
is clean,1,redundancy can,2,in practice,2,the maximum,2,that limited,2
clean technically,1,only the,2,human intervention,2,you will,2,limited envelope,2
technically but,1,yes it,2,exception handling,2,sign in,2,envelope if,2
should stress,1,human involvement,2,in shifting,2,envelope as,2,a path,2
stress test,1,d be,2,availability with,2,artifact if,2,no and,2
test whether,1,constraints you,2,operational reality,2,site pre,2,delaying for,2
whether the,1,it autonomous,2,a qualified,2,pre fix,2,a geofence,2
financing penalty,1,autonomous if,2,operating zones,2,renegotiate series,2,without the,2
penalty is,1,by humans,2,geofences and,2,investors to,2,sla liability,2
truly unavoidable,1,but not,2,g high,2,to accept,2,operational design,2
unavoidable bridge,1,exception handling,2,with downtime,2,to solve,2,design domain,2
terms often,1,compatible with,2,autonomy claims,2,architect to,2,exception handling,2
often reflect,1,allowed to,2,hover events,2,penalties while,2,as autonomous,2
reflect perceived,1,depends on,2,contract safe,2,while you,2,during normal,2
perceived execution,1,constant babysitting,2,safe and,2,a key,2,in its,2
execution risk,1,market it,2,environments you,2,prevents recurrence,2,a human,2
a well,1,hours and,2,loss that,2,credible key,2,odd boundary,2
well structured,1,as an,2,triggers a,2,the responsible,2,call support,2
structured constrained,1,autonomous operations,2,crash but,2,authority will,2,incident response,2
launch plan,1,defined operating,2,a global,2,mining penalty,2,remote monitoring,2
plan below,1,flight with,2,is immediate,2,can draft,2,that are,2
below can,1,meet it,2,reliability with,2,a gating,2,autonomous operations,2
can sometimes,1,it with,2,geofencing can,2,aligns incentives,2,operations within,2
sometimes satisfy,1,make that,2,because interference,2,incentives without,2,a qualified,2
launch covenant,1,rule for,2,shift so,2,can and,2,and on,2
covenant without,1,claim autonomous,2,t guarantee,2,satisfy the,2,supervised autonomy,2
without ga,1,it will,2,guarantee containment,2,the label,2,forced into,2
ga keep,1,a contract,2,availability launch,2,t ship,2,the odd,2
keep momentum,1,needs to,2,slas otherwise,2,the minimum,2,and how,2
momentum and,1,and enter,2,otherwise delay,2,conditions for,2,how it,2
and early,1,enter safety,2,not satisfy,2,envelope odd,2,the qualified,2
early revenue,1,guaranteed because,2,trigger if,2,named sites,2,within odd,2
revenue preserve,1,is probabilistic,2,scope not,2,areas corridors,2,share what,2
preserve integrity,1,your launch,2,refuse phasing,2,corridors payload,2,can suggest,2
integrity without,1,partner expects,2,immediate penalties,2,weather limits,2,what s,2
without months,1,expects reliability,2,a condition,2,avoid known,2,loss in,2
months of,1,direct contractual,2,of being,2,known zones,2,the vehicle,2
of zero,1,contractual liability,2,the launch,2,to enforce,2,be dynamic,2
zero market,1,resign if,2,emi can,2,mission planning,2,static geofence,2
market exposure,1,what they,2,in time,2,program is,2,reliability and,2
exposure so,1,a likely,2,quickly a,2,is just,2,and has,2
so before,1,a penalized,2,bridge s,2,off make,2,aborts into,2
accepting b,1,changes and,2,then delay,2,authority must,2,exposure if,2
b s,1,and architect,2,option i,2,must sign,2,successful commercial,2
s dilution,1,against that,2,short term,2,especially mining,2,resign if,2
dilution as,1,or delay,2,term but,2,no immediate,2,as knowingly,2
a given,1,than the,2,risk it,2,exclusions aligned,2,knowingly defective,2
given pressure,1,tight covenants,2,a committed,2,aligned to,2,safety ethos,2
pressure test,1,can convert,2,an on,2,they are,2,the more,2
test what,1,execution risk,2,if so,2,root fix,2,more you,2
launch actually,1,to market,2,exceed the,2,band aids,2,cash runway,2
actually means,1,define the,2,real deployments,2,cause elimination,2,i ve,2
means to,1,as autonomy,2,true for,2,release gates,2,toward a,2
your investors,1,be met,2,multiple sources,2,launch decision,2,or delay,2
and customers,1,measured downtime,2,value of,2,it and,2,a named,2
customers the,1,move is,2,in market,2,still leave,2,named partner,2
the option,1,the near,2,constraints you,2,contract penalties,2,partner production,2
option that,1,talent loss,2,it changes,2,eap charter,2,partner s,2
that often,1,fatal and,2,window can,2,support model,2,risk the,2
often dominates,1,a narrowly,2,it does,2,for series,2,you end,2
dominates a,1,launch or,2,not change,2,signable and,2,before root,2
b commercial,1,or reframing,2,your mining,2,optics it,2,in time,2
as constrained,1,retain them,2,s sla,2,access must,2,still lose,2
availability if,1,faster than,2,if emi,2,we re,2,qualification corridor,2
hazard you,1,delaying may,2,market capture,2,access solves,2,corridor enforcement,2
to launch,1,to satisfy,2,chimera is,2,if operating,2,call response,2
quarter without,1,and possibly,2,sites first,2,authority has,2,and telemetry,2
pretending the,1,want i,2,immediately with,2,a envelope,2,telemetry adjudication,2
is universally,1,can turn,2,qualification with,2,b customer,2,the argument,2
universally ready,1,criteria and,2,in phase,2,claims c,2,that this,2
ready constrained,1,the single,2,phase explicit,2,that imply,2,during the,2
release not,1,it strengthens,2,full sla,2,cause fix,2,if technically,2
ga site,1,strengthens the,2,mttr thresholds,2,no uptime,2,customers and,2
qualification only,1,case for,2,exclusions that,2,or penalties,2,the narrative,2
only deploy,1,some form,2,current defect,2,after objective,2,both costs,2
deploy to,1,a broad,2,on proposal,2,objective reliability,2,worst of,2
to sites,1,given shifting,2,prove it,2,open ended,2,of both,2
sites verified,1,downtime clauses,2,you proceed,2,customer insists,2,both worlds,2
verified low,1,it what,2,enforce site,2,on ga,2,and penalties,2
low interference,1,shipping something,2,detection avoidance,2,deferred capped,2,support costs,2
interference via,1,it does,2,alignment no,2,gate not,2,still need,2
via survey,1,if zones,2,off on,2,power on,2,need the,2
survey exclude,1,zones shift,2,unbounded risk,2,customer facing,2,that case,2
exclude offshore,1,unless downtime,2,your launch,2,should expect,2,delay with,2
offshore deck,1,deliver redundancy,2,practical next,2,access only,2,and protect,2
deck adjacent,1,shipping outside,2,to capitalize,2,otherwise you,2,shipping with,2
adjacent generator,1,outside an,2,capitalize on,2,this incident,2,equivalent to,2
generator zones,1,an enforceable,2,how long,2,occur over,2,to shipping,2
zones processing,1,that must,2,contract triage,2,manned workfaces,2,a core,2
processing plants,1,b the,2,mining launch,2,demonstrates the,2,launch disqualified,2
plants etc,1,is real,2,phase qualification,2,control the,2,disqualified if,2
etc until,1,but bounded,2,propose a,2,a downtime,2,this news,2
rev operational,1,as ga,2,commercial availability,2,as safety,2,value of,2
operational envelope,1,it via,2,the worst,2,operational event,2,broad mining,2
envelope limits,1,and runtime,2,give the,2,in place,2,competitor delay,2
limits no,1,leverage to,2,team the,2,zones haul,2,and partners,2
no suspended,1,first in,2,paste a,2,around consequences,2,pilot if,2
loads in,1,redundancy to,2,and penalty,2,landing pad,2,envelope is,2
in borderline,1,that customer,2,penalty structure,2,term mitigation,2,is strategically,2
borderline zones,1,penalties remain,2,ll help,2,the fallback,2,should not,2
zones defined,1,engineering if,2,la launch,2,now the,2,industrial markets,2
defined flight,1,fix on,2,full delay,2,known safe,2,best move,2
flight corridors,1,the critical,2,compare it,2,climb and,2,the window,2
corridors altitude,1,a decision,2,a bridge,2,no descend,2,launch as,2
altitude landing,1,decision gate,2,b the,2,descend zones,2,as production,2
landing zone,1,proceed with,2,the downside,2,under degraded,2,can accept,2
zone requirements,1,a quarter,2,market position,2,had an,2,cause is,2
requirements better,1,quarter launch,2,customers you,2,operational disruption,2,is eliminated,2
better than,1,below an,2,you shipped,2,disruption and,2,skyhaul delayed,2
than static,1,an agreed,2,number of,2,reliability is,2,availability and,2
geofence add,1,claims are,2,of sites,2,is proven,2,likely to,2
add software,1,are truthful,2,skyhaul is,2,architect signs,2,milestone wording,2
software detection,1,they still,2,in win,2,signs the,2,not reckless,2
inconsistency to,1,still want,2,practical way,2,envelope otherwise,2,should be,2
to trigger,1,window is,2,your own,2,if yes,2,works everywhere,2
trigger preemptive,1,and then,2,contract term,2,if no,2,t rely,2
preemptive retreat,1,actions next,2,support and,2,mining operations,2,use it,2
retreat hold,1,definition what,2,s real,2,share your,2,safe launch,2
hold before,1,exclusions cure,2,window value,2,whether you,2,it means,2
loss not,1,rollout plan,2,the early,2,safe zone,2,call the,2
just land,1,b timeline,2,early failure,2,validate it,2,skyhaul delay,2
are if,1,competitor delayed,2,failure tax,2,planned for,2,during pilot,2
t do,1,delayed we,2,termination risk,2,had haul,2,monitoring if,2
this quickly,1,expanding envelope,2,your ability,2,road exclusion,2,if feasible,2
quickly constraints,1,with rev,2,so a,2,the client,2,to safe,2
constraints must,1,b with,2,capture the,2,can occur,2,penalty clause,2
be tighter,1,architect to,2,where emi,2,mining ga,2,whether this,2
tighter service,1,to not,2,shift and,2,ga strict,2,the exact,2
deployments initially,1,s exact,2,that case,2,critical consequence,2,from being,2
initially you,1,schedule expected,2,a rushed,2,consequence zones,2,downside risk,2
you operate,1,whether you,2,phase and,2,hazard and,2,by shipping,2
operate monitor,1,at that,2,is now,2,and downtime,2,shipping before,2
monitor stronger,1,that site,2,high severity,2,downtime your,2,ready what,2
stronger telemetry,1,with those,2,in autonomy,2,consequence aware,2,gross margin,2
review and,1,service with,2,stabilize the,2,if emi,2,that you,2
and remote,1,get a,2,the platform,2,zones shift,2,lock in,2
remote grounding,1,as incremental,2,deliver gen,2,reliability expectations,2,because of,2
authority retrofit,1,a vibe,2,launch execution,2,not necessarily,2,multi year,2
commitment published,1,learning that,2,something this,2,for controlled,2,customer can,2
published hardware,1,value driver,2,quarter but,2,controlled testing,2,be worth,2
hardening schedule,1,is worth,2,structure i,2,launch posture,2,field data,2
with customer,1,worth more,2,signable bounded,2,posture that,2,future win,2
customer upgrade,1,durable share,2,can answer,2,uptime commitments,2,early deployments,2
upgrade plan,1,specific case,2,to all,2,roads unless,2,are not,2
and who,1,if skyhaul,2,is supported,2,penalties until,2,and then,2
pays truthful,1,skyhaul is,2,enforce it,2,enforce an,2,penalties or,2
truthful positioning,1,reduce the,2,phase mining,2,envelope that,2,can lose,2
positioning commercial,1,projected gross,2,amended or,2,that prevents,2,the customer,2
release within,1,month if,2,path delay,2,or you,2,burn the,2
envelope hardening,1,r _t,2,risk containment,2,road control,2,reference and,2
hardening upgrade,1,from being,2,core capability,2,vc is,2,future sales,2
upgrade in,1,uplift value,2,capability and,2,evidence of,2,delayed to,2
in progress,1,text financing,2,hours so,2,blowups and,2,to get,2
progress not,1,financing delta,2,get a,2,know the,2,shipped and,2
not beta,1,annual gross,2,same day,2,containment if,2,and caused,2
beta because,1,sla penalties,2,supported operating,2,a probability,2,caused downtime,2
because marketing,1,burn the,2,for phase,2,launch but,2,at any,2
marketing gate,1,ask two,2,mitigations survey,2,to an,2,any cost,2
gate condition,1,how many,2,survey detection,2,envelope no,2,how long,2
condition the,1,sites can,2,the quarter,2,during eis,2,deals you,2
architect must,1,deployments you,2,cannot responsibly,2,over active,2,can close,2
must agree,1,steady state,2,b launch,2,control exclusion,2,margin per,2
agree this,1,a small,2,launch milestone,2,we ll,2,month or,2
is ethically,1,small number,2,s delay,2,board level,2,long run,2
ethically and,1,post money,2,but we,2,eis metrics,2,penalties churn,2
and be,1,first valuation,2,sign unbounded,2,without forcing,2,and key,2
be willing,1,trust and,2,pilots pos,2,insider note,2,of launch,2
willing to,1,close series,2,quarter milestone,2,not in,2,if being,2
case if,1,flagship partner,2,bound with,2,eis addendum,2,risk if,2
t it,1,be worse,2,with evidence,2,and an,2,it might,2
a strong,1,is being,2,only what,2,the miner,2,reference if,2
strong signal,1,without breaking,2,scope is,2,accepts eis,2,not fully,2
signal you,1,board level,2,this gives,2,a condition,2,per deployed,2
b territory,1,launch with,2,dead in,2,condition of,2,deployed site,2
territory how,1,contract amendment,2,the water,2,redefinition and,2,break even,2
to decide,1,highest probability,2,market window,2,s no,2,required to,2
decide in,1,could sign,2,window and,2,tranche structure,2,from becoming,2
hours practical,1,or per,2,your call,2,counterproposal that,2,becoming a,2
practical forcing,1,expectations and,2,want to,2,you still,2,a headline,2
forcing function,1,sla penalty,2,keeping the,2,access with,2,t bound,2
function run,1,to keep,2,delay rev,2,reliability gates,2,architect s,2
run a,1,risk it,2,a what,2,are met,2,converts a,2
short decision,1,without the,2,free qualification,2,architect on,2,if gen,2
decision process,1,constraints that,2,phase i,2,and external,2,after the,2
process with,1,be satisfied,2,language and,2,memo incident,2,architect will,2
explicit outputs,1,key technical,2,the investor,2,and key,2,will sign,2
outputs quantify,1,the release,2,and explicit,2,person loss,2,envelope odd,2
quantify worst,1,no signing,2,operational constraints,2,bounded eis,2,odd site,2
case not,1,and likely,2,the program,2,c financing,2,classes corridors,2
not average,1,best effort,2,reality no,2,draft the,2,known failure,2
average for,1,effort geofence,2,protect the,2,readiness certificate,2,and mitigations,2
your first,1,partner contract,2,language not,2,on what,2,sign you,2
first target,1,contract is,2,emi unqualified,2,road that,2,offer a,2
sites estimate,1,amended to,2,unqualified areas,2,a truck,2,case if,2
estimate probability,1,reality commissioning,2,tightly capped,2,truck for,2,a viable,2
interference exposure,1,exclusions downtime,2,capped liability,2,for minutes,2,s core,2
exposure event,1,public claims,2,clear acceptance,2,guarantee geofence,2,contract terms,2
is meaningless,1,claims no,2,they are,2,geofence containment,2,so one,2
meaningless unless,1,without sacrificing,2,still say,2,not provably,2,one aircraft,2
you know,1,sacrificing the,2,say autonomous,2,provably sufficient,2,of market,2
know how,1,delay but,2,eap safety,2,after any,2,insider bridge,2
often customers,1,you do,2,a required,2,any recurrence,2,bridge capped,2
customers are,1,remove default,2,required signatory,2,eis early,2,has stop,2
zones define,1,control cliffs,2,criteria e,2,here s,2,otherwise it,2
define acceptable,1,global ga,2,prohibited context,2,underestimating it,2,move is,2
acceptable in,1,do next,2,any contract,2,on launch,2,not proceed,2
writing what,1,ask what,2,contract breach,2,delay plus,2,and retention,2
what consequence,1,what must,2,that automatically,2,lose the,2,t secure,2
consequence is,1,sign the,2,incident review,2,are you,2,yes no,2
is acceptable,1,is measured,2,hours with,2,than assumed,2,path pilot,2
acceptable operational,1,measured per,2,burn down,2,investor alignment,2,the investor,2
operational disruption,1,per service,2,it satisfy,2,letter amended,2,eap and,2
disruption only,1,and downtime,2,access with,2,amended milestone,2,can satisfy,2
only no,1,deployment until,2,deployments a,2,liability cap,2,a marketing,2
no uncontrolled,1,a go,2,and timeline,2,consequence based,2,aren t,2
uncontrolled lateral,1,into an,2,remove the,2,based exclusions,2,objecting to,2
drift no,1,to deliver,2,b but,2,overflight hover,2,outside a,2
no descent,1,pivot to,2,milestone language,2,grounding criteria,2,reliability envelope,2
descent with,1,avoid predatory,2,to answer,2,controls and,2,defined operating,2
loads put,1,predatory leverage,2,eap scope,2,a high,2,is allowed,2
put hard,1,insider bridge,2,criteria if,2,company you,2,allowed but,2
hard lines,1,revised milestone,2,a different,2,a demonstrated,2,define and,2
lines on,1,ga flight,2,eap structure,2,demonstrated operational,2,and enforce,2
on it,1,hour kpis,2,is optics,2,destroy the,2,must include,2
it safety,1,longer the,2,optics it,2,delay survivable,2,are in,2
off if,1,by itself,2,comes with,2,plan with,2,a limited,2
cannot get,1,itself it,2,liability plus,2,financing plan,2,uptime with,2
get safety,1,by a,2,what actually,2,burn cuts,2,redundancy and,2
safety leadership,1,a signable,2,actually changes,2,to reduce,2,clear downtime,2
leadership to,1,engineering and,2,rollback authority,2,single accountable,2,make that,2
sign do,1,an early,2,criteria chief,2,commercial ga,2,by a,2
broadly investor,1,the few,2,pause deployments,2,the proposed,2,a short,2
investor milestone,1,few ways,2,those aren,2,we cannot,2,architect can,2
milestone renegotiation,1,re still,2,contract penalties,2,design freeze,2,give them,2
renegotiation now,1,into uncontrolled,2,call the,2,freeze build,2,them a,2
ask investors,1,procedural controls,2,it no,2,build validation,2,exit criteria,2
investors what,1,controls software,2,eap or,2,field re,2,a stop,2
what satisfies,1,software constraints,2,strictly capped,2,re test,2,engineers will,2
satisfies commercial,1,strict uptime,2,before any,2,with weekly,2,rate below,2
launch revenue,1,re statistically,2,any production,2,weekly gates,2,over y,2
revenue paid,1,statistically likely,2,the relationship,2,default control,2,who can,2
pilots contracted,1,likely to,2,now then,2,site surveys,2,thresholds are,2
contracted deployments,1,the data,2,access is,2,to delay,2,cause fix,2
deployments customer,1,root cause,2,real eap,2,immediate burn,2,shielding redesign,2
customer acceptance,1,to validate,2,in one,2,fix acceptance,2,policy for,2
acceptance if,1,named technical,2,no it,2,reframe the,1,test whether,2
release qualifies,1,off chief,2,given a,2,decision global,1,your engineers,2
qualifies you,1,not acceptable,2,press release,2,launch is,1,shielding retrofit,2
you avoid,1,looks like,2,it created,2,is too,1,they say,2
avoid the,1,eap as,2,safety exposure,2,too blunt,1,no then,2
bridge or,1,as controlled,2,downtime minutes,2,blunt you,1,one more,2
it talent,1,do you,2,minutes that,2,t actually,1,if investors,2
talent retention,1,corridors where,2,of proposal,2,actually have,1,narrow and,2
retention as,1,that eap,2,a in,2,have two,1,the label,2
a first,1,only where,2,hazardous operational,2,two choices,1,access does,2
first class,1,are you,2,operational interference,2,choices ship,1,you implement,2
class requirement,1,penalties during,2,and potentially,2,ship defective,1,technical operational,2
requirement if,1,incompatible with,2,control immediate,2,defective vs,1,sites corridors,2
is chosen,1,engineers because,2,operations that,2,vs delay,1,enforcement not,2
chosen assume,1,into predictable,2,result in,2,delay you,1,event doesn,2
assume those,1,interference environment,2,in hover,2,three launch,1,where penalties,2
those resignations,1,to certified,2,descend over,2,launch definitions,1,waived or,2
resignations happen,1,certified zones,2,and any,2,definitions ga,1,or converted,2
happen unless,1,known limitation,2,that reliably,2,ga global,1,converted to,2
change a,1,behavior safety,2,pause mining,2,launch broad,1,to capped,2
into the,1,joint incident,2,and recovery,2,broad sectors,1,reality including,2
release model,1,right to,2,why did,2,sectors sites,1,caps and,2
model with,1,to suspend,2,hover in,2,sites minimal,1,metrics are,2
with signed,1,x per,2,what happened,2,minimal constraints,1,t change,2
hardware roadmap,1,has veto,2,steps what,2,constraints controlled,1,access is,2
roadmap a,1,plan to,2,failsafe behavior,2,controlled commercial,1,off or,2
a clear,1,operate in,2,to clear,2,availability paid,1,authority to,2
clear recommendation,1,in environments,2,a predefined,2,but constrained,1,would the,2
recommendation based,1,penalty uptime,2,to de,2,envelope support,1,incident not,2
shared do,1,s sla,2,any near,2,support delay,1,and won,2
not do,1,or defer,2,a minute,2,fix then,1,practical conclusion,2
do proposal,1,defer that,2,minute blockage,2,then ga,1,access only,2
stated broad,1,language and,2,exactly what,2,ga most,1,and explicit,2
broad launch,1,that make,2,while you,2,most teams,1,containment beyond,2
launch geofence,1,solve the,2,qualification pilot,2,teams fight,1,loading areas,2
it maximizes,1,the structural,2,no flight,2,fight because,1,a minute,2
maximizes culture,1,structural problems,2,over near,2,because they,1,minute blockage,2
culture talent,1,changes what,2,near haul,2,re assuming,1,exactly what,2
talent and,1,only eap,2,roads unless,2,assuming vs,1,any production,2
and reputation,1,eap fails,2,abort hover,2,vs your,1,acceptance framework,2
risk while,1,fails because,2,hover rate,2,best outcome,1,and any,2
while not,1,structural eap,2,a static,2,outcome is,1,where a,2
not actually,1,can work,2,static geofence,2,is usually,1,a haul,2
actually proving,1,exposure classes,2,ve confirmed,2,usually if,1,critical corridors,2
proving safety,1,just a,2,confirmed the,2,can satisfy,1,roads intersections,2
safety choose,1,call the,2,architect will,2,satisfy investors,1,intersections loading,2
choose between,1,downtime measured,2,will leave,2,safety signatories,1,has a,2
between constrained,1,for known,2,leave if,2,signatories make,1,site procedure,2
bound risk,1,so incidents,2,this incident,2,risk measurable,1,a hover,2
case while,1,incidents don,2,incident is,2,measurable in,1,occurs in,2
revision or,1,become downtime,2,that the,2,in business,1,land in,2
cannot bound,1,downtime or,2,stance is,2,business terms,1,to something,2
hazard cleanly,1,does eap,2,while avoiding,2,terms fast,1,with conservative,2
cleanly if,1,s optics,2,loiter boxes,2,fast math,1,there if,2
you answer,1,no it,2,boxes emergency,2,math you,1,integrity is,2
answer these,1,should do,2,divert return,2,week you,1,too poor,2
these five,1,draft a,2,traffic hold,2,have per,1,without an,2
five questions,1,page eap,2,but with,2,zones what,1,engineering sign,2
questions i,1,rollback criteria,2,time objective,2,what matters,1,residual covariance,2
which path,1,architect and,2,g clear,2,matters is,1,fix what,2
to message,1,change for,2,corridor within,2,the monthly,1,enforceable procedures,2
message it,1,structurally real,2,within x,2,monthly event,1,off on,2
to investors,1,a minute,2,loiter landing,2,at customers,1,in non,2
team during,1,hazard and,2,cross haul,2,customers let,1,the consequence,2
there any,1,penalties customer,2,do the,2,let f,1,truly benign,2
or is,1,behavior is,2,envelope or,2,f flights,1,question to,2
is position,1,a early,2,shielding fix,2,flights per,1,the flight,2
position hold,1,can enforce,2,facts you,2,month across,1,move to,2
hold stable,1,why it,2,showstopper for,2,across deployed,1,consistent with,2
stable until,1,how it,2,clear time,2,deployed fleet,1,your plan,2
until descent,1,over adjacent,2,the customer,2,fleet let,1,did not,2
descent do,1,adjacent to,2,did not,2,let phi,1,control the,2
do missions,1,corridor exclusions,2,the incident,2,of flights,1,what we,2
missions involve,1,exclusions with,2,under these,2,that occur,1,landing over,2
involve suspended,1,site traffic,2,these conditions,2,conditions by,1,near haul,2
loads and,1,operations in,2,mining operations,2,by sector,1,response plan,2
if so,1,to prevent,2,operations under,2,site let,1,max obstruction,2
so how,1,and will,2,eap pilot,2,let pe,1,it will,2
often in,1,offer a,2,or b,2,pe event,1,mining operations,2
in early,1,corrective action,2,or equivalent,2,event probability,1,especially with,2
early customer,1,hours to,2,is in,2,probability given,1,fallback behavior,2
customer deployments,1,can block,2,targets and,2,given hi,1,moving to,2
deployments what,1,block a,2,launch or,2,hi expected,1,demonstrated operational,2
what percent,1,a reliability,2,operational hazard,2,month f,1,operational hazard,2
percent of,1,reliability contract,2,mine haul,2,f phi,1,road exclusion,2
of flight,1,known interference,2,that kills,2,phi pe,1,launch under,2
time is,1,land in,2,counteroffer that,2,pe example,1,under current,2
likely in,1,critical areas,2,offer a,2,example illustrative,1,fast enough,2
areas can,1,and ideally,2,access launch,2,illustrative if,1,a state,2
can you,1,contingency behavior,2,amended to,2,run drones,1,state where,2
ship interference,1,where you,2,boxed rev,2,drones doing,1,road and,2
detection estimator,1,defined safe,2,they actually,2,doing flights,1,enforce it,2
estimator health,1,safe zone,2,market entry,2,flights day,1,before any,2
gating in,1,unless within,2,forcing you,2,day each,1,one real,2
weeks or,1,certified landing,2,x paid,2,each f,1,ship it,2
or only,1,landing polygon,2,deployments live,2,f month,1,on an,2
only static,1,corridor exclusion,2,envelope y,2,month if,1,not perfect,2
geofencing does,1,no occupancy,2,y paid,2,phi in,1,mining under,2
does your,1,estimator uncertainty,2,mining with,2,mining offshore,1,a product,2
your series,1,after you,2,with acceptance,2,offshore footprints,1,quarter but,2
b language,1,the chance,2,qualified sites,2,footprints expected,1,an operating,2
language require,1,chance that,2,article date,2,events events,1,envelope we,2
require ga,1,in an,2,pending rev,2,month even,1,we cannot,2
ga or,1,operations near,2,not perfect,2,if each,1,that still,2
or can,1,over haul,2,s bounded,2,each event,1,vc a,2
can it,1,prove containment,2,you require,2,safe month,1,on schedule,2
it be,1,chargeable downtime,2,with paid,2,month is,1,and other,2
met by,1,the revised,2,require broad,2,is enough,1,sla until,2
by paid,1,with uptime,2,claims we,2,to cause,1,until acceptance,2
envelope ready,1,question that,2,direct financial,2,cause fleet,1,envelope signed,2
ready should,1,the hover,2,the counteroffer,2,a reputation,1,signed by,2
should mean,1,did the,2,want paste,2,reputation hit,1,by the,2
mean we,1,have any,2,sla penalty,2,hit if,1,propose to,2
can state,1,already had,2,is both,2,is truly,1,b close,2
state the,1,as planned,2,both investor,2,truly for,1,post launch,2
envelope prove,1,if all,2,investor legible,2,your initial,1,architect walks,2
prove with,1,landing over,2,legible and,2,sites then,1,launch vs,2
with evidence,1,road critical,2,of not,2,then it,1,today ask,2
evidence we,1,test evidence,2,customer contracts,2,s closer,1,tranche the,2
we meet,1,acceptably low,2,uptime penalty,2,to events,1,they hate,2
it and,1,clear the,2,claims and,2,month and,1,bridge they,2
it in,1,control protocol,2,architect departure,2,and may,1,replace it,2
the field,1,plan and,2,vc with,2,be manageable,1,customer penalties,2
field without,1,downtime if,2,with explicit,2,manageable in,1,contract is,2
without heroics,1,are missing,2,exclusions high,2,the technical,1,launch without,2
heroics for,1,a showstopper,2,corridors haul,2,technical reality,1,triggers a,2
an engineering,1,occupancy of,2,timeline and,2,reality geofencing,1,and pivot,2
autonomy company,1,operationally unacceptable,2,the board,2,mitigation a,1,pivot to,2
company that,1,penalty triggering,2,board level,2,patch can,1,term sheet,2
that becomes,1,likely in,2,the engineering,2,risk reducer,1,page counterproposal,2
a gated,1,case you,2,deployments in,2,reducer only,1,an executive,2
gated standard,1,near haul,2,would not,2,following are,1,and liability,2
standard launch,1,within weeks,2,a truck,2,true often,1,have evidence,2
launch readiness,1,nav uncertainty,2,truck for,2,often they,1,road blockage,2
readiness standard,1,uncertainty and,2,readiness for,2,they aren,1,an investor,2
standard definition,1,p95 p99,2,is existential,2,t in,1,find a,2
of ready,1,the incident,2,need something,2,industrial sites,1,still qualifies,2
ready safety,1,hazard log,2,a limited,2,can reliably,1,qualifies as,2
safety is,1,laterally reposition,2,certificate that,2,reliably map,1,lead vc,2
defensible non,1,of haul,2,is explicitly,2,map interpolate,1,with non,2
negotiable documented,1,system can,2,and other,2,interpolate interference,1,exclusions haul,2
mitigations validation,1,uncertainty margins,2,validated dynamic,2,zones they,1,no penalty,2
validation evidence,1,here is,2,divert behavior,2,be transient,1,backed sla,2
evidence no,1,is to,2,criteria automatic,2,transient equipment,1,criteria are,2
no single,1,blow up,2,automatic pause,2,equipment on,1,architect signs,2
single credible,1,under penalty,2,and claims,2,on off,1,signs the,2
credible fault,1,with named,2,the fastest,2,off moving,1,occur stop,2
fault leads,1,terms for,2,and customer,2,moving vessels,1,scope you,2
to unacceptable,1,any penalized,2,signable la,2,vessels changing,1,they will,2
unacceptable harm,1,definition exclusions,2,of launch,2,changing current,1,within an,2
harm within,1,site procedures,2,you lose,2,current loads,1,an explicitly,2
envelope fail,1,criteria to,2,runway and,2,loads your,1,launch definition,2
is predictable,1,rate ceiling,2,window anyway,2,your navigation,1,investors and,2
predictable and,1,a dated,2,and customers,2,navigation stack,1,i would,2
safe for,1,dated rev,2,with objective,2,stack doesn,1,flight readiness,2
for people,1,is good,2,objective criteria,2,t drift,1,general commercial,2
people property,1,as the,2,if mining,2,drift into,1,expectations and,2
property and,1,penalty contract,2,with measurable,2,into them,1,on what,2
and payload,1,ga autonomy,2,traction paid,2,them under,1,entered safety,2
payload including,1,for perfection,2,mission planner,2,under gnss,1,hover over,2
including edge,1,operational hazard,2,planner constraints,2,denial common,1,for minutes,2
edge conditions,1,a binary,2,the la,2,common near,1,i could,2
conditions a,1,binary choice,2,t you,2,near steel,1,could sign,2
a named,1,within certified,2,parallel line,2,steel rigs,1,for an,2
named safety,1,asking you,2,line up,2,rigs cranes,1,buffers around,2
authority e,1,of penalties,2,up a,2,cranes the,1,around haul,2
g systems,1,term sheet,2,insider note,2,mode won,1,pre qualified,2
off operating,1,that matches,2,tranche based,2,in unknown,1,corridors and,2
is explicit,1,hours in,2,based facility,2,unknown unknown,1,landing areas,2
explicit and,1,incident rate,2,most likely,2,unknown pockets,1,containment is,2
and enforceable,1,confirmation that,2,as non,2,pockets outside,1,conservative abort,2
enforceable clear,1,these triggers,2,envelope odd,2,geofence so,1,events over,2
clear environmental,1,close this,2,bounded no,2,defensible if,1,unproven envelope,2
environmental constraints,1,person dependency,2,where the,2,s paired,1,governance the,2
constraints emi,1,operations today,2,paired with,2,paired with,1,authority if,2
magnetic weather,1,had a,2,downtime definition,2,tight operating,1,pilot becomes,2
weather gnss,1,against this,2,the haul,2,and monitoring,1,just this,2
gnss denial,1,risk if,2,road incident,2,monitoring not,1,we need,2
denial deck,1,share what,2,hover no,2,as ship,1,the haul,2
deck operations,1,you draft,2,loading zones,2,ship broadly,1,a critical,2
operations etc,1,counterproposal that,2,loiter volumes,2,broadly and,1,costs and,2
etc constraints,1,set a,2,clear critical,2,and hope,1,market narrative,2
constraints are,1,especially when,2,at least,2,hope culture,1,commercial and,2
are enforced,1,predictable downtime,2,least one,2,culture talent,1,fix gen,2
design software,1,and key,2,the following,2,talent is,1,with less,2
software gating,1,reliability obligations,2,envelope interference,2,constraint not,1,program as,2
gating geofence,1,penalties or,2,and mappable,2,soft value,1,are you,2
geofence detection,1,only within,2,mappable to,2,chief systems,1,odd creep,2
detection not,1,an engineer,2,confidence level,2,systems architect,1,internal governance,2
operator will,1,engineer signed,2,nav health,2,leads resign,1,the pilot,2
will remember,1,signed operating,2,if neither,2,resign and,1,into production,2
remember customer,1,you if,2,neither is,2,you lose,1,and customer,2
facing spec,1,this bounded,2,to certify,2,lose months,1,to protect,2
spec states,1,investors we,2,writing that,2,months you,1,road incident,2
states where,1,the most,2,that la,2,ve effectively,1,the guardrails,2
it works,1,and loss,2,eap with,2,effectively chosen,1,be treated,2
works where,1,readiness certificate,2,eap flight,2,chosen a,1,with buffers,2
t and,1,road adjacency,2,go because,2,a slower,1,named safety,2
what it,1,known failure,2,under pilot,2,slower riskier,1,protected engineering,2
does when,1,blocked a,2,go for,2,than proposal,1,engineering lane,2
t reliability,1,and other,2,qualification program,2,b just,1,lane for,2
reliability is,1,other critical,2,customer prepay,2,worse safety,1,gen ring,2
measured not,1,is proven,2,destroying the,2,safety posture,1,people time,2
not hoped,1,language that,2,fail criteria,2,posture and,1,time so,2
hoped target,1,safe to,2,schedule risk,2,likely worse,1,faster than,2
target mission,1,under current,2,reliability metrics,2,worse investor,1,path is,2
mission success,1,a restricted,2,financing is,2,investor confidence,1,failure cascade,2
success rate,1,restricted envelope,2,and no,2,confidence later,1,to delay,2
rate availability,1,underestimating it,2,pos validated,2,later treat,1,hard odd,2
availability met,1,launch path,2,convert mining,2,a go,1,specific site,2
representative conditions,1,launch condition,2,mining to,2,go dependency,1,mapped corridors,2
conditions known,1,engineering time,2,financing path,2,dependency if,1,negotiable no,2
modes have,1,in these,2,b critical,2,architecture owners,1,zone exclusion,2
have quantified,1,milestone definition,2,retention do,2,owners will,1,no hover,2
quantified rate,1,eap counts,2,and financing,2,shipped configuration,1,t stop,2
rate bounded,1,road incident,2,mining environments,2,configuration you,1,negotiable if,2
bounded consequence,1,ve already,2,a rev,2,an ethically,1,abort early,2
consequence monitoring,1,no exceptions,2,shielding program,2,ethically stable,1,beyond static,2
monitoring detection,1,any hover,2,separate what,1,stable organization,1,acceptance pilot,2
detection mitigation,1,rate above,2,means so,1,organization to,1,or capped,2
mitigation workaround,1,above x,2,t force,1,scale recommendation,1,downtime definitions,2
workaround owner,1,mttr above,2,force a,1,recommendation most,1,definitions exclusions,2
owner fix,1,above y,2,a false,1,most robust,1,negotiable you,2
fix date,1,ring fence,2,false binary,1,robust limited,1,explicit tripwires,2
date no,1,b team,2,binary you,1,release now,1,precautionary hover,2
no unknown,1,underestimating the,2,likely have,1,now hardware,1,any event,2
unknown unknowns,1,prevent scope,2,have three,1,fix path,1,repeated events,2
unknowns dominating,1,your mining,2,three different,1,ga what,1,a rolling,2
dominating field,1,is supported,2,different launches,1,do ship,1,rolling window,2
field behavior,1,soe no,2,launches bundled,1,constrained commercial,1,halt flights,2
behavior telemetry,1,inside soe,2,bundled together,1,quarter not,1,field operations,2
telemetry shows,1,volumes for,2,together financing,1,ga while,1,operations do,2
shows explainability,1,for haul,2,milestone launch,1,while committing,1,not cannibalize,2
explainability verification,1,corridors inflated,2,require commercial,1,revision on,1,cannibalize the,2
verification validation,1,inflated by,2,customers think,1,fixed schedule,1,especially contract,2
validation are,1,overflight loiter,2,think they,1,schedule that,1,off then,2
are complete,1,recovery bounds,2,re buying,1,that means,1,broad commercial,2
complete for,1,negotiable if,2,buying product,1,means sector,1,with one,2
for launch,1,any partner,2,product readiness,1,site gating,1,controlled early,2
launch scope,1,partner with,2,readiness launch,1,gating only,1,all gates,2
scope requirements,1,or explicit,2,your engineers,1,only deploy,1,aligned to,2
requirements traced,1,measured at,2,can ethically,1,deploy to,1,any gate,2
traced to,1,at service,2,ethically sign,1,to sites,1,delay the,2
to tests,1,throughput level,2,sign proposal,1,can characterize,1,and execute,2
tests regression,1,and incident,2,a assumes,1,characterize as,1,definition or,2
regression suite,1,operating under,2,assumes these,1,as low,1,otherwise we,2
suite passing,1,safe zones,2,are identical,1,low managed,1,we delay,2
passing field,1,certification checklist,2,identical proposal,1,managed interference,1,clause and,2
field tests,1,checklist including,2,b postpones,1,safe emergency,1,and i,2
tests cover,1,including interference,2,postpones all,1,emergency landing,1,i ll,2
cover the,1,eap site,2,all your,1,zones operational,1,destroying the,2
highest risk,1,site telemetry,2,best outcome,1,operational envelope,1,a mine,2
risk scenarios,1,data rights,2,outcome if,1,explicit routes,1,test qualification,2
scenarios not,1,rollback triggers,2,feasible is,1,routes altitudes,1,milestone redefinition,2
just averages,1,triggers are,2,to decouple,1,altitudes abort,1,and shielding,2
averages release,1,expansion and,2,decouple them,1,recovery procedures,1,shielding work,2
release candidate,1,gates and,2,them with,1,procedures instrumentation,1,plan you,2
candidate is,1,b work,2,scoped commercial,1,instrumentation rapid,1,critical path,2
is frozen,1,eap within,2,commercial release,1,rapid patch,1,they require,2
frozen with,1,you take,2,release that,1,patch cadence,1,and remediation,2
with controlled,1,the known,2,still a,1,cadence mandatory,1,real decision,1
controlled changes,1,b plan,2,a legitimate,1,logging and,1,decision explicit,1
only manufacturing,1,milestone to,2,legitimate milestone,1,and defined,1,explicit where,1
manufacturing service,1,interim round,2,milestone but,1,defined response,1,we operate,1
service readiness,1,and lose,2,s truthful,1,response time,1,operate safely,1
readiness you,1,incident and,2,bounded treat,1,time customer,1,and honestly,1
deliver and,1,this delay,2,treat the,1,customer contract,1,honestly on,1
it supply,1,insider led,2,ghost edge,1,contract comms,1,on launch,1
chain stable,1,b execution,2,case as,1,comms sell,1,launch day,1
stable qc,1,verification bench,2,an expected,1,sell it,1,day doesn,1
qc tests,1,bench emi,2,expected operations,1,limited entry,1,the finish,1
tests catch,1,b validation,2,operations cost,1,entry program,1,finish line,1
catch the,1,a revised,2,cost problem,1,program with,1,lift industrial,1
the relevant,1,revised rollout,2,defect label,1,defined capabilities,1,autonomy the,1
relevant defects,1,losing them,2,label of,1,capabilities not,1,the question,1
defects calibration,1,a bet,2,either negligible,1,not full,1,is whether,1
calibration procedures,1,bet on,2,negligible or,1,full launch,1,whether an,1
procedures maintenance,1,b emi,2,or deal,1,launch why,1,uncommanded slow,1
maintenance intervals,1,in representative,2,deal breaking,1,best synthesis,1,slow landing,1
intervals spares,1,required board,2,breaking depending,1,synthesis financing,1,create an,1
spares strategy,1,b gates,2,on exposure,1,can credibly,1,an unacceptable,1
strategy defined,1,reframe the,1,quick model,1,credibly argue,1,unacceptable hazard,1
defined support,1,decision it,1,model you,1,you met,1,hazard or,1
support playbooks,1,not ship,1,compute per,1,met commercial,1,or unacceptable,1
playbooks troubleshooting,1,ship vs,1,per target,1,launch via,1,unacceptable downtime,1
troubleshooting swap,1,delay it,1,target customer,1,via paid,1,downtime in,1
swap repair,1,what operating,1,customer site,1,deployments and,1,the environments,1
repair escalation,1,envelope can,1,site let,1,and delivered,1,environments you,1
escalation paths,1,truthfully certify,1,that enter,1,units while,1,you will,1
paths observability,1,certify the,1,dependent given,1,not misrepresenting,1,will actually,1
observability and,1,case isn,1,given p_event,1,misrepresenting readiness,1,actually serve,1
and incident,1,t a,1,p_event hi,1,readiness for,1,serve at,1
response are,1,a cosmetic,1,hi then,1,for all,1,at launch,1
place flight,1,cosmetic bug,1,then p_event_total,1,all environments,1,launch treat,1
flight logging,1,bug it,1,p_hi then,1,environments engineering,1,as two,1
logging telemetry,1,of navigation,1,then convert,1,engineering integrity,1,two coupled,1
telemetry sufficient,1,specific environmental,1,convert to,1,integrity your,1,coupled cases,1
diagnose any,1,environmental class,1,to incidents,1,architect can,1,cases you,1
any event,1,class even,1,incidents incidents,1,can sign,1,to defend,1
event clear,1,behavior customers,1,p_event_total if,1,bounded safety,1,defend safety,1
incident process,1,will experience,1,site runs,1,case or,1,case credible,1
process thresholds,1,as unexpected,1,runs flights,1,or they,1,credible harm,1
thresholds grounding,1,unexpected mission,1,days p_hi,1,t either,1,harm pathways,1
grounding criteria,1,abort asset,1,days now,1,either way,1,pathways are,1
criteria rollback,1,asset blocking,1,now attach,1,get clarity,1,controlled people,1
rollback plan,1,blocking pad,1,attach real,1,clarity now,1,people property,1
plan ability,1,pad landing,1,real cost,1,now future,1,property site,1
to deploy,1,zone occupancy,1,cost per,1,future robustness,1,operations business,1
deploy patches,1,occupancy load,1,per incident,1,robustness hardware,1,business case,1
patches safely,1,load handling,1,incident mission,1,fix eliminates,1,launch creates,1
safely version,1,handling disruption,1,abort operator,1,the class,1,creates durable,1
version control,1,disruption downtime,1,intervention pad,1,class of,1,durable revenue,1
control and,1,downtime cascading,1,blockage sla,1,failure and,1,revenue retention,1
and audit,1,cascading site,1,sla impact,1,and prevents,1,and doesn,1
audit trail,1,site scheduling,1,impact customer,1,prevents random,1,t destroy,1
trail compliance,1,scheduling crew,1,trust hit,1,landings from,1,team that,1
compliance security,1,crew coordination,1,hit if,1,from becoming,1,that must,1
security and,1,coordination follow,1,safe land,1,becoming your,1,must deliver,1
and documentation,1,follow up,1,land routinely,1,your brand,1,deliver v1,1
documentation meet,1,up recovery,1,routinely interrupts,1,brand how,1,v1 if,1
the bar,1,recovery loss,1,interrupts critical,1,make this,1,if either,1
bar regulatory,1,of trust,1,critical lifts,1,this acceptable,1,either case,1
regulatory requirements,1,trust it,1,lifts customers,1,acceptable to,1,be defended,1
requirements met,1,lands when,1,will experience,1,to investors,1,defended you,1
met for,1,when we,1,experience it,1,investors practical,1,a gamble,1
the geographies,1,we need,1,as unreliability,1,practical milestone,1,gamble quantify,1
geographies operations,1,need it,1,unreliability regardless,1,rewrite go,1,quantify what,1
operations you,1,it most,1,safety decision,1,go to,1,what in,1
you claim,1,most so,1,decision critical,1,lead immediately,1,zones means,1
claim security,1,the real,1,critical input,1,a clean,1,means operationally,1
security model,1,real question,1,input do,1,clean redefinition,1,operationally even,1
model appropriate,1,question is,1,this in,1,redefinition of,1,is benign,1
appropriate auth,1,is can,1,weeks estimate,1,milestone replace,1,benign frequency,1
auth secure,1,define detect,1,estimate p_hi,1,replace global,1,frequency compounds,1
secure updates,1,detect and,1,p_hi cost,1,a set,1,compounds with,1
updates logging,1,enforce an,1,incident for,1,set like,1,with sorties,1
logging integrity,1,behavior acceptably,1,first deployments,1,like x,1,sorties if,1
integrity operator,1,acceptably rare,1,deployments you,1,x delivered,1,customer flies,1
operator docs,1,operationally manageable,1,d count,1,units accepted,1,flies n,1
docs training,1,manageable without,1,count as,1,accepted defined,1,defect can,1
training ready,1,without misrepresenting,1,launch validate,1,envelope published,1,occur the,1
ready limitations,1,misrepresenting capability,1,validate whether,1,published and,1,of seeing,1
limitations clearly,1,capability if,1,patch can,1,and contractually,1,seeing at,1
clearly communicated,1,yes a,1,actually bound,1,contractually enforced,1,p ge,1
communicated the,1,be legitimate,1,risk a,1,enforced reliability,1,ge n,1
the key,1,legitimate if,1,geofence approach,1,reliability within,1,n examples,1
key principle,1,no delaying,1,approach is,1,envelope demonstrated,1,examples missions,1
principle a,1,the honest,1,only robust,1,demonstrated e,1,missions chance,1
product is,1,honest engineering,1,robust if,1,n lock,1,event missions,1
is ready,1,engineering choice,1,predictable static,1,loss events,1,missions so,1
ready when,1,choice quantify,1,static mappable,1,per m,1,so if,1
when every,1,quantify impact,1,mappable fixed,1,m flights,1,into conditions,1
every known,1,impact not,1,fixed zones,1,flights hardware,1,conditions that,1
known issue,1,just frequency,1,zones geofence,1,hardware revision,1,that resemble,1
is either,1,frequency can,1,geofence can,1,plan dated,1,resemble high,1
either a,1,be catastrophic,1,can meaningfully,1,dated with,1,zones customers,1
fixed or,1,catastrophic depending,1,meaningfully bound,1,with validation,1,customers will,1
b explicitly,1,on sortie,1,exposure dynamic,1,validation gates,1,and their,1
explicitly accepted,1,sortie volume,1,dynamic conditional,1,gates investors,1,their first,1
accepted with,1,volume in,1,conditional moving,1,investors usually,1,first narrative,1
bounded risk,1,zones sounds,1,moving equipment,1,usually accept,1,narrative becomes,1
risk inside,1,sounds small,1,equipment energized,1,accept this,1,becomes chimera,1
inside a,1,small until,1,energized machinery,1,this if,1,chimera randomly,1
with enforcement,1,you convert,1,machinery states,1,you show,1,randomly lands,1
enforcement monitoring,1,convert it,1,states shipboard,1,show a,1,lands this,1
monitoring an,1,to operations,1,shipboard reconfigurations,1,a you,1,is why,1
an owned,1,site runs,1,reconfigurations temporary,1,not hiding,1,only can,1
owned remediation,1,runs flights,1,temporary magnets,1,hiding the,1,be commercially,1
the accountable,1,in affected,1,magnets geofence,1,issue b,1,commercially and,1
accountable engineering,1,affected areas,1,geofence reduces,1,bounded liability,1,and culturally,1
safety leader,1,areas expected,1,reduces risk,1,liability c,1,culturally catastrophic,1
sign their,1,day if,1,risk but,1,c you,1,catastrophic stress,1
their name,1,if flights,1,not bound,1,ve protected,1,launch geofence,1
name to,1,day across,1,it making,1,protected the,1,for hidden,1
page launch,1,across early,1,making known,1,the core,1,hidden assumptions,1
gate checklist,1,early customers,1,defect arguments,1,core team,1,assumptions proposal,1
checklist with,1,customers expected,1,arguments harder,1,team and,1,following are,1
with pass,1,day even,1,harder to,1,and d,1,true interference,1
pass fail,1,if each,1,to defend,1,d you,1,zones are,1
fail criteria,1,each event,1,defend also,1,re still,1,are knowable,1
criteria and,1,safe it,1,also ask,1,still generating,1,knowable and,1
and suggested,1,a daily,1,ask do,1,generating revenue,1,and stable,1
suggested numeric,1,daily operational,1,have reliable,1,and proof,1,stable enough,1
numeric targets,1,disruption which,1,reliable detection,1,proof concrete,1,to geofence,1
targets for,1,operations teams,1,detection mag,1,concrete week,1,geofence industrial,1
for autonomy,1,teams remember,1,mag anomaly,1,week execution,1,industrial sites,1
autonomy heavy,1,remember during,1,anomaly metrics,1,execution plan,1,sites change,1
heavy lift,1,during procurement,1,metrics estimator,1,plan so,1,change new,1
lift operations,1,procurement renewals,1,health signals,1,can actually,1,equipment cabling,1
operations no,1,renewals what,1,signals that,1,actually decide,1,cabling generators,1
no predatory,1,need within,1,trigger controlled,1,decide week,1,generators steel,1
predatory terms,1,days a,1,controlled degradation,1,week decision,1,steel piles,1
terms don,1,a table,1,degradation before,1,decision quality,1,piles temporary,1
t automatically,1,table of,1,before lock,1,quality data,1,temporary cranes,1
automatically make,1,of expected,1,loss not,1,data classify,1,cranes vessel,1
delay reckless,1,in interference,1,just after,1,classify first,1,vessel configs,1
reckless a,1,zones event,1,after if,1,first day,1,configs if,1
becomes reckless,1,event probability,1,t convincingly,1,day customers,1,hazard moves,1
a it,1,probability mean,1,convincingly answer,1,customers by,1,moves static,1
it predictably,1,to recover,1,it proposal,1,by phi,1,geofencing is,1
predictably pushes,1,recover disruption,1,a becomes,1,phi site,1,is porous,1
pushes the,1,hours week,1,a bet,1,survey your,1,porous you,1
company into,1,week customer,1,bet you,1,test history,1,can detect,1
a financing,1,customer specific,1,t properly,1,history reproduce,1,hazard online,1
financing solvency,1,specific cost,1,properly price,1,reproduce failure,1,online or,1
solvency trap,1,disruption crew,1,price the,1,failure with,1,or bound,1
trap and,1,crew idle,1,the talent,1,a minimal,1,it by,1
b you,1,idle time,1,talent culture,1,minimal test,1,by procedure,1
a viable,1,time production,1,culture threat,1,test protocol,1,map based,1
viable lower,1,production impacts,1,threat is,1,protocol quantify,1,based don,1
risk way,1,impacts offshore,1,same order,1,quantify onset,1,t fly,1
meet safety,1,offshore vessel,1,order as,1,onset conditions,1,fly here,1
safety quality,1,vessel time,1,loan losing,1,conditions duration,1,here is,1
quality and,1,time etc,1,engineers is,1,duration recovery,1,real driver,1
but didn,1,etc if,1,a morale,1,recovery landing,1,driver is,1
didn t,1,the expected,1,morale issue,1,landing dispersion,1,temporary you,1
t pursue,1,disruption is,1,issue it,1,dispersion draft,1,need either,1
pursue it,1,is rare,1,a critical,1,page safety,1,either runtime,1
it think,1,and tolerable,1,path slip,1,case operating,1,detection mode,1
think of,1,tolerable a,1,slip and,1,envelope for,1,mode switching,1
of it,1,plausible if,1,a quality,1,limited release,1,switching containment,1
as two,1,s routine,1,quality safety,1,release week,1,containment or,1
two competing,1,routine the,1,safety regression,1,week mitigation,1,or strict,1
competing forms,1,market will,1,regression risk,1,mitigation hardening,1,strict site,1
forms of,1,will brand,1,risk so,1,hardening add,1,qualification controlled,1
of recklessness,1,brand chimera,1,convert their,1,add validate,1,controlled corridors,1
recklessness when,1,chimera as,1,their stance,1,validate defense,1,corridors operational,1
is reckless,1,as unreliable,1,stance into,1,depth measures,1,operational enforcement,1
reckless delay,1,fix it,1,concrete gate,1,measures even,1,enforcement the,1
is hard,1,it engineering,1,gate what,1,if not,1,the containment,1
defend if,1,reality check,1,what exact,1,not perfect,1,operationally acceptable,1
if most,1,check a,1,exact conditions,1,perfect interference,1,acceptable descend,1
terms create,1,patch is,1,conditions would,1,interference detection,1,descend where,1
failure anyway,1,as good,1,make them,1,detection flags,1,are may,1
anyway covenants,1,good as,1,them willing,1,flags and,1,be safe,1
ll trip,1,as detection,1,release deployment,1,conservative fallback,1,in open,1
trip repayment,1,detection completeness,1,language metrics,1,behavior stricter,1,open fields,1
repayment you,1,completeness a,1,metrics threshold,1,stricter geofence,1,fields but,1
t service,1,patch assumes,1,threshold stop,1,geofence margins,1,but unacceptable,1
service control,1,assumes you,1,ship authority,1,margins altitude,1,unacceptable on,1
control provisions,1,can accurately,1,the answer,1,altitude route,1,on haul,1
provisions that,1,accurately map,1,answer is,1,route constraints,1,roads near,1
that hamstring,1,map and,1,no shipment,1,constraints mandatory,1,people on,1
hamstring execution,1,and avoid,1,shipment under,1,mandatory remote,1,on decks,1
execution you,1,avoid known,1,under any,1,remote supervision,1,decks near,1
cannot realistically,1,known high,1,any branding,1,supervision for,1,near water,1
b after,1,zones the,1,branding that,1,deployments run,1,water near,1
delay because,1,the hard,1,constraint you,1,a short,1,near active,1
bridge signals,1,hard problems,1,must weigh,1,short reliability,1,equipment if,1
signals distress,1,problems unknown,1,weigh against,1,reliability campaign,1,safety behavior,1
distress dilution,1,unknown unknowns,1,against financing,1,campaign in,1,behavior may,1
dilution caps,1,unknowns interference,1,financing this,1,in representative,1,be safety,1
caps table,1,be transient,1,also where,1,representative environments,1,risk not,1
table or,1,transient equipment,1,avoid vague,1,environments week,1,just disruption,1
window closes,1,equipment movement,1,vague language,1,week commercial,1,disruption you,1
closes the,1,movement magnetized,1,language like,1,commercial governance,1,be fully,1
is operationally,1,magnetized loads,1,like beta,1,governance executive,1,fully transparent,1
operationally containable,1,loads local,1,beta as,1,executive sign,1,transparent with,1
containable with,1,fields near,1,moral shield,1,explicit criteria,1,with customers,1
credible safety,1,near infrastructure,1,shield engineers,1,criteria investor,1,customers beta,1
and constrained,1,infrastructure localization,1,are reacting,1,investor milestone,1,beta is,1
choose pure,1,localization dependency,1,reacting to,1,renegotiation in,1,a mitigation,1
pure fix,1,if interference,1,to knowingly,1,writing customer,1,mitigation it,1
fix without,1,interference contributes,1,knowingly shipping,1,customer selection,1,label if,1
without exploring,1,contributes to,1,shipping outside,1,selection contracts,1,not comfortable,1
exploring that,1,to nav,1,ethos not,1,contracts field,1,comfortable describing,1
t exhausted,1,loss the,1,label a,1,support readiness,1,describing the,1
exhausted alternatives,1,that enforces,1,a realistic,1,readiness the,1,condition and,1
alternatives insider,1,enforces the,1,realistic third,1,stop criteria,1,envelope plainly,1
bridge extension,1,geofence may,1,third option,1,criteria so,1,plainly in,1
extension of,1,may also,1,option gated,1,t rationalize,1,contracts and,1
of milestone,1,also degrade,1,availability often,1,risk you,1,and training,1
bridge convertible,1,degrade at,1,often dominates,1,do any,1,training you,1
convertible with,1,wrong time,1,shielding is,1,any broad,1,envelope you,1
with sane,1,time boundary,1,true fix,1,launch if,1,t lose,1
sane caps,1,boundary effects,1,a quarter,1,cannot define,1,leads if,1
caps cost,1,effects safe,1,quarter bound,1,rate is,1,if shipping,1
cost actions,1,descend could,1,bound milestone,1,is acceptably,1,shipping under,1
actions when,1,still occur,1,milestone consider,1,acceptably low,1,a triggers,1
not reckless,1,occur in,1,consider option,1,low you,1,resignations you,1
reckless often,1,in inconvenient,1,c truthful,1,zones operationally,1,likely incur,1
often prudent,1,inconvenient places,1,truthful bounded,1,the initial,1,incur a,1
prudent delay,1,places even,1,launch commercially,1,sites your,1,longer slip,1
defensible even,1,even outside,1,commercially sell,1,your responsible,1,slip than,1
with ugly,1,geofence e,1,sell only,1,authority refuses,1,than months,1
ugly financing,1,g fringe,1,only into,1,refuses to,1,months anyway,1
financing if,1,fringe fields,1,into sites,1,case you,1,anyway plus,1
now has,1,fields you,1,sites where,1,t support,1,plus reputational,1
has non,1,treat proposal,1,can justify,1,support early,1,and execution,1
non trivial,1,as viable,1,justify low,1,early ops,1,risk stress,1
trivial catastrophic,1,can answer,1,interference exposure,1,ops with,1,for shielding,1
catastrophic downside,1,answer with,1,via survey,1,with monitoring,1,shielding for,1
downside injury,1,evidence within,1,survey operating,1,monitoring recovery,1,for schedule,1
property loss,1,within week,1,envelope pilot,1,recovery because,1,and finance,1
loss regulatory,1,week detection,1,only or,1,because then,1,finance realism,1
regulatory action,1,detection can,1,or explicitly,1,then safe,1,realism proposal,1
action even,1,you reliably,1,explicitly non,1,safe descent,1,if both,1
if rare,1,reliably detect,1,non production,1,descent becomes,1,both are,1
rare shipping,1,detect you,1,production for,1,site hazard,1,high confidence,1
shipping will,1,in approaching,1,interference sectors,1,hazard if,1,confidence not,1
will likely,1,approaching magnetic,1,sectors until,1,choose purely,1,not optimistic,1
likely trigger,1,conditions before,1,rev hardware,1,purely a,1,optimistic shielding,1
trigger key,1,loss e,1,hardware ships,1,b given,1,shielding swaps,1
loss that,1,g magnetometer,1,ships contract,1,facts especially,1,swaps can,1
makes the,1,magnetometer anomaly,1,sla explicitly,1,likely month,1,can ripple,1
roadmap slip,1,anomaly metrics,1,explicitly excludes,1,month talent,1,ripple procurement,1
slip anyway,1,metrics imu,1,excludes operations,1,talent impact,1,procurement lead,1
so you,1,imu residuals,1,operations outside,1,impact proposal,1,times emi,1
take both,1,innovation spikes,1,the validated,1,is safer,1,emi re,1
both the,1,spikes mitigation,1,envelope engineering,1,safer for,1,integration regressions,1
defect risk,1,mitigation when,1,required with,1,for company,1,regressions manufacturing,1
the schedule,1,when detected,1,a documented,1,company survival,1,manufacturing line,1
schedule risk,1,detected can,1,documented safety,1,survival than,1,line changes,1
risk your,1,can autonomy,1,case hazard,1,true ga,1,changes spares,1
your mitigation,1,autonomy alter,1,hazard addendum,1,ga proposal,1,spares retrofit,1
plan can,1,alter behavior,1,addendum this,1,a because,1,retrofit logistics,1
be enforced,1,behavior early,1,can satisfy,1,because losing,1,logistics if,1
design or,1,early climb,1,satisfy investors,1,leads is,1,if months,1
t produce,1,climb reposition,1,investors if,1,a longer,1,months can,1
produce a,1,reposition transition,1,if structured,1,longer and,1,can become,1
case a,1,mode return,1,structured as,1,and riskier,1,become months,1
incident would,1,safe corridor,1,as signed,1,than months,1,your bridge,1
would materially,1,corridor instead,1,signed paid,1,months and,1,terms may,1
impair future,1,of waiting,1,deployments lois,1,it adds,1,may become,1
future financing,1,waiting for,1,lois revenue,1,adds safety,1,become lethal,1
financing the,1,for lock,1,revenue that,1,safety reputation,1,lethal the,1
now upside,1,loss containment,1,real not,1,reputation debt,1,bridge doesn,1
upside is,1,containment can,1,not aspirational,1,debt but,1,t remove,1
is outweighed,1,predictable landing,1,aspirational measurable,1,but the,1,remove your,1
outweighed by,1,footprint not,1,clear path,1,best move,1,your ability,1
by company,1,just it,1,to broad,1,avoid that,1,to win,1
company killing,1,lands somewhere,1,ga with,1,that binary,1,win later,1
killing event,1,somewhere slowly,1,revision non,1,binary by,1,later some,1
event risk,1,slowly if,1,negotiable no,1,by making,1,some bridges,1
risk the,1,t geofencing,1,no misleading,1,making launch,1,bridges come,1
right framing,1,a thin,1,misleading global,1,launch a,1,come with,1
framing for,1,thin layer,1,the actual,1,controlled defensible,1,with covenants,1
board investors,1,layer over,1,actual envelope,1,defensible commercial,1,covenants oversight,1
investors this,1,an uncontrolled,1,is narrow,1,commercial entry,1,oversight that,1
an expected,1,uncontrolled failure,1,narrow if,1,entry that,1,that force,1
value vs,1,mode the,1,go with,1,preserves both,1,force short,1
vs tail,1,the human,1,with proposal,1,both runway,1,short term,1
risk decision,1,human system,1,a anyway,1,and integrity,1,term decisions,1
decision not,1,is part,1,anyway make,1,integrity if,1,decisions that,1
not expensive,1,product losing,1,it defensible,1,you answer,1,that degrade,1
expensive money,1,existential technical,1,defensible or,1,answer these,1,degrade product,1
money bad,1,technical risk,1,or expect,1,these three,1,product quality,1
bad if,1,threat isn,1,expect compounding,1,three numbers,1,quality effectively,1
the ship,1,t feelings,1,compounding damage,1,numbers i,1,effectively turning,1
now option,1,feelings it,1,damage if,1,compute the,1,turning b,1
option carries,1,measurable capability,1,ship on,1,even point,1,b into,1
carries a,1,capability hit,1,time you,1,point and,1,later under,1
small but,1,hit they,1,should insist,1,and propose,1,under worse,1
but existential,1,they likely,1,a minimum,1,propose explicit,1,worse pressure,1
existential tail,1,likely hold,1,minimum defensibility,1,go thresholds,1,pressure the,1
risk safety,1,system mental,1,defensibility package,1,thresholds expected,1,the synthesis,1
safety reputation,1,mental model,1,package bounded,1,expected fleet,1,synthesis that,1
reputation regulatory,1,model integration,1,geofence explicit,1,fleet flights,1,that usually,1
regulatory the,1,integration knowledge,1,exclusions quantified,1,flights month,1,usually dominates,1
the rational,1,and credibility,1,quantified residual,1,month for,1,dominates in,1
rational move,1,credibility with,1,risk per,1,for first,1,practice controlled,1
move can,1,with regulators,1,per allowed,1,first days,1,launch option,1
be to,1,regulators customers,1,allowed environment,1,days estimated,1,c this,1
to accept,1,customers replacing,1,environment not,1,estimated phi,1,this resolves,1
accept painful,1,replacing them,1,rare customer,1,phi by,1,resolves the,1
painful money,1,just hiring,1,customer disclosure,1,by first,1,core tension,1
money what,1,hiring it,1,disclosure in,1,sites average,1,tension by,1
do immediately,1,s recreating,1,writing capability,1,average operational,1,by shrinking,1
immediately so,1,recreating tacit,1,capability limits,1,operational cost,1,shrinking the,1
so the,1,tacit knowledge,1,limits not,1,of one,1,envelope instead,1
decision is,1,and that,1,just beta,1,one unplanned,1,of pretending,1
defensible quantify,1,where months,1,beta telemetry,1,landing event,1,pretending either,1
quantify bridge,1,months slips,1,telemetry incident,1,event including,1,either risk,1
bridge survivability,1,slips come,1,response prove,1,including sla,1,risk doesn,1
survivability model,1,from so,1,prove you,1,a practical,1,t exist,1
model covenant,1,must decide,1,can detect,1,practical ready,1,exist option,1
covenant headroom,1,whether proposal,1,detect triage,1,ready standard,1,c in,1
headroom interest,1,be structured,1,triage and,1,engineering company,1,in one,1
interest burden,1,structured so,1,reduce events,1,company heavy,1,sentence launch,1
burden dilution,1,can honestly,1,events quickly,1,lift autonomous,1,time only,1
and probability,1,honestly say,1,quickly post,1,autonomous systems,1,classes where,1
of tripping,1,say we,1,post release,1,systems ready,1,demonstrate the,1
tripping terms,1,a defective,1,release governance,1,always relative,1,is excluded,1
terms under,1,defective product,1,governance shared,1,relative to,1,excluded or,1
under realistic,1,product we,1,shared release,1,a declared,1,or contained,1
realistic revenue,1,are shipping,1,release authority,1,ready in,1,contained while,1
revenue delays,1,a product,1,architect on,1,in general,1,while committing,1
delays if,1,product with,1,claims not,1,general you,1,committing publicly,1
slow liquidation,1,mitigations and,1,not on,1,are ready,1,publicly contractually,1
liquidation that,1,with transparent,1,on marketing,1,for specific,1,contractually to,1
a red,1,transparent constraints,1,marketing if,1,specific environments,1,remediation for,1
red flag,1,get there,1,if sales,1,environments emi,1,for full,1
flag get,1,there proposal,1,sales needs,1,emi levels,1,full industrial,1
case gate,1,a may,1,needs broad,1,levels weather,1,industrial envelope,1
gate if,1,may buy,1,claims that,1,weather gnss,1,envelope coverage,1
leadership won,1,buy money,1,that conflict,1,gnss quality,1,coverage what,1
sign that,1,money while,1,conflict with,1,quality structures,1,it looks,1
that a,1,while silently,1,with these,1,structures steel,1,like concretely,1
safe don,1,silently destroying,1,these constraints,1,steel density,1,concretely week,1
t force,1,years commercial,1,t phased,1,density offshore,1,week feasible,1
force a,1,commercial truth,1,phased it,1,deck motion,1,feasible version,1
to hit,1,and liability,1,s unbounded,1,motion missions,1,version define,1
hit financing,1,liability beta,1,unbounded if,1,missions payload,1,define launch,1
financing renegotiate,1,beta labeling,1,delay proposal,1,payload mass,1,launch qualified,1
definition ask,1,labeling doesn,1,b mitigate,1,mass range,1,environments not,1
ask if,1,t neutralize,1,mitigate financing,1,range routes,1,not global,1
if commercial,1,neutralize operational,1,financing damage,1,routes altitude,1,global in,1
launch can,1,operational contract,1,damage by,1,altitude bands,1,practice e,1
be satisfied,1,contract risk,1,redefining the,1,bands proximity,1,g logging,1
satisfied by,1,risk beta,1,milestone a,1,vehicles procedures,1,logging yards,1
by constrained,1,beta helps,1,delay may,1,procedures preflight,1,yards with,1
deployments paid,1,helps set,1,risk or,1,preflight checks,1,with verified,1
pilots revenue,1,set expectations,1,will lose,1,checks comms,1,verified low,1
revenue rather,1,expectations but,1,lose key,1,comms coverage,1,low interference,1
than broad,1,but industrial,1,engineers your,1,coverage supervision,1,interference specific,1
ga shop,1,industrial customers,1,your leverage,1,model recovery,1,areas after,1
shop alternatives,1,will still,1,leverage move,1,recovery plan,1,after survey,1
alternatives fast,1,still hold,1,to try,1,plan standard,1,survey certain,1
fast insider,1,hold you,1,milestone investors,1,cannot write,1,certain customer,1
bridge tranched,1,to contractual,1,accept such,1,write the,1,customer sites,1
tranched series,1,contractual uptime,1,shipments to,1,envelope unambiguously,1,sites only,1
strategic partner,1,uptime service,1,to validated,1,unambiguously and,1,qualification protocol,1
partner customer,1,service levels,1,validated sites,1,enforce it,1,protocol quick,1
customer prepayments,1,levels explicit,1,sites signed,1,operationally you,1,quick interference,1
prepayments venture,1,explicit or,1,signed purchase,1,ready safety,1,interference survey,1
debt with,1,or implied,1,purchase orders,1,case completeness,1,survey defined,1
with lighter,1,implied site,1,orders contingent,1,completeness not,1,defined flight,1
lighter covenants,1,safety requirements,1,rev shielding,1,not it,1,flight corridors,1
covenants or,1,and operating,1,shielding paid,1,it usually,1,corridors designated,1
a smaller,1,operating procedures,1,pilots with,1,usually works,1,landing loiter,1
burn reduction,1,procedures reputational,1,with defined,1,works standard,1,loiter areas,1
reduction document,1,reputational consequences,1,defined conversion,1,each credible,1,areas runtime,1
document the,1,consequences when,1,terms a,1,hazard you,1,nav health,1
the duty,1,it disrupts,1,rev timeline,1,a hazard,1,health gating,1
care process,1,disrupts production,1,timeline manufacturing,1,hazard analysis,1,gating minimum,1
process independent,1,production you,1,plan even,1,analysis fha,1,viable monitor,1
independent review,1,t need,1,loan remains,1,fha fta,1,monitor sensor,1
review options,1,crash to,1,remains this,1,fta fmea,1,sensor consistency,1
options considered,1,trigger a,1,can improve,1,fmea style,1,consistency innovation,1
considered risk,1,a crisis,1,terms or,1,style with,1,innovation residuals,1
risk analysis,1,crisis especially,1,or shorten,1,with severity,1,residuals if,1
analysis signed,1,especially offshore,1,duration a,1,severity likelihood,1,if degraded,1
signed minutes,1,offshore or,1,a fast,1,likelihood mitigations,1,degraded abort,1
minutes also,1,or in,1,fast decision,1,mitigations with,1,abort mission,1
also loop,1,in regulated,1,decision procedure,1,with independence,1,and rtb,1
loop in,1,regulated industrial,1,procedure what,1,independence where,1,if nav,1
in counsel,1,environments if,1,do in,1,where appropriate,1,integrity permits,1
counsel bottom,1,the narrative,1,next days,1,appropriate defense,1,permits otherwise,1
delay isn,1,narrative becomes,1,days engineering,1,depth verification,1,otherwise controlled,1
t reckless,1,becomes it,1,engineering hours,1,verification evidence,1,land only,1
reckless because,1,it unpredictably,1,hours determine,1,evidence for,1,inside approved,1
is predatory,1,unpredictably lands,1,whether interference,1,each mitigation,1,approved zones,1
predatory it,1,lands sales,1,is static,1,mitigation residual,1,zones hard,1
s reckless,1,sales momentum,1,static vs,1,risk explicitly,1,hard commercial,1
makes failure,1,momentum can,1,vs dynamic,1,explicitly accepted,1,commercial controls,1
failure likely,1,can invert,1,dynamic produce,1,accepted by,1,controls contracts,1
likely and,1,invert quickly,1,produce per,1,a named,1,sow explicitly,1
choosing it,1,third option,1,site incident,1,named authority,1,explicitly exclude,1
it without,1,option that,1,incident estimates,1,authority for,1,exclude non,1
safety signed,1,that often,1,estimates using,1,chimera specifically,1,non qualified,1
signed lower,1,often dominates,1,using expected,1,specifically momentary,1,qualified zones,1
risk path,1,dominates constrained,1,expected flight,1,momentary nav,1,zones training,1
path to,1,rev investor,1,flight profiles,1,loss in,1,training requires,1
milestone or,1,investor milestone,1,profiles identify,1,interference must,1,requires corridor,1
or better,1,milestone rewrite,1,identify any,1,must appear,1,zone setup,1
better financing,1,rewrite instead,1,any software,1,appear as,1,setup telemetry,1
options if,1,b consider,1,software only,1,a top,1,telemetry event,1
s key,1,consider option,1,only change,1,top level,1,event reporting,1
key terms,1,c keep,1,change that,1,level hazard,1,reporting required,1
rights warrants,1,the calendar,1,that reduces,1,hazard with,1,required governance,1
your runway,1,calendar but,1,reduces occurrence,1,documented mitigation,1,and transparency,1
burn i,1,but change,1,occurrence materially,1,mitigation story,1,transparency an,1
you sanity,1,the scope,1,materially even,1,story not,1,internal signed,1
s survivable,1,scope so,1,if not,1,an anecdote,1,signed launch,1
a trap,1,it remains,1,not eliminating,1,anecdote quantified,1,case customer,1
trap categorize,1,remains truthful,1,eliminating ops,1,quantified reliability,1,facing operating,1
on two,1,truthful safe,1,ops sales,1,targets mission,1,envelope statement,1
two axes,1,and engineer,1,sales hours,1,mission level,1,statement hardware,1
axes consequence,1,engineer supported,1,hours confirm,1,level not,1,still the,1
real operating,1,supported option,1,confirm which,1,not component,1,the plan,1
operating context,1,c recommended,1,which early,1,component level,1,date driven,1
context and,1,recommended if,1,envelope contractually,1,level ready,1,driven v1,1
and exposure,1,it pencils,1,contractually quantify,1,ready requires,1,v1 shielding,1
exposure adjusted,1,pencils out,1,quantify cost,1,requires numbers,1,retrofit commitment,1
adjusted likelihood,1,out launch,1,incident and,1,numbers tied,1,commitment for,1
likelihood not,1,launch on,1,their tolerance,1,to customer,1,units why,1
crash usually,1,time but,1,tolerance people,1,customer impact,1,this helps,1
usually means,1,only into,1,people hours,1,impact minimum,1,helps both,1
means it,1,defined low,1,hours get,1,minimum set,1,both existential,1
a catastrophic,1,interference operating,1,criteria from,1,set mission,1,existential risks,1
catastrophic loss,1,envelope explicitly,1,leads we,1,mission success,1,risks funding,1
of vehicle,1,explicitly exclude,1,sign if,1,success rate,1,funding you,1
vehicle event,1,exclude sectors,1,if x,1,rate within,1,can plausibly,1
event but,1,sectors sites,1,y z,1,and confidence,1,plausibly claim,1
hazard secondary,1,sites where,1,z if,1,bounds rate,1,claim commercial,1
secondary effects,1,where magnetic,1,t define,1,rate of,1,with paying,1
effects and,1,is expected,1,define signable,1,safety events,1,deployments and,1
is definitely,1,expected some,1,signable conditions,1,events forced,1,defensible risk,1
definitely an,1,some mining,1,conditions assume,1,landings hover,1,risk envelope,1
availability reliability,1,mining logging,1,assume resignation,1,descents per,1,envelope talent,1
reliability defect,1,logging offshore,1,real finance,1,flight hour,1,culture engineers,1
defect don,1,offshore profiles,1,finance board,1,hour or,1,can support,1
t label,1,profiles may,1,board days,1,per mission,1,support shipping,1
by mechanism,1,be excluded,1,days compare,1,mission dispatch,1,shipping if,1
mechanism safety,1,excluded at,1,compare three,1,reliability how,1,not knowingly,1
hover label,1,at first,1,three scenarios,1,how often,1,indefensible and,1
by outcome,1,first this,1,scenarios with,1,often it,1,and if,1
outcome create,1,not we,1,with probability,1,t launch,1,if there,1
create three,1,can do,1,probability weighting,1,or aborts,1,there s,1
three parallel,1,it but,1,weighting a,1,aborts mttr,1,non handwavy,1
parallel classifications,1,but please,1,a on,1,mttr recovery,1,handwavy plan,1
classifications a,1,please don,1,time attrition,1,time assumptions,1,to eliminate,1
safety risk,1,supported yet,1,attrition probability,1,assumptions validated,1,eliminate the,1
risk harm,1,yet convert,1,probability brand,1,validated in,1,defect how,1
harm potential,1,convert commercial,1,brand risk,1,in field,1,decide in,1
potential ask,1,into limited,1,terms c,1,field drills,1,hours so,1
ask can,1,with contracted,1,partial traction,1,drills standard,1,team stops,1
can an,1,contracted pilots,1,traction rev,1,t estimate,1,stops debating,1
uncommanded land,1,pilots revenue,1,rev plan,1,estimate event,1,debating abstractions,1
land descend,1,revenue documented,1,plan decision,1,customer scale,1,abstractions run,1
descend create,1,documented kpis,1,decision rule,1,scale with,1,run a,1
create harm,1,kpis this,1,rule you,1,with uncertainty,1,single decision,1
harm in,1,still satisfy,1,use without,1,uncertainty and,1,decision meeting,1
in any,1,satisfy many,1,pretending there,1,not below,1,meeting with,1
scenario if,1,many investors,1,s certainty,1,below an,1,with outputs,1
occur with,1,if framed,1,certainty choose,1,an agreed,1,outputs not,1
loads near,1,framed as,1,choose gated,1,agreed threshold,1,not opinions,1
near people,1,as de,1,launch option,1,threshold you,1,opinions produce,1
vehicles on,1,a slip,1,c modified,1,that use,1,a a,1
on decks,1,slip rewrite,1,modified a,1,use case,1,page hazard,1
decks slopes,1,rewrite the,1,if and,1,case known,1,hazard table,1
slopes water,1,milestone from,1,can simultaneously,1,known issue,1,table must,1
water or,1,from global,1,simultaneously bound,1,issue policy,1,be answered,1
or in,1,within envelope,1,bound residual,1,policy no,1,answered for,1
in traffic,1,envelope x,1,risk with,1,no unknown,1,each launch,1
traffic corridors,1,x contracted,1,defensible envelope,1,unknown severity,1,launch site,1
corridors treat,1,deployments y,1,envelope get,1,severity defects,1,can an,1
relevant even,1,y flight,1,get explicit,1,defects in,1,landing plausibly,1
s controlled,1,hours without,1,explicit customer,1,in production,1,plausibly cause,1
controlled if,1,without lock,1,of that,1,production use,1,cause injury,1
it always,1,supported conditions,1,envelope retain,1,use not,1,injury major,1
always occurs,1,conditions hard,1,retain key,1,not all,1,damage regulatory,1
occurs only,1,hard commit,1,engineers with,1,all bugs,1,regulatory reportable,1
only in,1,revision schedule,1,with real,1,bugs block,1,reportable incident,1
in sterile,1,schedule months,1,real sign,1,block launch,1,yes and,1
sterile controlled,1,months with,1,off authority,1,launch the,1,t exclude,1
controlled zones,1,with gated,1,authority on,1,the blocking,1,exclude contain,1
zones with,1,gated verification,1,claims if,1,blocking category,1,class is,1
with enforced,1,verification treat,1,those fail,1,is defects,1,eligible b,1
enforced constraints,1,it like,1,fail choose,1,defects with,1,for contained,1
design then,1,like an,1,choose delay,1,uncertain bounds,1,contained don,1
then it,1,an aviation,1,delay b,1,bounds or,1,t use,1
s primarily,1,aviation style,1,and aggressively,1,defects whose,1,the number,1
primarily not,1,style service,1,aggressively renegotiate,1,whose mitigation,1,number re,1
any harm,1,service bulletin,1,renegotiate what,1,mitigation depends,1,re test,1
harm scenario,1,bulletin rev,1,means for,1,perfect ops,1,test in,1
scenario is,1,rev a,1,for investors,1,ops behavior,1,in launch,1
credible classify,1,supported in,1,investors because,1,behavior or,1,eligible conditions,1
classify as,1,in envelope,1,because a,1,defects that,1,conditions after,1
hazardous latent,1,b expands,1,a technically,1,create uncontrolled,1,after mitigations,1
latent condition,1,expands envelope,1,technically shaky,1,uncontrolled outcomes,1,mitigations and,1
condition until,1,envelope add,1,shaky launch,1,outcomes including,1,require a,1
until proven,1,add a,1,triggers resignations,1,including uncontrolled,1,threshold engineering,1
proven bounded,1,a detection,1,resignations can,1,uncontrolled landings,1,engineering proposes,1
bounded b,1,detection and,1,be worse,1,in uncontrolled,1,proposes the,1
b mission,1,and degradation,1,a planned,1,uncontrolled locations,1,the point,1
mission operational,1,degradation software,1,planned delay,1,locations standard,1,point is,1
risk availability,1,software layer,1,credible integrity,1,standard a,1,is confidence,1
is unambiguously,1,layer even,1,integrity narrative,1,known defect,1,confidence that,1
unambiguously an,1,if hardware,1,narrative four,1,defect is,1,that customers,1
defect it,1,hardware is,1,four clarifying,1,only shippable,1,t immediately,1
missions and,1,is coming,1,clarifying questions,1,shippable if,1,immediately see,1
and disrupts,1,coming because,1,questions that,1,envelope excludes,1,see failures,1
disrupts site,1,because shielding,1,will materially,1,excludes triggering,1,failures c,1
site operations,1,shielding reduces,1,materially change,1,margin b,1,c architect,1
operations even,1,reduces probability,1,the recommendation,1,b the,1,conditions write,1
if safe,1,probability it,1,recommendation is,1,the exclusion,1,write them,1
safe it,1,it won,1,is interference,1,enforceable and,1,them ask,1
it drives,1,t eliminate,1,interference geographically,1,and c,1,architect under,1
drives missed,1,for robust,1,geographically stable,1,c the,1,under what,1
missed slas,1,robust detection,1,stable at,1,the residual,1,what launch,1
slas customer,1,detection logic,1,at target,1,is signed,1,scope controls,1
customer workflow,1,logic long,1,target sites,1,off verification,1,controls would,1
workflow disruption,1,term this,1,sites or,1,verification validation,1,would you,1
disruption recovery,1,this option,1,or driven,1,validation gate,1,the truthful,1
recovery labor,1,option only,1,by equipment,1,gate evidence,1,truthful answer,1
labor dispatch,1,only works,1,state time,1,evidence quality,1,is none,1
dispatch retrieval,1,works if,1,time what,1,quality matters,1,none you,1
retrieval re,1,if sales,1,what navigation,1,matters ready,1,re effectively,1
tasking c,1,sales accepts,1,navigation element,1,ready means,1,effectively choosing,1
c commercial,1,accepts narrower,1,element fails,1,means requirements,1,between delay,1
commercial reputation,1,narrower initial,1,fails magnetometer,1,requirements are,1,delay now,1
landing that,1,initial tam,1,magnetometer gating,1,are testable,1,now b,1
that strands,1,tam and,1,gating estimator,1,testable and,1,or ship,1
strands payloads,1,still make,1,estimator reset,1,and traced,1,likely lose,1
payloads or,1,financing story,1,reset yaw,1,traced to,1,lose core,1
or blocks,1,story credible,1,source gnss,1,to tests,1,capability often,1
blocks lanes,1,decide in,1,gnss coupling,1,tests traceability,1,than b,1
lanes can,1,next weeks,1,coupling for,1,traceability matrix,1,b d,1
major customer,1,weeks a,1,your first,1,matrix pass,1,d investor,1
customer incident,1,concrete decision,1,first launch,1,pass fail,1,investor milestone,1
incident convert,1,decision framework,1,launch customers,1,fail acceptance,1,milestone interpretation,1
convert in,1,framework step,1,and estimated,1,acceptance tests,1,interpretation immediately,1
zones into,1,step define,1,estimated p_hi,1,tests exist,1,board can,1
a decision,1,define two,1,p_hi what,1,exist for,1,can commercial,1
decision grade,1,two thresholds,1,what exactly,1,flight critical,1,launch be,1
grade likelihood,1,thresholds hours,1,exactly qualifies,1,critical behaviors,1,be defined,1
likelihood is,1,hours operational,1,qualifies as,1,behaviors regression,1,than all,1
only meaningful,1,disruption threshold,1,as successful,1,testing covers,1,all sectors,1
meaningful if,1,threshold e,1,successful commercial,1,mode class,1,sectors all,1
you normalize,1,g event,1,b docs,1,class not,1,all geographies,1
normalize it,1,event per,1,docs revenue,1,exact scenario,1,geographies if,1
your customers,1,environments or,1,revenue shipments,1,scenario independent,1,t move,1
customers exposure,1,or x,1,shipments signed,1,independent review,1,move you,1
exposure let,1,x disruption,1,deployments pr,1,review exists,1,to price,1
let p,1,hours per,1,pr announcement,1,exists for,1,price that,1
event in,1,month per,1,announcement if,1,flight safety,1,that rigidity,1
in interference,1,site team,1,concrete gated,1,critical changes,1,rigidity into,1
interference let,1,team integrity,1,definition deployment,1,changes not,1,decision my,1
let e,1,integrity threshold,1,envelope release,1,the author,1,my recommendation,1
e fraction,1,threshold architect,1,criteria disclosure,1,author approving,1,recommendation given,1
fraction of,1,signs off,1,s both,1,approving themselves,1,your constraints,1
flights or,1,off that,1,both operationally,1,themselves standard,1,constraints default,1
or flight,1,that shipped,1,operationally feasible,1,t reproduce,1,default recommendation,1
time that,1,shipped constraints,1,feasible and,1,reproduce instrument,1,recommendation option,1
that environment,1,constraints are,1,and aligned,1,regression test,1,launch hard,1
environment then,1,are technically,1,aligned with,1,case pathway,1,hard gating,1
then p,1,honest and,1,ethos a,1,pathway you,1,gating transparency,1
event per,1,enforceable if,1,practical engineering,1,ready to,1,transparency committed,1
per flight,1,meet both,1,standard for,1,scale beyond,1,remediation it,1
flight e,1,both you,1,for ready,1,beyond tightly,1,it best,1
e then,1,you shouldn,1,an autonomous,1,tightly controlled,1,best balances,1
then translate,1,shouldn t,1,autonomous heavy,1,pilots operational,1,balances near,1
translate to,1,broadly step,1,lift system,1,operational readiness,1,term financing,1
to fleet,1,step rapid,1,system ready,1,readiness because,1,financing safety,1
fleet ops,1,rapid evidence,1,ready is,1,because safe,1,safety defensibility,1
ops expected,1,evidence sprint,1,a vibe,1,safe tech,1,defensibility and,1
expected events,1,sprint days,1,vibe or,1,tech can,1,and retaining,1
day flights,1,days run,1,a date,1,be unsafe,1,retaining the,1
day e,1,run targeted,1,date it,1,unsafe in,1,core engineering,1
e even,1,tests to,1,the point,1,field for,1,engineering team,1
with modest,1,answer can,1,point where,1,for autonomous,1,team exception,1
modest volume,1,you predict,1,bounded claim,1,autonomous industrial,1,exception if,1
volume this,1,predict lock,1,claim what,1,industrial aircraft,1,if high,1
this can,1,loss n,1,will do,1,aircraft ready,1,conditions are,1
become frequent,1,n seconds,1,do where,1,ready includes,1,common unknowable,1
frequent example,1,seconds before,1,where under,1,includes telemetry,1,unknowable in,1
example flights,1,before it,1,under what,1,monitoring and,1,in your,1
day across,1,it occurs,1,what conditions,1,and alerting,1,your early,1
across early,1,occurs can,1,conditions and,1,alerting incident,1,early customer,1
early customers,1,you avoid,1,have objective,1,response playbooks,1,customer environments,1
customers e,1,avoid lock,1,objective evidence,1,playbooks on,1,offshore often,1
e events,1,loss with,1,it meets,1,call ownership,1,often are,1
day every,1,with behavior,1,meets that,1,ownership and,1,are and,1
every days,1,behavior changes,1,that claim,1,comms templates,1,cannot reliably,1
days that,1,changes altitude,1,claim with,1,templates spares,1,reliably detect,1
a rare,1,altitude heading,1,with acceptable,1,spares maintenance,1,detect contain,1
rare edge,1,heading speed,1,acceptable residual,1,maintenance intervals,1,contain then,1
case operationally,1,speed corridor,1,can operate,1,intervals and,1,then choose,1
operationally severity,1,corridor return,1,operate support,1,and field,1,choose b,1
severity depends,1,return can,1,support it,1,field repair,1,b because,1
system does,1,you bound,1,world a,1,repair procedures,1,that reality,1
does during,1,bound landing,1,a good,1,procedures training,1,reality will,1
during the,1,footprint and,1,good internal,1,training for,1,likely create,1
event to,1,and guarantee,1,internal definition,1,for customer,1,create fast,1
to place,1,guarantee comms,1,definition ready,1,customer operators,1,fast customer,1
place it,1,comms recovery,1,ready verified,1,operators clear,1,failures trigger,1
a standard,1,recovery procedure,1,verified performance,1,clear stop,1,trigger resignations,1
standard risk,1,procedure what,1,performance bounded,1,stop operations,1,resignations and,1
matrix you,1,the false,1,risk truthful,1,operations if,1,end in,1
need two,1,false positive,1,claims operational,1,if x,1,delay just,1
two specifics,1,positive rate,1,operational supportability,1,x rules,1,just with,1
specifics lateral,1,rate unnecessary,1,supportability all,1,rules standard,1,with more,1
control during,1,unnecessary mission,1,all within,1,if an,1,more damage,1
loss any,1,aborts since,1,envelope signed,1,event happens,1,damage five,1
any drift,1,since that,1,signed off,1,happens tomorrow,1,five clarifiers,1
drift landing,1,that also,1,off by,1,tomorrow at,1,clarifiers that,1
landing site,1,also disrupts,1,by accountable,1,site you,1,that determine,1
site certainty,1,disrupts operations,1,accountable owners,1,can contain,1,determine whether,1
certainty does,1,operations deliverable,1,owners define,1,contain it,1,whether c,1
does it,1,deliverable a,1,define ready,1,operationally without,1,c is,1
it choose,1,short engineering,1,ready as,1,without improvisation,1,truly viable,1
safe zone,1,engineering memo,1,an envelope,1,improvisation manufacturing,1,viable when,1
zone or,1,memo with,1,envelope not,1,manufacturing readiness,1,event happens,1
or wherever,1,with plots,1,binary make,1,to deliver,1,happens can,1
is if,1,plots innovation,1,make readiness,1,deliver repeatably,1,can the,1
s drift,1,estimator health,1,readiness explicit,1,repeatably configuration,1,system rtb,1
or uncontrolled,1,health metrics,1,explicit as,1,configuration management,1,zone or,1
uncontrolled landing,1,metrics and,1,as mission,1,management hardware,1,or is,1
landing location,1,and pass,1,mission environment,1,hardware software,1,is land,1
location many,1,fail vs,1,environment payload,1,software versions,1,only safe,1
many orgs,1,vs thresholds,1,payload procedures,1,versions supplier,1,safe behavior,1
orgs rate,1,thresholds step,1,procedures example,1,supplier quality,1,interference primarily,1
consequence as,1,step commercial,1,example envelope,1,quality and,1,primarily corrupting,1
as at,1,commercial containment,1,envelope dimensions,1,and incoming,1,corrupting magnetometer,1
least major,1,containment plan,1,dimensions tailor,1,incoming inspection,1,heading or,1
major in,1,plan in,1,tailor to,1,inspection end,1,or does,1
industrial environments,1,parallel if,1,chimera environment,1,end of,1,does it,1
environments even,1,envelope update,1,environment emi,1,of line,1,it destabilize,1
if vehicle,1,update contracts,1,emi level,1,line test,1,destabilize the,1
vehicle remains,1,contracts sow,1,level wind,1,that catches,1,the full,1
remains intact,1,sow to,1,wind precip,1,catches critical,1,full state,1
intact practical,1,to reflect,1,precip temperature,1,critical variation,1,state estimate,1
practical categorization,1,reflect supported,1,temperature gnss,1,variation including,1,estimate imu,1
categorization you,1,environments site,1,gnss availability,1,including shielding,1,imu gnss,1
use internally,1,survey requirements,1,availability lighting,1,shielding emi,1,gnss fusion,1
internally unless,1,playbooks what,1,lighting if,1,emi related,1,fusion can,1
prove tight,1,happens on,1,if vision,1,related checks,1,can you,1
tight bounds,1,on safety,1,vision offshore,1,checks if,1,you measure,1
bounds categorize,1,descend require,1,offshore motion,1,if relevant,1,measure a,1
relevant availability,1,deployment interference,1,motion mission,1,relevant service,1,a reliable,1
defect not,1,survey even,1,mission route,1,service bulletins,1,reliable online,1
not nuisance,1,a lightweight,1,route types,1,bulletins and,1,online nav,1
nuisance because,1,lightweight one,1,types hover,1,and update,1,metric that,1
creates an,1,one as,1,hover time,1,update mechanism,1,that correlates,1
uncommanded state,1,of onboarding,1,time precision,1,mechanism standard,1,correlates with,1
state transition,1,onboarding put,1,precision placement,1,t build,1,event what,1
transition mission,1,in telemetry,1,placement proximity,1,build the,1,exactly is,1
abort descent,1,review commitments,1,proximity to,1,same aircraft,1,language revenue,1
descent whose,1,commitments so,1,to infrastructure,1,aircraft twice,1,revenue number,1
whose safety,1,so customers,1,infrastructure people,1,twice and,1,sites global,1
on context,1,customers see,1,people payload,1,and get,1,launch pr,1
context if,1,see seriousness,1,payload mass,1,same safety,1,pr what,1
can enforce,1,seriousness not,1,mass cg,1,reliability behavior,1,are expected,1
enforce envelope,1,not handwaving,1,cg limits,1,behavior you,1,expected sortie,1
envelope constraints,1,handwaving step,1,limits rigging,1,ga governance,1,sortie volumes,1
design no,1,step investor,1,rigging types,1,governance explicit,1,volumes per,1
no load,1,narrative and,1,types procedures,1,explicit sign,1,customer in,1
load modes,1,and financing,1,procedures site,1,off and,1,in month,1
modes sterile,1,financing tactics,1,survey requirements,1,and veto,1,month if,1
sterile corridors,1,tactics start,1,requirements landing,1,rights ready,1,you answer,1
corridors certified,1,start now,1,constraints operator,1,decision with,1,answer these,1
certified landing,1,avoid brutal,1,intervention rules,1,with accountable,1,these i,1
pads dynamic,1,brutal bridge,1,cannot defend,1,accountable signatures,1,can propose,1
detection then,1,bridge by,1,defend reliability,1,signatures responsible,1,specific launch,1
can downgrade,1,by changing,1,environments then,1,authority systems,1,classes acceptance,1
downgrade the,1,changing what,1,envelope regardless,1,systems safety,1,acceptance test,1
safety portion,1,what success,1,of overall,1,safety flight,1,test size,1
portion and,1,success this,1,overall safety,1,test lead,1,size go,1
as availability,1,quarter means,1,safety behavior,1,lead manufacturing,1,go no,1
availability sla,1,means present,1,behavior minimum,1,manufacturing quality,1,go thresholds,1
sla defect,1,present a,1,minimum ready,1,quality lead,1,minimum technical,1
defect with,1,risk managed,1,ready gates,1,lead ops,1,technical controls,1
bounded safety,1,managed launch,1,gates what,1,support lead,1,controls needed,1
safety impact,1,launch limited,1,true before,1,lead executive,1,make option,1
impact what,1,availability contracted,1,call anything,1,executive owner,1,c defensible,1
what done,1,deployments verified,1,anything commercial,1,owner you,1,defensible a,1
done looks,1,kpis offer,1,commercial gate,1,you ceo,1,practical engineering,1
looks like,1,offer investors,1,gate a,1,ceo standard,1,engineering standard,1
like for,1,credible month,1,is complete,1,standard no,1,standard for,1
for this,1,month envelope,1,complete and,1,no launch,1,for ready,1
this classification,1,expansion tied,1,and signed,1,that materially,1,for chimera,1
classification to,1,revision if,1,signed documented,1,materially expands,1,chimera class,1
to legitimately,1,if needed,1,documented hazard,1,without safety,1,class systems,1
legitimately call,1,needed propose,1,analysis fmea,1,not culturally,1,systems ready,1
nuisance you,1,a smaller,1,fmea fta,1,culturally true,1,ready is,1
should be,1,smaller interim,1,fta stpa,1,safety first,1,a feeling,1
show it,1,interim tranche,1,stpa pick,1,first company,1,feeling it,1
cannot occur,1,tranche with,1,pick one,1,simple usable,1,a claim,1
occur during,1,less dilution,1,one coherent,1,usable definition,1,claim you,1
during suspended,1,dilution tied,1,coherent method,1,can adopt,1,defend a,1
suspended load,1,to those,1,method and,1,adopt internally,1,a good,1
load ops,1,those kpis,1,and execute,1,internally chimera,1,good definition,1
ops or,1,kpis you,1,execute it,1,chimera is,1,definition is,1
or those,1,re effectively,1,it clear,1,a given,1,is chimera,1
those ops,1,effectively selling,1,clear mitigations,1,given commercial,1,is ready,1
ops are,1,selling de,1,mitigations and,1,release when,1,ready when,1
are blocked,1,not hype,1,and residual,1,when we,1,can state,1
blocked it,1,hype where,1,statement evidence,1,can state,1,state an,1
cannot descend,1,where i,1,that safety,1,enforce the,1,explicit operating,1
descend outside,1,d land,1,safety functions,1,envelope demonstrate,1,and back,1
outside predefined,1,land given,1,functions behave,1,demonstrate through,1,a hazards,1
landing volumes,1,facts with,1,behave as,1,through traceable,1,hazards are,1
volumes or,1,with one,1,as intended,1,traceable test,1,controlled to,1
the route,1,one key,1,intended including,1,evidence that,1,to an,1
route design,1,key condition,1,including degraded,1,that hazards,1,acceptable level,1
design makes,1,condition i,1,degraded modes,1,hazards are,1,level b,1
makes that,1,not do,1,modes explicit,1,are mitigated,1,b mission,1
that true,1,do proposal,1,explicit no,1,mitigated and,1,success reliability,1
is detected,1,as stated,1,conditions when,1,reliability meets,1,reliability meets,1
detected managed,1,stated ship,1,system must,1,meets targets,1,meets targets,1
managed predictably,1,broadly geofence,1,must refuse,1,targets within,1,targets in,1
predictably telemetry,1,geofence call,1,refuse mission,1,envelope operate,1,c we,1
telemetry alarms,1,it beta,1,mission auto,1,operate and,1,can operate,1
alarms procedure,1,beta if,1,auto abort,1,and support,1,operate support,1
procedure expected,1,architect genuinely,1,abort red,1,support the,1,and continuously,1
expected event,1,genuinely believes,1,t write,1,system predictably,1,continuously improve,1
rate at,1,believes it,1,write a,1,predictably in,1,improve the,1
at target,1,s knowingly,1,a truthful,1,field and,1,system without,1
sites is,1,defective because,1,truthful residual,1,and manufacture,1,without heroics,1
low enough,1,because that,1,statement you,1,manufacture configure,1,heroics this,1
enough to,1,that combination,1,ready gate,1,configure it,1,this avoids,1
meet a,1,combination is,1,gate b,1,it repeatably,1,avoids the,1
stated sla,1,you lose,1,b reliability,1,repeatably signed,1,the trap,1
sla if,1,still risk,1,slos are,1,by named,1,trap of,1
me whether,1,risk reputational,1,met in,1,technical and,1,of arguing,1
you ever,1,damage i,1,the claimed,1,operational authorities,1,arguing ship,1
ever fly,1,would also,1,claimed envelope,1,authorities if,1,ship vs,1
fly suspended,1,also avoid,1,envelope pick,1,want i,1,vs don,1
loads whether,1,a full,1,pick a,1,turn this,1,and instead,1
whether there,1,full stop,1,service level,1,this into,1,instead forces,1
s any,1,stop delay,1,level objectives,1,page release,1,forces ship,1
and typical,1,a truthful,1,objectives that,1,release readiness,1,s ready,1
typical exposure,1,truthful bounded,1,match customer,1,readiness gate,1,ready don,1
exposure e,1,bounded release,1,customer pain,1,gate template,1,it isn,1
e at,1,still satisfies,1,pain mission,1,template with,1,the release,1
at early,1,satisfies financing,1,rate rate,1,with checkboxes,1,release gates,1
early sites,1,financing milestones,1,per flight,1,checkboxes required,1,gates what,1
sites i,1,milestones so,1,flight hour,1,required artifacts,1,true to,1
suggest an,1,decision hinges,1,hour dispatch,1,artifacts and,1,to call,1
an appropriate,1,hinges on,1,reliability start,1,and suggested,1,ready gate,1
appropriate severity,1,on one,1,start to,1,suggested numeric,1,off non,1
likelihood bucket,1,one condition,1,launch success,1,numeric thresholds,1,negotiable for,1
bucket for,1,condition can,1,success mean,1,thresholds for,1,lift autonomy,1
your risk,1,issue rare,1,mean time,1,for forced,1,autonomy you,1
matrix with,1,rare predictable,1,time between,1,descents based,1,case that,1
with what,1,predictable and,1,between operationally,1,on your,1,includes hazard,1
shared the,1,disruptive validated,1,operationally disruptive,1,your mission,1,hazard analysis,1
balance tilts,1,validated by,1,disruptive events,1,profiles no,1,analysis fmea,1
tilts against,1,by targeted,1,events mtbode,1,not by,1,fmea fta,1
against proposal,1,tests and,1,mtbode then,1,by itself,1,fta stpa,1
stated unless,1,get architect,1,then require,1,itself predatory,1,stpa pick,1
loan is,1,off on,1,require measured,1,delay dangerous,1,pick one,1
is so,1,on that,1,measured performance,1,dangerous but,1,one primary,1
so punitive,1,that truthfulness,1,performance on,1,but reckless,1,primary but,1
punitive that,1,truthfulness if,1,sites confidence,1,reckless depends,1,but be,1
that it,1,yes execute,1,confidence bounds,1,the loan,1,be consistent,1
creates a,1,execute option,1,bounds not,1,loan meaningfully,1,consistent severity,1
anyway why,1,c constrained,1,not perfection,1,meaningfully increases,1,likelihood assessment,1
balance leans,1,no take,1,perfection just,1,increases the,1,assessment and,1
leans that,1,take proposal,1,just statistically,1,the probability,1,defined acceptable,1
that way,1,proposal b,1,statistically honest,1,ending outcome,1,acceptable thresholds,1
way talent,1,and fight,1,honest for,1,outcome versus,1,thresholds mitigations,1
loss here,1,fight the,1,your ghost,1,versus shipping,1,mitigations design,1
here isn,1,financing battle,1,case you,1,now and,1,design operational,1
a people,1,battle with,1,slo like,1,credible mitigations,1,operational mapped,1
people problem,1,technical case,1,like uncommanded,1,mitigations alternatives,1,mapped to,1
problem it,1,customer commitments,1,uncommanded safety,1,alternatives what,1,to each,1
product survival,1,commitments because,1,land x,1,what reckless,1,each hazard,1
survival problem,1,because shipping,1,flights within,1,reckless means,1,hazard verification,1
problem if,1,shipping an,1,supported emi,1,means here,1,verification evidence,1
your chief,1,an uncontrollable,1,envelope gate,1,here a,1,evidence for,1
leads exit,1,uncontrollable failure,1,gate c,1,a useful,1,each mitigation,1
exit you,1,mode will,1,c deterministic,1,useful definition,1,mitigation residual,1
just eating,1,will often,1,deterministic known,1,definition delay,1,risk explicitly,1
eating recruiting,1,often cost,1,known limits,1,becomes reckless,1,explicitly accepted,1
recruiting costs,1,cost more,1,and truthful,1,it raises,1,accepted by,1
costs you,1,than dilution,1,truthful external,1,failure default,1,by named,1
re very,1,dilution just,1,claims marketing,1,default covenant,1,named owners,1
very likely,1,just on,1,marketing contracts,1,breach forced,1,owners engineering,1
likely buying,1,a slower,1,and sales,1,sale team,1,engineering exec,1
buying a,1,slower fuse,1,sales scripts,1,team collapse,1,exec definition,1
slip on,1,fuse immediate,1,scripts match,1,collapse more,1,of ready,1
on exactly,1,next meeting,1,the data,1,than shipping,1,ready here,1
exactly the,1,meeting agenda,1,data beta,1,shipping raises,1,here your,1
autonomy hardening,1,agenda so,1,beta is,1,failure customer,1,equivalent can,1
hardening work,1,so this,1,a substitute,1,grounding liability,1,envelope without,1
work investors,1,this doesn,1,substitute for,1,liability event,1,without caveats,1
investors customers,1,t stay,1,for specificity,1,event reputational,1,caveats that,1
customers care,1,stay abstract,1,specificity customers,1,reputational kill,1,that amount,1
care about,1,abstract in,1,customers must,1,kill key,1,amount to,1
about degraded,1,single minute,1,must know,1,key talent,1,to we,1
degraded safety,1,minute decision,1,know what,1,loss so,1,we hope,1
culture decision,1,decision meeting,1,what is,1,right question,1,hope gate,1
decision quality,1,meeting drive,1,is excluded,1,is which,1,thresholds quantified,1
quality harder,1,drive to,1,excluded customer,1,which path,1,quantified with,1
harder to,1,to artifacts,1,and slas,1,path has,1,with confidence,1
to quantify,1,artifacts engineering,1,slas align,1,has the,1,confidence you,1
quantify but,1,engineering presents,1,align to,1,the lower,1,you set,1
but real,1,presents measured,1,actually meet,1,lower probability,1,set measurable,1
real a,1,rate by,1,meet red,1,ruin not,1,measurable criteria,1
a higher,1,environment earliest,1,if closing,1,not which,1,and meet,1
higher chance,1,earliest detectable,1,closing deals,1,which feels,1,meet them,1
serious field,1,detectable precursor,1,deals requires,1,feels cleaner,1,them with,1
incident later,1,precursor mitigation,1,requires implying,1,cleaner why,1,with test,1
later because,1,mitigation effectiveness,1,implying capability,1,why predatory,1,test data,1
the org,1,effectiveness sales,1,capability outside,1,existential and,1,data mission,1
org is,1,sales presents,1,the verified,1,that quickly,1,success rate,1
is weaker,1,presents top,1,verified envelope,1,quickly bridge,1,envelope e,1
weaker a,1,top launch,1,ready you,1,bridge loans,1,g successful,1
a materially,1,launch customers,1,re mis,1,loans kill,1,successful delivery,1
materially worse,1,customers mapped,1,mis selling,1,kill startups,1,delivery cycles,1
worse series,1,mapped to,1,selling gate,1,startups less,1,cycles total,1
b or,1,to interference,1,gate d,1,less by,1,total rate,1
or no,1,likelihood cost,1,d operational,1,by interest,1,rate of,1
no series,1,disruption willingness,1,operational readiness,1,interest rate,1,safety events,1
b when,1,accept constrained,1,readiness because,1,rate and,1,events e,1
when you,1,envelope cto,1,because autonomy,1,and more,1,g uncommanded,1
you eventually,1,you proposes,1,autonomy failures,1,more by,1,landing abort,1
eventually come,1,proposes pass,1,failures become,1,by control,1,abort per,1
come back,1,fail thresholds,1,become ops,1,and fragility,1,per flight,1
to market,1,thresholds launch,1,ops problems,1,fragility short,1,hour distribution,1
market in,1,scope options,1,problems site,1,hard covenants,1,distribution of,1
in expected,1,options a,1,qualification process,1,covenants cash,1,of failures,1
value terms,1,a two,1,process survey,1,cash minimums,1,failures not,1
terms a,1,two track,1,survey mapping,1,minimums revenue,1,just average,1
slip often,1,track plan,1,mapping emi,1,revenue milestones,1,average tail,1
often costs,1,plan software,1,emi check,1,milestones delivery,1,tail events,1
costs roughly,1,software containment,1,check comms,1,delivery dates,1,events matter,1
roughly burn,1,containment now,1,comms check,1,dates technical,1,matter confidence,1
burn lost,1,now hardware,1,check runbooks,1,technical delay,1,confidence enough,1
lost revenue,1,hardware expansion,1,for incidents,1,delay turns,1,enough trials,1
revenue valuation,1,expansion next,1,incidents including,1,turns into,1,trials flight,1
valuation haircut,1,next end,1,including safe,1,into immediate,1,to bound,1
haircut even,1,end with,1,land retrieval,1,immediate default,1,rate credibly,1
even at,1,written decision,1,retrieval telemetry,1,default security,1,credibly engineering,1
at modest,1,decision launch,1,telemetry alerting,1,security priority,1,engineering chooses,1
modest burn,1,scope constraints,1,alerting and,1,priority lien,1,chooses the,1
burn that,1,constraints owner,1,call coverage,1,on assets,1,the method,1
can rival,1,owner dates,1,coverage spares,1,assets ip,1,method but,1
rival or,1,dates and,1,spares maintenance,1,ip removes,1,it must,1
or exceed,1,the one,1,maintenance intervals,1,removes flexibility,1,explicit key,1
exceed the,1,one sentence,1,intervals calibration,1,flexibility for,1,key standard,1
the economic,1,sentence truth,1,calibration procedures,1,for future,1,standard if,1
economic pain,1,truth you,1,procedures remote,1,future financing,1,is customer,1
pain of,1,ll tell,1,remote update,1,financing step,1,visible you,1
a bad,1,tell customers,1,update rollback,1,step ups,1,to show,1
bad bridge,1,share a,1,rollback plan,1,ups fees,1,show it,1
bridge when,1,a expected,1,plan with,1,fees warrants,1,rare enough,1
when the,1,expected early,1,with staged,1,warrants mfn,1,enough in,1
makes delay,1,early customer,1,staged rollout,1,mfn clauses,1,the target,1
delay the,1,customer flight,1,rollout gate,1,clauses makes,1,target envelope,1
the wrong,1,volume b,1,gate e,1,makes the,1,that early,1
wrong call,1,b whether,1,e manufacturing,1,harder or,1,reliably encounter,1
call delay,1,whether interference,1,manufacturing configuration,1,or forces,1,encounter it,1
becomes the,1,be surveyed,1,configuration control,1,a down,1,it during,1
the worse,1,surveyed reliably,1,control especially,1,round board,1,initial adoption,1
worse option,1,reliably at,1,rev is,1,board observer,1,adoption gate,1
option if,1,at sites,1,is pending,1,observer rights,1,c containment,1
effectively a,1,sites and,1,pending exact,1,rights vetoes,1,and detectability,1
spiral e,1,c what,1,exact bom,1,vetoes slows,1,detectability fail,1
g covenants,1,what global,1,bom and,1,slows decisions,1,fail safely,1
re likely,1,launch legally,1,configuration baselines,1,decisions and,1,and know,1
to breach,1,legally contractually,1,baselines so,1,can trigger,1,know when,1
breach minimum,1,you press,1,so what,1,trigger death,1,when you,1
minimum cash,1,vs signed,1,what was,1,death by,1,re degraded,1
cash delivery,1,deployments and,1,was flying,1,by oversight,1,degraded for,1
delivery milestones,1,you choose,1,flying is,1,oversight mandatory,1,each major,1
milestones revenue,1,choose concrete,1,is answerable,1,mandatory weekly,1,major fault,1
revenue triggers,1,concrete thresholds,1,answerable traceability,1,weekly reporting,1,fault class,1
triggers control,1,thresholds and,1,traceability from,1,reporting approval,1,we detect,1
can force,1,scope that,1,from flight,1,approval gates,1,it reliably,1
force strategy,1,s defensible,1,flight logs,1,gates increases,1,reliably health,1
strategy changes,1,defensible to,1,logs to,1,increases execution,1,health integrity,1
changes layoffs,1,to both,1,to hardware,1,execution drag,1,we contain,1
layoffs or,1,both engineers,1,hardware software,1,drag exactly,1,safe state,1
or asset,1,practical engineering,1,software versions,1,exactly when,1,state not,1
asset sales,1,engineering standard,1,versions clear,1,need speed,1,just safe,1
sales repayment,1,standard for,1,clear retrofit,1,speed fast,1,in theory,1
repayment interest,1,for ready,1,a hardware,1,fast test,1,theory but,1
interest that,1,an engineering,1,hardware change,1,test build,1,but safe,1
s incompatible,1,company shipping,1,change is,1,a week,1,the operational,1
incompatible with,1,shipping autonomy,1,is coming,1,week cash,1,operational context,1
with your,1,autonomy into,1,coming levels,1,cash flow,1,context do,1
your post,1,into industrial,1,levels of,1,flow with,1,do we,1
post delay,1,environments ready,1,of readiness,1,with worst,1,we have,1
delay cashflows,1,not no,1,readiness use,1,case timing,1,have clear,1
cashflows if,1,no known,1,use these,1,timing slips,1,clear operator,1
the probability,1,known bugs,1,these to,1,slips supplier,1,operator site,1
failure under,1,bugs and,1,to stop,1,lead times,1,procedures that,1
under the,1,the average,1,stop arguing,1,times certification,1,make containment,1
is high,1,average case,1,arguing semantics,1,certification retest,1,containment practical,1
high then,1,case it,1,semantics define,1,retest if,1,practical ready,1
may need,1,verified monitored,1,define internal,1,if there,1,ready requires,1
it practical,1,monitored system,1,internal release,1,s any,1,requires that,1
conclusion right,1,that meets,1,release categories,1,any plausible,1,that known,1
right now,1,meets specified,1,categories with,1,plausible scenario,1,known edge,1
now if,1,specified requirements,1,with non,1,scenario where,1,edge cases,1
credible likelihood,1,requirements inside,1,negotiable rules,1,you trip,1,cases have,1
likelihood and,1,a documented,1,rules pilot,1,trip covenants,1,have either,1
and truly,1,documented safety,1,eap early,1,covenants before,1,either elimination,1
truly implies,1,operational controls,1,program learning,1,ships the,1,elimination or,1
implies a,1,controls such,1,learning focused,1,not life,1,or robust,1
hit then,1,that residual,1,focused explicitly,1,life support,1,robust detection,1
then shipping,1,is accepted,1,explicitly experimental,1,support it,1,containment envelope,1
shipping broadly,1,accepted measurable,1,experimental no,1,a countdown,1,restriction that,1
beta geofence,1,measurable and,1,no broad,1,countdown timer,1,is enforceable,1
geofence plan,1,and improvable,1,claims tight,1,timer why,1,enforceable gate,1
is economically,1,improvable that,1,tight customer,1,why shipping,1,d manufacturing,1
economically and,1,that standard,1,customer selection,1,shipping can,1,manufacturing and,1
operationally more,1,standard has,1,selection engineering,1,can also,1,quality readiness,1
more dangerous,1,has three,1,engineering on,1,reckless even,1,readiness repeatability,1
dangerous than,1,three pillars,1,call limited,1,crash launching,1,repeatability controlled,1
than taking,1,pillars truthfulness,1,availability la,1,launching broadly,1,controlled bom,1
taking a,1,truthfulness of,1,la commercial,1,known lock,1,bom traceable,1
a painful,1,of claims,1,commercial but,1,loss mode,1,traceable revisions,1
painful financing,1,claims evidence,1,only inside,1,existential via,1,revisions supplier,1
financing hit,1,of performance,1,inside a,1,via fleet,1,supplier quality,1
hit only,1,performance safety,1,a strict,1,grounding by,1,quality plan,1
only choose,1,safety and,1,envelope strong,1,by customers,1,plan incoming,1
a if,1,and readiness,1,strong gating,1,customers after,1,incoming inspection,1
team signed,1,readiness to,1,gating site,1,anomalies contractual,1,inspection criteria,1
case constrained,1,operate support,1,qualification required,1,contractual penalties,1,criteria for,1
constrained operating,1,support over,1,required general,1,penalties sla,1,for critical,1
envelope clear,1,over time,1,availability ga,1,sla failures,1,critical components,1
clear hardware,1,time truth,1,ga commercial,1,failures insurer,1,components like,1
hardening plan,1,we claim,1,commercial across,1,insurer regulator,1,like shielding,1
terms likely,1,claim must,1,across the,1,regulator attention,1,shielding sensors,1
likely kill,1,be precise,1,intended mainstream,1,attention brand,1,sensors end,1
company the,1,precise bounded,1,mainstream envelope,1,brand contamination,1,end of,1
the move,1,bounded and,1,envelope exclusions,1,contamination at,1,of line,1
move that,1,enforceable ready,1,exclusions are,1,at first,1,line test,1
that usually,1,requires a,1,are rare,1,first impression,1,test coverage,1
usually dominates,1,a locked,1,rare and,1,impression and,1,coverage that,1
dominates both,1,locked claims,1,and clearly,1,leads your,1,that catches,1
both try,1,envelope document,1,clearly documented,1,stated month,1,catches regressions,1
release site,1,document payload,1,documented this,1,month setback,1,regressions reliability,1
qualified deployments,1,payload wind,1,this lets,1,setback is,1,reliability screening,1
deployments enforced,1,wind temperature,1,lets you,1,company level,1,screening where,1
envelope service,1,temperature emi,1,say we,1,a team,1,where appropriate,1
ops telemetry,1,magnetic environment,1,can launch,1,team level,1,appropriate standard,1
incident gates,1,class comms,1,launch la,1,level inconvenience,1,standard you,1
gates while,1,comms assumptions,1,la this,1,inconvenience if,1,can build,1
fix but,1,assumptions gnss,1,quarter without,1,if shipping,1,build units,1
leadership will,1,gnss assumptions,1,pretending it,1,shipping triggers,1,units that,1
case that,1,assumptions geo,1,s ga,1,a talent,1,that behave,1
s the,1,geo altitude,1,ga the,1,talent exodus,1,behave like,1
the cleanest,1,altitude constraints,1,the governance,1,exodus the,1,like your,1
cleanest way,1,constraints takeoff,1,governance standard,1,the on,1,test units,1
avoid both,1,takeoff landing,1,standard who,1,become the,1,units repeatedly,1
both predatory,1,landing constraints,1,who must,1,the longer,1,repeatedly gate,1
predatory capital,1,constraints etc,1,no a,1,longer delay,1,e operability,1
capital and,1,etc every,1,a mature,1,delay just,1,operability support,1
key attrition,1,every limitation,1,mature ready,1,worse trust,1,support telemetry,1
attrition if,1,limitation is,1,ready standard,1,and fewer,1,telemetry and,1
share a,1,is one,1,standard includes,1,fewer people,1,rollback onboard,1
a monthly,1,of prevented,1,includes decision,1,people to,1,onboard logging,1
burn runway,1,prevented by,1,decision rights,1,to fix,1,logging telemetry,1
runway and,1,design or,1,rights engineering,1,fix it,1,telemetry sufficient,1
covenants warrants,1,or detected,1,engineering owns,1,it the,1,diagnose incidents,1
dilution control,1,detected mitigated,1,owns safety,1,practical synthesis,1,incidents a,1
rights i,1,mitigated or,1,case envelope,1,synthesis de,1,a field,1
can sanity,1,explicitly excluded,1,definition measured,1,delay path,1,field update,1
s painful,1,excluded not,1,measured slo,1,path so,1,update process,1
painful but,1,supported and,1,slo compliance,1,not hostage,1,with staged,1
but survivable,1,enforced software,1,compliance ops,1,hostage to,1,rollout rollback,1
or probable,1,software procedures,1,ops owns,1,bridge before,1,rollback defined,1
probable failure,1,procedures contracts,1,owns site,1,before accepting,1,defined incident,1
failure which,1,contracts not,1,site process,1,accepting predatory,1,incident severity,1
which is,1,your commercial,1,process supportability,1,terms as,1,severity levels,1
the hinge,1,commercial story,1,supportability incident,1,as inevitable,1,levels response,1
hinge point,1,story implies,1,incident handling,1,inevitable push,1,response slas,1
point reliability,1,implies capability,1,handling capacity,1,push on,1,escalation paths,1
reliability downtime,1,capability outside,1,capacity sales,1,on four,1,paths spare,1
penalties changes,1,outside what,1,sales owns,1,four levers,1,spare parts,1
decision math,1,engineering can,1,owns customer,1,levers often,1,parts repair,1
math your,1,back with,1,customer fit,1,often at,1,repair flow,1
current known,1,evidence safety,1,fit contract,1,one works,1,flow especially,1
longer just,1,safety standard,1,alignment to,1,works a,1,especially for,1
technical nuance,1,standard a,1,envelope cto,1,milestone most,1,customers standard,1
nuance it,1,defendable safety,1,cto you,1,most leverage,1,standard when,1
a contractual,1,case not,1,you arbitrates,1,leverage per,1,when something,1
contractual liability,1,not vibes,1,arbitrates tradeoffs,1,hour reframe,1,something goes,1
liability what,1,vibes for,1,tradeoffs but,1,reframe commercial,1,goes wrong,1
means a,1,for autonomous,1,but cannot,1,into paid,1,wrong you,1
a event,1,lift ready,1,override truthfulness,1,availability controlled,1,can learn,1
rate in,1,ready means,1,truthfulness of,1,pilots with,1,learn fast,1
can translate,1,means you,1,of claims,1,envelope reliability,1,fast and,1
translate into,1,can hand,1,claims practically,1,targets this,1,reduce recurrence,1
into predictable,1,hand a,1,practically create,1,can preserve,1,recurrence without,1
predictable downtime,1,third party,1,release readiness,1,preserve the,1,without improvisation,1
downtime if,1,party a,1,readiness review,1,round or,1,improvisation gate,1
customer operates,1,can follow,1,with written,1,or most,1,gate f,1
operates in,1,follow the,1,any signatory,1,of it,1,f customer,1
zones routinely,1,the logic,1,signatory won,1,ga if,1,customer truthfulness,1
routinely even,1,logic from,1,t sign,1,t budge,1,truthfulness contractual,1
drone is,1,from hazards,1,the release,1,budge that,1,and procedural,1
safe an,1,hazards mitigations,1,release is,1,s information,1,procedural readiness,1
an unplanned,1,mitigations tests,1,scope apply,1,information about,1,readiness a,1
unplanned hover,1,tests residual,1,apply this,1,about future,1,published operating,1
land typically,1,risk minimum,1,this to,1,future governance,1,envelope environmental,1
typically counts,1,minimum artifacts,1,s current,1,governance risk,1,limits interference,1
counts as,1,artifacts hazard,1,current dispute,1,risk b,1,interference assumptions,1
interruption mission,1,hazard analysis,1,dispute without,1,b make,1,assumptions required,1
recovery re,1,analysis e,1,without choosing,1,bridge less,1,setup training,1
tasking if,1,g fmea,1,choosing for,1,less lethal,1,training checklists,1
if penalties,1,fmea fta,1,you under,1,lethal structure,1,checklists that,1
penalties are,1,fta and,1,under this,1,structure price,1,reality contracts,1
are tied,1,or stpa,1,this standard,1,price if,1,sow that,1
to downtime,1,stpa with,1,standard proposal,1,must take,1,that do,1
downtime broadly,1,severity likelihood,1,only ready,1,take it,1,not imply,1
broadly defined,1,likelihood and,1,ready if,1,it fight,1,imply capabilities,1
defined you,1,and mitigations,1,scope the,1,fight for,1,capabilities you,1
can get,1,mitigations mapped,1,envelope so,1,for longer,1,to support,1
get hit,1,mapped defined,1,is outside,1,longer maturity,1,support standard,1
hit repeatedly,1,defined safety,1,outside it,1,maturity and,1,standard sales,1
repeatedly if,1,safety goals,1,scope operationally,1,or automatic,1,can sell,1
ship without,1,goals e,1,operationally survey,1,automatic extension,1,sell it,1
without explicitly,1,no uncontrolled,1,geofence detection,1,extension upon,1,it without,1
explicitly bounding,1,uncontrolled descent,1,you sell,1,upon meeting,1,without misrepresentation,1
bounding the,1,descent bounded,1,sell it,1,objective milestones,1,misrepresentation or,1
and redefining,1,bounded touchdown,1,truthfully proposal,1,milestones covenants,1,we ll,1
redefining availability,1,touchdown footprint,1,is ready,1,covenants tied,1,ll fix,1
availability you,1,footprint separation,1,ga because,1,to activities,1,fix it,1
penalties relationship,1,separation constraints,1,it expands,1,activities you,1,it next,1
relationship damage,1,constraints clear,1,expands the,1,you control,1,next month,1
damage forced,1,clear stop,1,envelope by,1,control e,1,month being,1
forced grounding,1,ship hazards,1,by eliminating,1,g deliver,1,core plan,1
still may,1,any single,1,eliminating the,1,deliver x,1,plan how,1
lose engineering,1,single failure,1,the root,1,x pilot,1,this standard,1
engineering talent,1,failure or,1,cause but,1,pilot units,1,standard applies,1
talent immediate,1,or foreseeable,1,ready financially,1,units vs,1,applies directly,1
actions next,1,foreseeable condition,1,financially unless,1,vs achieve,1,directly to,1
hours read,1,condition that,1,you redefine,1,achieve y,1,to your,1
read the,1,can lead,1,milestone and,1,y revenue,1,your ghost,1
contract like,1,to unacceptable,1,and funding,1,revenue draw,1,case under,1
like an,1,unacceptable harm,1,funding plan,1,draw in,1,under this,1
an sla,1,harm without,1,plan a,1,in tranches,1,this definition,1
sla what,1,without reliable,1,short template,1,tranches reduce,1,definition chimera,1
what exactly,1,reliable mitigation,1,template you,1,reduce dilution,1,for high,1
exactly is,1,mitigation for,1,adopt immediately,1,dilution fees,1,interference environments,1
is downtime,1,autonomy edge,1,immediately one,1,fees if,1,environments until,1
downtime per,1,edge cases,1,page chimera,1,you exit,1,until one,1
per drone,1,cases a,1,chimera release,1,exit early,1,following is,1
drone per,1,a sotif,1,scope la,1,early cap,1,is true,1
per site,1,sotif style,1,la ga,1,on oversight,1,fix eliminates,1
site per,1,style argument,1,ga explicit,1,oversight veto,1,eliminates it,1
per mission,1,argument safety,1,explicit supported,1,veto scope,1,it or,1
mission hour,1,safety of,1,exclusions top,1,scope limit,1,can reliably,1
hour are,1,of intended,1,top slos,1,limit to,1,reliably a,1
are penalties,1,intended function,1,slos metrics,1,to extraordinary,1,a detect,1
credits or,1,function i,1,metrics with,1,extraordinary actions,1,b prevent,1
or cash,1,e how,1,with thresholds,1,actions cure,1,prevent operation,1
cash is,1,you manage,1,and measurement,1,cure periods,1,operation there,1
there a,1,manage no,1,measurement method,1,periods for,1,there through,1
a cap,1,no component,1,method safety,1,for covenant,1,through enforceable,1
cap any,1,component failed,1,case summary,1,covenant breaches,1,enforceable controls,1
any cure,1,failed but,1,summary hazards,1,breaches avoid,1,controls site,1
periods do,1,the world,1,hazards mitigations,1,avoid terms,1,gating and,1
do exclusions,1,world was,1,mitigations residual,1,that poison,1,the residual,1
exclusions exist,1,was weird,1,statement validation,1,poison series,1,residual event,1
exist environmental,1,weird not,1,validation evidence,1,b mfn,1,the allowed,1
environmental interference,1,known hazardous,1,evidence test,1,mfn super,1,allowed envelope,1
zones force,1,hazardous scenario,1,set results,1,super pro,1,envelope meets,1
force majeure,1,scenario with,1,results confidence,1,pro rata,1,meets your,1
majeure customer,1,no reliable,1,confidence notes,1,rata traps,1,your evidence,1
customer caused,1,mitigation or,1,notes open,1,traps even,1,thresholds this,1
caused conditions,1,an unenforceable,1,open issues,1,even expensive,1,this reframes,1
conditions tell,1,unenforceable exclusion,1,issues operational,1,expensive but,1,reframes the,1
tell the,1,exclusion evidence,1,operational plan,1,but flexible,1,the dispute,1
partner the,1,evidence standard,1,qualification runbooks,1,flexible is,1,dispute shipping,1
truth then,1,standard verification,1,runbooks telemetry,1,often survivable,1,be ethical,1
then propose,1,verification in,1,call rollback,1,survivable cheap,1,engineering aligned,1
propose an,1,the environments,1,rollback truthfulness,1,cheap but,1,aligned if,1
an engineered,1,environments that,1,truthfulness check,1,but brittle,1,you narrow,1
engineered operating,1,that matter,1,check approved,1,brittle is,1,narrow the,1
envelope offer,1,matter with,1,approved external,1,not c,1,the envelope,1
site emi,1,with numbers,1,claims contract,1,c replace,1,defend it,1
magnetic survey,1,numbers ready,1,contract clauses,1,replace some,1,with data,1
survey interference,1,requires quantitative,1,clauses sign,1,some of,1,and controls,1
interference map,1,quantitative reliability,1,offs systems,1,bridge with,1,controls shipping,1
map as,1,reliability in,1,architect head,1,with non,1,shipping broadly,1
a precondition,1,just engineering,1,head of,1,dilutive or,1,broadly while,1
precondition to,1,engineering confidence,1,safety qa,1,or quasi,1,while hoping,1
to claims,1,confidence define,1,qa if,1,quasi non,1,hoping geofences,1
claims commit,1,and hit,1,if exists,1,dilutive capital,1,geofences cover,1
to only,1,hit targets,1,exists ops,1,capital customer,1,cover reality,1
only within,1,targets like,1,ops lead,1,customer prepayments,1,reality fails,1
corridors areas,1,like p,1,lead cto,1,prepayments deposits,1,fails the,1
areas and,1,p mission,1,cto if,1,deposits for,1,the standard,1
and specific,1,abort and,1,me your,1,for pilot,1,standard a,1
specific mission,1,p safety,1,intended initial,1,pilot slots,1,a usable,1
mission profiles,1,land per,1,initial customer,1,slots with,1,usable one,1
profiles renegotiate,1,hour and,1,customer environments,1,with honest,1,sentence internal,1
renegotiate structure,1,and per,1,mining vs,1,honest envelope,1,internal rule,1
structure move,1,mission by,1,vs logging,1,limits strategic,1,a cultural,1
move from,1,class mtbf,1,logging vs,1,partner nre,1,cultural north,1
from from,1,mtbf mtbur,1,vs offshore,1,nre site,1,north star,1
from day,1,mtbur for,1,offshore and,1,integration fees,1,star your,1
a ramp,1,p95 and,1,and typical,1,fees receivables,1,team can,1
ramp aim,1,impact detection,1,typical flight,1,receivables factoring,1,can rally,1
aim for,1,detection performance,1,flight volumes,1,factoring if,1,rally around,1
for early,1,performance if,1,volumes i,1,have signed,1,around we,1
access controlled,1,on detection,1,draft concrete,1,signed purchase,1,ship when,1
controlled commercial,1,detection true,1,concrete slo,1,purchase orders,1,can define,1
availability period,1,true false,1,scope statement,1,orders venture,1,define where,1
period phased,1,false positives,1,s defensible,1,venture debt,1,it works,1
acceptance milestones,1,positives negatives,1,defensible to,1,debt only,1,works prove,1
milestones penalties,1,negatives and,1,to engineers,1,if covenants,1,evidence and,1
penalties as,1,and evidence,1,engineers customers,1,covenants are,1,and show,1
credits with,1,evidence must,1,and investors,1,are light,1,show that,1
hard cap,1,must come,1,investors no,1,light and,1,that when,1
cap explicit,1,from hardware,1,no not,1,runway is,1,t work,1
for unqualified,1,hardware in,1,by itself,1,real often,1,work it,1
unqualified high,1,loop simulation,1,itself reckless,1,often not,1,it fails,1
rev defined,1,simulation for,1,reckless depends,1,not but,1,fails in,1
defined response,1,for coverage,1,on whether,1,but sometimes,1,controlled way,1
spares swap,1,coverage and,1,whether taking,1,sometimes d,1,way we,1
swap policy,1,and regression,1,taking the,1,d reduce,1,can explain,1
policy operational,1,regression flight,1,bridge to,1,reduce burn,1,explain detect,1
operational mitigations,1,flight testing,1,delay increases,1,burn for,1,detect and,1
mitigations if,1,testing for,1,increases your,1,delay window,1,support the,1
must deploy,1,for reality,1,your probability,1,window without,1,the two,1
deploy soon,1,reality operational,1,of failure,1,without breaking,1,two decisions,1
soon to,1,operational trials,1,failure or,1,breaking execution,1,decisions you,1
any reliability,1,trials for,1,or destroys,1,execution freeze,1,should lock,1
claim defensible,1,for human,1,destroys more,1,critical hiring,1,lock this,1
defensible service,1,human process,1,more enterprise,1,pause expansion,1,week what,1
ops you,1,process interactions,1,value compared,1,expansion spend,1,launch operating,1
you monitor,1,interactions with,1,compared with,1,spend cut,1,envelope explicit,1
monitor control,1,with traceability,1,with launching,1,cut marketing,1,explicit site,1
control deployments,1,traceability from,1,now under,1,marketing tied,1,classes and,1
deployments rapid,1,from requirement,1,predatory instrument,1,ga replan,1,exclusions what,1
rapid grounding,1,requirement test,1,instrument is,1,replan manufacturing,1,the numeric,1
authority on,1,test result,1,strong warning,1,manufacturing ramp,1,numeric release,1
spare aircraft,1,result not,1,warning signal,1,ramp protect,1,release thresholds,1
aircraft hot,1,cannot estimate,1,signal but,1,fix and,1,thresholds inside,1
to keep,1,estimate event,1,least bad,1,and flight,1,inside that,1
keep availability,1,rates with,1,bad move,1,test bandwidth,1,envelope mission,1
availability even,1,with enough,1,alternative has,1,bandwidth as,1,success safety,1
one lands,1,enough confidence,1,has a,1,the critical,1,safety event,1
lands defined,1,confidence to,1,a higher,1,chain this,1,rate and,1
defined safe,1,to predict,1,higher chance,1,can shrink,1,and minimum,1
pads corridors,1,predict customer,1,of killing,1,shrink the,1,minimum test,1
corridors so,1,customer disruption,1,killing the,1,bridge size,1,test evidence,1
so safety,1,disruption even,1,company or,1,size and,1,evidence if,1
safety land,1,even roughly,1,or forcing,1,and improve,1,share your,1
land doesn,1,roughly or,1,forcing an,1,improve terms,1,current flight,1
site disruption,1,you only,1,an even,1,terms a,1,hour totals,1
disruption telemetry,1,only have,1,even worse,1,rule you,1,totals and,1
telemetry alerting,1,have anecdotal,1,worse financing,1,can take,1,what high,1
alerting incident,1,anecdotal evidence,1,financing later,1,take to,1,interference operationally,1
incident playbooks,1,evidence scale,1,later treat,1,board delay,1,operationally means,1
playbooks with,1,scale and,1,treat this,1,not reckless,1,your first,1
measured mttr,1,and change,1,a probability,1,can make,1,first customers,1
mttr decision,1,change standard,1,weighted survival,1,make all,1,customers mining,1
decision implication,1,standard readiness,1,survival value,1,three true,1,offshore logging,1
implication if,1,includes what,1,value problem,1,true runway,1,logging i,1
and they,1,happens after,1,moral label,1,runway robustness,1,draft concrete,1
they operate,1,after day,1,label model,1,robustness with,1,concrete thresholds,1
operate in,1,day because,1,model three,1,assumptions you,1,a ready,1
areas you,1,because information,1,three paths,1,can reach,1,launch checklist,1
t reliably,1,information decays,1,paths a,1,reach the,1,checklist that,1
reliably avoid,1,decays and,1,a ship,1,commercial proof,1,engineering and,1
avoid detect,1,and environments,1,ship now,1,proof without,1,and sales,1
detect then,1,environments vary,1,now software,1,a likely,1,can both,1
then launching,1,vary ready,1,software geofence,1,likely covenant,1,both sign,1
launching on,1,ready includes,1,geofence outcomes,1,breach default,1,sign no,1
current stack,1,includes the,1,outcomes to,1,default value,1,no predatory,1
likely commercially,1,the ability,1,to quantify,1,value preservation,1,terms don,1
commercially unsafe,1,to monitor,1,quantify revenue,1,preservation the,1,t by,1
unsafe even,1,monitor learn,1,revenue funding,1,fix materially,1,by themselves,1
if physically,1,learn and,1,funding success,1,reduces a,1,themselves make,1
physically safe,1,update safely,1,success probability,1,company threatening,1,reckless they,1
safe in,1,safely telemetry,1,probability churn,1,threatening product,1,they make,1
either renegotiate,1,reconstruct incidents,1,brand damage,1,product reputation,1,make one,1
renegotiate into,1,and near,1,damage risk,1,reputation talent,1,one specific,1
constrained ramped,1,near misses,1,risk incident,1,talent risk,1,specific delay,1
ramped sla,1,misses on,1,rate at,1,path you,1,delay path,1
sla often,1,call field,1,at real,1,credible route,1,path potentially,1
often workable,1,support and,1,real sites,1,route to,1,predictably destroys,1
workable or,1,and clear,1,sites likelihood,1,to series,1,destroys the,1
least restrict,1,clear incident,1,likelihood of,1,rewrite staged,1,s long,1
restrict deployment,1,response playbooks,1,key resignations,1,staged release,1,viability or,1
deployment until,1,playbooks safe,1,resignations and,1,release or,1,or transfers,1
until shielding,1,safe update,1,the time,1,or alternative,1,transfers control,1
shielding is,1,update rollback,1,time impact,1,capital that,1,control in,1
is in,1,rollback mechanism,1,impact of,1,that doesn,1,ways you,1
place if,1,mechanism staged,1,of replacing,1,t leave,1,t survive,1
the downtime,1,rollout regression,1,replacing them,1,you trapped,1,right question,1
downtime clause,1,gates a,1,them b,1,trapped under,1,is which,1
clause language,1,a process,1,you finish,1,t make,1,which path,1
language redacted,1,process for,1,finish rev,1,make true,1,path gives,1
you identify,1,expanding adjusting,1,time probability,1,true then,1,gives the,1
identify what,1,adjusting the,1,probability series,1,a pure,1,company the,1
what must,1,on data,1,b still,1,pure delay,1,highest probability,1
launch financially,1,data with,1,still closes,1,delay funded,1,being a,1
financially survivable,1,with versioned,1,closes post,1,funded by,1,a valuable,1
survivable yes,1,versioned release,1,delay and,1,brittle bridge,1,valuable fundable,1
yes materially,1,release notes,1,true economic,1,reckless unless,1,fundable business,1
materially a,1,notes not,1,bridge c,1,unless shipping,1,business in,1
reliability contract,1,can ship,1,partial milestone,1,is even,1,months without,1
contract with,1,ship once,1,milestone smaller,1,even more,1,without violating,1
penalties turns,1,once but,1,smaller bridge,1,more ruinous,1,violating safety,1
turns proposal,1,but can,1,probability investors,1,ruinous e,1,safety ethics,1
as described,1,t safely,1,accept milestone,1,g guaranteed,1,ethics obligations,1
described from,1,safely operate,1,redefinition how,1,guaranteed key,1,obligations when,1
from manageable,1,operate and,1,much bridge,1,resignations or,1,when a,1
manageable operational,1,and improve,1,bridge you,1,or high,1,reckless practical,1
risk into,1,improve across,1,still need,1,high likelihood,1,practical definition,1
into potentially,1,across months,1,need and,1,likelihood of,1,definition delaying,1
potentially unbounded,1,of real,1,whether engineering,1,grounding what,1,as written,1
unbounded financial,1,real deployments,1,engineering signs,1,d do,1,written makes,1
financial and,1,deployments manufacturing,1,signs off,1,week concrete,1,makes one,1
reputational risk,1,manufacturing quality,1,off a,1,concrete build,1,these outcomes,1
risk unless,1,quality standard,1,is reckless,1,page probability,1,outcomes likely,1
contract or,1,standard often,1,reckless only,1,ruin table,1,likely high,1
the delivery,1,often missed,1,b s,1,table ship,1,loss death,1
delivery model,1,missed what,1,s expected,1,ga ship,1,spiral covenants,1
model why,1,ship is,1,expected survival,1,ship limited,1,triggers so,1
changes viability,1,you tested,1,expected long,1,availability delay,1,so tight,1
viability your,1,tested for,1,term equity,1,delay bridge,1,tight that,1
your known,1,hardware systems,1,equity value,1,bridge put,1,any slip,1
mode causes,1,systems ready,1,value are,1,put explicit,1,slip common,1
causes service,1,ready also,1,are materially,1,explicit failure,1,common in,1
interruption hover,1,also means,1,materially worse,1,modes and,1,in hardware,1
land mission,1,means a,1,a c,1,and rough,1,hardware causes,1
recovery dispatch,1,a minimum,1,c given,1,rough probabilities,1,causes default,1
dispatch that,1,minimum mrl,1,given realistic,1,probabilities get,1,default lender,1
be counted,1,mrl style,1,realistic assumptions,1,counsel to,1,lender remedies,1
counted as,1,style capability,1,assumptions what,1,to redline,1,remedies forced,1
as downtime,1,capability controlled,1,bridge dangerous,1,redline bridge,1,sale down,1
downtime even,1,controlled builds,1,dangerous specific,1,bridge around,1,round on,1
s safe,1,builds incoming,1,specific failure,1,around covenant,1,on their,1
safe the,1,incoming inspection,1,modes predatory,1,and series,1,their terms,1
the figure,1,inspection calibration,1,terms become,1,b poison,1,terms debt,1
figure is,1,calibration procedures,1,become reckless,1,poison pills,1,debt overhang,1
is conditional,1,procedures environmental,1,reckless when,1,pills often,1,overhang that,1
conditional in,1,environmental screening,1,when they,1,often the,1,that blocks,1
zones if,1,screening as,1,they create,1,real predators,1,anyway new,1
the mine,1,as needed,1,create one,1,predators approach,1,new investors,1
mine s,1,needed configuration,1,one or,1,approach lead,1,investors won,1
operations place,1,configuration management,1,or more,1,lead investor,1,t fund,1
place you,1,management serial,1,more of,1,investor with,1,fund because,1
you in,1,serial level,1,these mechanisms,1,rewrite anchored,1,bridge has,1
zones regularly,1,level traceability,1,mechanisms debt,1,anchored to,1,has senior,1
regularly the,1,traceability of,1,debt overhang,1,paid pilots,1,senior liens,1
the effective,1,of sensors,1,overhang refinance,1,pilots defined,1,liens aggressive,1
effective downtime,1,sensors firmware,1,trap repayment,1,envelope fix,1,aggressive liquidation,1
downtime rate,1,firmware acceptance,1,repayment or,1,fix schedule,1,liquidation warrants,1
rate can,1,acceptance test,1,or conversion,1,schedule decide,1,warrants or,1
become routine,1,test procedure,1,round unattractive,1,decide if,1,or consent,1
routine making,1,procedure that,1,unattractive or,1,can secure,1,that complicate,1
making penalties,1,that correlates,1,or impossible,1,secure limited,1,complicate the,1
penalties predictable,1,correlates with,1,impossible e,1,availability revised,1,the cap,1
predictable rather,1,with flight,1,g very,1,milestone you,1,table operational,1
than exceptional,1,flight performance,1,very high,1,both ga,1,operational strangulation,1
exceptional geofencing,1,performance not,1,high effective,1,ga risk,1,strangulation oversight,1
geofencing alone,1,if field,1,effective discount,1,toxic debt,1,oversight approval,1
alone can,1,field units,1,warrants seniority,1,debt if,1,approval rights,1
can reduce,1,units can,1,seniority covenants,1,key terms,1,execution you,1
reduce exposure,1,drift from,1,control risk,1,terms maturity,1,delaying to,1
exposure but,1,the tested,1,risk onerous,1,covenants security,1,do hiring,1
also reduce,1,tested configuration,1,onerous oversight,1,security warrants,1,hiring freezes,1
reduce usable,1,configuration and,1,oversight board,1,warrants discount,1,freezes spend,1
usable coverage,1,detect it,1,board control,1,discount control,1,spend approvals,1
coverage which,1,it operational,1,provisions vetoes,1,rights and,1,approvals vetoes,1
which may,1,operational and,1,vetoes that,1,your monthly,1,vetoes on,1
may itself,1,and contractual,1,prevent execution,1,burn runway,1,on roadmap,1
itself violate,1,contractual standard,1,execution pivots,1,runway i,1,roadmap changes,1
violate reliability,1,standard safe,1,pivots runway,1,you identify,1,changes dilution,1
expectations what,1,safe operation,1,runway illusion,1,identify which,1,dilution so,1
what proposal,1,operation is,1,illusion you,1,which clauses,1,so severe,1
a would,1,system property,1,survive cash,1,clauses make,1,severe it,1
would need,1,property industrial,1,cash wise,1,it truly,1,it destroys,1
to become,1,industrial readiness,1,wise but,1,truly predatory,1,destroys retention,1
become viable,1,includes site,1,the terms,1,predatory versus,1,retention your,1
viable proposal,1,site onboarding,1,terms force,1,versus merely,1,your key,1
only viable,1,onboarding requirements,1,force cost,1,merely expensive,1,key team,1
viable if,1,requirements surveys,1,cost cuts,1,expensive and,1,s equity,1
you convert,1,surveys exclusion,1,cuts that,1,to target,1,equity becomes,1
convert it,1,exclusion zones,1,b slip,1,target in,1,becomes unmotivating,1
deployment with,1,procedures customer,1,slip triggering,1,in negotiation,1,unmotivating increasing,1
a rewritten,1,customer training,1,triggering default,1,negotiation don,1,increasing the,1
rewritten availability,1,training checklists,1,default or,1,t label,1,reduce if,1
availability promise,1,checklists and,1,or renegotiation,1,by outcome,1,bridge makes,1
promise specifically,1,and defined,1,renegotiation at,1,outcome didn,1,makes those,1
specifically define,1,defined responsibilities,1,terms signaling,1,crash label,1,those likely,1
define and,1,responsibilities contracts,1,signaling next,1,by failure,1,likely then,1
contract an,1,match the,1,next investors,1,mode the,1,then delay,1
an operating,1,envelope supported,1,investors infer,1,right category,1,can indeed,1
envelope site,1,supported unsupported,1,infer distress,1,hover it,1,indeed be,1
corridors exclusions,1,conditions slas,1,distress and,1,s navigation,1,reckless when,1
for high,1,slas aligned,1,and reprice,1,loss forced,1,when shipping,1
areas until,1,aligned with,1,reprice the,1,forced protective,1,shipping instead,1
revision rework,1,with reality,1,b even,1,protective action,1,instead is,1
rework penalties,1,reality not,1,product is,1,action unplanned,1,reckless and,1
cash hard,1,product requires,1,is improved,1,related functional,1,often underestimated,1
for interference,1,requires heroics,1,improved if,1,functional failure,1,underestimated shipping,1
zones service,1,heroics or,1,those push,1,failure even,1,are plausible,1
operations redundancy,1,or informal,1,push your,1,is benign,1,plausible you,1
redundancy on,1,informal tribal,1,your post,1,benign because,1,reliably bound,1
spare unit,1,tribal knowledge,1,delay series,1,the hazard,1,bound exclude,1
unit s,1,knowledge to,1,b probability,1,hazard is,1,exclude the,1
s hot,1,be safe,1,probability down,1,is aircraft,1,interference condition,1
swap clear,1,safe reliable,1,down sharply,1,aircraft descends,1,condition geofence,1
clear mttr,1,reliable the,1,sharply then,1,descends to,1,geofence isn,1
commitments so,1,cultural standard,1,delay can,1,to ground,1,t enforceable,1
availability is,1,standard ready,1,be reckless,1,ground at,1,enforceable interference,1
is maintained,1,ready must,1,reckless what,1,a time,1,is dynamic,1
maintained even,1,be signable,1,makes shipping,1,time place,1,dynamic common,1
one aircraft,1,the people,1,now potentially,1,place not,1,common on,1
aircraft safety,1,people responsible,1,potentially more,1,not commanded,1,on target,1
safety lands,1,responsible a,1,more reckless,1,commanded and,1,target sites,1
lands acceptance,1,a strong,1,reckless even,1,the severity,1,sites customer,1
ramp pilot,1,strong engineering,1,even though,1,severity depends,1,failures will,1
pilot period,1,company sets,1,though it,1,on context,1,will occur,1
period with,1,sets a,1,it secures,1,context categorize,1,occur early,1
measured kpis,1,simple rule,1,secures series,1,categorize on,1,and repeatedly,1
kpis before,1,rule ready,1,b shipping,1,on two,1,repeatedly see,1
attach if,1,is when,1,shipping can,1,two axes,1,see compounding,1
t renegotiate,1,the accountable,1,higher risk,1,axes safety,1,compounding probability,1
renegotiate if,1,owners can,1,risk move,1,severity and,1,probability creating,1
site then,1,sign their,1,it increases,1,operational impact,1,creating churn,1
beta is,1,their name,1,increases the,1,impact a,1,churn safety,1
viable you,1,name to,1,a slow,1,severity context,1,escalations and,1
re signing,1,and claims,1,slow death,1,context dependent,1,a brand,1
signing up,1,claims without,1,death unbounded,1,dependent ask,1,scar in,1
up to,1,without hedging,1,if high,1,ask if,1,the sectors,1
to pay,1,hedging if,1,interference isn,1,this happens,1,sectors you,1
pay for,1,architect cannot,1,t truly,1,happens at,1,need key,1
behavior you,1,cannot sign,1,truly mappable,1,worst credible,1,key engineer,1
t eliminated,1,sign honestly,1,mappable stable,1,credible place,1,engineer resignations,1
eliminated in,1,honestly you,1,stable you,1,place within,1,resignations are,1
either delay,1,ready under,1,bound incident,1,within your,1,are probable,1
minimum delay,1,first ethos,1,incident rates,1,intended operations,1,probable causing,1
delay this,1,ethos unless,1,rates disruption,1,operations what,1,causing a,1
this customer,1,you narrow,1,disruption becomes,1,the harm,1,month roadmap,1
customer s,1,narrow the,1,a recurring,1,harm typical,1,roadmap slip,1
s go,1,envelope until,1,recurring customer,1,typical buckets,1,slip often,1
go live,1,until they,1,customer visible,1,buckets aviation,1,plus reduced,1
live or,1,can a,1,visible failure,1,aviation like,1,reduced ability,1
penalties plus,1,concrete release,1,failure customer,1,like no,1,to remediate,1
plus trust,1,release readiness,1,customer economics,1,no safety,1,remediate issues,1
trust damage,1,readiness gate,1,economics even,1,safety effect,1,issues in,1
damage if,1,gate you,1,even safe,1,effect truly,1,the field,1
the exact,1,can adopt,1,safe auto,1,truly no,1,field it,1
exact downtime,1,adopt immediately,1,auto lands,1,no added,1,trust breach,1
downtime availability,1,immediately ship,1,lands can,1,added hazard,1,breach with,1
availability clause,1,ship only,1,can break,1,hazard rare,1,with industrial,1
you precisely,1,only when,1,break industrial,1,industrial heavy,1,customers safety,1
precisely which,1,true claims,1,industrial workflows,1,lift minor,1,governance hard,1
which terms,1,envelope are,1,workflows a,1,minor nuisance,1,recover from,1
terms must,1,are written,1,few visible,1,nuisance to,1,from even,1
launch survivable,1,written enforceable,1,visible failures,1,to operations,1,with later,1
survivable they,1,enforceable and,1,failures early,1,credible injury,1,later fixes,1
re right,1,and match,1,early can,1,injury property,1,fixes in,1
right a,1,match marketing,1,can poison,1,property pathway,1,in other,1
a static,1,marketing contracts,1,poison adoption,1,pathway major,1,other words,1
geofence is,1,case complete,1,adoption talent,1,major significant,1,words a,1
a control,1,complete all,1,talent cliff,1,significant reduction,1,be financially,1
control for,1,all high,1,cliff losing,1,reduction in,1,financially toxic,1
a phenomenon,1,severity hazards,1,losing your,1,safety margins,1,toxic but,1
phenomenon that,1,hazards have,1,leads can,1,margins possible,1,an uncontrolled,1
be spatially,1,have verified,1,can convert,1,possible property,1,uncontrolled envelope,1
spatially temporally,1,mitigations or,1,convert we,1,property damage,1,be existentially,1
temporally variable,1,or are,1,we got,1,damage or,1,existentially toxic,1
variable if,1,are excluded,1,got funded,1,or minor,1,toxic how,1
guarantee the,1,excluded enforced,1,funded into,1,minor injury,1,decide rigorously,1
the geofence,1,enforced reliability,1,into we,1,injury credible,1,rigorously compare,1
geofence catches,1,reliability targets,1,t execute,1,credible hazardous,1,compare survival,1
catches of,1,targets met,1,execute which,1,hazardous catastrophic,1,survival probability,1
the hazardous,1,met inside,1,a common,1,catastrophic credible,1,probability not,1
hazardous exposure,1,inside the,1,common failure,1,credible serious,1,just cost,1
exposure then,1,with measured,1,mode after,1,serious injury,1,cost build,1
as ship,1,measured confidence,1,a pressured,1,injury fatality,1,build a,1
ship geofence,1,confidence regression,1,pressured launch,1,fatality or,1,a simple,1
geofence isn,1,regression change,1,launch future,1,or major,1,simple decision,1
credible mitigation,1,control in,1,future liability,1,major damage,1,decision table,1
mitigation it,1,place tests,1,liability regulatory,1,damage often,1,table with,1
a partial,1,tests rollout,1,regulatory customer,1,often requires,1,explicit probabilities,1
partial reduction,1,rollout rollback,1,trust if,1,requires additional,1,probabilities even,1
reduction in,1,rollback manufacturing,1,if customers,1,additional failures,1,if rough,1
probability with,1,manufacturing acceptance,1,customers believe,1,failures or,1,rough for,1
an unknown,1,acceptance ensures,1,you knowingly,1,or bad,1,each option,1
unknown residual,1,ensures shipped,1,shipped outside,1,bad landing,1,option a,1
residual what,1,shipped units,1,outside your,1,landing environment,1,ship broad,1
implies reframe,1,units match,1,your validated,1,environment for,1,broad c,1
reframe the,1,match tested,1,envelope later,1,chimera the,1,launch b,1
the question,1,tested units,1,later fixes,1,same event,1,bridge estimate,1
question can,1,units operational,1,fixes won,1,event can,1,estimate p,1
can we,1,readiness training,1,t restore,1,can map,1,p series,1
we enforce,1,training playbooks,1,restore trust,1,map to,1,b closes,1
enforce the,1,playbooks support,1,trust easily,1,to different,1,closes on,1
envelope by,1,support telemetry,1,easily so,1,different buckets,1,acceptable terms,1
design for,1,telemetry is,1,so we,1,buckets over,1,terms within,1
a to,1,and rehearsed,1,we secure,1,an empty,1,within x,1
be defensible,1,rehearsed named,1,same as,1,empty controlled,1,months p,1
need enforcement,1,named sign,1,as we,1,controlled pad,1,p key,1
enforcement mechanisms,1,offs systems,1,we are,1,pad with,1,talent retained,1
mechanisms that,1,systems safety,1,are safe,1,with exclusion,1,retained p,1
that don,1,safety autonomy,1,safe it,1,exclusion zone,1,p major,1
t rely,1,autonomy hardware,1,it just,1,zone light,1,major customer,1
rely on,1,hardware ops,1,just shifts,1,light payload,1,customer incident,1
on knowing,1,cto if,1,shifts the,1,payload could,1,incident program,1
knowing the,1,want tell,1,from financing,1,be minor,1,cancellation p,1
the map,1,me your,1,financing to,1,minor major,1,p company,1
map perfectly,1,current top,1,to execution,1,major over,1,company remains,1
perfectly e,1,top level,1,execution reputation,1,a haul,1,remains solvent,1
g onboard,1,level product,1,reputation retention,1,road near,1,solvent and,1
of magnetic,1,product claims,1,test you,1,near people,1,and independent,1
inconsistency innovation,1,claims payload,1,run in,1,people on,1,independent no,1
innovation residual,1,payload range,1,ask your,1,on offshore,1,no forced,1
residual checks,1,range autonomy,1,cfo to,1,deck or,1,sale default,1
checks that,1,autonomy level,1,compute these,1,or with,1,default expected,1
avoid retreat,1,level operating,1,these ranges,1,with high,1,expected dilution,1
retreat before,1,operating environments,1,ranges are,1,high value,1,control impact,1
loss health,1,ll turn,1,are fine,1,value heavy,1,impact cap,1
health gated,1,page definition,1,fine current,1,heavy payload,1,table governance,1
gated autonomy,1,of ready,1,current burn,1,payload plausibly,1,governance reckless,1
drops below,1,chimera v1,1,burn months,1,plausibly major,1,reckless the,1
below threshold,1,with suggested,1,months of,1,major and,1,option with,1
threshold the,1,suggested numeric,1,of delay,1,potentially worse,1,with lower,1
the vehicle,1,numeric targets,1,delay needed,1,if secondary,1,lower probability,1
vehicle transitions,1,targets for,1,needed p50,1,secondary effects,1,of an,1
a mode,1,events and,1,p50 and,1,effects exist,1,an investable,1
safe and,1,and confidence,1,and p90,1,exist like,1,investable company,1
operationally bounded,1,confidence requirements,1,p90 bridge,1,like dropped,1,company after,1
hold and,1,requirements no,1,bridge size,1,dropped payload,1,after accounting,1
and return,1,delay isn,1,size needed,1,payload during,1,accounting for,1
corridor not,1,t inherently,1,needed to,1,during recovery,1,for credible,1
wherever you,1,inherently reckless,1,to reach,1,recovery battery,1,credible failure,1
are margins,1,reckless it,1,reach rev,1,battery incident,1,failure modes,1
margins update,1,reckless only,1,b buffer,1,incident tip,1,modes what,1
update process,1,terms create,1,buffer p90,1,tip over,1,to scrutinize,1
process if,1,a losing,1,p90 effective,1,over etc,1,scrutinize in,1
still use,1,company control,1,effective cost,1,etc so,1,bridge the,1
use geofences,1,control covenant,1,of bridge,1,not safe,1,the terms,1
geofences they,1,b forcing,1,bridge not,1,safe to,1,terms that,1
they need,1,forcing desperation,1,just interest,1,to pre,1,matter most,1
need buffer,1,desperation moves,1,interest dilution,1,pre class,1,most have,1
buffer zones,1,moves that,1,conversion warrants,1,class it,1,have counsel,1
zones and,1,still don,1,fees covenants,1,as nuisance,1,counsel you,1
an operational,1,t deliver,1,rights probability,1,nuisance globally,1,you review,1
operational process,1,fix in,1,b after,1,globally you,1,review specifically,1
process to,1,in time,1,after delay,1,can only,1,specifically for,1
to refresh,1,time think,1,with rev,1,only call,1,for security,1
refresh them,1,think in,1,b under,1,it nuisance,1,security priority,1
them site,1,in two,1,under bridge,1,nuisance within,1,priority lien,1
changes equipment,1,two comparable,1,terms probability,1,within an,1,ip assets,1
equipment moved,1,comparable risk,1,b now,1,an enforced,1,assets super,1
moved but,1,risk buckets,1,now if,1,enforced envelope,1,super senior,1
but geofence,1,buckets what,1,ship and,1,where landing,1,senior position,1
geofence must,1,re really,1,and probability,1,landing is,1,position ability,1
be secondary,1,really comparing,1,of later,1,always benign,1,to sweep,1
secondary not,1,comparing two,1,later blowback,1,benign b,1,sweep cash,1
not primary,1,two different,1,blowback impacting,1,b operational,1,cash default,1
primary if,1,different ruin,1,impacting retention,1,operational commercial,1,triggers subjective,1
t implement,1,ruin risks,1,retention revenue,1,severity often,1,subjective mac,1
validate those,1,risks delay,1,revenue then,1,often high,1,mac clauses,1
those quickly,1,loan financial,1,compute two,1,high even,1,clauses milestones,1
t actually,1,financial structural,1,two crude,1,when safety,1,milestones revenue,1
actually have,1,structural ruin,1,crude but,1,safety is,1,revenue covenants,1
have an,1,likely covenants,1,but useful,1,low independently,1,covenants key,1
envelope this,1,covenants you,1,useful outputs,1,independently classify,1,key person,1
this also,1,t realistically,1,outputs survival,1,classify availability,1,person clauses,1
also hits,1,realistically meet,1,probability to,1,availability event,1,clauses consent,1
hits your,1,meet revenue,1,to months,1,event mission,1,rights oversight,1
mining contract,1,revenue milestones,1,months under,1,abort downtime,1,oversight budget,1
contract directly,1,milestones delivery,1,b vs,1,downtime retrieval,1,budget approvals,1
directly a,1,delivery dates,1,vs c,1,retrieval rescheduling,1,approvals hiring,1
a mitigation,1,dates minimum,1,c founder,1,rescheduling dispatch,1,hiring veto,1
mitigation that,1,minimum cash,1,founder common,1,reliability hit,1,veto product,1
that reduces,1,cash default,1,common value,1,hit can,1,product decisions,1
reduces frequency,1,remedies that,1,value under,1,t complete,1,decisions penalties,1
frequency but,1,that hand,1,under each,1,complete planned,1,penalties pik,1
but cannot,1,hand over,1,each cap,1,planned sorties,1,pik interest,1
cannot assure,1,over control,1,cap table,1,sorties fleet,1,interest step,1
assure coverage,1,ip board,1,table impact,1,fleet confidence,1,step up,1
coverage is,1,board seats,1,impact and,1,confidence risk,1,up rates,1
is exactly,1,seats with,1,and chance,1,risk site,1,rates forced,1
what creates,1,with vetoes,1,of reaching,1,site manager,1,forced repayment,1
creates unpredictable,1,vetoes liquidation,1,reaching meaningful,1,manager grounds,1,repayment punitive,1
unpredictable downtime,1,liquidation preferences,1,meaningful revenue,1,grounds fleet,1,punitive fees,1
downtime the,1,preferences that,1,revenue if,1,fleet after,1,fees warrants,1
for penalty,1,that trap,1,b meaningfully,1,anomalies sla,1,dilution mechanics,1
clauses even,1,trap future,1,meaningfully raises,1,exposure at,1,mechanics full,1
events are,1,future rounds,1,raises survival,1,at in,1,full ratchet,1
are rare,1,rounds runway,1,and preserves,1,a subset,1,ratchet like,1
rare they,1,runway math,1,preserves execution,1,subset of,1,like features,1
not contractible,1,math that,1,capacity even,1,of conditions,1,features multiple,1
contractible if,1,that assumes,1,with ugly,1,conditions this,1,multiple of,1
bound them,1,assumes perfect,1,dilution it,1,is commonly,1,of principal,1
them decision,1,perfect execution,1,not reckless,1,commonly an,1,principal mfn,1
decision gate,1,execution no,1,reckless it,1,an availability,1,mfn clauses,1
gate you,1,no slips,1,s expensive,1,availability sev1,1,clauses conversion,1
use now,1,slips no,1,expensive triage,1,sev1 for,1,conversion behavior,1
ask for,1,no supply,1,triage how,1,industrial customers,1,they force,1
for evidence,1,delays no,1,delay less,1,customers once,1,force conversion,1
that in,1,no certification,1,less reckless,1,once scaled,1,conversion at,1
launch configuration,1,certification surprises,1,reckless practical,1,scaled because,1,at a,1
configuration the,1,surprises signaling,1,practical mitigations,1,because one,1,a low,1
system can,1,signaling damage,1,mitigations before,1,one weird,1,low cap,1
can detect,1,damage future,1,before accepting,1,weird landing,1,cap can,1
detect precursors,1,future investors,1,is try,1,landing per,1,block future,1
precursors reliably,1,investors see,1,to change,1,per week,1,future equity,1
reliably high,1,see inside,1,the structure,1,week becomes,1,equity board,1
high sensitivity,1,a loan,1,structure so,1,becomes we,1,board control,1
sensitivity low,1,loan vise,1,not betting,1,plan around,1,control board,1
low false,1,vise lowering,1,company on,1,around this,1,board seat,1
false negatives,1,lowering series,1,on one,1,the third,1,seat s,1
negatives in,1,b odds,1,one lender,1,third axis,1,s observer,1
representative site,1,odds even,1,lender s,1,axis you,1,observer rights,1
site conditions,1,you fix,1,s leverage,1,should add,1,that effectively,1
conditions and,1,bug ship,1,leverage a,1,add exposure,1,effectively control,1
the mitigations,1,ship now,1,a redefine,1,and controllability,1,control decisions,1
mitigations reduce,1,now software,1,milestone best,1,controllability to,1,decisions intercreditor,1
reduce the,1,software geofence,1,best leverage,1,it decision,1,intercreditor restrictions,1
rate to,1,geofence market,1,leverage convert,1,decision grade,1,restrictions anything,1
a level,1,market team,1,into limited,1,grade attach,1,anything that,1
level compatible,1,team execution,1,shipments paid,1,attach exposure,1,makes future,1
penalties if,1,execution ruin,1,envelope rev,1,exposure what,1,future vc,1
t show,1,likely repeated,1,b manufacturing,1,what fraction,1,vc money,1
show that,1,repeated operational,1,accept you,1,of real,1,money hard,1
with testing,1,operational disruptions,1,may avoid,1,real missions,1,to layer,1
testing not,1,disruptions at,1,bridge entirely,1,missions will,1,layer on,1
not belief,1,sites reputational,1,entirely or,1,will encounter,1,you find,1
belief then,1,reputational lock,1,or shrink,1,encounter high,1,find one,1
viable as,1,in unreliable,1,shrink it,1,interference phi,1,one missed,1
reliability promises,1,hardware key,1,it b,1,phi detectability,1,missed date,1
promises practical,1,key engineer,1,b shorten,1,detectability can,1,date default,1
conclusion geofence,1,engineer attrition,1,duration and,1,you predict,1,default seizure,1
only proposal,1,attrition architect,1,and size,1,predict the,1,seizure rights,1
a treat,1,leads month,1,size reduce,1,the onset,1,a bright,1
treat as,1,you miss,1,reduce lender,1,onset with,1,bright red,1
as not,1,miss the,1,lender power,1,with telemetry,1,red reckless,1
viable for,1,market anyway,1,power cut,1,telemetry sensors,1,reckless flag,1
reliability customer,1,anyway commercial,1,cut burn,1,sensors avoidability,1,flag for,1
customer and,1,commercial blowback,1,temporary to,1,avoidability enforceability,1,hardware schedule,1
likely not,1,blowback refunds,1,reduce bridge,1,enforceability can,1,schedule a,1
acceptable to,1,refunds penalties,1,bridge principal,1,can ops,1,non binary,1
culture your,1,penalties stalled,1,principal stage,1,ops geofences,1,binary move,1
viable choices,1,stalled deployments,1,stage rev,1,geofences reliably,1,move don,1
choices become,1,deployments higher,1,b deliverables,1,reliably prevent,1,accept delay,1
become delay,1,higher support,1,deliverables so,1,prevent entry,1,delay implies,1
fix cleanest,1,burden slower,1,can raise,1,entry with,1,implies this,1
cleanest technical,1,slower scaling,1,in tranches,1,margin if,1,bridge often,1
technical closure,1,scaling regulatory,1,tranches milestone,1,if exposure,1,best answer,1
closure or,1,regulatory customer,1,draws c,1,is material,1,delay but,1
deployment only,1,customer safety,1,c seek,1,material and,1,not on,1
you add,1,culture mismatch,1,seek non,1,and avoidability,1,on these,1
add dynamic,1,mismatch even,1,non predatory,1,avoidability is,1,these terms,1
detection enforced,1,crashes procurement,1,predatory alternatives,1,is imperfect,1,terms or,1
envelope contract,1,procurement blocks,1,alternatives often,1,imperfect common,1,envelope to,1
outs and,1,blocks so,1,often underestimated,1,common treat,1,delay practical,1
get architect,1,so reckless,1,underestimated strategic,1,a systemic,1,practical alternatives,1
off without,1,reckless is,1,prepayments capacity,1,systemic reliability,1,to pursue,1
without those,1,is choosing,1,capacity reservation,1,reliability risk,1,pursue immediately,1
those you,1,choosing the,1,reservation fees,1,conditional safety,1,immediately often,1
re knowingly,1,with higher,1,fees in,1,risk what,1,often in,1
shipping an,1,ruin not,1,in exchange,1,to call,1,parallel redefine,1
an unbounded,1,path that,1,exchange for,1,in internal,1,redefine the,1
downtime risk,1,that feels,1,for early,1,internal risk,1,milestone to,1
risk if,1,feels morally,1,early slots,1,risk registers,1,to commercial,1
me what,1,morally cleaner,1,slots and,1,registers useful,1,sites controlled,1
what nav,1,cleaner or,1,and service,1,useful labels,1,launch rather,1
nav stack,1,or financially,1,service guarantees,1,labels i,1,launch insider,1
is failing,1,financially cheaper,1,guarantees vendor,1,d record,1,bridge existing,1
failing gnss,1,cheaper a,1,vendor manufacturer,1,record it,1,existing investors,1
gnss ins,1,a quick,1,manufacturer financing,1,as primary,1,avoid adverse,1
ins magnetometer,1,quick testable,1,financing for,1,primary loss,1,adverse control,1
magnetometer aiding,1,testable way,1,b components,1,of navigation,1,control terms,1
aiding heading,1,decide build,1,components insider,1,integrity in,1,terms convertible,1
heading source,1,a branch,1,insider led,1,emi environments,1,convertible note,1
source and,1,branch scenario,1,led convertible,1,environments leading,1,note safe,1
loss specifically,1,scenario tree,1,convertible note,1,leading to,1,safe bridge,1
specifically means,1,tree with,1,note safe,1,to forced,1,a valuation,1
means in,1,numbers within,1,safe even,1,landing uncommanded,1,valuation cap,1
your estimator,1,within hours,1,even partially,1,uncommanded mission,1,cap that,1
estimator i,1,hours put,1,partially to,1,termination risk,1,s painful,1
suggest the,1,put rough,1,to blunt,1,risk type,1,not governance,1
highest leverage,1,rough probabilities,1,blunt terms,1,type safety,1,governance toxic,1
leverage confidence,1,probabilities on,1,terms syndicated,1,related availability,1,toxic customer,1
confidence innovation,1,on outcomes,1,syndicated small,1,availability operational,1,customer backed,1
innovation checks,1,can refine,1,small checks,1,operational reliability,1,backed financing,1
checks and,1,refine later,1,checks from,1,reliability severity,1,financing prepaid,1
and fallback,1,later for,1,from existing,1,severity minor,1,prepaid contracts,1
fallback behaviors,1,each branch,1,existing angels,1,minor to,1,contracts milestone,1
behaviors that,1,branch estimate,1,angels seed,1,to major,1,payments lease,1
are realistically,1,estimate p,1,seed funds,1,major depending,1,lease model,1
realistically shippable,1,p success,1,funds to,1,depending on,1,model or,1
shippable in,1,success reach,1,control asset,1,on operating,1,or strategic,1
weeks it,1,reach a,1,asset backed,1,area and,1,strategic partner,1
be truthfully,1,a stable,1,backed financing,1,and payload,1,partner deposit,1
truthfully called,1,stable series,1,financing only,1,payload explicitly,1,deposit tied,1
called autonomous,1,or sustainable,1,for inventory,1,explicitly conditional,1,to delivery,1
autonomous but,1,sustainable revenue,1,inventory if,1,conditional likelihood,1,delivery venture,1
you describe,1,revenue within,1,if applicable,1,likelihood per,1,venture debt,1
describe it,1,within months,1,applicable keeping,1,in hi,1,debt non,1
odd and,1,months p,1,keeping covenants,1,hi zones,1,predatory if,1
not relying,1,ruin insolvency,1,covenants away,1,zones current,1,have sufficient,1
relying on,1,insolvency forced,1,from operations,1,current evidence,1,sufficient contracted,1
humans for,1,or loss,1,operations d,1,evidence unknown,1,contracted revenue,1
for continuous,1,control that,1,d pair,1,unknown outside,1,revenue arr,1
continuous control,1,current plan,1,pair delay,1,outside characterized,1,arr signals,1
control to,1,plan moot,1,with truthful,1,characterized zones,1,signals varies,1
make missions,1,moot time,1,truthful gated,1,zones controls,1,varies cost,1
missions succeed,1,to ruin,1,gated revenue,1,controls envelope,1,the size,1
succeed autonomy,1,ruin how,1,revenue even,1,limits detection,1,size duration,1
autonomy that,1,how quickly,1,ga you,1,detection avoidance,1,duration of,1
still true,1,a bad,1,can sometimes,1,avoidance monitoring,1,bridge shorter,1
say autonomous,1,bad outcome,1,sometimes run,1,monitoring training,1,shorter runway,1
if within,1,outcome happens,1,run paid,1,training hardware,1,runway need,1
envelope it,1,happens matters,1,pilots in,1,fix when,1,need less,1
it plans,1,matters because,1,interference sites,1,can legitimately,1,less lender,1
plans flies,1,still pivot,1,sites under,1,legitimately call,1,leverage my,1
flies lands,1,pivot raise,1,under strict,1,guarantee all,1,my direct,1
lands without,1,raise example,1,disclosure improving,1,following for,1,direct answer,1
without real,1,example structure,1,improving traction,1,shipped envelope,1,answer the,1
time human,1,structure fill,1,b odds,1,the aircraft,1,bridge being,1
human piloting,1,fill with,1,odds without,1,aircraft will,1,being predatory,1
piloting humans,1,numbers delay,1,without misrepresenting,1,will always,1,predatory does,1
are supervising,1,bridge p,1,misrepresenting readiness,1,always descend,1,automatically make,1
supervising monitoring,1,p hit,1,readiness answering,1,descend into,1,reckless it,1
monitoring dispatching,1,hit hardware,1,answering your,1,pre cleared,1,it makes,1
dispatching maintenance,1,schedule p,1,your question,1,cleared safe,1,makes that,1
maintenance approving,1,p raise,1,question directly,1,landing area,1,that financing,1
approving missions,1,raise series,1,directly the,1,or safe,1,structure potentially,1
missions not,1,b post,1,bridge being,1,corridor with,1,a high,1
not flying,1,post fix,1,being predatory,1,enforced exclusion,1,of default,1
flying it,1,fix p,1,predatory is,1,exclusion payload,1,default control,1
by remote,1,p covenant,1,a red,1,payload state,1,loss or,1
remote to,1,default event,1,red flag,1,state during,1,or blocks,1
to rescue,1,event ship,1,flag that,1,during descent,1,blocks the,1
rescue routine,1,ship patch,1,delay reckless,1,descent is,1,the eventual,1
routine failures,1,patch p,1,materially reduces,1,safe no,1,eventual series,1
failures the,1,p team,1,reduces your,1,no swing,1,b but,1
the constraints,1,team stays,1,your chance,1,swing drop,1,shipping to,1
constraints geofence,1,stays p,1,closing the,1,drop hazards,1,avoid dilution,1
geofence site,1,p disruption,1,round or,1,hazards retrieval,1,dilution can,1
site map,1,disruption acceptable,1,or steals,1,retrieval is,1,be equally,1
map approved,1,customers p,1,steals operational,1,is fast,1,equally reckless,1
approved corridors,1,p investors,1,control but,1,and planned,1,predictably triggers,1
corridors are,1,investors accept,1,but delay,1,planned event,1,triggers customer,1
a hidden,1,accept launch,1,not inherently,1,at expected,1,customer failures,1
hidden crutch,1,launch p,1,inherently reckless,1,expected scale,1,failures safety,1
crutch geofencing,1,p no,1,now carries,1,scale is,1,escalations or,1
is normal,1,no brand,1,carries a,1,low enough,1,the loss,1
normal in,1,damage if,1,a comparable,1,enough that,1,of core,1
in autonomy,1,bridge has,1,comparable or,1,that it,1,core engineers,1
autonomy it,1,has say,1,or higher,1,t trigger,1,engineers if,1
s simply,1,say a,1,higher existential,1,trigger fleet,1,share a,1
simply an,1,a chance,1,risk customer,1,failure without,1,a the,1
odd boundary,1,default because,1,trust collapse,1,without those,1,control rights,1
boundary having,1,because milestones,1,collapse inability,1,those it,1,rights maturity,1
having support,1,milestones are,1,inability to,1,just a,1,b whether,1
support teams,1,tight that,1,operate reliably,1,a predictable,1,can truly,1
teams on,1,can indeed,1,reliably in,1,predictable operational,1,truly constrain,1
on standby,1,indeed make,1,in target,1,operational interruption,1,constrain launch,1
is also,1,reckless if,1,target environments,1,interruption with,1,launch to,1
also normal,1,terms so,1,environments or,1,hazard tail,1,to interference,1
normal it,1,so default,1,engineering leadership,1,tail if,1,interference safe,1
what matters,1,is and,1,leadership the,1,me your,1,safe site,1
matters is,1,re confident,1,reckless choice,1,your typical,1,classes i,1
whether standby,1,confident in,1,choice is,1,typical first,1,you classify,1
is for,1,month fix,1,the one,1,customer mission,1,as painful,1
for rare,1,fix delay,1,one that,1,profiles altitude,1,but survivable,1
rare exceptions,1,delay may,1,that cannot,1,altitude payload,1,vs likely,1
exceptions vs,1,the more,1,be bounded,1,payload proximity,1,likely death,1
vs a,1,more rational,1,bounded either,1,vehicles offshore,1,spiral and,1
a required,1,rational path,1,either an,1,offshore vs,1,and map,1
required part,1,path what,1,unbounded reliability,1,vs land,1,map it,1
of every,1,makes a,1,reliability exposure,1,land and,1,it against,1
every mission,1,loan predatory,1,t truthfully,1,how controlled,1,against a,1
mission when,1,predatory in,1,truthfully sell,1,controlled landing,1,plan separate,1
when calling,1,reckless red,1,sell support,1,are i,1,separate the,1
calling it,1,red flags,1,support or,1,pin the,1,failure from,1
it autonomous,1,flags if,1,an unfinanceable,1,likely severity,1,the outcome,1
autonomous becomes,1,you see,1,unfinanceable capital,1,severity bucket,1,outcome failure,1
becomes misleading,1,see several,1,that blocks,1,bucket and,1,mode momentary,1
misleading it,1,several of,1,blocks the,1,evidence you,1,momentary navigation,1
not honest,1,delay path,1,round if,1,d need,1,loss system,1
honest to,1,path may,1,key bridge,1,to justify,1,system response,1
if missions,1,structurally unsafe,1,terms discount,1,justify it,1,response safety,1
missions routinely,1,unsafe unless,1,rights maturity,1,it what,1,hover controlled,1
routinely require,1,unless renegotiated,1,maturity and,1,can say,1,controlled descent,1
require human,1,renegotiated milestone,1,your runway,1,say right,1,descent landing,1
human intervention,1,milestone covenants,1,runway burn,1,current info,1,landing outcome,1
intervention to,1,covenants tied,1,and rev,1,info if,1,outcome sometimes,1
to complete,1,to dates,1,b p50,1,is credible,1,sometimes nuisance,1
complete remote,1,dates rather,1,p90 schedule,1,credible i,1,nuisance lost,1
remote piloting,1,than objective,1,confidence i,1,e chance,1,lost sortie,1
piloting frequent,1,objective deliverables,1,bridge creates,1,chance they,1,sortie sometimes,1
frequent manual,1,deliverables you,1,creates a,1,they leave,1,sometimes safety,1
manual recoveries,1,you control,1,trap and,1,leave if,1,relevant landing,1
recoveries safety,1,control cash,1,what term,1,as described,1,unsafe location,1
humans catching,1,dominion lender,1,term changes,1,described then,1,location sometimes,1
catching issues,1,lender approval,1,changes would,1,talent cost,1,sometimes commercial,1
issues in,1,approval for,1,would most,1,cost likely,1,commercial sla,1
in real,1,for spending,1,most reduce,1,likely dominates,1,breach loss,1
time i,1,spending default,1,reduce recklessness,1,dominates the,1,of trust,1
i e,1,default triggers,1,recklessness don,1,bridge loan,1,trust so,1
e humans,1,triggers that,1,t label,1,loan pain,1,t categorize,1
are a,1,that are,1,label it,1,pain because,1,a crash,1
a functional,1,are easy,1,nuisance until,1,it converts,1,crash you,1
functional part,1,easy to,1,you classify,1,converts an,1,you categorize,1
loop you,1,to trip,1,classify two,1,an on,1,as loss,1
you imply,1,trip material,1,two different,1,month roadmap,1,navigation mission,1
imply anywhere,1,material adverse,1,different risks,1,roadmap impairment,1,abort with,1
anywhere on,1,adverse change,1,risks you,1,impairment plus,1,a range,1
site while,1,change failure,1,should categorize,1,plus ongoing,1,range of,1
while actually,1,failure to,1,categorize this,1,ongoing safety,1,of possible,1
actually depending,1,to raise,1,as two,1,reliability drag,1,possible severities,1
on shifting,1,raise by,1,two coupled,1,drag often,1,severities use,1
shifting geofences,1,by x,1,coupled risk,1,often worse,1,a two,1
geofences and,1,x date,1,risk types,1,worse than,1,two axis,1
and ad,1,date board,1,types safety,1,delay even,1,axis categorization,1
ad hoc,1,rights on,1,risk harm,1,with ugly,1,categorization severity,1
hoc operator,1,on default,1,harm injury,1,ugly financing,1,severity class,1
operator workarounds,1,or even,1,property damage,1,financing the,1,class likelihood,1
workarounds how,1,without default,1,damage dropped,1,balance flips,1,likelihood class,1
to state,1,default ip,1,dropped load,1,flips only,1,class a,1
state it,1,ip security,1,load uncontrolled,1,is structurally,1,practical scheme,1
it accurately,1,security interests,1,uncontrolled landing,1,structurally lethal,1,scheme for,1
accurately externally,1,interests plus,1,landing near,1,lethal tight,1,autonomy severity,1
externally use,1,plus aggressive,1,miss service,1,tight maturity,1,severity pick,1
use language,1,aggressive remedies,1,service operations,1,covenants control,1,worst credible,1
language like,1,remedies effective,1,operations risk,1,control terms,1,credible outcome,1
like autonomous,1,effective dilution,1,risk availability,1,make default,1,outcome in,1
autonomous operation,1,dilution worse,1,mission aborts,1,default forced,1,intended operating,1
operation within,1,than an,1,aborts throughput,1,sale likely,1,envelope s0,1
qualified site,1,an equity,1,throughput loss,1,likely even,1,s0 no,1
site envelope,1,equity round,1,loss sla,1,even under,1,no impact,1
with remote,1,round fees,1,breach operator,1,under reasonable,1,impact no,1
remote supervision,1,warrants prefs,1,operator workload,1,reasonable execution,1,no mission,1
supervision and,1,prefs forced,1,workload customer,1,execution so,1,mission impact,1
and on,1,forced conversion,1,trust a,1,so unless,1,impact s1,1
site support,1,conversion no,1,hover and,1,bridge makes,1,s1 nuisance,1
support managed,1,no realistic,1,and land,1,makes failure,1,nuisance productivity,1
managed autonomy,1,realistic cushion,1,land can,1,failure highly,1,productivity hit,1
autonomy or,1,cushion for,1,low immediate,1,highly probable,1,hit mission,1
or supervised,1,for supply,1,immediate harm,1,probable the,1,abort minor,1
if that,1,slips shielding,1,harm but,1,the safer,1,minor delay,1
reality and,1,shielding parts,1,still high,1,safer bet,1,delay no,1
and put,1,parts lead,1,high commercial,1,bet is,1,no safety,1
put in,1,lead times,1,commercial risk,1,avoid triggering,1,exposure s2,1
writing the,1,times re,1,still create,1,triggering the,1,s2 operationally,1
where autonomy,1,qualification rework,1,create conditional,1,loss ideally,1,operationally hazardous,1
autonomy is,1,rework if,1,conditional safety,1,ideally via,1,hazardous creates,1
is supported,1,the lender,1,safety hazards,1,via limited,1,site disruption,1
supported what,1,lender effectively,1,hazards e,1,availability milestone,1,disruption requiring,1
what happens,1,effectively becomes,1,g landing,1,renegotiation second,1,requiring intervention,1
happens on,1,a shadow,1,landing with,1,second best,1,intervention blocks,1
loss hold,1,shadow ceo,1,a suspended,1,best via,1,road deck,1
return land,1,ceo and,1,suspended load,1,via delay,1,deck area,1
land the,1,re one,1,load landing,1,quick model,1,area payload,1
the required,1,one slipped,1,landing in,1,model to,1,payload at,1
required operational,1,slipped shipment,1,in constrained,1,to locate,1,risk near,1
operational support,1,shipment away,1,constrained zones,1,locate the,1,near equipment,1
support model,1,from default,1,zones offshore,1,balance you,1,equipment potential,1
model response,1,default that,1,deck dynamics,1,can fill,1,potential secondary,1
spares procedures,1,where delay,1,dynamics near,1,fill this,1,secondary hazards,1
procedures exclusions,1,reckless practical,1,near people,1,this in,1,hazards s3,1
exclusions e,1,practical de,1,vehicles re,1,in today,1,s3 safety,1
g high,1,de risking,1,re express,1,today cost,1,safety critical,1
revision if,1,risking moves,1,express in,1,bridge path,1,critical credible,1
want paste,1,moves so,1,in operational,1,path delay,1,credible injury,1
paste your,1,so delay,1,terms otherwise,1,delay approximate,1,injury potential,1
current customer,1,not reckless,1,ll mis,1,approximate bridge,1,potential or,1
facing autonomous,1,reckless often,1,mis rank,1,bridge cost,1,or major,1
autonomous wording,1,often available,1,rank it,1,cost as,1,damage even,1
wording and,1,available even,1,it your,1,as dilution,1,if rare,1
and i,1,even late,1,your is,1,dilution value,1,rare s4,1
ll rewrite,1,late before,1,is conditional,1,value delta,1,s4 catastrophic,1
rewrite it,1,before accepting,1,conditional on,1,delta ownership,1,catastrophic fatality,1
be accurate,1,accepting predatory,1,on high,1,ownership times,1,fatality major,1
accurate defensible,1,terms try,1,zones convert,1,times post,1,major incident,1
and consistent,1,try to,1,convert it,1,post money,1,incident potential,1
consistent with,1,to convert,1,customers feel,1,money or,1,potential if,1
sla expectations,1,convert bridge,1,feel let,1,or implied,1,drone can,1
expectations conflict,1,or die,1,that encounter,1,implied valuation,1,can land,1
conflict summary,1,die into,1,encounter high,1,valuation haircut,1,is while,1
summary where,1,into bridge,1,conditions p_event_total,1,haircut cash,1,while carrying,1
where things,1,with manageable,1,p_hi events,1,cash cost,1,carrying heavy,1
things stand,1,manageable default,1,p_event_total then,1,cost interest,1,heavy payload,1
stand technical,1,risk a,1,then translate,1,fees option,1,payload near,1
technical reality,1,a renegotiate,1,translate one,1,option value,1,equipment you,1
reality in,1,renegotiate structure,1,one event,1,value loss,1,you often,1
interference chimera,1,structure replace,1,event into,1,loss from,1,often cannot,1
chimera can,1,replace date,1,into minutes,1,from control,1,cannot honestly,1
can momentarily,1,covenants with,1,minutes of,1,rights covenants,1,honestly keep,1
momentarily lose,1,with engineering,1,downtime aborted,1,covenants treat,1,this at,1
lose nav,1,gates e,1,aborted lift,1,an added,1,at s1,1
lock and,1,g shielding,1,lift cost,1,added probability,1,s1 without,1
and enter,1,dvt passes,1,cost need,1,of forced,1,strict controls,1
enter a,1,passes add,1,need for,1,forced down,1,controls designated,1
land it,1,add cure,1,for manual,1,round sale,1,zones exclusion,1
missions observed,1,and cash,1,manual recovery,1,sale so,1,exclusion zones,1
observed of,1,cash buffers,1,recovery impact,1,so c_,1,zones supervision,1
flights in,1,buffers cap,1,the surrounding,1,bridge approx,1,supervision likelihood,1
zones proposal,1,cap control,1,surrounding operation,1,c_ dilution,1,likelihood per,1
launch now,1,rights limit,1,operation e,1,dilution c_,1,sortie is,1
now ship,1,limit veto,1,g blocked,1,c_ interest,1,is fine,1
ship on,1,veto scope,1,blocked pad,1,fees p_,1,fine but,1
geofence based,1,scope avoid,1,pad paused,1,default times,1,but translate,1
based operational,1,avoid automatic,1,paused work,1,c_ default,1,translate to,1
operational mitigation,1,automatic board,1,work cell,1,default _impact,1,to fleet,1
mitigation and,1,board takeover,1,cell this,1,_impact key,1,fleet scale,1
and heavier,1,takeover reduce,1,this often,1,key variable,1,scale with,1
heavier support,1,reduce mac,1,often reclassifies,1,variable p_,1,with p,1
support monitoring,1,clauses narrow,1,reclassifies nuisance,1,default driven,1,p per,1
monitoring this,1,narrow default,1,nuisance into,1,driven by,1,sortie in,1
this preserves,1,default definitions,1,sla breaking,1,by covenant,1,in certain,1
preserves the,1,definitions b,1,breaking at,1,and schedule,1,certain environments,1
b milestone,1,b find,1,scale use,1,schedule risk,1,environments per,1
but the,1,alternative liquidity,1,practical categorization,1,risk cost,1,customer scaling,1
leads may,1,liquidity even,1,categorization scheme,1,ship now,1,scaling probability,1
may resign,1,even partial,1,scheme controlled,1,now path,1,in n,1
resign over,1,partial to,1,controlled safety,1,path launch,1,n sorties,1
over knowingly,1,reduce lender,1,safety action,1,launch treat,1,sorties is,1
shipping defective,1,lender leverage,1,action severity,1,treat talent,1,n customers,1
defective a,1,leverage existing,1,severity bands,1,loss as,1,with hundreds,1
major mining,1,existing investors,1,bands a,1,an expected,1,hundreds of,1
mining launch,1,investors smaller,1,a clean,1,expected cost,1,sorties will,1
partner expects,1,smaller internal,1,clean way,1,cost c_,1,they operate,1
penalties the,1,internal bridge,1,to record,1,talent approx,1,conditions fleet,1
architect argues,1,bridge on,1,record it,1,exit times,1,fleet scaling,1
argues geofencing,1,on cleaner,1,your risk,1,times text,1,scaling expected,1
non guaranteed,1,cleaner terms,1,risk register,1,text mo,1,expected events,1
guaranteed band,1,terms even,1,register failure,1,mo times,1,events p,1
band aid,1,if priced,1,mode navigation,1,times burn,1,p sorties,1
aid because,1,priced customer,1,navigation lock,1,burn valuation,1,sorties in,1
shift so,1,customer backed,1,loss triggers,1,valuation _hit,1,conditions even,1
so residual,1,backed cash,1,triggers safety,1,_hit hiring,1,even modest,1
residual events,1,cash deposits,1,descend land,1,hiring ramp,1,modest fleets,1
events remain,1,deposits paid,1,land type,1,ramp program,1,fleets generate,1
remain proposal,1,pilots minimum,1,type controlled,1,program _risk,1,generate frequent,1
months hardware,1,minimum volume,1,response not,1,_risk then,1,frequent occurrences,1
the root,1,volume commitments,1,not uncontrolled,1,then add,1,occurrences so,1
root cause,1,commitments carefully,1,uncontrolled failure,1,add the,1,so even,1
cause this,1,carefully drafted,1,failure primary,1,the operational,1,if severity,1
this likely,1,drafted vendor,1,primary impact,1,operational reputation,1,severity is,1
likely preserves,1,vendor supplier,1,class availability,1,reputation tail,1,only s1,1
preserves engineering,1,supplier financing,1,mission reliability,1,risk from,1,s1 likelihood,1
engineering integrity,1,financing for,1,reliability secondary,1,the defect,1,likelihood can,1
integrity and,1,revision venture,1,secondary impact,1,defect at,1,be high,1
and team,1,venture debt,1,class safety,1,scale c_,1,high at,1
team cohesion,1,debt from,1,safety context,1,field approx,1,at scale,1
cohesion but,1,from a,1,context dependent,1,p_ fleet,1,scale making,1
but triggers,1,a reputable,1,dependent then,1,fleet _grounding,1,making it,1
triggers a,1,reputable lender,1,then assign,1,_grounding times,1,it a,1
loan and,1,lender still,1,assign severity,1,c_ grounding,1,a major,1
and risks,1,still tough,1,severity separately,1,grounding c_,1,major product,1
risks market,1,tough but,1,separately for,1,c_ sla,1,product risk,1
market momentum,1,but usually,1,each class,1,sla ops,1,risk recommended,1
momentum investor,1,usually less,1,class a,1,ops total,1,recommended categorization,1
investor dynamics,1,less extractive,1,severity contextual,1,total c_,1,categorization for,1
dynamics my,1,extractive than,1,contextual s0,1,launch approx,1,your case,1
my current,1,than last,1,s0 none,1,talent c_,1,case until,1
current leaning,1,last resort,1,none lands,1,field decision,1,until proven,1
leaning has,1,resort money,1,lands in,1,rule if,1,proven otherwise,1
has been,1,money tranche,1,clear controlled,1,launch c_,1,otherwise unless,1
been proposal,1,tranche financing,1,controlled area,1,bridge delay,1,landing contexts,1
viable under,1,financing take,1,area no,1,delay or,1,contexts treat,1
a penalty,1,take only,1,no load,1,or constrain,1,as primary,1
contract and,1,only what,1,load no,1,constrain release,1,primary category,1
and uncertain,1,need now,1,no people,1,release if,1,category reliability,1
uncertain geofence,1,now unlock,1,people traffic,1,bridge c_,1,reliability availability,1
geofence coverage,1,unlock more,1,traffic nearby,1,launch ship,1,availability risk,1
coverage prefer,1,more after,1,nearby s1,1,ship but,1,risk mission,1
prefer either,1,after technical,1,s1 minor,1,if safety,1,abort secondary,1
either i,1,technical gates,1,minor minor,1,defensible and,1,secondary category,1
i constrained,1,gates c,1,minor property,1,retention is,1,category safety,1
availability with,1,c change,1,property risk,1,is secured,1,risk context,1
odd contract,1,milestone story,1,risk near,1,secured where,1,context dependent,1
outs dynamic,1,story if,1,miss potential,1,where it,1,dependent hazard,1
detection or,1,if investors,1,potential requires,1,likely nets,1,hazard due,1
or ii,1,investors require,1,requires recovery,1,nets out,1,to uncommanded,1
ii delay,1,require launch,1,recovery but,1,out with,1,landing commercial,1
hardware if,1,quarter propose,1,but no,1,facts lose,1,commercial category,1
bound it,1,bounded commercial,1,pathway s2,1,lose them,1,category customer,1
it strongest,1,commercial release,1,s2 major,1,them months,1,customer trust,1
strongest arguments,1,is truthful,1,major credible,1,months is,1,trust sla,1
arguments against,1,truthful supported,1,property pathway,1,is so,1,sla risk,1
against that,1,envelope while,1,pathway exists,1,so large,1,risk repeatable,1
that leaning,1,still pursue,1,exists constrained,1,large that,1,repeatable visible,1
leaning existential,1,pursue the,1,zone near,1,that even,1,failure calling,1
existential financing,1,fix often,1,near personnel,1,a very,1,it just,1
financing risk,1,the harshest,1,personnel vehicles,1,very expensive,1,just a,1
risk dominates,1,harshest bridge,1,deck energized,1,expensive bridge,1,nuisance is,1
dominates everything,1,terms bottom,1,energized equipment,1,the lesser,1,defensible if,1
everything if,1,bottom line,1,equipment s3,1,lesser evil,1,can show,1
truly predatory,1,line predatory,1,s3 severe,1,evil unless,1,show landings,1
predatory and,1,terms don,1,severe catastrophic,1,a future,1,landings occur,1
to trap,1,t automatically,1,catastrophic plausible,1,future series,1,occur only,1
trap kill,1,automatically mean,1,plausible fatality,1,or survival,1,in pre,1
company covenants,1,is reckless,1,fatality or,1,survival unlikely,1,pre approved,1
control repayment,1,reckless they,1,or major,1,unlikely therefore,1,approved safe,1
repayment then,1,they mean,1,major asset,1,therefore the,1,zones corridors,1
then delay,1,delay must,1,asset loss,1,balance currently,1,corridors or,1
for integrity,1,be paired,1,loss pathway,1,currently leans,1,system can,1
integrity can,1,paired with,1,pathway usually,1,leans toward,1,can rtb,1
be irrational,1,that keeps,1,usually implies,1,toward not,1,rtb hold,1
irrational you,1,keeps default,1,implies you,1,not doing,1,hold without,1
you preserve,1,loss probability,1,must prohibit,1,doing a,1,without landing,1
preserve values,1,probability low,1,prohibit that,1,triggers their,1,place or,1
values briefly,1,schedule that,1,envelope entirely,1,their exit,1,or operations,1
briefly and,1,that has,1,entirely until,1,exit i,1,operations are,1
and then,1,has real,1,until fixed,1,e pursue,1,are constrained,1
then lose,1,real slack,1,fixed even,1,pursue a,1,constrained so,1
company in,1,slack delay,1,your tests,1,a a,1,so that,1
that world,1,loan makes,1,tests show,1,rewrite limited,1,a landing,1
world shipping,1,makes failure,1,show no,1,delay with,1,credibly create,1
shipping even,1,failure structural,1,no crash,1,can negotiate,1,create harm,1
even constrained,1,structural i,1,crash you,1,negotiate what,1,harm rare,1
constrained may,1,e one,1,must ask,1,would change,1,rare in,1
only survivable,1,one slip,1,ask does,1,change my,1,offshore without,1
survivable move,1,triggers control,1,hover ever,1,my answer,1,strict procedures,1
move milestone,1,while your,1,ever occur,1,answer the,1,procedures the,1
milestone reality,1,your engineering,1,occur when,1,two flip,1,question that,1
reality a,1,engineering timeline,1,area if,1,flip conditions,1,whether it,1
launch may,1,timeline has,1,if yes,1,conditions bridge,1,s nuisance,1
not count,1,has nontrivial,1,yes safety,1,a trap,1,nuisance vs,1
count investors,1,nontrivial uncertainty,1,severity jumps,1,trap short,1,vs safety,1
and possibly,1,uncertainty shipping,1,jumps b,1,hard milestones,1,relevant where,1
possibly the,1,shipping becomes,1,b service,1,milestones liens,1,can it,1
partner may,1,when you,1,service severity,1,liens veto,1,it land,1
may define,1,mode and,1,severity usually,1,rights such,1,land when,1
define commercial,1,it risks,1,usually what,1,that p_,1,it happens,1
broad availability,1,risks early,1,will punish,1,default is,1,happens and,1
availability or,1,early brand,1,punish r1,1,is high,1,the payload,1
or production,1,and losing,1,r1 minor,1,high you,1,payload energy,1
production use,1,core engineering,1,minor delay,1,t execute,1,energy state,1
use if,1,team which,1,delay automated,1,execute your,1,state at,1
limited release,1,be just,1,automated recovery,1,your way,1,that moment,1
release your,1,just as,1,recovery no,1,way out,1,moment if,1
your preferred,1,as fatal,1,no operator,1,out exit,1,the answer,1
preferred middle,1,fatal as,1,dispatch r2,1,exit risk,1,answer includes,1
middle path,1,as financial,1,r2 mission,1,low the,1,includes near,1
path collapses,1,financial dilution,1,mission aborted,1,leads can,1,people vehicles,1
collapses and,1,bridge s,1,aborted operator,1,be kept,1,vehicles active,1
re forced,1,s top,1,intervention required,1,kept in,1,equipment water,1
forced back,1,top terms,1,required throughput,1,writing with,1,water decks,1
event may,1,milestones default,1,throughput hit,1,bounded release,1,decks roads,1
be commercially,1,remedies control,1,hit r3,1,release even,1,roads then,1
commercially manageable,1,your cash,1,r3 repeated,1,constrained version,1,then it,1
manageable with,1,burn i,1,repeated disruptions,1,version then,1,not purely,1
with ops,1,you estimate,1,disruptions cause,1,then you,1,purely nuisance,1
redundancy because,1,estimate the,1,cause work,1,both bridge,1,landing event,1
controlled landing,1,risk band,1,work stoppage,1,bridge pain,1,event with,1
landing not,1,band and,1,stoppage sla,1,pain and,1,with safety,1
crash you,1,identify which,1,penalties customer,1,loss minimal,1,safety implications,1
can argue,1,term is,1,customer halts,1,minimal inputs,1,implications even,1
argue this,1,biggest recklessness,1,halts deployment,1,inputs needed,1,your control,1
availability issue,1,recklessness multiplier,1,deployment for,1,needed to,1,control logic,1
issue that,1,multiplier don,1,for heavy,1,crisp balance,1,logic is,1
be masked,1,t categorize,1,lift logistics,1,balance call,1,is conservative,1
masked with,1,by outcome,1,logistics auto,1,call reply,1,conservative how,1
with on,1,outcome no,1,land often,1,reply with,1,to report,1
swap rapid,1,crash categorize,1,often lands,1,with monthly,1,report it,1
rapid mttr,1,by hazard,1,lands at,1,runway without,1,it internally,1
mttr processes,1,hazard mission,1,at r2,1,without bridge,1,internally a,1
processes corridor,1,mission effect,1,r2 r3,1,bridge bridge,1,a crisp,1
corridor design,1,effect scale,1,r3 not,1,bridge maturity,1,crisp label,1
design landing,1,scale a,1,not r1,1,covenants milestones,1,label use,1
pads service,1,hover is,1,r1 likelihood,1,milestones security,1,label that,1
operations that,1,a protective,1,in in,1,security lien,1,that forces,1
that maintain,1,protective behavior,1,in exposure,1,on ip,1,forces correct,1
maintain uptime,1,behavior but,1,not low,1,ip assets,1,correct handling,1
system level,1,still a,1,low in,1,assets warrants,1,handling loss,1
level even,1,of required,1,industrial automation,1,warrants dilution,1,navigation leading,1
if an,1,required function,1,automation per,1,dilution control,1,leading to,1
an individual,1,function navigation,1,flight is,1,rights your,1,to precautionary,1
individual drone,1,lock causing,1,frequent in,1,best estimate,1,landing mission,1
drone aborts,1,abort availability,1,in many,1,estimate of,1,abort track,1
aborts if,1,availability dispatch,1,many reliability,1,of p_,1,track as,1
if uptime,1,dispatch failure,1,reliability contexts,1,exit if,1,as abort,1
measured at,1,failure with,1,contexts in,1,is and,1,susceptible environments,1
level a,1,with context,1,industrial operations,1,and if,1,environments unplanned,1
a could,1,context dependent,1,operations even,1,constrained limited,1,unplanned landing,1
could meet,1,dependent safety,1,even a,1,availability release,1,rate outside,1
meet in,1,safety implications,1,a abort,1,release instead,1,safe areas,1
practice talent,1,implications unplanned,1,be painful,1,instead with,1,areas time,1
a forecast,1,landing with,1,painful if,1,with those,1,to recovery,1
forecast not,1,with heavy,1,if flight,1,those i,1,recovery operational,1
a certainty,1,heavy payload,1,flight volume,1,can compute,1,disruption minutes,1
certainty the,1,payload near,1,volume is,1,a break,1,minutes leading,1
is severe,1,near people,1,high classify,1,even p_,1,leading indicators,1
severe but,1,people equipment,1,classify likelihood,1,exit threshold,1,indicators nav,1
still probabilistic,1,water so,1,likelihood with,1,threshold and,1,metric excursions,1
probabilistic leadership,1,right category,1,with exposure,1,which side,1,excursions this,1
leadership could,1,category is,1,exposure explicitly,1,side dominates,1,this keeps,1
could potentially,1,usually operationally,1,explicitly likelihood,1,dominates under,1,keeps engineering,1
potentially retain,1,operationally significant,1,likelihood given,1,under conservative,1,engineering honest,1
retain them,1,significant mission,1,given exposure,1,assumptions what,1,real fault,1
them by,1,mission failure,1,exposure measured,1,new information,1,fault and,1
by explicitly,1,failure dispatch,1,measured keep,1,information changes,1,and keeps,1
explicitly limiting,1,dispatch reliability,1,keep as,1,changes with,1,keeps ops,1
limiting the,1,reliability availability,1,is likelihood,1,with penalty,1,ops honest,1
odd putting,1,with conditional,1,in customer,1,clauses the,1,automatically catastrophic,1
putting the,1,conditional safety,1,customer ops,1,the question,1,catastrophic but,1
immutable schedule,1,hazard potential,1,ops depends,1,longer is,1,operationally expensive,1
schedule empowering,1,potential calling,1,on p_hi,1,safe but,1,expensive and,1
empowering engineering,1,nuisance is,1,p_hi site,1,but can,1,potentially safety,1
engineering with,1,only accurate,1,dependent must,1,we contractually,1,relevant what,1
with stop,1,accurate in,1,be estimated,1,operationally meet,1,what should,1
authority tied,1,narrow subset,1,estimated surveyed,1,meet an,1,trigger as,1
to clear,1,subset of,1,surveyed this,1,an uptime,1,an action,1
clear safety,1,of flights,1,this naturally,1,uptime obligation,1,action threshold,1
gates being,1,flights where,1,naturally leads,1,obligation in,1,threshold at,1
being transparent,1,landing location,1,leads to,1,mining high,1,at minimum,1
transparent with,1,location is,1,to envelope,1,interference magnetic,1,minimum it,1
with customers,1,is guaranteed,1,envelope gating,1,magnetic environments,1,it should,1
customers if,1,guaranteed safe,1,gating you,1,environments are,1,trigger operating,1
team the,1,impact is,1,sites and,1,are also,1,restriction where,1
the biggest,1,is negligible,1,and not,1,also plausibly,1,s allowed,1
biggest knock,1,negligible split,1,emi ones,1,plausibly common,1,allowed to,1
knock on,1,split it,1,ones the,1,common so,1,to fly,1
a weakens,1,into three,1,key question,1,your measured,1,fly runtime,1
weakens delay,1,three risk,1,question is,1,measured in,1,containment improvements,1
delay has,1,risk classes,1,is it,1,in those,1,improvements integrity,1
has second,1,classes by,1,nuisance or,1,those zones,1,monitoring safer,1
second order,1,by context,1,or hazard,1,may translate,1,safer fallback,1
order technical,1,context this,1,hazard precursor,1,translate into,1,fallback than,1
technical and,1,key move,1,precursor treat,1,into frequent,1,than land,1
and market,1,move treat,1,nuisance only,1,frequent mission,1,land here,1
market costs,1,treat safety,1,can guarantee,1,mission interruptions,1,here when,1
costs a,1,land as,1,zone when,1,interruptions translate,1,feasible customer,1
slip can,1,as three,1,it triggers,1,translate reliability,1,disclosure procedures,1
can cascade,1,three different,1,triggers procedurally,1,into enforceable,1,procedures in,1
cascade supplier,1,different events,1,procedurally or,1,enforceable numbers,1,occur a,1
supplier lead,1,events depending,1,or autonomously,1,numbers today,1,decision on,1
times requalification,1,on constraints,1,autonomously the,1,today ask,1,on whether,1
requalification competitor,1,constraints class,1,low enough,1,ask them,1,the acceptable,1
competitor advantage,1,class a,1,to meet,1,them and,1,acceptable residual,1
advantage customer,1,a contained,1,explicit dispatch,1,and define,1,is s1,1
customer churn,1,contained mission,1,reliability mission,1,define in,1,s1 high,1
churn and,1,abort true,1,success slo,1,contract availability,1,high frequency,1
and demoralization,1,true nuisance,1,slo the,1,availability target,1,frequency business,1
demoralization also,1,nuisance criteria,1,the operational,1,target e,1,business pain,1
also hardware,1,criteria all,1,operational cost,1,g uptime,1,pain or,1
hardware changes,1,all must,1,of an,1,uptime over,1,or s2,1
changes can,1,must hold,1,an event,1,over what,1,s2 s3,1
can introduce,1,hold landing,1,event is,1,what window,1,s3 low,1
introduce new,1,is confined,1,is bounded,1,window monthly,1,low frequency,1
new integration,1,confined to,1,and acceptable,1,monthly quarterly,1,frequency safety,1
integration regression,1,cleared controlled,1,acceptable to,1,quarterly what,1,governance pain,1
regression risks,1,controlled footprint,1,customers if,1,what counts,1,pain if,1
risks so,1,footprint e,1,are false,1,downtime aircraft,1,whether landings,1
so delay,1,g designated,1,false categorize,1,aircraft unavailable,1,landings can,1
delay certainty,1,designated landing,1,categorize it,1,unavailable mission,1,occur outside,1
certainty is,1,zones only,1,as operationally,1,mission aborted,1,and typical,1
not guaranteed,1,only payload,1,operationally hazardous,1,aborted payload,1,typical proximity,1
guaranteed if,1,state is,1,hazardous not,1,payload late,1,to personnel,1
page decision,1,safe no,1,not because,1,late whole,1,personnel equipment,1
decision table,1,no suspended,1,it crashes,1,whole system,1,equipment during,1
table with,1,suspended loads,1,crashes but,1,system down,1,during missions,1
a probability,1,loads stable,1,but because,1,down measurement,1,missions i,1
weighted outcomes,1,stable cg,1,forces unplanned,1,measurement boundary,1,you place,1
outcomes for,1,cg no,1,landings in,1,boundary per,1,place it,1
a b,1,no load,1,where unplanned,1,per drone,1,it on,1
b constrained,1,load release,1,landings are,1,drone per,1,on a,1
the specific,1,release modes,1,are inherently,1,site or,1,a severity,1
specific facts,1,modes that,1,inherently risky,1,per service,1,likelihood matrix,1
facts you,1,that complicate,1,risky or,1,service fleet,1,matrix that,1
to measure,1,complicate landing,1,or costly,1,fleet exclusions,1,your safety,1
measure this,1,landing minimal,1,costly a,1,exclusions weather,1,safety minded,1
week to,1,minimal secondary,1,crisp categorization,1,weather customer,1,minded engineers,1
to pick,1,secondary effects,1,categorization you,1,comms outages,1,engineers and,1
pick confidently,1,effects no,1,adopt for,1,outages restricted,1,your go,1
confidently that,1,no blocking,1,for chimera,1,restricted areas,1,to market,1
that news,1,blocking critical,1,chimera today,1,areas emi,1,market team,1
news increases,1,critical routes,1,today a,1,zones maintenance,1,team will,1
increases the,1,routes pads,1,defensible label,1,windows until,1,will both,1
the strategic,1,pads rapid,1,is controlled,1,until you,1,both accept,1
strategic value,1,rapid recovery,1,protective failure,1,pin this,1,accept with,1
value of,1,recovery if,1,failure leading,1,this down,1,the information,1
of being,1,true severity,1,leading to,1,down is,1,information you,1
market this,1,typically minor,1,to mission,1,is an,1,ve given,1
t remove,1,minor ops,1,abort high,1,an unlimited,1,given the,1
remove the,1,ops nuisance,1,availability risk,1,unlimited liability,1,balance leans,1
the two,1,nuisance class,1,risk safety,1,liability phrase,1,leans toward,1
two hard,1,class b,1,low to,1,phrase do,1,toward avoid,1
hard constraints,1,b operationally,1,to major,1,do the,1,avoid triggering,1
constraints you,1,major disruption,1,major depending,1,quick expected,1,triggering resignations,1
you already,1,disruption applies,1,on landing,1,downtime math,1,resignations unless,1
already have,1,following are,1,landing context,1,math so,1,can credibly,1
have enforceable,1,true unplanned,1,context unacceptable,1,not negotiating,1,them via,1
enforceable reliability,1,landing can,1,unacceptable in,1,negotiating blind,1,via a,1
reliability under,1,outside designated,1,envelope unless,1,blind you,1,envelope written,1
under penalty,1,designated zones,1,unless bounded,1,need two,1,case explicit,1
an honest,1,zones even,1,bounded by,1,two inputs,1,explicit hardware,1
honest safety,1,slowly recovery,1,by site,1,inputs you,1,plan the,1
safety odd,1,recovery consumes,1,and safe,1,likely already,1,reason is,1
odd story,1,consumes meaningful,1,landing assurance,1,already can,1,is structural,1
story your,1,meaningful time,1,assurance if,1,can estimate,1,structural a,1
core engineers,1,time or,1,me typical,1,of missions,1,is expensive,1
what changes,1,or blocks,1,typical mission,1,missions in,1,expensive but,1
changes because,1,blocks operations,1,mission profiles,1,conditions at,1,but bounded,1
because skyhaul,1,operations pad,1,profiles payload,1,mine tevent,1,bounded losing,1
skyhaul slipped,1,pad occupancy,1,payload state,1,tevent average,1,leads is,1
slipped upside,1,occupancy access,1,state during,1,average downtime,1,is an,1
upside of,1,access restrictions,1,during hover,1,downtime minutes,1,an unbounded,1
shipping something,1,restrictions offshore,1,land landing,1,minutes per,1,unbounded schedule,1
something now,1,offshore deck,1,constraints presence,1,per safety,1,quality risk,1
now goes,1,deck constraints,1,presence of,1,event recovery,1,risk that,1
up mindshare,1,constraints it,1,of people,1,recovery reset,1,can exceed,1
mindshare customer,1,it causes,1,offshore vs,1,reset reschedule,1,exceed the,1
customer pull,1,causes repeated,1,vs onshore,1,reschedule expected,1,the month,1
pull pricing,1,repeated aborts,1,onshore and,1,downtime per,1,and jeopardize,1
power partner,1,aborts in,1,you assign,1,month downtime,1,jeopardize series,1
partner lock,1,in expected,1,assign concrete,1,downtime approx,1,anyway why,1
in stronger,1,expected environments,1,concrete s0,1,approx text,1,why that,1
stronger series,1,environments this,1,s0 s3,1,text missions,1,that balance,1
b narrative,1,usually major,1,s3 and,1,month times,1,balance likely,1
narrative cost,1,major in,1,and r1,1,times phi,1,likely holds,1
a visible,1,in operational,1,r1 r3,1,phi times,1,holds given,1
visible reliability,1,operational severity,1,r3 ratings,1,times times,1,your facts,1
reliability stumble,1,severity even,1,ratings and,1,times tevent,1,facts you,1
stumble also,1,if physical,1,and set,1,tevent even,1,an estimate,1
also goes,1,physical safety,1,slo threshold,1,if tevent,1,estimate losing,1
up with,1,safety remains,1,threshold that,1,tevent is,1,losing them,1
the spotlight,1,remains controlled,1,matches customer,1,only minutes,1,them sets,1
spotlight on,1,controlled class,1,customer tolerance,1,minutes at,1,sets the,1
on you,1,class c,1,tolerance what,1,scale this,1,roadmap back,1
you an,1,c safety,1,balance likely,1,can breach,1,back months,1
an operationally,1,relevant hazard,1,likely looks,1,breach aggressive,1,months that,1
operationally disruptive,1,hazard applies,1,like right,1,aggressive availability,1,s longer,1
disruptive autonomous,1,can plausibly,1,right now,1,and trigger,1,longer than,1
autonomous system,1,plausibly lead,1,now with,1,trigger penalties,1,likely worse,1
system that,1,to landing,1,current facts,1,penalties especially,1,worse for,1
that intermittently,1,landing near,1,facts if,1,if penalties,1,for fundraising,1
intermittently lands,1,over people,1,are credible,1,are tied,1,fundraising than,1
lands can,1,people vehicles,1,credible about,1,production impact,1,than dilution,1
can define,1,vehicles power,1,about resigning,1,impact not,1,dilution especially,1
define the,1,power lines,1,resigning not,1,not your,1,especially if,1
the category,1,lines active,1,not posturing,1,your internal,1,if customers,1
category and,1,active equipment,1,posturing that,1,internal time,1,customers also,1
your brand,1,water edge,1,that risk,1,to recover,1,also experience,1
brand early,1,edge of,1,risk usually,1,recover practical,1,experience visible,1
early implication,1,of platform,1,usually dominates,1,practical implication,1,visible mission,1
implication for,1,platform scenarios,1,loan because,1,implication you,1,in autonomy,1
b this,1,scenarios offshore,1,it threatens,1,sla under,1,autonomy heavy,1
this weakens,1,offshore where,1,threatens the,1,is if,1,heavy systems,1
weakens the,1,where slow,1,the ability,1,ship with,1,systems those,1
the case,1,descent can,1,to fix,1,environment triggered,1,those specific,1
a pure,1,still mean,1,the issue,1,triggered abort,1,specific people,1
pure month,1,mean loss,1,issue ship,1,and sign,1,people often,1
delay if,1,of asset,1,ship rev,1,re betting,1,often hold,1
do a,1,asset secondary,1,b support,1,these being,1,hold critical,1
is contractually,1,secondary hazards,1,support early,1,being true,1,critical system,1
defensible it,1,any situation,1,and hit,1,true the,1,system glue,1
not make,1,situation where,1,hit the,1,s phi,1,glue knowledge,1
make geofence,1,an uncommanded,1,next financing,1,is near,1,knowledge replacement,1
only sla,1,uncommanded descent,1,b money,1,near zero,1,replacement isn,1
penalties suddenly,1,descent meaningfully,1,money in,1,zero unlikely,1,just hiring,1
suddenly viable,1,meaningfully reduces,1,the bank,1,unlikely without,1,hiring cost,1
viable the,1,reduces safety,1,bank but,1,without survey,1,cost it,1
the shifting,1,safety margins,1,terms include,1,survey or,1,s relearning,1
interference argument,1,margins this,1,include control,1,geofence fully,1,relearning cycles,1
argument still,1,be hazardous,1,control repayment,1,fully prevents,1,cycles new,1
still stands,1,hazardous even,1,repayment features,1,prevents exposure,1,new bugs,1
stands best,1,crash because,1,features that,1,exposure often,1,bugs slower,1
best move,1,the credible,1,that materially,1,often unenforceable,1,slower certification,1
move now,1,case matters,1,materially reduce,1,unenforceable with,1,certification validation,1
to capture,1,matters your,1,later a,1,with transient,1,validation and,1
capture the,1,your categorization,1,trap then,1,transient emi,1,and morale,1
the open,1,categorization should,1,then delaying,1,emi or,1,morale contagion,1
open market,1,should explicitly,1,delaying on,1,penalty regime,1,contagion a,1
market without,1,explicitly state,1,that bridge,1,regime is,1,causes senior,1
without betting,1,state which,1,more dangerous,1,capped forgiving,1,senior technical,1
betting the,1,which class,1,dangerous than,1,forgiving rare,1,technical exits,1
company pursue,1,class es,1,it appears,1,in major,1,exits also,1
pursue a,1,es chimera,1,appears so,1,major miner,1,also signals,1
a two,1,enter given,1,balance is,1,miner paper,1,signals to,1
two track,1,given current,1,not loan,1,paper that,1,to investors,1
track plan,1,constraints re,1,loan cost,1,an asymmetric,1,customers that,1
plan ship,1,re express,1,cost vs,1,asymmetric downside,1,that governance,1
ship a,1,express correctly,1,vs salary,1,downside one,1,weak which,1
release this,1,correctly it,1,salary replacement,1,one month,1,which can,1
quarter site,1,s conditional,1,replacement it,1,month of,1,can reduce,1
qualification enforced,1,conditional and,1,s loan,1,of frequent,1,reduce valuation,1
just static,1,and exposure,1,loan structure,1,frequent events,1,valuation or,1
static geofences,1,exposure driven,1,structure vs,1,can wipe,1,or kill,1
geofences you,1,driven right,1,vs company,1,wipe out,1,round even,1
guarantee service,1,have p,1,company survivability,1,out margin,1,you technically,1
led deployment,1,event high,1,survivability and,1,margin and,1,technically ship,1
deployment redundancy,1,interference zone,1,execution probability,1,and credibility,1,the minimal,1
uptime in,1,zone what,1,probability a,1,credibility best,1,minimal model,1
practice rewrite,1,what matters,1,concrete way,1,best next,1,model to,1
rewrite the,1,matters commercially,1,balance in,1,next move,1,make this,1
agreement ramp,1,commercially is,1,in minutes,1,move restructure,1,this precise,1
period defined,1,the unconditional,1,minutes define,1,restructure the,1,precise you,1
envelope penalty,1,unconditional and,1,define two,1,customer launch,1,can fill,1
exclusions continue,1,specific rate,1,two probability,1,a paid,1,fill numbers,1
continue the,1,rate p,1,weighted costs,1,paid pilot,1,numbers in,1
revision on,1,event p,1,costs expected,1,with bounded,1,in today,1
fixed schedule,1,p high,1,delaying bridge,1,bounded sla,1,today compare,1
a customer,1,exposure two,1,bridge e_bridge,1,sla go,1,compare expected,1
customer retrofit,1,two sites,1,e_bridge p,1,back within,1,expected months,1
commitment use,1,sites with,1,b fails,1,within hours,1,months to,1
the competitor,1,same drone,1,fails company,1,hours with,1,to stable,1
competitor delay,1,drone can,1,company failure,1,a proposal,1,stable revenue,1
as leverage,1,can have,1,failure cost,1,proposal that,1,revenue series,1
leverage immediately,1,have radically,1,cost p,1,that keeps,1,b quality,1
immediately investors,1,radically different,1,b succeeds,1,keeps the,1,quality story,1
investors redefine,1,different real,1,succeeds economic,1,relationship and,1,story path,1
redefine commercial,1,real world,1,cost practical,1,and de,1,path a,1
as paid,1,world rates,1,practical proxy,1,de risks,1,now time,1
odd signed,1,rates depending,1,proxy what,1,risks both,1,time benefit,1
signed customers,1,on how,1,actually estimate,1,both sides,1,benefit months,1
customers revenue,1,how often,1,estimate dilution,1,sides a,1,months on,1
revenue not,1,often they,1,conversion incl,1,a convert,1,time add,1
ga mining,1,they operate,1,incl discount,1,acceptance phase,1,text key,1
partner they,1,operate near,1,fees governance,1,pilot entry,1,resignations times,1
they want,1,near interference,1,governance control,1,limited routes,1,s estimate,1
want a,1,interference so,1,control veto,1,routes areas,1,estimate add,1
a vendor,1,so risk,1,veto rights,1,areas supervised,1,risk customer,1
vendor now,1,risk categorization,1,rights board,1,ops explicit,1,visible aborts,1
now trade,1,categorization must,1,board seat,1,zones no,1,aborts churn,1
trade urgency,1,be per,1,seat operating,1,you provide,1,churn rework,1
urgency for,1,profile per,1,operating covenants,1,provide service,1,rework field,1
for sane,1,site class,1,covenants refinance,1,credits or,1,firefighting often,1
sane sla,1,class not,1,risk probability,1,or extended,1,often increases,1
sla structure,1,single global,1,probability the,1,extended support,1,increases resignation,1
acceptance plan,1,global number,1,bridge makes,1,support instead,1,resignation probability,1
plan if,1,number use,1,makes series,1,instead phase,1,probability path,1
partner won,1,use two,1,b harder,1,phase operational,1,path b,1
t adjust,1,two parallel,1,harder higher,1,operational uptime,1,bridge base,1
adjust the,1,parallel labels,1,higher down,1,sla begins,1,base delay,1
sla penalty,1,labels internally,1,round risk,1,after meeting,1,add schedule,1
penalty structure,1,internally one,1,if refinance,1,metrics over,1,schedule risk,1
t add,1,for safety,1,high treat,1,over n,1,text delay,1
add an,1,safety one,1,a large,1,hours phase,1,delay slips,1
enforceable dynamic,1,for reliability,1,large term,1,phase ga,1,slips times,1
dynamic interference,1,reliability you,1,term in,1,ga expands,1,times text,1
detection gate,1,want both,1,in e_bridge,1,envelope after,1,text slip,1
gate quickly,1,both because,1,e_bridge even,1,after hardware,1,slip months,1
quickly then,1,because they,1,if nominal,1,validation b,1,add financial,1
market opening,1,they drive,1,nominal dilution,1,b add,1,financial cost,1
opening doesn,1,drive different,1,dilution looks,1,add contract,1,cost dilution,1
t change,1,different decisions,1,looks tolerable,1,contract protections,1,dilution interest,1
the conclusion,1,decisions safety,1,tolerable expected,1,protections that,1,interest covenants,1
conclusion you,1,safety label,1,to secure,1,reality cap,1,covenants bounded,1
sign up,1,label severity,1,b with,1,and service,1,bounded but,1
up for,1,based use,1,with resignation,1,cap not,1,but may,1
for unbounded,1,use a,1,risk e_talent_launch,1,not production,1,reduce future,1
downtime liability,1,a standard,1,e_talent_launch p,1,through define,1,fundability if,1
liability even,1,standard severity,1,resign month,1,downtime precisely,1,if extreme,1
the runway,1,severity ladder,1,month slip,1,precisely exclude,1,extreme a,1
runway it,1,ladder minor,1,slip value,1,exclude mission,1,quick tipping,1
it buys,1,minor major,1,value loss,1,abort with,1,tipping point,1
buys market,1,major hazardous,1,loss p,1,landing from,1,point check,1
market position,1,hazardous catastrophic,1,p no,1,from penalty,1,check on,1
position is,1,catastrophic and,1,no resign,1,penalty or,1,recover alone,1
is worth,1,and assign,1,resign operational,1,or treat,1,gtrsim then,1
worth the,1,assign severity,1,operational reputation,1,a lower,1,expected schedule,1
incremental enterprise,1,on credible,1,reputation cost,1,lower severity,1,schedule hit,1
value ev,1,case in,1,defect minimum,1,severity event,1,hit from,1
ev you,1,not marketing,1,minimum components,1,event with,1,is times,1
you gain,1,language reliability,1,components to,1,with separate,1,months already,1
gain from,1,ops label,1,to price,1,separate credit,1,already comparable,1
from being,1,label dispatch,1,price p,1,credit schedule,1,comparable to,1
market earlier,1,dispatch based,1,resign you,1,schedule planned,1,to b,1
earlier minus,1,based track,1,bound this,1,planned maintenance,1,b before,1
minus the,1,track it,1,this by,1,windows and,1,you price,1
incremental downside,1,as mission,1,by getting,1,and emergency,1,price in,1
downside risk,1,rate per,1,getting a,1,emergency grounding,1,in quality,1
penalties reputational,1,mission per,1,written statement,1,grounding rights,1,quality and,1
reputational hits,1,hour mean,1,of conditions,1,rights explicit,1,reputation effects,1
hits talent,1,time between,1,for sign,1,envelope attachments,1,effects if,1
loss you,1,between mission,1,refuse assume,1,attachments sites,1,gtrsim a,1
can estimate,1,mission impacting,1,assume higher,1,areas routes,1,a s,1
estimate it,1,impacting events,1,higher p,1,routes if,1,s expected,1
it fast,1,p95 this,1,p slip,1,they refuse,1,expected hit,1
fast with,1,what customers,1,slip impact,1,any staging,1,hit is,1
small set,1,customers feel,1,impact lost,1,staging and,1,is months,1
set of,1,feel day,1,lost revenue,1,on penalties,1,and typically,1
of inputs,1,day to,1,revenue lost,1,immediately that,1,typically dominates,1
inputs a,1,to day,1,lost customer,1,strong signal,1,dominates what,1
a practical,1,day practically,1,trust delayed,1,signal you,1,do right,1
practical way,1,practically even,1,delayed roadmap,1,first launch,1,now to,1
to price,1,if safety,1,roadmap recruiting,1,partner under,1,to locate,1
price the,1,safety severity,1,recruiting onboarding,1,current technical,1,locate the,1
the window,1,is minor,1,onboarding time,1,technical state,1,balance definitively,1
window treat,1,minor dispatch,1,time increased,1,state operational,1,definitively hour,1
treat skyhaul,1,dispatch severity,1,increased incident,1,operational mitigations,1,hour answer,1
skyhaul s,1,severity can,1,rate support,1,mitigations if,1,answer get,1
s delay,1,be major,1,support burden,1,you proceed,1,binary from,1
as giving,1,major what,1,burden plus,1,with them,1,architect if,1
giving you,1,this likely,1,plus increased,1,them at,1,ship under,1
you a,1,likely is,1,a future,1,at all,1,commercial envelope,1
a lead,1,is for,1,future down,1,all still,1,envelope with,1
lead time,1,chimera today,1,round because,1,a substitute,1,exclusions customer,1
time l,1,today given,1,because execution,1,substitute for,1,disclosure signed,1
l months,1,your description,1,slows the,1,fix to,1,signed safety,1
months during,1,description with,1,even inequality,1,to survive,1,case committed,1
during which,1,with momentary,1,inequality simple,1,survive early,1,yes the,1
which you,1,momentary lock,1,simple and,1,early mining,1,moves toward,1
customers you,1,slow descend,1,and actionable,1,mining deployments,1,toward shipping,1
you might,1,descend to,1,actionable launching,1,deployments you,1,shipping in,1
might not,1,and heavy,1,worth it,1,d typically,1,controlled scope,1
not win,1,lift industrial,1,it only,1,typically need,1,scope option,1
win later,1,industrial contexts,1,if p,1,need fleet,1,c and,1
later step,1,contexts the,1,resign cost_slip,1,redundancy spare,1,and avoiding,1
step estimate,1,the conservative,1,cost_slip cost_defect_ops,1,spare aircraft,1,avoiding the,1
estimate incremental,1,conservative categorization,1,cost_defect_ops cost_bridge_total,1,aircraft on,1,or shrinking,1
incremental locked,1,categorization is,1,cost_bridge_total bridge_refinance_risk_cost,1,site hot,1,shrinking it,1
locked arr,1,is reliability,1,bridge_refinance_risk_cost where,1,hot swappable,1,no the,1
arr from,1,ops major,1,where cost_slip,1,swappable parts,1,moves strongly,1
the lead,1,major mission,1,cost_slip is,1,parts batteries,1,strongly toward,1
lead compute,1,abort service,1,not payroll,1,batteries and,1,because a,1
compute the,1,service affecting,1,payroll it,1,and trained,1,likely detonates,1
the arr,1,affecting until,1,the enterprise,1,trained recovery,1,detonates capability,1
arr you,1,prove it,1,value hit,1,recovery staff,1,capability classify,1
ll win,1,s rare,1,of losing,1,staff real,1,as survivable,1
win because,1,recovery is,1,technical spine,1,time monitoring,1,vs company,1
because you,1,is quick,1,spine often,1,monitoring rapid,1,company killing,1
now rather,1,quick safety,1,often catastrophic,1,rapid restart,1,killing by,1
than months,1,safety minor,1,catastrophic for,1,restart procedure,1,by pulling,1
months later,1,minor to,1,for autonomy,1,procedure pre,1,pulling terms,1
later delta,1,to hazardous,1,companies bridge_refinance_risk_cost,1,pre surveyed,1,security lien,1
arr n_,1,hazardous depending,1,bridge_refinance_risk_cost is,1,surveyed safe,1,ip default,1
n_ sites,1,on landing,1,the hidden,1,and enforced,1,triggers consent,1
sites times,1,landing containment,1,hidden killer,1,enforced corridors,1,rights warrant,1
times arr,1,guarantee landing,1,killer if,1,corridors instrumentation,1,warrant dilution,1
site times,1,landing only,1,s near,1,instrumentation to,1,dilution stack,1
times p,1,in safe,1,near zero,1,to detect,1,stack maturity,1
p text,1,safe pre,1,zero ugly,1,detect emi,1,to raise,1
text win,1,cleared zones,1,dilution may,1,and preemptively,1,b while,1
win now,1,and safe,1,rational what,1,preemptively reroute,1,while it,1
now lose,1,safe payload,1,as default,1,reroute return,1,s outstanding,1
lose later,1,state you,1,default without,1,return if,1,outstanding if,1
later key,1,as safety,1,without extra,1,if feasible,1,it blocks,1
key driver,1,relevant not,1,extra numbers,1,feasible these,1,a takeover,1
driver is,1,not merely,1,numbers if,1,these reduce,1,takeover path,1
is switching,1,merely nuisance,1,your architect,1,reduce downtime,1,path reinterpret,1
switching cost,1,nuisance the,1,leads are,1,downtime impact,1,reinterpret the,1
cost lock,1,the decisive,1,are pivotal,1,impact but,1,the milestone,1
in if,1,decisive question,1,pivotal and,1,but do,1,milestone with,1
if deployments,1,question to,1,and serious,1,not eliminate,1,investors if,1
deployments become,1,to settle,1,serious and,1,the underlying,1,can mean,1
become embedded,1,settle nuisance,1,get them,1,underlying risk,1,mean paid,1
embedded into,1,nuisance vs,1,scoped truthful,1,risk decision,1,can often,1
into ops,1,vs serious,1,truthful limited,1,impact on,1,often avoid,1
with contracts,1,serious can,1,availability release,1,b this,1,avoid both,1
contracts integration,1,guarantee with,1,release then,1,this pushes,1,both extremes,1
integration p,1,that when,1,delay even,1,pushes the,1,extremes bottom,1
p can,1,event triggers,1,with painful,1,balance away,1,your stated,1
high if,1,system will,1,painful terms,1,broad on,1,stated month,1
if customers,1,will detect,1,terms unless,1,and toward,1,month talent,1
customers can,1,to reposition,1,unless the,1,toward either,1,talent impact,1
can trial,1,footprint or,1,bridge is,1,either limited,1,impact talent,1
trial both,1,or only,1,them via,1,acceptance or,1,loss is,1
both and,1,only operate,1,via a,1,or delay,1,likely the,1
and switch,1,operate where,1,sign survey,1,shielding before,1,dominant risk,1
switch easily,1,landing point,1,survey gated,1,before signing,1,risk unless,1
easily p,1,point is,1,gated envelope,1,signing strict,1,can neutralize,1
p is,1,acceptable rare,1,exclusions true,1,mining environments,1,neutralize it,1
low step,1,in industry,1,true claims,1,environments immediate,1,defensible constrained,1
step convert,1,industry and,1,claims then,1,immediate questions,1,launch so,1
convert incremental,1,do so,1,toward launching,1,questions to,1,balance right,1
incremental arr,1,so with,1,launching in,1,crisp recommendation,1,now points,1
arr to,1,the payload,1,constrained way,1,recommendation what,1,points to,1
to enterprise,1,payload in,1,way and,1,structure per,1,to don,1
value use,1,safe configuration,1,and avoiding,1,per minute,1,broadly in,1
use a,1,configuration if,1,avoiding the,1,minute per,1,resignations either,1
a realistic,1,the answer,1,bridge the,1,hour per,1,only within,1
realistic forward,1,guaranteed categorize,1,the numbers,1,per incident,1,a provably,1
forward arr,1,categorize it,1,numbers that,1,incident capped,1,provably safe,1
multiple for,1,as operationally,1,that would,1,capped uncapped,1,safe qualified,1
your stage,1,major and,1,would let,1,uncapped tied,1,that keeps,1
stage often,1,and safety,1,let me,1,production what,1,keeps the,1
often a,1,relevant even,1,me or,1,expected missions,1,team or,1
a range,1,ve never,1,call it,1,missions day,1,and fight,1
range e,1,never seen,1,cleanly bridge,1,day and,1,fight hard,1
g arr,1,seen a,1,bridge discount,1,and acceptable,1,to replace,1
arr sometimes,1,crash if,1,fees maturity,1,acceptable recovery,1,replace the,1
sometimes higher,1,whether chimera,1,maturity interest,1,time can,1,a less,1
higher lower,1,chimera ever,1,interest seniority,1,run an,1,toxic financing,1
lower depending,1,ever flies,1,seniority bridge,1,an emi,1,would accept,1
on margins,1,flies with,1,bridge covenants,1,emi site,1,envelope launch,1
margins growth,1,with suspended,1,control budget,1,survey this,1,launch i,1
growth defensibility,1,suspended external,1,budget approval,1,week to,1,you which,1
defensibility delta,1,external loads,1,approval hiring,1,phi and,1,which side,1
approx delta,1,loads b,1,hiring freeze,1,and map,1,side dominates,1
times multiple,1,b how,1,freeze product,1,map transient,1,dominates with,1
multiple step,1,how tightly,1,product veto,1,transient sources,1,with much,1
step add,1,tightly you,1,veto runway,1,sources if,1,much higher,1
add the,1,can constrain,1,runway today,1,ll suggest,1,higher confidence,1
the momentum,1,constrain landing,1,today and,1,suggest specific,1,confidence this,1
momentum premium,1,c whether,1,burn after,1,redlines that,1,this changes,1
premium being,1,outside geofenced,1,after immediate,1,service rollout,1,the problem,1
being the,1,geofenced areas,1,immediate cuts,1,rollout while,1,problem materially,1
the perceived,1,areas i,1,cuts rev,1,while preserving,1,materially you,1
perceived leader,1,you assign,1,b schedule,1,preserving the,1,re no,1
also increase,1,assign a,1,confidence p50,1,relationship yes,1,longer debating,1
increase pricing,1,a clean,1,p90 p,1,it materially,1,debating an,1
power higher,1,clean severity,1,resign if,1,reduces the,1,internal defect,1
higher arr,1,severity class,1,ship as,1,the viability,1,defect tolerance,1
site sales,1,class and,1,as proposed,1,viability of,1,tolerance you,1
sales velocity,1,and define,1,proposed a,1,as originally,1,can truthfully,1
velocity lower,1,define a,1,a and,1,originally framed,1,truthfully warrant,1
lower cac,1,measurable acceptable,1,and p,1,framed launch,1,warrant availability,1
cac fundraising,1,acceptable abort,1,resign under,1,patch unless,1,availability in,1
fundraising valuation,1,rate for,1,launch for,1,can renegotiate,1,environment that,1
valuation higher,1,for launch,1,for first,1,contract into,1,likely amplifies,1
higher multiple,1,launch right,1,first customers,1,service or,1,amplifies the,1
multiple you,1,with what,1,expected exposure,1,or remove,1,mode under,1
can approximate,1,ve said,1,exposure to,1,remove reshape,1,under liquidated,1
approximate this,1,said the,1,to high,1,reshape the,1,damages reliability,1
as an,1,balance leans,1,interference to,1,exposure why,1,reliability must,1
an uplift,1,leans toward,1,estimate defect,1,it changes,1,be converted,1
uplift on,1,toward protecting,1,defect ops,1,changes viability,1,converted into,1
multiple e,1,protecting the,1,ops cost,1,viability mining,1,a measurable,1
g turns,1,and product,1,bridge term,1,mining is,1,measurable sla,1
turns if,1,integrity unless,1,term summary,1,likely high,1,sla you,1
if leadership,1,loan s,1,summary and,1,interference often,1,meet mining,1
leadership is,1,s terms,1,best estimate,1,often so,1,customers often,1
and durable,1,terms make,1,of how,1,your conditional,1,often say,1
durable quick,1,make default,1,how real,1,rate may,1,say as,1
quick example,1,loss plausibly,1,real the,1,may become,1,as shorthand,1
example illustrative,1,plausibly likely,1,the resignations,1,become a,1,shorthand you,1
illustrative substitute,1,likely or,1,resignations are,1,a frequent,1,need it,1
substitute your,1,schedule risk,1,are e,1,frequent event,1,it expressed,1
your numbers,1,high enough,1,g chance,1,rate in,1,expressed as,1
numbers if,1,ll trip,1,chance i,1,in their,1,as availability,1
now lets,1,trip covenants,1,even line,1,their operating,1,availability target,1
at 750k,1,covenants the,1,line explicitly,1,envelope penalty,1,target e,1
750k arr,1,reason losing,1,tell you,1,clauses convert,1,g over,1
site and,1,typically not,1,you which,1,reliability events,1,a measurement,1
you believe,1,a cost,1,which side,1,direct cash,1,measurement window,1
believe of,1,cost it,1,side is,1,cash liabilities,1,window monthly,1
those would,1,a capability,1,is favored,1,liabilities and,1,monthly quarterly,1
would otherwise,1,capability collapse,1,favored under,1,potentially uncapped,1,quarterly what,1
otherwise be,1,collapse that,1,under reasonable,1,uncapped downside,1,what counts,1
be lost,1,that converts,1,reasonable ranges,1,downside so,1,counts as,1
lost once,1,converts a,1,ranges this,1,so even,1,downtime per,1
once skyhaul,1,delay into,1,this changes,1,safe descents,1,per drone,1
skyhaul returns,1,month slip,1,re no,1,descents can,1,drone per,1
returns delta,1,slip with,1,longer debating,1,become financially,1,mission per,1
times times,1,a weaker,1,debating defect,1,financially and,1,per ton,1
times 0m,1,weaker safety,1,defect vs,1,and reputationally,1,ton delivered,1
0m at,1,culture and,1,vs no,1,reputationally catastrophic,1,delivered exclusions,1
approx 24m,1,a harder,1,no defect,1,catastrophic geofence,1,exclusions weather,1
24m if,1,harder series,1,defect you,1,geofence mitigation,1,weather gnss,1
if instead,1,b anyway,1,re debating,1,not robust,1,gnss denial,1
instead you,1,anyway how,1,debating can,1,robust enough,1,denial customer,1
at 1m,1,to locate,1,we meet,1,to underwrite,1,caused issues,1
1m arr,1,locate the,1,sla with,1,underwrite a,1,issues restricted,1
site with,1,balance precisely,1,clauses safe,1,a sla,1,maintenance safety,1
with lock,1,precisely a,1,hover then,1,sla unless,1,conditions remedy,1
in delta,1,model you,1,is billable,1,the interference,1,remedy structure,1
arr 12m,1,can build,1,billable downtime,1,are stable,1,structure service,1
12m at,1,build today,1,a breach,1,stable fully,1,credits vs,1
approx 120m,1,today compare,1,it exceeds,1,fully mapped,1,vs cash,1
120m that,1,compare two,1,exceeds the,1,mapped and,1,penalties caps,1
that range,1,two month,1,s availability,1,enforceable with,1,contract literally,1
range is,1,month scenarios,1,availability definition,1,margin often,1,literally penalizes,1
is why,1,scenarios on,1,definition key,1,often false,1,penalizes any,1
the worth,1,same axes,1,key reality,1,false in,1,any downtime,1
worth can,1,axes cash,1,reality reliability,1,in mines,1,downtime with,1
can swing,1,cash probability,1,in contracts,1,mines what,1,no exclusions,1
swing massively,1,of ruin,1,contracts usually,1,a would,1,caps signing,1
massively based,1,ruin and,1,usually maps,1,would need,1,signing it,1
a few,1,and probability,1,maps to,1,remain viable,1,it while,1
few assumptions,1,of successful,1,to availability,1,viable proposal,1,while knowing,1
assumptions the,1,successful series,1,availability e,1,is viable,1,knowing a,1
the crucial,1,b a,1,g uptime,1,viable only,1,a abort,1
crucial offset,1,loan compute,1,uptime and,1,change it,1,abort exists,1
offset expected,1,compute financial,1,and response,1,from phased,1,exists in,1
expected downside,1,financial and,1,response restore,1,phased launch,1,in relevant,1
downside of,1,and control,1,restore times,1,launch to,1,relevant conditions,1
shipping imperfectly,1,control cost,1,times not,1,to contractually,1,conditions is,1
imperfectly against,1,cost cash,1,not it,1,bounded limited,1,risk translate,1
against delta,1,cash cost,1,crash translate,1,availability rewrite,1,rate into,1
ev subtract,1,cost interest,1,translate your,1,rewrite sla,1,into expected,1
subtract risk,1,warrants convert,1,your failure,1,penalties start,1,downtime so,1
risk adjusted,1,convert to,1,mode into,1,start only,1,so everyone,1
adjusted costs,1,to and,1,into expected,1,qualification period,1,everyone sees,1
costs that,1,and ownership,1,expected downtime,1,period e,1,sees the,1
are very,1,ownership control,1,will enforce,1,hours within,1,same math,1
very real,1,control default,1,enforce you,1,envelope exclusions,1,math let,1
real in,1,the big,1,need three,1,zones gnss,1,let p,1
your situation,1,big one,1,three numbers,1,gnss denied,1,p probability,1
situation downtime,1,one probability,1,numbers you,1,denied areas,1,landing per,1
penalties under,1,you breach,1,can estimate,1,areas certain,1,mission in,1
a sla,1,breach covenants,1,estimate within,1,certain structures,1,their conditions,1
sla expected,1,covenants or,1,within days,1,structures etc,1,conditions n,1
value tail,1,or miss,1,days exposure,1,etc become,1,t mean,1
risk probability,1,miss milestones,1,exposure fraction,1,become contract,1,event minutes,1
weighted loss,1,milestones severity,1,flights mission,1,contract attachments,1,including clear,1
partner probability,1,severity of,1,mission time,1,attachments cap,1,clear retrieve,1
weighted key,1,of remedies,1,conditions at,1,hard caps,1,retrieve reset,1
loss and,1,remedies board,1,at their,1,caps avoid,1,reset requeue,1
the implied,1,ip lien,1,site p_hi,1,avoid production,1,requeue inspections,1
implied month,1,lien forced,1,p_hi event,1,through operational,1,inspections then,1
slip reputational,1,sale time,1,rate per,1,operational redundancy,1,downtime day,1
reputational damage,1,time risk,1,flight given,1,redundancy on,1,day p,1
damage that,1,risk probability,1,given downtime,1,site spares,1,p cdot,1
that lowers,1,probability the,1,downtime per,1,spares and,1,cdot n,1
lowers the,1,month hardware,1,per event,1,and procedures,1,n cdot,1
multiple even,1,fix slips,1,event minutes,1,procedures so,1,cdot t,1
even small,1,slips to,1,minutes from,1,so a,1,t example,1
small incidents,1,months supply,1,from hover,1,single forced,1,example sensitivity,1
incidents can,1,integration output,1,land recovery,1,landing doesn,1,sensitivity illustrative,1
this if,1,dilution expected,1,recovery resume,1,t equate,1,illustrative if,1
bound downtime,1,expected cash,1,resume t_recov,1,equate to,1,t minutes,1
downtime events,1,cash burn,1,t_recov including,1,to service,1,minutes minutes,1
events shifting,1,burn coverage,1,including any,1,service downtime,1,minutes day,1
interference makes,1,coverage months,1,any pad,1,downtime if,1,day expected,1
makes geofence,1,via default,1,blockage and,1,accept these,1,s before,1
geofence incomplete,1,control event,1,and operator,1,these then,1,before considering,1
incomplete the,1,event b,1,dispatch then,1,then proposal,1,considering clustering,1
the downside,1,launch patch,1,then events,1,a with,1,clustering hard,1
downside can,1,patch compute,1,p_hi downtime,1,this partner,1,recover landings,1
be fat,1,compute talent,1,downtime day,1,partner as,1,landings or,1
fat tailed,1,talent and,1,day events,1,the flagship,1,or mine,1
tailed rare,1,market execution,1,day t_recov,1,flagship launch,1,mine interference,1
rare but,1,execution cost,1,t_recov even,1,launch customer,1,interference makes,1
but company,1,cost p,1,even small,1,customer is,1,p higher,1
company defining,1,p resignations,1,small event,1,not commercially,1,than test,1
defining which,1,resignations architect,1,event rates,1,commercially safe,1,environment makes,1
which can,1,leads given,1,rates can,1,safe practical,1,p closer,1
can swamp,1,the ship,1,can violate,1,step hours,1,closer to,1
swamp the,1,ship decision,1,violate strict,1,hours compute,1,to in,1
window value,1,decision as,1,slas if,1,compute expected,1,in some,1
value bottom,1,as actually,1,if recovery,1,expected monthly,1,some zones,1
window can,1,actually executed,1,recovery is,1,monthly interruptions,1,this balloons,1
can easily,1,executed not,1,is slow,1,mine missions,1,balloons quickly,1
easily be,1,as intended,1,slow or,1,month estimated,1,quickly also,1
be worth,1,intended if,1,or if,1,estimated fraction,1,also customers,1
worth tens,1,leave expected,1,event forces,1,fraction in,1,customers don,1
tens to,1,expected roadmap,1,forces a,1,emi conditions,1,t experience,1
to 100m,1,already estimate,1,a workcell,1,conditions mean,1,experience expected,1
100m ev,1,estimate months,1,workcell halt,1,mean recovery,1,value they,1
ev if,1,months plus,1,halt also,1,time compare,1,they experience,1
it lets,1,plus increased,1,also check,1,compare to,1,experience bursts,1
lock meaningful,1,increased burn,1,check the,1,to their,1,bursts a,1
meaningful arr,1,and reduced,1,contract definition,1,their sla,1,few events,1
arr with,1,reduced ability,1,definition downtime,1,penalty trigger,1,shift can,1
real switching,1,close retain,1,downtime may,1,trigger bring,1,trigger operational,1
switching costs,1,retain customers,1,may include,1,bring them,1,operational escalation,1
costs but,1,customers reputation,1,include any,1,revised entry,1,escalation and,1
s only,1,reputation ops,1,any interruption,1,addendum pilot,1,and this,1
only worth,1,cost expected,1,interruption of,1,pilot phase,1,this system,1
worth that,1,disruption rate,1,service not,1,phase envelope,1,system isn,1
ship in,1,rate at,1,just drone,1,limits penalty,1,t production,1
way that,1,sites conditional,1,drone powered,1,penalty deferral,1,ready regardless,1
that doesn,1,conditional expected,1,powered off,1,deferral caps,1,safety in,1
t expose,1,sorties support,1,off immediate,1,caps if,1,this edge,1
expose you,1,support load,1,immediate contract,1,if renegotiation,1,likely not,1
to unbounded,1,load churn,1,risk flags,1,renegotiation fails,1,not confined,1
unbounded sla,1,churn risk,1,flags high,1,fails either,1,confined by,1
credible resignations,1,risk series,1,of pain,1,either delay,1,by simple,1
resignations if,1,b impact,1,pain if,1,that deployment,1,simple geofencing,1
you give,1,impact even,1,if unaddressed,1,deployment until,1,geofencing mines,1
give me,1,launch what,1,unaddressed sla,1,until the,1,are exactly,1
me four,1,the valuation,1,sla mismatch,1,or choose,1,exactly where,1
four numbers,1,valuation haircut,1,mismatch you,1,choose a,1,where magnetic,1
numbers arr,1,haircut if,1,cannot ethically,1,different launch,1,anomalies and,1
site for,1,if customers,1,ethically legally,1,site with,1,and dynamic,1
mining deployments,1,customers report,1,legally promise,1,a less,1,interference are,1
deployments how,1,report frequent,1,promise reliability,1,less punitive,1,common heavy,1
how many,1,frequent aborts,1,reliability if,1,and lower,1,equipment high,1
many sites,1,or if,1,you know,1,lower emi,1,high current,1
sites you,1,technical team,1,site condition,1,emi exposure,1,current systems,1
you could,1,team departs,1,trigger forced,1,exposure so,1,systems steel,1
could realistically,1,departs output,1,forced landings,1,still work,1,steel infrastructure,1
close in,1,expected months,1,landings and,1,work but,1,infrastructure changing,1
next months,1,of slip,1,it emi,1,contract stops,1,changing site,1
months your,1,slip expected,1,is likely,1,stops treating,1,site geometry,1
your lock,1,expected burn,1,likely at,1,treating known,1,geometry so,1
probability and,1,burn increase,1,at mines,1,environment aborts,1,statistic in,1
your likely,1,increase and,1,mines large,1,aborts as,1,zones is,1
likely series,1,via execution,1,large equipment,1,as penalizable,1,a warning,1
b arr,1,execution failure,1,equipment power,1,penalizable downtime,1,warning that,1
multiple i,1,failure failed,1,power distribution,1,downtime and,1,partner may,1
can compute,1,failed next,1,distribution crushers,1,enforceable otherwise,1,may sit,1
compute a,1,next raise,1,crushers conveyors,1,otherwise the,1,sit inside,1
a tighter,1,practical decision,1,conveyors rebar,1,contract detail,1,susceptible distribution,1
tighter value,1,rule works,1,rebar blasting,1,detail makes,1,distribution if,1
value range,1,works well,1,blasting infrastructure,1,makes proposal,1,credibly prove,1
range and,1,well for,1,infrastructure interference,1,a effectively,1,prove the,1
and compare,1,for your,1,interference may,1,effectively a,1,envelope excludes,1
compare it,1,situation if,1,be dynamic,1,a bet,1,excludes the,1
bridge penalty,1,if p,1,dynamic and,1,bet the,1,condition or,1
penalty talent,1,p control,1,and hard,1,company move,1,or detect,1
talent expected,1,default from,1,hard to,1,move the,1,it online,1
expected costs,1,is low,1,to geofence,1,s critique,1,online and,1
costs if,1,and manageable,1,geofence penalty,1,critique is,1,and avoid,1
architect leaving,1,manageable e,1,penalty asymmetry,1,is technically,1,avoid it,1
leaving kills,1,g realistically,1,asymmetry early,1,technically correct,1,it then,1
kills gen,1,realistically with,1,deployments with,1,correct a,1,then promising,1
gen then,1,with buffers,1,penalties can,1,a static,1,promising reliability,1
a risk,1,buffers cure,1,a cash,1,reliable control,1,just aggressive,1
risk trade,1,periods then,1,cash drain,1,control for,1,aggressive it,1
trade it,1,usually the,1,drain exactly,1,a dynamic,1,s probably,1
s an,1,the rational,1,exactly when,1,dynamic locally,1,probably untrue,1
an existential,1,rational move,1,re most,1,locally variable,1,untrue what,1
mode you,1,move especially,1,most fragile,1,variable emi,1,do immediately,1
t fundraise,1,especially with,1,fragile what,1,emi phenomenon,1,immediately next,1
fundraise your,1,explicit resignation,1,should do,1,phenomenon if,1,hours before,1
your way,1,resignation threats,1,this week,1,t bound,1,commit a,1
way out,1,threats from,1,week practical,1,bound the,1,a freeze,1
out of,1,from critical,1,practical steps,1,the phenomenon,1,freeze the,1
the person,1,critical technical,1,steps a,1,phenomenon you,1,the commercial,1
person who,1,owners if,1,a freeze,1,t claim,1,commercial promise,1
who can,1,terms imply,1,freeze scope,1,claim you,1,promise until,1
ship and,1,imply a,1,scope do,1,bounded the,1,you redefine,1
and credibly,1,material chance,1,into penalties,1,risk why,1,redefine production,1
credibly sign,1,of lender,1,penalties without,1,this matters,1,rollout tell,1
autonomy platform,1,lender takeover,1,without an,1,matters engineering,1,tell the,1
platform especially,1,takeover or,1,an agreed,1,engineering wise,1,to proceed,1
especially in,1,or covenants,1,agreed operational,1,wise not,1,proceed but,1
critical category,1,covenants are,1,design domain,1,not philosophical,1,you ll,1
category what,1,tight enough,1,domain odd,1,philosophical a,1,ll structure,1
implies for,1,a modest,1,odd clause,1,a control,1,structure it,1
decision a,1,modest schedule,1,clause where,1,control is,1,pilot controlled,1
beta ship,1,schedule slip,1,warranted to,1,only valid,1,availability phase,1
broadly is,1,default then,1,operate and,1,s complete,1,metrics b,1
effectively secure,1,delaying can,1,not including,1,complete enough,1,b renegotiate,1
secure series,1,reckless unless,1,qualification requirements,1,enough covers,1,contract around,1
now but,1,renegotiate or,1,requirements and,1,the triggering,1,around specific,1
but accept,1,or find,1,and abort,1,margin enforceable,1,specific levers,1
accept a,1,alternative capital,1,abort behaviors,1,enforceable can,1,levers acceptance,1
team that,1,capital if,1,behaviors if,1,be bypassed,1,acceptance ramp,1
that delivers,1,a narrow,1,partner to,1,bypassed by,1,ramp clause,1
delivers the,1,narrow enforceable,1,an odd,1,by drift,1,clause initial,1
product and,1,enforceable operating,1,odd you,1,drift gnss,1,period e,1
and future,1,sign you,1,being asked,1,gnss issues,1,g days,1
future revenue,1,reduce p,1,asked to,1,issues mapping,1,days where,1
revenue that,1,p resignation,1,underwrite unknown,1,mapping error,1,where slas,1
a rational,1,resignation dramatically,1,unknown risk,1,error or,1,slas are,1
rational trade,1,dramatically often,1,b convert,1,or transient,1,are measured,1
trade if,1,often shifting,1,convert launch,1,transient conditions,1,measured but,1
resignation is,1,shifting the,1,partner into,1,conditions verifiable,1,but penalties,1
real your,1,from both,1,structured la,1,verifiable you,1,waived while,1
viable set,1,both extremes,1,la pilot,1,demonstrate it,1,while you,1
set becomes,1,extremes where,1,pilot contract,1,it works,1,harden availability,1
deployment that,1,balance lies,1,contract most,1,works across,1,availability definition,1
architect will,1,lies right,1,most feasible,1,across plausible,1,definition per,1
sign odd,1,now given,1,feasible propose,1,plausible site,1,site service,1
limited enforceable,1,the talent,1,propose an,1,site states,1,service availability,1
enforceable by,1,talent risk,1,an amendment,1,states shifting,1,with redundant,1
design contractually,1,is immediate,1,amendment that,1,zones break,1,redundant units,1
contractually reflected,1,immediate and,1,that changes,1,break and,1,units see,1
reflected or,1,and high,1,changes only,1,and often,1,see below,1
a problem,1,severity named,1,only the,1,often gnss,1,below not,1
problem to,1,named individuals,1,first phase,1,denial and,1,not per,1
to solve,1,individuals explicit,1,phase phase,1,and site,1,per aircraft,1
solve not,1,explicit threat,1,phase days,1,changes break,1,aircraft perfection,1
a reason,1,threat large,1,days paid,1,break so,1,perfection remedy,1
reason to,1,large schedule,1,availability no,1,geofence cannot,1,remedy type,1
something leadership,1,schedule consequence,1,qualification prerequisites,1,be your,1,type cap,1
leadership considers,1,consequence that,1,prerequisites joint,1,your primary,1,cap service,1
considers unethical,1,that pushes,1,joint acceptance,1,re making,1,and cap,1
unethical if,1,pushes the,1,metrics mission,1,making strong,1,cap total,1
a quickly,1,from ship,1,rate abort,1,strong reliability,1,liability e,1
b what,1,ship as,1,rate recovery,1,reliability commitments,1,g fees,1
do next,1,loan risk,1,time your,1,commitments especially,1,fees paid,1
next fast,1,is unknown,1,your team,1,especially with,1,paid in,1
fast concrete,1,unknown in,1,team on,1,penalties what,1,in prior,1
concrete put,1,in probability,1,site enhanced,1,a becomes,1,prior x,1
the stop,1,probability terms,1,enhanced support,1,becomes under,1,months avoid,1
authority in,1,terms you,1,support phase,1,under this,1,avoid uncapped,1
writing establish,1,you called,1,phase production,1,this reality,1,uncapped liquidated,1
establish a,1,called it,1,begins after,1,reality proposal,1,damages explicit,1
safety integrity,1,it predatory,1,shielding retrofit,1,you reframe,1,exclusions safety,1
integrity gate,1,predatory but,1,retrofit or,1,reframe it,1,maintenance windows,1
gate requiring,1,we don,1,measured thresholds,1,from we,1,windows customer,1
requiring chief,1,t yet,1,thresholds are,1,we avoid,1,caused delays,1
off on,1,yet remind,1,preserves commercial,1,avoid the,1,delays blocked,1
odd enforcement,1,remind whether,1,commercial momentum,1,the bad,1,blocked landing,1
enforcement for,1,whether it,1,claims truthful,1,bad areas,1,zone no,1
launch without,1,s merely,1,and risk,1,areas to,1,no retrieval,1
without it,1,merely expensive,1,risk bounded,1,we operate,1,retrieval crew,1
it you,1,expensive or,1,bounded c,1,operate with,1,crew force,1
to lose,1,or structurally,1,c if,1,with onboard,1,force majeure,1
lose them,1,structurally dangerous,1,now you,1,integrity enforced,1,majeure change,1
them attempt,1,dangerous via,1,need redundancy,1,enforced procedures,1,mine expands,1
attempt a,1,via covenants,1,redundancy and,1,procedures that,1,expands into,1
a only,1,control until,1,a service,1,that keep,1,into new,1
s genuinely,1,until proven,1,service design,1,keep outcomes,1,new zones,1
genuinely enforceable,1,proven otherwise,1,design not,1,outcomes acceptable,1,zones configurations,1
enforceable a,1,unknown is,1,a patch,1,acceptable even,1,configurations that,1
a requires,1,is whether,1,patch to,1,when emi,1,automatically covered,1
requires more,1,loan is,1,to plausibly,1,is unexpected,1,covered telemetry,1
more than,1,is painful,1,plausibly meet,1,unexpected that,1,arbiter your,1
than geofencing,1,painful or,1,meet you,1,requires at,1,your logs,1
geofencing explicit,1,or company,1,to engineer,1,these to,1,logs define,1
odd qualified,1,ending so,1,engineer the,1,true option,1,define root,1
corridors only,1,so tentatively,1,the service,1,can prove,1,attribution get,1
only and,1,tentatively talent,1,service spare,1,prove a,1,get counsel,1
the ability,1,talent product,1,spare aircraft,1,safe commercial,1,counsel involved,1
to prevent,1,integrity dominates,1,aircraft on,1,commercial envelope,1,involved this,1
prevent dispatch,1,dominates unless,1,site hot,1,without perfect,1,is where,1
dispatch into,1,is structurally,1,hot standby,1,geofencing meaning,1,where startups,1
areas contract,1,structurally capable,1,standby fast,1,meaning the,1,startups accidentally,1
contract rewrite,1,capable of,1,fast swap,1,system can,1,accidentally sign,1
rewrite with,1,of ending,1,swap procedures,1,can detect,1,sign existential,1
partner ramp,1,ending the,1,procedures defined,1,detect degraded,1,existential liabilities,1
period odd,1,company with,1,mttr with,1,integrity early,1,liabilities c,1
periods service,1,probability what,1,with trained,1,early not,1,c engineer,1
phased reliability,1,to pin,1,operators telemetry,1,after lock,1,engineer the,1
reliability commitment,1,pin it,1,call with,1,loss and,1,sla operationally,1
commitment service,1,it down,1,clear escalation,1,and transition,1,operationally sell,1
swap so,1,down numbers,1,escalation clear,1,a mode,1,sell service,1
availability can,1,numbers clauses,1,clear rules,1,mode that,1,service uptime,1
met at,1,clauses current,1,rules for,1,that avoids,1,uptime not,1
level if,1,current cash,1,for when,1,avoids unplanned,1,not single,1
architect still,1,runway months,1,will refuse,1,unplanned landings,1,single drone,1
still won,1,burn bridge,1,refuse missions,1,in unsafe,1,drone perfection,1
sign stop,1,bridge interest,1,missions to,1,unsafe locations,1,perfection to,1
stop trying,1,warrants any,1,avoid worse,1,locations e,1,make feasible,1
trying to,1,any board,1,worse outcomes,1,g return,1,feasible even,1
to contort,1,rights bridge,1,outcomes even,1,corridor climb,1,need redundancy,1
contort a,1,milestones cure,1,even then,1,climb to,1,redundancy provide,1
into viability,1,periods what,1,then if,1,loiter altitude,1,provide spare,1
viability if,1,what triggers,1,frequent unbounded,1,altitude hold,1,aircraft on,1
a can,1,default probability,1,unbounded redundancy,1,hold while,1,site n,1
be signed,1,weighted hardware,1,redundancy may,1,while requesting,1,n or,1
signed in,1,timeline p50,1,not save,1,requesting supervisor,1,or n,1
in week,1,p90 to,1,save you,1,supervisor action,1,n hot,1
week commit,1,ship revised,1,you because,1,action and,1,hot swap,1
b make,1,revised units,1,because multiple,1,the sites,1,swap batteries,1
delay decision,1,units your,1,multiple aircraft,1,missions have,1,batteries payload,1
decision decisive,1,your best,1,aircraft can,1,have guaranteed,1,payload modules,1
decisive clear,1,best estimate,1,be affected,1,guaranteed safe,1,modules on,1
clear schedule,1,estimate of,1,affected by,1,zones corridors,1,site technician,1
schedule hardware,1,of p,1,same environment,1,exclusion controls,1,technician at,1
plan validation,1,p architect,1,environment decision,1,controls if,1,least during,1
plan half,1,leads resign,1,b proposal,1,this you,1,period defined,1
half measures,1,resign under,1,geofence launch,1,honestly claim,1,retrieval procedure,1
measures will,1,under i,1,only defensible,1,claim managed,1,procedure and,1
will burn,1,i ship,1,defensible with,1,managed operationally,1,this converts,1
burn time,1,geofence ii,1,partner if,1,mining scale,1,converts an,1
time and,1,ii constrained,1,show their,1,scale reliability,1,abort into,1
and still,1,launch iii,1,site s,1,reliability option,1,a degraded,1
lose talent,1,iii delay,1,s exposure,1,you constrain,1,degraded capacity,1
talent treat,1,delay give,1,low or,1,constrain operations,1,capacity event,1
as negotiable,1,give me,1,or controllable,1,operations so,1,event not,1
negotiable before,1,me those,1,controllable survey,1,so tightly,1,not site,1
accepting a,1,those and,1,survey stable,1,tightly that,1,down which,1
bridge ask,1,map it,1,stable zones,1,that unexpected,1,you survive,1
ask series,1,simple expected,1,contractually limit,1,unexpected emi,1,survive penalty,1
b investors,1,expected outcome,1,limit the,1,is practically,1,clauses how,1
investors to,1,outcome table,1,sla to,1,practically impossible,1,this feeds,1
redefine launch,1,table including,1,to that,1,impossible this,1,feeds the,1
paid constrained,1,including a,1,that validated,1,availability route,1,decision a,1
deployments or,1,a ruin,1,penalties off,1,route specific,1,a vs,1
or tranche,1,ruin probability,1,off until,1,sites surveyed,1,vs b,1
tranche the,1,probability band,1,you meet,1,surveyed routes,1,b vs,1
round against,1,band to,1,meet measured,1,routes controlled,1,vs constrained,1
against engineering,1,to show,1,cannot do,1,controlled infrastructure,1,conglomerate demanding,1
engineering milestones,1,which side,1,do those,1,infrastructure supervised,1,demanding penalty,1
milestones seek,1,side dominates,1,those then,1,ops and,1,broad ship,1
seek an,1,dominates under,1,then shipping,1,exclusions this,1,ship now,1
an insider,1,under realistic,1,shipping to,1,often workable,1,and geofence,1
bridge strategic,1,realistic assumptions,1,to this,1,workable for,1,geofence posture,1
prepay less,1,assumptions this,1,partner under,1,for pilots,1,posture is,1
restrictive venture,1,this changes,1,under penalties,1,pilots not,1,weak unless,1
debt the,1,decision materially,1,penalties is,1,not for,1,can also,1
the credibility,1,materially with,1,is very,1,for global,1,also qualify,1
credibility of,1,longer mostly,1,very likely,1,launch option,1,qualify the,1
delayed to,1,mostly a,1,a negative,1,you eliminate,1,mine site,1
to preserve,1,nuisance it,1,negative ev,1,class hardware,1,site corridors,1
preserve safety,1,a contractual,1,ev bet,1,s proposal,1,corridors as,1
safety core,1,contractual loss,1,bet and,1,a hybrid,1,as low,1
core team,1,loss generator,1,it also,1,hybrid schedule,1,low risk,1
team is,1,generator and,1,also strengthens,1,schedule where,1,or provide,1
is usually,1,a potential,1,strengthens the,1,you delay,1,provide runtime,1
usually financeable,1,potential reference,1,the case,1,ga but,1,gating that,1
financeable we,1,failure immediately,1,or re,1,still do,1,prevents landings,1
we shipped,1,immediately clarify,1,either don,1,do tightly,1,and supply,1
and lost,1,clarify what,1,t launch,1,tightly bounded,1,supply redundancy,1
lost our,1,what reliability,1,with them,1,bounded pilots,1,so downtime,1
our architect,1,reliability means,1,them or,1,pilots what,1,downtime doesn,1
architect often,1,means in,1,mining vertical,1,should do,1,occur at,1
often isn,1,contract in,1,vertical two,1,next decision,1,level if,1
the uncomfortable,1,industrial agreements,1,two concrete,1,decision driving,1,secure contract,1
uncomfortable truth,1,agreements it,1,concrete asks,1,driving tests,1,changes and,1
truth in,1,it usually,1,asks you,1,tests within,1,and cannot,1
in safety,1,usually maps,1,should make,1,within weeks,1,cannot bound,1
autonomy culture,1,maps to,1,make to,1,weeks you,1,at their,1
key technical,1,to one,1,partner today,1,answer whether,1,their site,1
technical leadership,1,uptime over,1,today define,1,be made,1,site then,1
leadership are,1,over a,1,define reliability,1,made defensible,1,partner effectively,1
product if,1,a period,1,reliability precisely,1,defensible by,1,effectively pushes,1
now breaks,1,period e,1,what availability,1,by running,1,a very,1
breaks that,1,g monthly,1,availability what,1,running three,1,very constrained,1
not launching,1,monthly max,1,what measurement,1,three focused,1,pilot because,1
launching you,1,max incidents,1,window what,1,focused efforts,1,contract turns,1
re cashing,1,incidents per,1,what exclusions,1,efforts non,1,turns a,1
cashing in,1,per week,1,exclusions exist,1,non stationarity,1,nuisance into,1
in credibility,1,week month,1,exist allow,1,stationarity assessment,1,predictable cash,1
credibility for,1,month mttr,1,allow a,1,assessment measure,1,cash and,1
for time,1,mttr commitments,1,survey acceptance,1,measure how,1,reputation drain,1
time if,1,commitments time,1,acceptance test,1,how emi,1,drain the,1
want share,1,to restore,1,test period,1,change with,1,decision you,1
share redacted,1,restore service,1,period we,1,with time,1,from them,1
redacted the,1,availability of,1,ll commit,1,time equipment,1,them and,1
uptime clause,1,capacity throughput,1,sla only,1,equipment state,1,can ask,1
clause and,1,throughput tons,1,only after,1,state at,1,ask this,1
whether a,1,tons day,1,after the,1,at representative,1,week ask,1
is realistically,1,day not,1,site passes,1,representative mines,1,partner to,1
realistically contractable,1,not aircraft,1,passes qualification,1,mines power,1,to choose,1
contractable or,1,aircraft availability,1,we hit,1,power cycles,1,choose one,1
or whether,1,availability explicit,1,hit x,1,cycles haul,1,two structures,1
should go,1,explicit liquidated,1,x abort,1,haul trucks,1,structures production,1
go straight,1,damages per,1,and y,1,trucks shovels,1,pilot now,1
straight to,1,per hour,1,y mttr,1,shovels crushers,1,now reduced,1
b and,1,hour day,1,mttr for,1,crushers generators,1,reduced structured,1
and focus,1,day of,1,for z,1,generators if,1,structured penalties,1
focus on,1,downtime action,1,z days,1,if maps,1,penalties explicit,1
on financing,1,action get,1,days what,1,change materially,1,envelope joint,1
financing alternatives,1,measurement method,1,need from,1,materially static,1,joint qualification,1
alternatives yes,1,method exclusions,1,from you,1,is dead,1,qualification you,1
yes but,1,exclusions and,1,real exposure,1,dead as,1,revision timeline,1
real change,1,schedule today,1,exposure quickly,1,a primary,1,retrofit full,1
change in,1,today is,1,quickly flights,1,mitigation integrity,1,sla later,1
in product,1,is marketing,1,day or,1,monitoring feasibility,1,delay until,1
product contract,1,language until,1,or lift,1,feasibility can,1,is in,1
contract operations,1,until it,1,lift cycles,1,time nav,1,in then,1
operations not,1,s tied,1,cycles day,1,nav confidence,1,then sign,1
a relabel,1,a formula,1,day expected,1,confidence from,1,sign strict,1
relabel engineers,1,formula convert,1,expected at,1,from sensor,1,any pilot,1
will accept,1,convert the,1,mine typical,1,sensor fusion,1,penalties immediately,1
eap when,1,rate into,1,typical recovery,1,fusion residuals,1,immediately that,1
is truthful,1,into expected,1,time for,1,residuals magnetometer,1,signal the,1
truthful bounded,1,downtime exposure,1,land event,1,magnetometer consistency,1,is misaligned,1
bounded enforceable,1,exposure fast,1,event best,1,consistency checks,1,misaligned for,1
enforceable and,1,fast rough,1,best guess,1,checks innovation,1,deployment if,1
and signed,1,rough is,1,guess whether,1,innovation gating,1,key penalty,1
signed off,1,is fine,1,whether operations,1,gating that,1,language downtime,1
off safety,1,fine you,1,operations include,1,that predicts,1,definition remedy,1
and when,1,need three,1,include constrained,1,predicts lock,1,day recovery,1
when leadership,1,three inputs,1,zones moving,1,loss early,1,time i,1
leadership isn,1,inputs for,1,moving vehicles,1,early enough,1,you quantify,1
t using,1,s site,1,vehicles people,1,to take,1,quantify expected,1
using eap,1,site sorties,1,people near,1,take a,1,propose specific,1
eap to,1,day or,1,near landing,1,controlled action,1,specific redlines,1
to smuggle,1,or flight,1,landing areas,1,action outcome,1,redlines that,1
smuggle in,1,hours day,1,areas whether,1,outcome control,1,that keep,1
a full,1,the high,1,mine will,1,control when,1,the deal,1
launch what,1,exposure p,1,qualification b,1,when integrity,1,deal viable,1
what makes,1,event exposure,1,b phased,1,degrades can,1,viable yes,1
makes an,1,have from,1,phased sla,1,you guarantee,1,yes that,1
eap ethically,1,from testing,1,sla c,1,bounded acceptable,1,that contract,1
ethically technically,1,testing adjust,1,c capped,1,acceptable outcome,1,contract detail,1
technically credible,1,adjust if,1,share those,1,outcome corridor,1,detail materially,1
satisfy them,1,if site,1,page sla,1,corridor return,1,materially reduces,1
them define,1,is worse,1,sla odd,1,return safe,1,the viability,1
a strict,1,worse better,1,odd amendment,1,loiter supervised,1,viability of,1
strict odd,1,better mttr,1,amendment and,1,supervised abort,1,of proposal,1
odd operating,1,mttr per,1,and an,1,abort rather,1,as originally,1
enforce it,1,per event,1,an internal,1,than descend,1,originally described,1
design autonomous,1,event minutes,1,internal can,1,descend wherever,1,described ship,1
corridors zones,1,minutes from,1,we sign,1,wherever you,1,ship on,1
zones only,1,from hover,1,sign this,1,are if,1,time geofence,1
only dispatch,1,land to,1,this readiness,1,these fail,1,partner why,1
must prevent,1,to restored,1,readiness gate,1,fail proposal,1,changes viability,1
prevent missions,1,restored mission,1,that aligns,1,as shipping,1,viability the,1
missions into,1,mission capacity,1,aligns engineering,1,shipping posture,1,failure becomes,1
areas not,1,capacity recovery,1,engineering truth,1,posture is,1,a priced,1
not operators,1,recovery reposition,1,truth operational,1,not technically,1,priced liability,1
operators should,1,reposition reboot,1,operational feasibility,1,technically supportable,1,liability not,1
should avoid,1,reboot inspection,1,feasibility and,1,supportable bottom,1,not an,1
avoid if,1,inspection re,1,the financing,1,bottom line,1,internal imperfection,1
shift geofencing,1,re dispatch,1,financing timeline,1,line the,1,imperfection with,1
geofencing can,1,dispatch then,1,timeline yes,1,the patch,1,penalties each,1
control add,1,day sorties,1,materially changes,1,patch may,1,each safety,1
add onboard,1,day exposure,1,changes viability,1,be useful,1,landing is,1
gating estimator,1,exposure fraction,1,viability proposal,1,useful but,1,longer ops,1
consistency mag,1,fraction expected,1,longer viable,1,a secondary,1,ops disruption,1
mag disturbance,1,day expected,1,partner as,1,secondary layer,1,disruption it,1
disturbance that,1,this yields,1,as currently,1,layer not,1,becomes an,1
avoid return,1,yields even,1,currently framed,1,main risk,1,an sla,1
return hold,1,even one,1,framed launch,1,risk control,1,breach event,1
hold not,1,one event,1,launch geofence,1,coverage then,1,event depending,1
wherever publish,1,event every,1,geofence beta,1,reliability promises,1,on definitions,1
publish the,1,every few,1,beta unless,1,promises is,1,definitions a,1
the limitation,1,few days,1,also change,1,not viable,1,a direct,1
limitation no,1,days and,1,the contractual,1,viable you,1,direct cost,1
no surprises,1,mttr is,1,contractual promise,1,you either,1,cost penalties,1
surprises customer,1,is non,1,promise and,1,a move,1,penalties service,1
facing known,1,non trivial,1,and deployment,1,move to,1,trust event,1
known limitation,1,trivial you,1,deployment scope,1,a tightly,1,event that,1
limitation in,1,will struggle,1,scope reliability,1,tightly constrained,1,trigger escalations,1
interference behavior,1,struggle to,1,penalties means,1,constrained pilot,1,escalations audits,1
is controlled,1,meet any,1,means your,1,explicit contract,1,audits and,1
controlled land,1,any stringent,1,your known,1,exclusions and,1,and expansion,1
land excluded,1,stringent uptime,1,known conditional,1,and supervision,1,expansion blocks,1
excluded until,1,throughput sla,1,conditional event,1,supervision or,1,blocks so,1
hardening internal,1,sla without,1,can translate,1,your nav,1,so proposal,1
internal written,1,without either,1,translate directly,1,nav stack,1,a must,1
written hazard,1,either a,1,into breach,1,stack is,1,be evaluated,1
analysis mitigation,1,a removing,1,breach penalty,1,is using,1,evaluated against,1
mitigation evidence,1,removing exposure,1,damage even,1,using magnetics,1,against contract,1
evidence contract,1,exposure b,1,s safe,1,magnetics for,1,contract exposure,1
contract structure,1,b adding,1,safe what,1,for e,1,exposure not,1
structure must,1,adding redundancy,1,what specifically,1,g heading,1,just technical,1
match the,1,or c,1,specifically changes,1,heading aiding,1,technical risk,1
truth especially,1,c changing,1,longer internal,1,aiding vs,1,risk in,1
especially for,1,sla the,1,internal operational,1,vs full,1,likely correlated,1
mining no,1,core issue,1,operational it,1,full state,1,correlated with,1
site include,1,issue you,1,s contractual,1,state aiding,1,with mining,1
include acceptance,1,t contract,1,contractual and,1,aiding and,1,are prime,1
period explicit,1,contract around,1,and financial,1,the lock,1,prime candidates,1
caps service,1,around physics,1,financial a,1,loss triggers,1,candidates for,1
cash cure,1,physics with,1,hover is,1,triggers are,1,for dynamic,1
and language,1,with beta,1,is counted,1,are innovation,1,dynamic magnetic,1
language excluding,1,beta labels,1,counted as,1,innovation blow,1,interference if,1
excluding downtime,1,labels penalty,1,downtime often,1,up estimator,1,mine s,1
downtime caused,1,clauses mean,1,often and,1,estimator reset,1,s operating,1
caused by,1,mean you,1,triggers penalties,1,reset magnetometer,1,operating areas,1
by operating,1,need one,1,penalties sometimes,1,magnetometer saturation,1,areas overlap,1
envelope if,1,launch under,1,sometimes immediately,1,saturation etc,1,overlap your,1
they insist,1,is outside,1,immediately that,1,etc i,1,your high,1
insist on,1,affected exposure,1,can erase,1,realistic integrity,1,interference class,1
on uptime,1,exposure verified,1,erase margin,1,monitoring safe,1,class you,1
uptime meet,1,verified by,1,margin and,1,fallback pattern,1,should assume,1
it with,1,by survey,1,and create,1,whether it,1,assume event,1
with redundancy,1,survey enforced,1,public failed,1,s achievable,1,rate may,1
swap not,1,enforced ops,1,failed launch,1,achievable in,1,be higher,1
not wishful,1,ops constraints,1,partner story,1,or not,1,than your,1
wishful reliability,1,constraints or,1,story geofencing,1,not yes,1,your aggregate,1
reliability make,1,a reliable,1,a sufficient,1,true but,1,aggregate test,1
it service,1,that prevents,1,sufficient control,1,a precise,1,statistic and,1
led and,1,prevents the,1,control unless,1,precise defensible,1,and static,1
and low,1,event from,1,unless emi,1,defensible definition,1,geofencing may,1
low volume,1,from causing,1,and mapped,1,and honest,1,be insufficient,1
volume select,1,causing downtime,1,mapped mines,1,honest disclosure,1,insufficient if,1
select partners,1,downtime e,1,mines are,1,disclosure geofencing,1,temporary that,1
partners only,1,g reposition,1,are often,1,geofencing and,1,makes ship,1
only limited,1,reposition before,1,often dynamic,1,and standby,1,and manage,1
limited fleets,1,loss bounded,1,environments equipment,1,standby support,1,manage fragile,1
fleets heavy,1,bounded safe,1,equipment movement,1,support do,1,fragile under,1
heavy telemetry,1,loiter rapid,1,movement state,1,not negate,1,under strict,1
telemetry fast,1,rapid auto,1,state if,1,negate autonomy,1,terms penalty,1
fast rollback,1,auto recovery,1,t prove,1,autonomy misrepresenting,1,are nonlinear,1
rollback on,1,recovery or,1,prove emi,1,misrepresenting the,1,nonlinear a,1
site procedures,1,have redundancy,1,predictable at,1,the dependence,1,few clustered,1
procedures clear,1,met even,1,site you,1,dependence on,1,clustered events,1
incident thresholds,1,if individual,1,t honestly,1,on constraints,1,events can,1
thresholds that,1,individual drones,1,underwrite a,1,constraints or,1,dominate even,1
that trigger,1,drones abort,1,a sla,1,or humans,1,downtime looks,1
trigger automatic,1,abort if,1,sla beta,1,humans does,1,looks tolerable,1
automatic grounding,1,none of,1,beta labeling,1,does a,1,tolerable customers,1
a joint,1,those are,1,labeling won,1,a workable,1,customers react,1
joint review,1,true shipping,1,you if,1,workable engineering,1,react to,1
review put,1,is knowingly,1,contract says,1,engineering definition,1,to clusters,1
immutable time,1,knowingly accepting,1,says uptime,1,can stand,1,clusters multiple,1
bound plan,1,accepting recurring,1,uptime with,1,stand behind,1,multiple aborts,1
plan written,1,recurring penalties,1,penalties the,1,behind you,1,shift bad,1
written schedule,1,penalties and,1,is irrelevant,1,can claim,1,bad location,1
schedule for,1,and reputational,1,irrelevant the,1,claim autonomous,1,location landings,1
for shielding,1,damage practical,1,sla governs,1,autonomous if,1,landings blocking,1
revision qualification,1,practical paths,1,governs when,1,if within,1,blocking operations,1
qualification plan,1,paths that,1,when proposal,1,defined operational,1,operations and,1
a retrofit,1,that keep,1,still viable,1,operational design,1,and production,1
commitment who,1,keep a,1,viable clear,1,design domain,1,production readiness,1
pays when,1,launch alive,1,clear gates,1,domain odd,1,readiness perception,1
when priority,1,alive without,1,gates proposal,1,odd the,1,perception penalties,1
priority no,1,without gambling,1,a can,1,system plans,1,escalation often,1
no we,1,gambling the,1,can remain,1,plans and,1,often spike,1
see later,1,company path,1,remain viable,1,and executes,1,spike once,1
later engineers,1,path a,1,three gates,1,executes missions,1,once confidence,1
engineers need,1,a amend,1,gates are,1,missions without,1,confidence is,1
negotiable closure,1,contract to,1,true gate,1,without continuous,1,is lost,1
closure path,1,match a,1,gate envelope,1,continuous human,1,lost when,1
path give,1,constrained operating,1,is enforceable,1,human control,1,when proposal,1
give engineering,1,envelope preferred,1,enforceable you,1,control safety,1,still viable,1
engineering real,1,preferred if,1,can site,1,safety behaviors,1,viable but,1
real governance,1,if possible,1,survey map,1,behaviors are,1,modified form,1
governance power,1,possible ask,1,map and,1,are automatic,1,form proposal,1
power a,1,an amendment,1,and continuously,1,automatic detect,1,can remain,1
formal release,1,amendment that,1,continuously enforce,1,detect decide,1,remain viable,1
gate chief,1,defined supported,1,enforce a,1,decide act,1,you convert,1
odd without,1,exclusions a,1,emi operating,1,act onboard,1,convert it,1
without that,1,phase e,1,operating area,1,onboard human,1,enforceable boundaries,1
that no,1,g days,1,area or,1,human involvement,1,boundaries a,1
no eap,1,days where,1,or otherwise,1,is exception,1,required at,1
eap a,1,where penalties,1,otherwise reduce,1,handling not,1,these must,1
a stop,1,are reduced,1,reduce exposure,1,not routine,1,you get,1
ship stop,1,reduced waived,1,exposure with,1,routine piloting,1,period with,1
ops clause,1,waived while,1,with high,1,piloting geofencing,1,penalties while,1
clause engineering,1,are validated,1,high confidence,1,autonomy because,1,while reliability,1
engineering can,1,validated exclusions,1,confidence gate,1,s part,1,proven sla,1
pause the,1,landings pending,1,gate sla,1,part of,1,sla includes,1
eap if,1,hardware penalties,1,sla is,1,of defining,1,includes explicit,1
assumptions how,1,penalties tied,1,is phased,1,defining the,1,exclusions for,1
it so,1,throughput delivered,1,phased phase,1,odd where,1,for defined,1
so it,1,delivered or,1,phase has,1,system is,1,defined interference,1
not perceived,1,or fleet,1,has either,1,is designed,1,zones safety,1
perceived as,1,not single,1,penalties b,1,designed to,1,aborts and,1
a betrayal,1,drone mission,1,b capped,1,to operate,1,liability availability,1
betrayal call,1,can provide,1,c penalties,1,operate on,1,availability is,1
it early,1,provide spares,1,metrics after,1,call support,1,defined at,1
access supervised,1,spares path,1,in period,1,autonomy if,1,level with,1
autonomy within,1,path b,1,period gate,1,is for,1,redundancy n,1
not global,1,b keep,1,gate measured,1,for maintenance,1,aircraft so,1
global launch,1,keep penalties,1,measured reliability,1,maintenance recovery,1,single aircraft,1
launch state,1,penalties but,1,reliability meets,1,recovery and,1,on immediate,1
state explicitly,1,but add,1,phase targets,1,and rare,1,no caps,1
explicitly what,1,add operational,1,targets you,1,rare exceptions,1,exclusions proposal,1
are not,1,met if,1,demonstrate an,1,exceptions not,1,becomes high,1
not claiming,1,they insist,1,an abort,1,not required,1,risk b,1
claiming not,1,insist on,1,abort auto,1,to babysit,1,operational changes,1
ga not,1,on penalties,1,land rate,1,babysit normal,1,need mechanisms,1
all sites,1,be able,1,and mttr,1,normal operations,1,mechanisms that,1
sites not,1,able to,1,mttr that,1,operations when,1,make uptime,1
conditions not,1,service obligation,1,that mathematically,1,when calling,1,uptime plausible,1
not blanket,1,obligation by,1,mathematically supports,1,it autonomous,1,plausible even,1
blanket will,1,design provide,1,supports the,1,autonomous becomes,1,aborts redundancy,1
will it,1,provide extra,1,the negotiated,1,misleading it,1,site spare,1
it satisfy,1,airframes on,1,negotiated availability,1,misleading or,1,aircraft rapid,1
the engineers,1,site hot,1,any gate,1,or at,1,swap designated,1
engineers only,1,spares rapid,1,gate fails,1,least incomplete,1,and site,1
they retain,1,rapid swap,1,fails proposal,1,incomplete if,1,procedures runtime,1
retain sign,1,swap procedures,1,a may,1,true in,1,gating not,1
off authority,1,procedures pre,1,be viable,1,a human,1,just geofencing,1
authority and,1,pre positioned,1,for other,1,human must,1,geofencing to,1
is enforceable,1,positioned batteries,1,other sectors,1,must actively,1,prevent landings,1
enforceable if,1,batteries loads,1,sectors sites,1,actively supervise,1,areas where,1
still ship,1,loads n,1,sites but,1,supervise every,1,where feasible,1
with best,1,n capacity,1,but not,1,every mission,1,c evidence,1
effort geofencing,1,capacity so,1,not for,1,mission to,1,evidence gate,1
geofencing they,1,so one,1,partner contract,1,to keep,1,gate required,1
see it,1,one drone,1,contract in,1,keep it,1,need site,1
as the,1,drone landing,1,in its,1,safe effectively,1,specific evidence,1
same decision,1,landing doesn,1,its current,1,effectively remote,1,that in,1
with different,1,t stop,1,current form,1,remote pilot,1,their corridors,1
different words,1,stop operations,1,form practical,1,pilot in,1,corridors the,1
words if,1,operations this,1,practical moves,1,in waiting,1,is below,1
can draft,1,be cheaper,1,moves in,1,waiting interventions,1,below a,1
draft a,1,reputational hit,1,in order,1,interventions are,1,threshold compatible,1
page eap,1,hit path,1,order renegotiate,1,are frequent,1,compatible with,1
eap charter,1,path c,1,renegotiate immediately,1,frequent or,1,sla and,1
charter odd,1,c de,1,immediately to,1,or expected,1,and recovery,1
odd eligibility,1,de scope,1,availability phase,1,expected high,1,disruption are,1
eligibility sla,1,scope the,1,phase define,1,high exception,1,are bounded,1
language gating,1,deployment move,1,define downtime,1,exception rate,1,bounded practical,1
gating criteria,1,move the,1,downtime precisely,1,rate the,1,practical decision,1
criteria stop,1,partner to,1,counts measurement,1,system cannot,1,decision rule,1
authority that,1,non interference,1,window add,1,cannot safely,1,can renegotiate,1
can take,1,interference sub,1,add an,1,safely handle,1,pilot capped,1
take to,1,sub area,1,an emi,1,handle foreseeable,1,capped liability,1
architect for,1,area of,1,qualification prerequisite,1,foreseeable conditions,1,level sla,1
a yes,1,site a,1,prerequisite and,1,conditions inside,1,modified is,1
yes no,1,a day,1,and exclusions,1,customer s,1,cannot change,1
no changing,1,day shift,1,exclusions add,1,expected environment,1,environment is,1
changing the,1,shift supervised,1,add a,1,environment and,1,is plausibly,1
the label,1,supervised window,1,day acceptance,1,re relying,1,plausibly high,1
label alone,1,window lower,1,with targets,1,relying on,1,interference proposal,1
alone is,1,lower frequency,1,targets abort,1,on humans,1,not viable,1
is just,1,frequency missions,1,mttr before,1,humans ops,1,viable for,1
just optics,1,missions this,1,before penalties,1,ops workarounds,1,for this,1
optics it,1,this preserves,1,penalties apply,1,workarounds to,1,this launch,1
it only,1,preserves relationship,1,apply cap,1,to bridge,1,you either,1
only solves,1,relationship and,1,cap penalties,1,bridge that,1,either delay,1
solves the,1,still creates,1,phase decouple,1,that gap,1,elsewhere with,1
structural problems,1,creates a,1,decouple global,1,gap the,1,different scope,1
problems if,1,story without,1,launch from,1,is doing,1,scope immediate,1
if early,1,without overstating,1,from mining,1,doing the,1,step fastest,1
access comes,1,overstating capability,1,launch on,1,the heavy,1,fastest path,1
comes with,1,capability path,1,emi lower,1,heavy lifting,1,to clarity,1
with structural,1,path d,1,lower penalty,1,lifting of,1,clarity ask,1
structural changes,1,d delay,1,penalty contexts,1,safety because,1,partner for,1
changes in,1,partner not,1,contexts or,1,because onboard,1,one explicit,1
in what,1,not necessarily,1,or customers,1,integrity isn,1,explicit concession,1
you promise,1,necessarily the,1,customers willing,1,t robust,1,concession a,1
promise what,1,the whole,1,accept gated,1,robust i,1,remedies their,1
you contractually,1,whole company,1,gated sla,1,e autonomy,1,their response,1
contractually owe,1,company launch,1,sla while,1,autonomy only,1,response will,1
owe and,1,launch if,1,while mining,1,only holds,1,will tell,1
how you,1,can launch,1,mining remains,1,holds when,1,whether proposal,1
you technically,1,elsewhere in,1,remains pilot,1,when the,1,can survive,1
technically operationally,1,envelope lower,1,refuse any,1,the world,1,survive commercially,1
operationally bound,1,lower interference,1,exclusions treat,1,world behaves,1,commercially if,1
the risk,1,interference sites,1,ship for,1,behaves exactly,1,key sla,1
risk talent,1,sites while,1,that customer,1,exactly as,1,sla language,1
talent engineers,1,delaying this,1,customer not,1,as mapped,1,language availability,1
engineers what,1,deployment you,1,necessarily for,1,mapped if,1,availability downtime,1
it engineers,1,may preserve,1,the whole,1,re shipping,1,definition penalty,1
engineers won,1,preserve both,1,whole company,1,shipping to,1,structure caps,1
t stay,1,both integrity,1,company otherwise,1,to mining,1,day mean,1
stay because,1,integrity and,1,re effectively,1,with shifting,1,event i,1
because of,1,timeline but,1,effectively betting,1,need constant,1,you compute,1
a new,1,your series,1,betting series,1,constant readiness,1,compute worst,1
new name,1,milestone can,1,on signing,1,respond autonomous,1,case expected,1
name they,1,be redefined,1,signing an,1,autonomous should,1,propose the,1
ll stay,1,redefined accordingly,1,you already,1,be qualified,1,minimum contract,1
stay if,1,accordingly a,1,already know,1,qualified as,1,contract edits,1
s allowed,1,hard truth,1,know you,1,as limited,1,edits needed,1
allowed to,1,to state,1,may violate,1,limited autonomy,1,make proposal,1
to operate,1,state internally,1,violate a,1,constrained odd,1,defensible they,1
operate the,1,s operating,1,test for,1,odd with,1,re making,1
by we,1,operating environment,1,partner compute,1,remote assistance,1,making a,1
ll try,1,environment is,1,compute expected,1,assistance for,1,a technically,1
to geofence,1,is plausibly,1,expected penalties,1,exceptions how,1,technically sound,1
geofence it,1,plausibly high,1,penalties per,1,to phrase,1,sound argument,1
it if,1,are strict,1,per week,1,phrase it,1,interference field,1
geofencing cannot,1,strict then,1,week flights,1,it truthfully,1,field is,1
primary mitigation,1,geofence on,1,flights week,1,truthfully and,1,is non,1
mitigation the,1,time broad,1,week p_hi,1,still commercially,1,stationary moves,1
architect has,1,likely worse,1,p_hi penalty_per_event_or_downtime_unit,1,commercially use,1,moves with,1
has real,1,than it,1,penalty_per_event_or_downtime_unit if,1,use three,1,with equipment,1
real release,1,it looked,1,if that,1,three explicit,1,power routing,1
release authority,1,looked because,1,that number,1,explicit disclosures,1,routing site,1
authority can,1,it adds,1,number is,1,disclosures odd,1,site reconfiguration,1
say no,1,adds a,1,is non,1,envelope statement,1,reconfiguration vessel,1
no and,1,predictable financial,1,non trivial,1,statement chimera,1,vessel state,1
and stop,1,financial drain,1,trivial relative,1,chimera operates,1,state payload,1
authority if,1,drain and,1,relative to,1,operates autonomously,1,payload proximity,1
assumptions there,1,visibility failure,1,your gross,1,autonomously within,1,proximity then,1
plan schedule,1,mode what,1,margin or,1,within defined,1,known zones,1
schedule retrofit,1,hours concrete,1,or could,1,defined site,1,zones geofence,1
commitment if,1,concrete redline,1,could trigger,1,approved flight,1,a primary,1
if those,1,redline the,1,trigger termination,1,flight corridors,1,primary safety,1
those are,1,sla exact,1,termination proposal,1,and environmental,1,reliability control,1
true an,1,uptime metric,1,commercially unsafe,1,environmental constraints,1,control at,1
program can,1,metric exclusions,1,unsafe with,1,constraints supervision,1,at best,1
be ethically,1,exclusions penalty,1,this contract,1,model operations,1,best it,1
ethically consistent,1,penalty formula,1,contract if,1,operations are,1,a partial,1
consistent if,1,formula cure,1,sla terms,1,are autonomous,1,partial risk,1
if not,1,periods site,1,terms availability,1,autonomous remote,1,risk reducer,1
not it,1,site exposure,1,availability how,1,is available,1,reducer what,1
still shipping,1,exposure assessment,1,how downtime,1,available for,1,this implies,1
shipping knowingly,1,assessment plan,1,downtime is,1,for exception,1,implies for,1
defective contract,1,plan can,1,is defined,1,exception management,1,for proposal,1
penalties what,1,you survey,1,defined penalty,1,management and,1,as stated,1
it penalty,1,survey interrogate,1,penalty rate,1,recovery intervention,1,stated geofence,1
penalty risk,1,interrogate emi,1,rate cap,1,intervention exception,1,geofence patch,1
risk doesn,1,emi conditions,1,cap cure,1,exception metric,1,patch as,1
t care,1,conditions fast,1,cure termination,1,metric even,1,the main,1
care what,1,to justify,1,termination clauses,1,if initially,1,main mitigation,1
you call,1,justify exclusions,1,clauses and,1,initially a,1,not defensible,1
call the,1,exclusions compute,1,their expected,1,a range,1,defensible for,1
program it,1,penalty range,1,you determine,1,range typical,1,mining site,1
contract s,1,range best,1,whether any,1,typical missions,1,site with,1
s reliability,1,best base,1,any credible,1,missions require,1,safety first,1
claim is,1,base worst,1,credible geofenced,1,require no,1,first culture,1
site all,1,worst using,1,geofenced phase,1,no human,1,culture that,1
conditions downtime,1,using sorties,1,phase could,1,intervention exceptions,1,that requires,1
downtime is,1,mttr present,1,could meet,1,exceptions may,1,requires you,1
is defined,1,present the,1,meet it,1,occur under,1,to prove,1
defined in,1,partner two,1,what contract,1,under specified,1,prove containment,1
way you,1,two options,1,contract edits,1,specified interference,1,containment proposal,1
can meet,1,options i,1,edits are,1,conditions avoid,1,only viable,1
meet with,1,envelope commissioning,1,minimum to,1,avoid absolute,1,a multi,1
with exclusions,1,period or,1,a alive,1,absolute claims,1,multi layer,1
exclusions cure,1,ii revised,1,alive i,1,claims like,1,layer containment,1
and hard,1,revised schedule,1,t access,1,like fully,1,containment strategy,1
caps ideally,1,schedule tied,1,access your,1,fully autonomous,1,strategy where,1
ideally service,1,b possibly,1,systems i,1,anywhere on,1,a convenience,1
cash you,1,possibly with,1,m just,1,mitigation relies,1,convenience layer,1
you meet,1,with interim,1,just computing,1,relies on,1,layer not,1
availability via,1,interim pilots,1,computing from,1,on geofence,1,boundary of,1
via service,1,pilots decide,1,from what,1,geofence completeness,1,truth what,1
service design,1,decide internally,1,provide while,1,completeness you,1,do instead,1
design redundancy,1,amend and,1,while running,1,simple internal,1,instead still,1
redundancy hot,1,guarantee envelope,1,running on,1,internal test,1,still feasible,1
swap on,1,envelope containment,1,the available,1,the intervention,1,feasible within,1
spares mttr,1,containment redundancy,1,available compute,1,intervention duty,1,weeks depending,1
commitments not,1,redundancy treat,1,compute your,1,duty cycle,1,on your,1
by hoping,1,treat this,1,your chief,1,cycle ask,1,your stack,1
hoping the,1,schedule even,1,is pointing,1,ask across,1,stack replace,1
event won,1,even paraphrased,1,pointing at,1,across missions,1,replace geofence,1
t happen,1,paraphrased plus,1,engineering issue,1,missions at,1,geofence safety,1
happen the,1,plus expected,1,issue a,1,the target,1,safety with,1
customer explicitly,1,and estimated,1,only a,1,target customer,1,with integrity,1
explicitly accepts,1,estimated mttr,1,a control,1,site how,1,monitoring safety,1
accepts that,1,landing i,1,control if,1,require any,1,safety add,1
that operation,1,you quantify,1,the hazard,1,any human,1,add a,1
is unsupported,1,quantify the,1,is spatially,1,intervention reroute,1,a runtime,1
unsupported until,1,the monthly,1,spatially stable,1,reroute abort,1,integrity signal,1
customer insists,1,identify the,1,stable if,1,abort recovery,1,signal that,1
unconditional with,1,the smallest,1,interference field,1,recovery dispatch,1,that answers,1
site early,1,smallest contract,1,field is,1,dispatch how,1,answers are,1
access doesn,1,contract change,1,dynamic then,1,require real,1,are we,1
t reduce,1,change that,1,then we,1,time human,1,we currently,1
reduce your,1,that flips,1,ll geofence,1,human decision,1,currently estimating,1
your liability,1,flips this,1,geofence it,1,remain safe,1,estimating position,1
liability unless,1,this from,1,mitigation you,1,safe if,1,position attitude,1
contract changes,1,from likely,1,close a,1,if real,1,attitude reliably,1
the litmus,1,loss to,1,case with,1,time involvement,1,reliably enough,1
litmus test,1,to manageable,1,with it,1,is expected,1,to continue,1
test early,1,manageable short,1,becomes we,1,expected you,1,continue practically,1
is structural,1,short answer,1,ll reduce,1,re closer,1,practically this,1
structural good,1,answer it,1,reduce probability,1,to automated,1,is usually,1
good if,1,it materially,1,probability sometimes,1,automated with,1,usually built,1
changes what,1,reduces proposal,1,sometimes which,1,with supervision,1,built from,1
re accountable,1,viability unless,1,exactly the,1,supervision than,1,from ekf,1
accountable for,1,change scope,1,the kind,1,than autonomous,1,ekf ukf,1
for before,1,scope sla,1,kind of,1,your sales,1,ukf innovation,1
before autonomous,1,terms or,1,of residual,1,sales language,1,innovation residual,1
autonomous anywhere,1,or architecture,1,that later,1,language should,1,residual consistency,1
anywhere penalties,1,architecture of,1,later looks,1,should reflect,1,consistency are,1
penalties mitigated,1,service delivery,1,like knowingly,1,reflect that,1,are measurements,1
mitigated by,1,delivery before,1,shipped what,1,do for,1,measurements disagreeing,1
by best,1,contract detail,1,this implies,1,launch materials,1,disagreeing with,1
effort geofence,1,detail proposal,1,implies in,1,materials and,1,the state,1
geofence after,1,a could,1,in risk,1,contracts define,1,state cross,1
after autonomous,1,could be,1,risk terms,1,define autonomy,1,cross checks,1
odd enforceable,1,be argued,1,terms the,1,odd in,1,checks between,1
enforceable gating,1,argued as,1,the failure,1,the sow,1,between magnetometer,1
gating revised,1,as safe,1,mode is,1,sow and,1,vs gyro,1
penalties defined,1,safe but,1,longer known,1,and acceptance,1,gyro integrated,1
defined remediation,1,but annoying,1,defect with,1,acceptance criteria,1,integrated heading,1
remediation if,1,annoying with,1,with known,1,criteria put,1,vs gnss,1
t secure,1,with reliability,1,known containment,1,put geofence,1,gnss course,1
secure those,1,reliability expectations,1,containment it,1,geofence odd,1,course over,1
those changes,1,same behavior,1,becomes unbounded,1,odd limits,1,over ground,1
changes you,1,predictable uptime,1,t state,1,limits in,1,ground when,1
should assume,1,uptime breach,1,state a,1,in an,1,moving sudden,1
assume early,1,breach driver,1,credible upper,1,an appendix,1,sudden changes,1
is mostly,1,driver even,1,upper bound,1,appendix not,1,in estimated,1
mostly branding,1,crashes direct,1,in real,1,a hidden,1,estimated biases,1
branding and,1,direct financial,1,real operations,1,hidden support,1,biases covariance,1
it won,1,financial downside,1,operations because,1,support note,1,covariance growth,1
t prevent,1,downside liquidated,1,because the,1,note align,1,growth magnetic,1
prevent resignations,1,damages credits,1,the triggering,1,align slas,1,magnetic field,1
resignations or,1,credits reference,1,triggering condition,1,slas with,1,field magnitude,1
or penalty,1,customer reputational,1,can move,1,and exception,1,magnitude gradient,1
exposure this,1,reputational risk,1,move in,1,handling so,1,gradient sanity,1
incident materially,1,risk your,1,in reliability,1,still truthfully,1,checks hard,1
materially reclassifies,1,your flagship,1,reliability sla,1,truthfully say,1,hard iron,1
reclassifies the,1,flagship launch,1,sla language,1,should say,1,iron soft,1
s no,1,story can,1,language you,1,exceptions unless,1,soft iron,1
nuisance not,1,can flip,1,cannot confidently,1,low exception,1,iron anomalies,1
site safety,1,flip negative,1,confidently meet,1,exception rates,1,anomalies then,1
safety and,1,negative fast,1,an availability,1,rates without,1,then define,1
and operational,1,fast so,1,target when,1,without reliance,1,define actions,1
hazard with,1,so proposal,1,when your,1,reliance on,1,actions degrade,1
commercial consequences,1,longer launch,1,mitigation has,1,geofencing the,1,degrade mode,1
consequences what,1,launch and,1,has unknown,1,as it,1,mode slow,1
incident proves,1,manage it,1,unknown coverage,1,it stands,1,slow climb,1
proves the,1,becomes launch,1,coverage what,1,stands now,1,climb hold,1
hover then,1,sla won,1,geofence non,1,now crisp,1,hold stop,1
then descend,1,be violated,1,non credible,1,crisp statement,1,stop mission,1
produce an,1,violated or,1,credible and,1,statement known,1,early prefer,1
an unacceptable,1,ve redefined,1,to test,1,interference chimera,1,prefer rtb,1
unacceptable outcome,1,redefined what,1,test quickly,1,s nav,1,a pre,1
outcome even,1,s being,1,quickly geofencing,1,nav can,1,pre defined,1
crash static,1,being measured,1,geofencing fails,1,can momentarily,1,integrity still,1
static avoidance,1,measured why,1,fails as,1,momentarily lose,1,still supports,1
avoidance geofence,1,why the,1,a primary,1,lose lock,1,supports it,1
geofence of,1,the math,1,primary mitigation,1,lock triggering,1,it only,1
insufficient because,1,math a,1,when any,1,hover and,1,only land,1
the harm,1,a event,1,true interference,1,and descent,1,are if,1
harm occurred,1,rate in,1,interference depends,1,descent to,1,safe navigation,1
occurred in,1,relevant exposure,1,on equipment,1,to land,1,navigation to,1
consequence area,1,exposure zone,1,state motors,1,land it,1,zone this,1
area haul,1,zone converts,1,motors on,1,a crash,1,this directly,1
road where,1,converts to,1,on off,1,termination with,1,directly addresses,1
must guarantee,1,to expected,1,off cranes,1,uncertain landing,1,addresses zones,1
guarantee behavior,1,expected incidents,1,cranes generators,1,location inside,1,shift because,1
behavior under,1,day flights,1,generators trucks,1,area containment,1,it reacts,1
a mining,1,in exposure,1,trucks parking,1,containment uncertainty,1,reacts to,1
contract you,1,day incidents,1,parking not,1,uncertainty a,1,condition not,1
now have,1,re flying,1,just location,1,coverage because,1,map introduce,1
have evidence,1,flying high,1,location the,1,and mapping,1,introduce site,1
defect causes,1,high volume,1,magnetic environment,1,mapping enforcement,1,qualification as,1
causes measurable,1,volume common,1,environment has,1,enforcement can,1,hard gate,1
measurable downtime,1,common for,1,has gradients,1,be imperfect,1,gate contractually,1
downtime and,1,mining logistics,1,gradients halos,1,imperfect commercial,1,contractually enforceable,1
customer escalation,1,logistics rare,1,halos larger,1,commercial reality,1,enforceable for,1
escalation immediate,1,rare becomes,1,larger than,1,reality your,1,offshore treat,1
actions today,1,becomes routine,1,than your,1,your flagship,1,treat each,1
today hours,1,routine and,1,map resolution,1,flagship mining,1,site and,1
hours operational,1,penalties can,1,resolution the,1,has downtime,1,and even,1
operational stop,1,can exceed,1,the drone,1,which turns,1,even corridors,1
stop gap,1,exceed any,1,drone can,1,turns even,1,corridors within,1
gap containment,1,term benefit,1,can encounter,1,safe anomalies,1,site like,1
containment temporarily,1,benefit from,1,encounter interference,1,anomalies into,1,a certified,1
temporarily prohibit,1,from shipping,1,interference en,1,financial and,1,certified operating,1
prohibit autonomous,1,shipping proposal,1,en route,1,and relationship,1,area quick,1
autonomous flight,1,still viable,1,route not,1,relationship risk,1,quick survey,1
flight over,1,under one,1,just at,1,risk org,1,survey flight,1
over near,1,conditions contractual,1,at endpoints,1,org reality,1,flight corridor,1
near haul,1,contractual viability,1,endpoints and,1,reality shipping,1,corridor definition,1
with large,1,viability amend,1,and routes,1,shipping in,1,definition acceptance,1
large buffers,1,phase you,1,routes vary,1,way perceived,1,with pass,1
buffers add,1,you negotiate,1,vary your,1,perceived as,1,pass fail,1
add a,1,negotiate one,1,map is,1,as knowingly,1,fail criteria,1
a critical,1,reduced or,1,is based,1,defective risks,1,qualification trigger,1
infrastructure geofence,1,or zero,1,on sparse,1,risks losing,1,trigger when,1
geofence haul,1,penalties explicit,1,sparse sampling,1,architect lead,1,changes materially,1
loading areas,1,b sla,1,sampling and,1,lead engineers,1,materially new,1
areas conveyors,1,on throughput,1,and lacks,1,engineers potentially,1,power runs,1
conveyors substations,1,availability rather,1,lacks confidence,1,potentially setting,1,runs steel,1
substations independent,1,than single,1,confidence intervals,1,setting the,1,steel stacks,1
independent of,1,single aircraft,1,intervals fast,1,months financing,1,stacks this,1
interference maps,1,aircraft mission,1,fast test,1,financing reality,1,this turns,1
maps require,1,t move,1,test days,1,delay likely,1,turns we,1
require designated,1,move on,1,days do,1,likely forces,1,guarantee into,1
loiter volumes,1,sla proposal,1,do repeated,1,a predatory,1,a managed,1
volumes and,1,a becomes,1,repeated emi,1,bridge potentially,1,managed auditable,1
and landing,1,becomes high,1,emi mapping,1,potentially damaging,1,auditable process,1
pads if,1,risk technical,1,mapping runs,1,damaging the,1,process engineer,1
drops command,1,technical viability,1,runs at,1,the cap,1,engineer operational,1
command return,1,viability enforce,1,at different,1,cap table,1,operational redundancy,1
or climb,1,avoids exposure,1,different times,1,table and,1,equal downtime,1
hold rather,1,exposure geofencing,1,times and,1,and adding,1,contract penalizes,1
land in,1,only sufficient,1,and equipment,1,adding covenant,1,penalizes downtime,1
place as,1,sufficient if,1,equipment states,1,covenant control,1,downtime you,1
a temporary,1,prove and,1,states compute,1,is tied,1,need service,1
temporary rule,1,enforce that,1,compute map,1,to commercial,1,level resilience,1
rule even,1,that interference,1,map variance,1,quarter so,1,resilience spare,1
it increases,1,zones are,1,variance if,1,the dispute,1,aircraft n,1
increases aborts,1,are detectable,1,the hot,1,dispute is,1,n and,1
aborts declare,1,detectable and,1,hot zones,1,longer software,1,and swap,1
declare a,1,and stable,1,move meaningfully,1,software vs,1,swap procedure,1
formal safety,1,stable enough,1,meaningfully geofence,1,vs hardware,1,procedure defined,1
safety incident,1,the drone,1,safety boundary,1,hardware but,1,retrieval reset,1
incident write,1,drone won,1,boundary at,1,but what,1,reset time,1
write an,1,hit the,1,at best,1,what definition,1,time targets,1
an incident,1,the condition,1,best it,1,definition of,1,targets onsite,1
report and,1,condition outside,1,s advisory,1,defend given,1,initial phase,1
and run,1,the fence,1,advisory what,1,given non,1,this reduces,1
run it,1,fence including,1,make proposal,1,risk strict,1,the business,1
it through,1,including transient,1,a viable,1,strict sla,1,business impact,1
through your,1,transient fields,1,viable despite,1,and team,1,impact even,1
safety process,1,fields if,1,despite shifting,1,team retention,1,if residual,1
process hazard,1,bound exposure,1,move from,1,retention constraints,1,events occur,1
log update,1,t responsibly,1,from geofence,1,constraints what,1,occur be,1
update severity,1,responsibly promise,1,geofence to,1,what my,1,explicit the,1
likelihood update,1,promise reliability,1,to detect,1,my current,1,the software,1
update corrective,1,reliability service,1,detect and,1,current leaning,1,software mitigation,1
corrective preventive,1,service design,1,and avoid,1,leaning is,1,is temporary,1
preventive actions,1,design viability,1,avoid degrade,1,explicit avoid,1,temporary and,1
actions set,1,viability redundancy,1,degrade gracefully,1,avoid a,1,and hardware,1
set an,1,so uptime,1,gracefully if,1,as stated,1,hardware remains,1
explicit release,1,met despite,1,want a,1,stated prefer,1,remains the,1
gate no,1,despite aborts,1,a software,1,prefer either,1,you decide,1
no commercial,1,aborts you,1,software first,1,explicit envelope,1,decide to,1
commercial ops,1,by capacity,1,first path,1,envelope or,1,anything before,1
ops until,1,capacity planning,1,mitigation must,1,revision if,1,shielding change,1
until you,1,planning n,1,be state,1,if constraints,1,change publish,1
can guarantee,1,n drones,1,state based,1,constraints sla,1,publish an,1
guarantee no,1,drones hot,1,based not,1,sla renegotiation,1,internal remediation,1
no blockage,1,swap operational,1,not purely,1,renegotiation aren,1,and date,1
blockage of,1,playbooks then,1,purely location,1,t achievable,1,date commit,1
of critical,1,drone s,1,location based,1,achievable strongest,1,to retrofit,1
lanes within,1,s safety,1,based a,1,strongest arguments,1,policy align,1
declared odd,1,an internal,1,a onboard,1,arguments against,1,align sales,1
odd customer,1,internal incident,1,onboard interference,1,against that,1,sales language,1
customer recovery,1,incident not,1,detection hard,1,that leaning,1,language to,1
recovery treat,1,not customer,1,gate real,1,leaning the,1,true envelope,1
it like,1,downtime but,1,time mag,1,best case,1,between band,1
serious operational,1,it raises,1,mag health,1,for ship,1,aid betrayal,1
incident apology,1,raises cost,1,health metrics,1,ship on,1,betrayal and,1
apology factual,1,cost and,1,metrics magnitude,1,time proposal,1,and responsible,1
factual summary,1,requires mature,1,magnitude anomalies,1,a ish,1,responsible phased,1
summary immediate,1,mature ops,1,anomalies rate,1,ish any,1,phased rollout,1
immediate containment,1,ops segmentation,1,of change,1,any non,1,rollout the,1
containment steps,1,segmentation viability,1,change inconsistency,1,non ga,1,decision logic,1
steps and,1,viability delay,1,inconsistency with,1,launch may,1,logic you,1
dated corrective,1,delay this,1,with expected,1,still fail,1,use with,1
corrective plan,1,partner or,1,expected earth,1,fail the,1,architect to,1
plan offer,1,or this,1,earth field,1,b trigger,1,to unstick,1
offer on,1,this site,1,field innovation,1,trigger if,1,unstick the,1
changes that,1,site while,1,innovation spikes,1,board define,1,team ask,1
that reduce,1,elsewhere you,1,spikes in,1,define commercial,1,concrete bar,1
reduce recurrence,1,you preserve,1,the estimator,1,as ga,1,bar if,1
recurrence safe,1,preserve a,1,estimator when,1,ga shipments,1,with runtime,1
safe corridors,1,milestone by,1,when detected,1,shipments at,1,monitoring that,1
corridors dedicated,1,by launching,1,detected reject,1,scale not,1,prevents continued,1
dedicated landing,1,interference envelope,1,reject magnetometer,1,not pilots,1,continued operation,1
landing zones,1,envelope customer,1,magnetometer switch,1,pilots then,1,operation under,1
zones traffic,1,customer set,1,switch yaw,1,release may,1,under magnetic,1
traffic integration,1,set while,1,source change,1,be viewed,1,anomalies plus,1
integration plan,1,while pushing,1,change estimator,1,viewed as,1,plus a,1
plan what,1,pushing the,1,mode and,1,as not,1,contract pilot,1
means for,1,penalized mining,1,or enforce,1,not meeting,1,pilot cap,1
originally framed,1,deployment to,1,enforce speed,1,meeting the,1,cap will,1
framed a,1,hardware revised,1,speed altitude,1,milestone forcing,1,launch not,1
that relies,1,revised version,1,altitude limits,1,forcing the,1,a pure,1
relies on,1,version what,1,and route,1,bridge anyway,1,pure proposal,1
on interference,1,implies for,1,route away,1,anyway so,1,a if,1
interference geofencing,1,decision right,1,away b,1,d incur,1,penalties then,1
effectively dead,1,now if,1,b dynamic,1,incur both,1,then delaying,1
dead for,1,conglomerate is,1,dynamic avoidance,1,both constraint,1,fix becomes,1
mining unless,1,launch anchor,1,just don,1,constraint friction,1,becomes the,1
you also,1,anchor and,1,t enter,1,friction and,1,defensible option,1
also introduce,1,amend penalties,1,enter polygon,1,toxic financing,1,option for,1
introduce enforceable,1,penalties definitions,1,polygon x,1,financing delays,1,that customer,1
enforceable don,1,definitions and,1,x but,1,delays are,1,customer bottom,1
hazards controls,1,guarantee exposure,1,interference detected,1,are existential,1,line a,1
controls blocking,1,exposure avoidance,1,detected treat,1,existential in,1,only patch,1
road for,1,avoidance or,1,treat area,1,hardware momentum,1,patch is,1
minutes is,1,redundancy then,1,area as,1,and pipeline,1,is legitimately,1
is precisely,1,originally framed,1,as temporarily,1,pipeline collapse,1,legitimately a,1
precisely the,1,framed is,1,temporarily excluded,1,collapse a,1,a band,1
the type,1,not viable,1,excluded with,1,slip can,1,aid because,1
type of,1,viable for,1,buffers and,1,can cause,1,it assumes,1
of event,1,secure an,1,and logging,1,cause customers,1,assumes static,1
event that,1,an amended,1,logging c,1,customers to,1,static knowledge,1
triggers loss,1,sla or,1,c fail,1,to churn,1,knowledge you,1
partner penalty,1,sign proposal,1,fail mode,1,churn to,1,have to,1
exposure and,1,be reconstituted,1,mode that,1,to competitors,1,launch viable,1
and given,1,reconstituted into,1,s operationally,1,competitors or,1,viable without,1
given your,1,a limited,1,operationally safer,1,or revert,1,revision you,1
your team,1,availability enforceable,1,safer than,1,revert to,1,must detect,1
team s,1,a beta,1,than forced,1,to incumbent,1,condition in,1
s stance,1,beta handwave,1,land if,1,incumbent workflows,1,in real,1
stance increased,1,handwave immediate,1,feasible a,1,workflows erode,1,time constrain,1
increased likelihood,1,next step,1,safe only,1,erode credibility,1,constrain operations,1
likelihood of,1,step hours,1,area is,1,credibility they,1,operations to,1
of key,1,hours pull,1,is assured,1,they missed,1,to qualified,1
key resignations,1,sla metric,1,assured in,1,missed launch,1,environments structure,1
resignations the,1,metric uptime,1,mining that,1,can they,1,structure the,1
structural fix,1,window exclusions,1,often not,1,they execute,1,and operations,1
fix you,1,exclusions mttr,1,guaranteed if,1,execute trigger,1,operations so,1
now need,1,mttr expectations,1,can prefer,1,trigger employee,1,so residual,1
need whether,1,schedule and,1,prefer hold,1,employee attrition,1,events don,1
whether eap,1,and compute,1,hold return,1,attrition outside,1,t become,1
eap or,1,exposure using,1,known safe,1,outside engineering,1,become sla,1
or ga,1,using their,1,over descend,1,engineering increase,1,liability and,1
ga to,1,their projected,1,descend wherever,1,increase unit,1,and keep,1
any launch,1,projected flight,1,wherever you,1,unit costs,1,fix as,1
launch defensible,1,volume and,1,are subject,1,costs and,1,the committed,1
need at,1,your mttr,1,subject to,1,operational burn,1,committed endpoint,1
minimum a,1,you either,1,case this,1,burn due,1,endpoint yes,1
that excludes,1,either renegotiate,1,still not,1,due to,1,yes it,1
excludes critical,1,terms scope,1,full fix,1,to extended,1,true but,1
critical site,1,scope or,1,can become,1,extended pre,1,you describe,1
site corridors,1,should not,1,mitigation if,1,pre revenue,1,describe autonomy,1
corridors unless,1,contract on,1,demonstrate detection,1,revenue support,1,autonomy in,1
behavior a,1,on proposal,1,detection coverage,1,and manufacturing,1,the way,1
a fail,1,s objection,1,coverage and,1,manufacturing holding,1,way serious,1
that prioritizes,1,objection is,1,a conservative,1,holding costs,1,serious autonomy,1
prioritizes go,1,is technically,1,conservative envelope,1,costs in,1,autonomy vendors,1
go to,1,technically well,1,contract consequence,1,in some,1,vendors do,1
state location,1,well founded,1,consequence you,1,some markets,1,do autonomous,1
location over,1,founded a,1,cannot sign,1,markets time,1,defined operational,1
over land,1,a static,1,sign reliability,1,to market,1,domain odd,1
are contract,1,static geofence,1,mitigation with,1,the moat,1,odd and,1
contract language,1,only valid,1,with shifting,1,moat so,1,and with,1
matches the,1,valid when,1,assume you,1,so shipping,1,with exception,1
real envelope,1,the hazardous,1,honestly warrant,1,something good,1,handling supported,1
and response,1,hazardous condition,1,warrant near,1,good enough,1,supported by,1
response model,1,condition is,1,near continuous,1,enough can,1,by humans,1
model if,1,is stable,1,continuous availability,1,be rational,1,humans what,1
share what,1,stable mappable,1,availability in,1,rational the,1,what autonomous,1
loss does,1,mappable and,1,environment you,1,fallback safety,1,autonomous truthfully,1
does to,1,and fully,1,either renegotiate,1,availability can,1,truthfully means,1
to lateral,1,fully observable,1,phase sla,1,be engineered,1,means in,1
control stable,1,observable magnetic,1,sla into,1,engineered operationally,1,industrial systems,1
stable hover,1,interference often,1,qualification period,1,operationally a,1,systems a,1
hover vs,1,often isn,1,with exclusions,1,strong pro,1,a system,1
vs drift,1,t equipment,1,exclusions caps,1,pro a,1,system is,1
can change,1,equipment moves,1,caps keep,1,a claim,1,is reasonably,1
the fail,1,moves loads,1,mining out,1,claim is,1,reasonably described,1
state machine,1,loads change,1,the on,1,system fails,1,described as,1
machine hold,1,change local,1,scope or,1,fails gracefully,1,autonomous if,1
hold climb,1,fields vary,1,for hardware,1,gracefully no,1,if during,1
climb return,1,vary and,1,or ship,1,no crash,1,normal operations,1
return i,1,edge can,1,ship shielding,1,crash downtime,1,operations in,1
you define,1,drift if,1,shielding as,1,downtime can,1,its stated,1
short term,1,coverage then,1,a retrofit,1,be managed,1,stated odd,1
term containment,1,as framed,1,retrofit prerequisite,1,managed with,1,odd it,1
containment mode,1,framed fails,1,prerequisite for,1,with fleet,1,it perceives,1
s actually,1,fails two,1,mining a,1,redundancy spares,1,perceives navigates,1
actually compatible,1,two required,1,a decision,1,spares rapid,1,navigates controls,1
with mining,1,required properties,1,decision gate,1,recovery geofence,1,controls itself,1
mining operations,1,properties containment,1,that resolves,1,geofence operational,1,itself without,1
operations it,1,enforceable you,1,team split,1,operational discipline,1,without real,1
showstopper for,1,t prevent,1,split without,1,discipline can,1,time piloting,1
that includes,1,prevent exposure,1,without ideology,1,can reduce,1,piloting executes,1
includes mining,1,exposure reliability,1,ideology set,1,reduce exposure,1,executes missions,1
mining production,1,reliability claims,1,concrete containment,1,exposure sufficiently,1,missions without,1
production ops,1,claims become,1,containment proof,1,sufficiently for,1,human continuously,1
ops as,1,become indefensible,1,proof bar,1,deployments if,1,continuously commanding,1
as currently,1,indefensible under,1,bar for,1,low event,1,commanding flight,1
currently framed,1,a sla,1,for proposal,1,event rates,1,flight handles,1
framed unless,1,penalties what,1,is allowed,1,rates at,1,handles expected,1
unless and,1,that means,1,allowed only,1,the actual,1,expected disturbances,1
and this,1,viability proposal,1,if within,1,actual mine,1,disturbances with,1
a big,1,is viable,1,weeks engineering,1,mine phi,1,with onboard,1
big unless,1,change it,1,engineering can,1,phi low,1,onboard logic,1
can credibly,1,it from,1,can produce,1,low or,1,logic what,1
credibly demonstrate,1,from geofence,1,a measured,1,or controllable,1,what doesn,1
demonstrate it,1,patch to,1,measured bound,1,controllable and,1,t automatically,1
it occurred,1,defendable operating,1,intended mining,1,and short,1,automatically negate,1
occurred outside,1,envelope detection,1,mining operating,1,short mttr,1,negate autonomy,1
declared enforced,1,mitigation system,1,operating conditions,1,mttr then,1,autonomy geofencing,1
tested containment,1,system and,1,conditions after,1,then penalties,1,geofencing odd,1
containment plan,1,commercial obligation,1,after patch,1,penalties might,1,boundary definition,1
that would,1,obligation concretely,1,patch detection,1,be tolerable,1,definition site,1
would have,1,concretely you,1,detection with,1,tolerable geofence,1,qualification preconditions,1
have prevented,1,true a,1,with confidence,1,only mitigation,1,preconditions for,1
prevented impact,1,a runtime,1,not anecdotes,1,mitigation we,1,for safe,1
impact in,1,mitigation turn,1,anecdotes a,1,can add,1,safe autonomy,1
in production,1,turn unknown,1,and enforcement,1,add integrity,1,autonomy on,1
production why,1,unknown zones,1,enforcement mechanism,1,monitoring quickly,1,support maintenance,1
showstopper it,1,zones into,1,mechanism site,1,quickly if,1,maintenance incident,1
it created,1,into detectable,1,qualification onboard,1,can ship,1,response remote,1
created a,1,detectable conditions,1,onboard detection,1,a software,1,monitoring supervision,1
consequence site,1,conditions add,1,detection contract,1,software update,1,supervision control,1
site hazard,1,add an,1,alignment phase,1,update that,1,control what,1
hazard blocking,1,an onboard,1,phase terms,1,that detects,1,make autonomous,1
blocking an,1,onboard interference,1,envelope no,1,detects estimator,1,autonomous misleading,1
road in,1,interference condition,1,metrics met,1,estimator degradation,1,misleading if,1
mining that,1,condition monitor,1,met written,1,degradation early,1,if routine,1
s treated,1,triggers before,1,off from,1,early changes,1,routine operations,1
treated like,1,loss using,1,architect or,1,changes behavior,1,operations require,1
safety event,1,using signals,1,explicit statement,1,behavior to,1,require continuous,1
event even,1,signals you,1,it signable,1,avoid random,1,continuous human,1
it demonstrates,1,already have,1,signable if,1,landings return,1,human intervention,1
demonstrates your,1,have magnetometer,1,these can,1,to corridor,1,intervention to,1
produce unacceptable,1,magnetometer anomalies,1,be met,1,corridor safe,1,to complete,1
unacceptable outcomes,1,anomalies estimator,1,met proposal,1,loiter then,1,complete missions,1
outcomes in,1,residuals gnss,1,t bold,1,the band,1,missions if,1
in normal,1,gnss imu,1,bold it,1,aid critique,1,if humans,1
normal site,1,imu consistency,1,s unknowable,1,critique weakens,1,humans are,1
site topology,1,consistency checks,1,unknowable which,1,weakens this,1,are regularly,1
topology with,1,checks when,1,core of,1,this would,1,regularly unsticking,1
reliability penalty,1,when triggered,1,s objection,1,would make,1,unsticking it,1
clauses this,1,triggered the,1,objection practical,1,make proposal,1,it in,1
technical bug,1,must take,1,practical path,1,a closer,1,ways that,1
bug it,1,predictable contract,1,preserves schedule,1,defensible layered,1,effectively piloting,1
s immediate,1,contract compatible,1,schedule and,1,layered control,1,piloting if,1
immediate contractual,1,compatible action,1,and integrity,1,control not,1,true promise,1
contractual and,1,action e,1,integrity if,1,brittle map,1,promise is,1
reputational exposure,1,g exit,1,a near,1,map based,1,is works,1
exposure when,1,exit corridor,1,term milestone,1,based avoidance,1,works anywhere,1
it would,1,corridor climb,1,milestone segment,1,avoidance engineer,1,anywhere but,1
would be,1,climb return,1,segment launch,1,engineer resignations,1,re actually,1
be exactly,1,safe route,1,launch ship,1,resignations may,1,actually works,1
we predicted,1,route or,1,ship limited,1,a negotiation,1,works only,1
predicted and,1,or transition,1,availability this,1,negotiation stance,1,only where,1
and planned,1,mode long,1,quarter to,1,stance not,1,where we,1
planned for,1,long enough,1,emi customers,1,a certainty,1,we ve,1
for only,1,get to,1,slas keep,1,certainty if,1,ve pre,1
following are,1,zone and,1,qualification only,1,if leadership,1,pre cleared,1
had an,1,only then,1,only make,1,leadership believes,1,cleared and,1
explicit rule,1,land if,1,shielding the,1,believes the,1,and constantly,1
rule no,1,enough or,1,mining unlock,1,is partly,1,constantly babysit,1
no flight,1,bounded landing,1,unlock mining,1,partly leverage,1,babysit the,1
flight hover,1,footprint you,1,ga requires,1,leverage they,1,right way,1
hover landing,1,assume you,1,requires shielding,1,may argue,1,to state,1
landing over,1,ll still,1,shielding kit,1,financing threatening,1,state it,1
with buffers,1,still incur,1,kit installed,1,threatening delay,1,it so,1
it was,1,incur downtime,1,installed offer,1,delay based,1,t overclaim,1
was enforced,1,downtime events,1,offer value,1,be mitigated,1,overclaim use,1
dispatch automation,1,events b,1,pretending deliver,1,mitigated with,1,use language,1
automation not,1,b operational,1,deliver ops,1,with giving,1,language like,1
operator judgment,1,redundancy meet,1,ops tooling,1,giving the,1,like autonomous,1
judgment you,1,sla at,1,tooling site,1,architect formal,1,qualified geofenced,1
defined failover,1,level not,1,survey kit,1,formal sign,1,geofenced operating,1
behavior on,1,vehicle level,1,kit telemetry,1,power committing,1,area odd,1
loss the,1,incidents still,1,telemetry and,1,a fast,1,with remote,1
drone moves,1,still happen,1,and strong,1,fast hardware,1,support for,1
moves to,1,happen you,1,strong support,1,hardware rev,1,for exceptions,1
loiter landing,1,still deliver,1,support things,1,rev limiting,1,exceptions supervised,1
landing volume,1,by provisioning,1,things mining,1,limiting initial,1,autonomy common,1
or climbs,1,provisioning n,1,mining buyers,1,initial deployments,1,common and,1
climbs returns,1,spares and,1,buyers value,1,deployments important,1,and credible,1
returns rather,1,and fast,1,without promising,1,important this,1,credible avoid,1
than remaining,1,recovery so,1,promising sla,1,this argument,1,avoid absolute,1
remaining over,1,so an,1,sla prematurely,1,argument is,1,absolute phrasing,1
over wherever,1,an event,1,prematurely how,1,only strong,1,phrasing like,1
is you,1,event doesn,1,to talk,1,strong if,1,like fully,1
had rehearsed,1,become customer,1,talk about,1,credible evidence,1,fully autonomous,1
rehearsed the,1,only honest,1,about this,1,the exits,1,autonomous in,1
the operational,1,honest ways,1,this internally,1,exits are,1,in all,1
operational response,1,to sell,1,internally so,1,are unlikely,1,all industrial,1
response so,1,sell uptime,1,so it,1,unlikely bridge,1,industrial environments,1
so that,1,uptime while,1,t become,1,be so,1,environments if,1
the maximum,1,you mature,1,become sales,1,so bad,1,re forced,1
maximum disruption,1,mature c,1,sales vs,1,bad they,1,single word,1
disruption was,1,sla rewrite,1,vs safety,1,they functionally,1,word in,1
was bounded,1,rewrite commissioning,1,safety a,1,functionally transfer,1,in marketing,1
g minutes,1,phase exclusions,1,a useful,1,transfer control,1,marketing back,1
minutes not,1,exclusions if,1,useful shared,1,bridge includes,1,it immediately,1
not and,1,if neither,1,shared statement,1,includes harsh,1,immediately with,1
customer had,1,neither a,1,statement is,1,harsh covenants,1,odd statement,1
had agreed,1,a nor,1,not use,1,rights it,1,statement in,1
agreed to,1,nor b,1,mitigation we,1,it may,1,the datasheet,1
that as,1,b can,1,bound as,1,may constrain,1,datasheet sow,1
those weren,1,made reliable,1,the basis,1,constrain product,1,sow how,1
weren t,1,reliable in,1,basis for,1,product decisions,1,how geofencing,1
t already,1,renegotiate commissioning,1,a production,1,decisions force,1,geofencing and,1
already true,1,period explicit,1,production ready,1,force premature,1,and standby,1
true in,1,triggered aborts,1,ready claim,1,premature scaling,1,standby support,1
a validated,1,or redefine,1,claim that,1,scaling or,1,support should,1
validated way,1,redefine uptime,1,that respects,1,or milestones,1,should appear,1
way then,1,uptime to,1,respects the,1,milestones make,1,appear in,1
then this,1,availability d,1,ethos while,1,make series,1,contracts to,1
t as,1,d if,1,still leaving,1,harder increase,1,stay truthful,1
as planned,1,do a,1,leaving room,1,increase default,1,truthful and,1
planned it,1,a b,1,room for,1,default risk,1,reduce liability,1
s evidence,1,b c,1,scoped evidence,1,risk in,1,liability ensure,1
evidence your,1,c treat,1,evidence based,1,that case,1,ensure your,1
current mitigation,1,that environment,1,based limited,1,case delay,1,your sow,1
mitigation is,1,environment then,1,a whether,1,delay could,1,sow sla,1
insufficient and,1,only technically,1,implement interference,1,be seen,1,sla ties,1
should treat,1,honest path,1,mode switching,1,seen as,1,ties autonomy,1
gate failure,1,path for,1,switching in,1,as reckless,1,autonomy to,1
failure for,1,that mining,1,between scoped,1,reckless financially,1,to defined,1
mining ga,1,is delay,1,launch vs,1,financially even,1,defined site,1
ga and,1,deploy only,1,vs delay,1,if technically,1,site boundaries,1
likely even,1,verified low,1,clear defensible,1,technically principled,1,boundaries corridors,1
even for,1,interference subset,1,defensible rationale,1,principled net,1,corridors required,1
access unless,1,subset the,1,rationale yes,1,net what,1,setup safe,1
is tightened,1,key decision,1,only under,1,would falsify,1,zones comms,1
tightened immediately,1,decision test,1,a precise,1,falsify my,1,comms coverage,1
immediately practical,1,test fast,1,precise definition,1,leaning fastest,1,coverage exclusion,1
practical takeaway,1,fast ask,1,geofencing and,1,fastest a,1,exclusion areas,1
takeaway you,1,ask engineering,1,standby support,1,investor confirmation,1,areas operator,1
still proceed,1,engineering to,1,support do,1,confirmation that,1,operator customer,1
access only,1,answer this,1,automatically make,1,that limited,1,customer responsibilities,1
only after,1,this in,1,a system,1,milestone and,1,responsibilities what,1
after you,1,writing within,1,system not,1,customer willingness,1,what triggers,1
you redefine,1,days of,1,not autonomous,1,willingness to,1,triggers remote,1
redefine and,1,of focused,1,autonomous what,1,to revise,1,remote support,1
enforce an,1,focused testing,1,it untrue,1,revise sla,1,s counted,1
that provably,1,testing can,1,untrue is,1,strengthens my,1,counted in,1
provably prevents,1,we detect,1,is implying,1,leaning proof,1,in downtime,1
prevents hover,1,detect the,1,implying hands,1,proof site,1,attribution a,1
lanes and,1,the onset,1,hands off,1,survey flight,1,quick internal,1
your customer,1,onset of,1,off operation,1,that phi,1,internal test,1
customer contract,1,of interference,1,operation in,1,and events,1,test to,1
sla matches,1,interference with,1,in all,1,events are,1,keep everyone,1
matches that,1,with sufficient,1,all environments,1,are rare,1,everyone honest,1
that reality,1,sufficient lead,1,environments when,1,rare at,1,honest ask,1
reality otherwise,1,lead time,1,when in,1,launch mine,1,ask in,1
otherwise this,1,and low,1,in reality,1,mine with,1,the first,1
incident is,1,low false,1,reality autonomy,1,with fast,1,first days,1
is your,1,false negatives,1,autonomy only,1,fast mttr,1,days at,1
your stop,1,negatives can,1,only holds,1,mttr and,1,mine will,1
ship proof,1,we guarantee,1,holds within,1,countercase evidence,1,will missions,1
proof point,1,the resulting,1,constrained envelope,1,is default,1,missions complete,1
point that,1,resulting behavior,1,and may,1,default prone,1,complete end,1
that call,1,behavior won,1,may require,1,prone brittle,1,end to,1
call is,1,t violate,1,require human,1,and that,1,to end,1
a negotiation,1,violate the,1,human supervision,1,that investors,1,end without,1
negotiation tactic,1,s downtime,1,supervision or,1,accept milestone,1,human touching,1
tactic but,1,made non,1,or operational,1,milestone redefinition,1,touching controls,1
let it,1,non downtime,1,a workable,1,redefinition strengthens,1,controls in,1
it turn,1,downtime via,1,workable defensible,1,countercase but,1,in of,1
turn into,1,redundancy if,1,defensible definition,1,can retain,1,sorties inside,1
into ship,1,either answer,1,definition you,1,architect ensure,1,corridors if,1
something your,1,effectively telling,1,a statement,1,ensure safety,1,yes autonomous,1
sign after,1,telling you,1,usually truthful,1,case sign,1,odd is,1
incident this,1,you we,1,and commercially,1,structure redacted,1,a fair,1
t perfectionism,1,risk which,1,commercially understandable,1,can restate,1,fair claim,1
perfectionism it,1,which makes,1,understandable autonomous,1,restate the,1,claim if,1
s demonstrated,1,makes shipping,1,autonomous the,1,which assumptions,1,no market,1
demonstrated high,1,shipping under,1,the aircraft,1,assumptions most,1,market it,1
hazard plus,1,sla strategically,1,aircraft plans,1,most drive,1,as remote,1
plus known,1,strategically unsafe,1,plans executes,1,drive the,1,remote supervised,1
known key,1,unsafe if,1,executes the,1,decision what,1,supervised assisted,1
key person,1,what downtime,1,the mission,1,this news,1,assisted autonomy,1
person attrition,1,downtime counts,1,mission and,1,news changes,1,autonomy or,1
attrition risk,1,as per,1,and handles,1,changes and,1,or automated,1
risk what,1,aircraft vs,1,handles expected,1,what it,1,automated logistics,1
do on,1,vs service,1,expected contingencies,1,t changes,1,logistics with,1
next call,1,capacity that,1,contingencies without,1,changes opportunity,1,with on,1
call objective,1,that single,1,without continuous,1,opportunity value,1,site support,1
objective keep,1,single detail,1,continuous manual,1,value goes,1,support until,1
round without,1,detail determines,1,manual piloting,1,goes up,1,harden it,1
without unsafe,1,whether redundancy,1,piloting within,1,up customer,1,what human,1
ga re,1,can save,1,envelope under,1,customer attention,1,human actions,1
re anchor,1,save proposal,1,supervision humans,1,attention pipeline,1,actions are,1
anchor on,1,or whether,1,humans can,1,pipeline velocity,1,are anticipated,1
a fundable,1,whether only,1,intervene but,1,velocity pricing,1,anticipated during,1
fundable alternative,1,contract rewrite,1,have to,1,pricing power,1,normal ops,1
alternative to,1,rewrite is,1,to for,1,investor sentiment,1,ops monitoring,1
to full,1,is rational,1,for normal,1,sentiment improve,1,monitoring only,1
launch offer,1,rational yes,1,operation under,1,improve negotiating,1,only vs,1
a this,1,still be,1,under that,1,negotiating leverage,1,vs mission,1
quarter commercial,1,true but,1,that definition,1,leverage increases,1,mission approval,1
real revenue,1,a precise,1,an autonomy,1,increases with,1,approval vs,1
revenue commercial,1,precise defensible,1,autonomy constraint,1,with investors,1,vs manual,1
but odd,1,defensible definition,1,constraint defines,1,investors we,1,manual recovery,1
limited and,1,definition if,1,defines where,1,capture share,1,recovery vs,1
and contractually,1,you imply,1,where autonomy,1,share now,1,vs remote,1
contractually correct,1,imply go,1,is valid,1,now fund,1,remote control,1
correct limited,1,go anywhere,1,valid not,1,fund a,1,control i,1
limited partner,1,anywhere anytime,1,a negation,1,controlled rollout,1,suggest precise,1
partner set,1,anytime no,1,negation support,1,rollout rather,1,precise customer,1
set site,1,no human,1,support on,1,than force,1,facing wording,1
corridors enforced,1,involvement then,1,standby is,1,customers you,1,wording that,1
enforced no,1,then with,1,an operations,1,want supply,1,that stays,1
no critical,1,with geofencing,1,operations maturity,1,supply now,1,stays accurate,1
lanes zones,1,geofencing and,1,maturity measure,1,now accept,1,accurate while,1
zones supervised,1,and standby,1,measure like,1,acceptance instead,1,while still,1
operations spares,1,standby intervention,1,like sre,1,of punitive,1,still selling,1
level revised,1,intervention you,1,sre on,1,punitive uptime,1,selling the,1
revised mining,1,be overstating,1,call not,1,uptime terms,1,value the,1
caps no,1,overstating it,1,a proof,1,terms on,1,the conflict,1
unconditional across,1,a workable,1,proof of,1,day does,1,conflict as,1
across entire,1,workable truth,1,of non,1,not change,1,as it,1
entire site,1,standard autonomy,1,non autonomy,1,change a,1,it stands,1
site written,1,is about,1,as long,1,a non,1,stands now,1
written remediation,1,about the,1,long as,1,risk downtime,1,now what,1
plan dated,1,the control,1,as support,1,penalties still,1,s actually,1
hardening retrofit,1,control loop,1,support isn,1,still makes,1,actually colliding,1
retrofit ask,1,loop not,1,t required,1,broad sla,1,colliding technical,1
ask them,1,the absence,1,required for,1,sla launch,1,technical reality,1
them explicitly,1,absence of,1,for routine,1,launch financially,1,reality a,1
explicitly if,1,of constraints,1,routine flights,1,financially dangerous,1,a ghost,1
we deliver,1,can legitimately,1,flights where,1,dangerous talent,1,case causes,1
deliver paid,1,legitimately call,1,where autonomous,1,retention and,1,causes momentary,1
deployments under,1,if flight,1,becomes misleading,1,and internal,1,momentary nav,1
odd this,1,flight control,1,misleading red,1,internal safety,1,high magnetic,1
quarter does,1,control navigation,1,red lines,1,off remain,1,interference the,1
does that,1,navigation contingency,1,lines calling,1,remain gating,1,vehicle fails,1
that satisfy,1,contingency behaviors,1,it autonomous,1,gating constraints,1,fails safe,1
satisfy commercial,1,behaviors are,1,becomes problematic,1,constraints the,1,safe hover,1
launch if,1,are executed,1,problematic if,1,the highest,1,hover descend,1
they demand,1,executed onboard,1,practice routine,1,highest leverage,1,descend but,1
demand ga,1,onboard no,1,routine human,1,leverage shift,1,but creates,1
ga anyway,1,no continuous,1,intervention is,1,shift redefine,1,creates mission,1
anyway counter,1,continuous human,1,is required,1,redefine move,1,aborts interference,1
counter with,1,human piloting,1,required to,1,move fast,1,zones may,1
tranche structure,1,piloting the,1,to complete,1,fast as,1,dynamic so,1
structure propose,1,the mission,1,complete missions,1,as expandable,1,a static,1
propose close,1,mission is,1,missions not,1,expandable envelope,1,containment commercial,1
close most,1,is initiated,1,rare exception,1,not pretend,1,commercial reality,1
now hold,1,initiated monitored,1,handling the,1,pretend ga,1,reality your,1
hold back,1,monitored by,1,system is,1,competitor s,1,partner major,1
back a,1,humans but,1,is really,1,delay makes,1,major mining,1
tranche released,1,not flown,1,really teleoperated,1,availability entry,1,conglomerate expects,1
released on,1,flown by,1,teleoperated or,1,service strategy,1,expects reliability,1
on objective,1,humans any,1,or frequently,1,strategy more,1,has downtime,1
objective criteria,1,any human,1,frequently rescued,1,more attractive,1,clauses converting,1
criteria x,1,involvement is,1,rescued to,1,attractive not,1,converting aborts,1
x flight,1,is exception,1,avoid incidents,1,less you,1,into direct,1
flight hours,1,handling not,1,incidents you,1,viable option,1,direct financial,1
hours in,1,not routine,1,you market,1,option and,1,financial reputational,1
in qualified,1,routine teleoperation,1,market autonomy,1,and keep,1,reputational exposure,1
qualified sites,1,teleoperation to,1,as works,1,keep risk,1,they count,1
sites with,1,complete missions,1,anywhere on,1,bounded by,1,count as,1
with zero,1,missions geofences,1,site while,1,by starting,1,downtime financing,1
zero critical,1,geofences are,1,while your,1,starting with,1,financing reality,1
critical lane,1,are compatible,1,mitigation relies,1,with sites,1,reality series,1
lane blockages,1,with autonomy,1,relies on,1,missions where,1,is tied,1
blockages nav,1,autonomy they,1,on imperfect,1,reliability you,1,a successful,1
confidence gating,1,are policy,1,imperfect geofences,1,you then,1,quarter delaying,1
gating safe,1,policy constraints,1,geofences in,1,then expand,1,delaying likely,1
safe hold,1,constraints where,1,conditions the,1,expand the,1,likely forces,1
return behavior,1,s allowed,1,contract customer,1,envelope weekly,1,forces a,1
behavior shipped,1,operate not,1,customer expectation,1,weekly as,1,bridge risking,1
shipped hardware,1,not evidence,1,expectation is,1,as evidence,1,risking dilution,1
rev validated,1,of manual,1,is availability,1,evidence accumulates,1,control and,1
validated manufacturing,1,manual control,1,no babysitting,1,accumulates and,1,potentially future,1
manufacturing ready,1,control where,1,babysitting but,1,and as,1,fundability org,1
ready this,1,becomes misleading,1,but your,1,revision lands,1,org talent,1
this gives,1,misleading calling,1,your operational,1,lands how,1,talent reality,1
gives them,1,autonomous becomes,1,reality is,1,to exploit,1,reality the,1
them their,1,becomes shaky,1,ll keep,1,exploit the,1,leads may,1
their milestone,1,shaky if,1,a team,1,window safely,1,may resign,1
milestone discipline,1,true in,1,team ready,1,safely concrete,1,ship something,1
discipline without,1,in practice,1,ready because,1,concrete plan,1,something they,1
without forcing,1,practice missions,1,will frequently,1,plan commercial,1,they view,1
forcing you,1,missions frequently,1,frequently fail,1,commercial contract,1,view as,1
an indefensible,1,frequently require,1,fail safe,1,contract move,1,defective or,1
indefensible ship,1,require human,1,safe if,1,move immediate,1,or safety,1
ship use,1,human in,1,you cross,1,immediate convert,1,ethos violating,1
engineering walkout,1,loop decisions,1,cross those,1,convert penalties,1,violating you,1
walkout as,1,decisions to,1,those lines,1,penalties into,1,you estimate,1
hard business,1,complete not,1,lines the,1,into staged,1,estimate months,1
business constraint,1,just rare,1,the truthful,1,acceptance go,1,months roadmap,1
constraint not,1,rare abort,1,truthful label,1,back to,1,roadmap impact,1
not drama,1,abort handling,1,label shifts,1,partner with,1,impact if,1
drama state,1,handling a,1,shifts toward,1,addendum phase,1,they go,1
state plainly,1,a support,1,toward semi,1,pilot ops,1,go definition,1
plainly if,1,support team,1,semi autonomous,1,ops paid,1,truth reality,1
ship as,1,team on,1,autonomous autonomy,1,but no,1,reality you,1
as is,1,on standby,1,autonomy assisted,1,penalties instead,1,must market,1
is we,1,standby is,1,assisted or,1,instead service,1,market autonomous,1
we lose,1,effectively operationally,1,or autonomous,1,credits capped,1,autonomous without,1
and gen,1,operationally required,1,qualified zone,1,capped at,1,without overclaiming,1
gen slips,1,required to,1,zone under,1,fixed amount,1,overclaiming the,1
slips months,1,to achieve,1,supervision how,1,amount phase,1,you rely,1
months that,1,achieve advertised,1,to describe,1,phase qualified,1,on geofencing,1
that outcome,1,advertised uptime,1,describe it,1,qualified ops,1,geofencing standby,1
outcome destroys,1,throughput i,1,truthfully without,1,ops penalties,1,standby teams,1
destroys the,1,e autonomy,1,without underselling,1,you hit,1,teams the,1
the investment,1,autonomy depends,1,underselling use,1,hit objective,1,must frame,1
investment thesis,1,on constant,1,use three,1,objective metrics,1,frame autonomy,1
thesis more,1,babysitting you,1,three explicit,1,metrics e,1,autonomy as,1
more reliably,1,you hide,1,explicit pieces,1,landings envelope,1,as odd,1
reliably than,1,hide the,1,pieces of,1,envelope appendix,1,odd limited,1
than a,1,as general,1,of language,1,appendix explicit,1,limited supervised,1
delay be,1,general capability,1,language in,1,exclusions for,1,autonomy your,1
be explicit,1,capability you,1,in sales,1,for emi,1,s split,1
explicit about,1,on remote,1,sales decks,1,emi high,1,split is,1
about your,1,remote operators,1,decks contracts,1,interference regions,1,is essentially,1
your non,1,operators to,1,and onboarding,1,regions until,1,essentially about,1
negotiable safety,1,to unstick,1,onboarding autonomy,1,qualified route,1,about what,1
gate one,1,unstick navigation,1,autonomy mode,1,route corridors,1,what risk,1
one more,1,navigation often,1,mode statement,1,zones hard,1,is more,1
more haul,1,that customers,1,statement executes,1,on liability,1,more existential,1
blockage or,1,customers experience,1,executes missions,1,and clear,1,existential financial,1
worse post,1,as remotely,1,missions autonomously,1,definitions the,1,financial terms,1
post launch,1,remotely operated,1,autonomously no,1,opening strengthens,1,terms cash,1
a company,1,operated a,1,no onboard,1,strengthens this,1,runway delay,1
company ending,1,simple internal,1,onboard pilot,1,this ask,1,delay vs,1
ending event,1,internal metric,1,pilot remote,1,ask they,1,vs capability,1
event contractually,1,metric interventions,1,supervision only,1,they need,1,capability credibility,1
and reputationally,1,interventions per,1,only operating,1,a supplier,1,credibility sla,1
reputationally we,1,an intervention,1,envelope qualification,1,supplier now,1,sla blowups,1
represent autonomous,1,intervention if,1,qualification autonomy,1,t credibly,1,blowups ship,1
autonomous reliability,1,should market,1,warranted within,1,credibly demand,1,ship my,1
reliability outside,1,market supervised,1,zones following,1,demand telecom,1,my current,1
outside an,1,supervised autonomy,1,following site,1,telecom grade,1,current leaning,1
odd give,1,autonomy or,1,configuration human,1,grade uptime,1,leaning for,1
give them,1,or autonomy,1,human role,1,uptime from,1,for reference,1
them a,1,autonomy with,1,role clarity,1,a first,1,reference i,1
a choice,1,with remote,1,clarity operators,1,first deployment,1,ve leaned,1
choice not,1,remote assistance,1,operators supervise,1,deployment autonomy,1,leaned toward,1
a fight,1,assistance not,1,supervise and,1,autonomy platform,1,constrained controlled,1
fight frame,1,not blanket,1,intervene aether,1,platform without,1,launch tight,1
frame two,1,blanket autonomous,1,aether provides,1,without sharing,1,tight operating,1
two investable,1,autonomous how,1,provides on,1,sharing risk,1,monitoring contractual,1
investable paths,1,to say,1,call support,1,risk investor,1,contractual pilot,1
paths path,1,say it,1,support during,1,investor move,1,caps explicit,1
path preferred,1,it truthfully,1,during initial,1,move this,1,explicit path,1
preferred close,1,truthfully language,1,initial deployment,1,week turn,1,to hardware,1
now on,1,language you,1,deployment period,1,turn competitor,1,remediation rather,1
eap commercial,1,use prefer,1,period this,1,delay into,1,than geofence,1
quarter with,1,prefer autonomous,1,preserves the,1,into milestone,1,only ship,1
with objective,1,operations within,1,the autonomy,1,milestone flexibility,1,broadly or,1
objective gates,1,envelope autonomous,1,autonomy claim,1,flexibility use,1,delay everywhere,1
gates tranche,1,autonomous flight,1,claim while,1,the news,1,everywhere strongest,1
tranche path,1,with automated,1,while preventing,1,news to,1,strongest arguments,1
path if,1,automated contingency,1,preventing the,1,to push,1,arguments against,1
they refuse,1,contingency handling,1,the set,1,push commercial,1,against that,1
refuse you,1,handling remote,1,set and,1,launch paid,1,that leaning,1
you will,1,remote support,1,and forget,1,in declared,1,leaning steelman,1
will pursue,1,support for,1,forget everywhere,1,ga everywhere,1,steelman it,1
pursue alternative,1,for exceptions,1,everywhere inference,1,everywhere frame,1,may not,1
alternative capital,1,exceptions geofenced,1,inference contract,1,the fastest,1,not satisfy,1
capital strategic,1,geofenced autonomy,1,alignment practical,1,fastest path,1,milestone anyway,1
prepay insider,1,autonomy site,1,practical if,1,to share,1,anyway if,1
bridge other,1,site certified,1,must have,1,share capture,1,launch is,1
other lead,1,certified corridors,1,have geofences,1,capture without,1,as broad,1
lead rather,1,corridors expanding,1,call teams,1,without signing,1,broad availability,1
than ship,1,expanding with,1,teams ensure,1,signing the,1,availability specific,1
ship an,1,with hardware,1,ensure your,1,company up,1,specific sector,1
unsafe claim,1,b avoid,1,your agreements,1,up for,1,sector activation,1
claim suggested,1,avoid fully,1,agreements reflect,1,for uncapped,1,activation mining,1
suggested one,1,fully autonomous,1,reflect that,1,uncapped sla,1,offshore or,1
one paragraph,1,autonomous in,1,that define,1,sla losses,1,rollout a,1
paragraph script,1,in all,1,define normal,1,losses engineering,1,be seen,1
script we,1,all industrial,1,operation vs,1,engineering move,1,seen as,1
we agree,1,environments autonomy,1,vs exception,1,move parallel,1,not meeting,1
agree perfect,1,autonomy anywhere,1,handling define,1,parallel stop,1,meeting the,1
perfect is,1,anywhere on,1,define what,1,stop treating,1,condition so,1
the enemy,1,site unless,1,what triggers,1,treating geofence,1,still take,1
enemy of,1,back it,1,triggers support,1,geofence as,1,take bridge,1
of good,1,it align,1,support dispatch,1,control to,1,terms while,1
good and,1,align marketing,1,dispatch include,1,to support,1,while also,1
and we,1,marketing with,1,include explicit,1,support an,1,also absorbing,1
deliver a,1,contracts and,1,for environments,1,an accelerated,1,absorbing launch,1
it must,1,and ops,1,not yet,1,accelerated limited,1,launch costs,1
be an,1,ops reality,1,yet qualified,1,limited rollout,1,costs it,1
access commercial,1,reality if,1,qualified e,1,rollout require,1,be incompatible,1
deployment within,1,your sla,1,emi this,1,require at,1,incompatible with,1
qualified operating,1,sla implies,1,is especially,1,one additional,1,s expectations,1
with sla,1,implies continuous,1,especially important,1,additional layer,1,expectations mining,1
reality after,1,continuous service,1,important with,1,layer beyond,1,mining may,1
after today,1,service and,1,penalties autonomy,1,beyond static,1,may demand,1
today s,1,can only,1,claims won,1,static geofencing,1,demand immediate,1
s haul,1,only meet,1,you only,1,geofencing onboard,1,immediate production,1
incident launching,1,a standby,1,only precise,1,monitoring confidence,1,they reject,1
launching as,1,standby team,1,precise scope,1,confidence gating,1,reject a,1
ga with,1,or teleassistance,1,scope will,1,gating even,1,phase exclusions,1
penalties is,1,teleassistance make,1,will a,1,a conservative,1,caps or,1
not good,1,that explicit,1,quick internal,1,conservative first,1,or service,1
good it,1,explicit as,1,internal test,1,first version,1,level redundancy,1
s unbounded,1,service sell,1,test autonomy,1,version that,1,redundancy framing,1
unbounded liability,1,sell autonomous,1,autonomy truth,1,controlled behavior,1,framing then,1
liability and,1,autonomous system,1,truth test,1,behavior before,1,launch doesn,1
it triggers,1,system managed,1,test answer,1,before lock,1,t de,1
triggers the,1,managed operations,1,answer these,1,loss operational,1,de risk,1
the loss,1,operations a,1,these for,1,operational corridor,1,the biggest,1
architect we,1,a service,1,current launch,1,corridor design,1,biggest customer,1
we propose,1,service or,1,launch configuration,1,routes that,1,customer exposure,1
propose closing,1,or adjust,1,configuration for,1,always keep,1,exposure you,1
closing the,1,adjust uptime,1,a typical,1,the vehicle,1,up either,1
round now,1,uptime claims,1,typical shift,1,vehicle within,1,a signing,1
now with,1,claims to,1,shift what,1,a recoverable,1,signing a,1
tranche tied,1,to what,1,what of,1,recoverable area,1,a dangerous,1
objective reliability,1,the autonomy,1,of missions,1,area instrumentation,1,dangerous sla,1
reliability safety,1,autonomy actually,1,missions complete,1,instrumentation mandatory,1,sla or,1
gates or,1,actually delivers,1,complete with,1,mandatory logging,1,b launching,1
or we,1,delivers without,1,with zero,1,logging so,1,launching without,1
we redefine,1,without heroic,1,zero human,1,so every,1,the anchor,1
redefine the,1,heroic support,1,intervention how,1,every event,1,anchor customer,1
launch milestone,1,support a,1,often does,1,event tightens,1,customer it,1
milestone to,1,crisp decision,1,does support,1,tightens the,1,still fail,1
deployments this,1,can claim,1,support need,1,the model,1,fail the,1
quarter two,1,can truthfully,1,do anything,1,model if,1,the engineer,1
two quick,1,truthfully also,1,anything beyond,1,t add,1,engineer sign,1
quick cautions,1,also say,1,beyond monitoring,1,add meaningful,1,off test,1
cautions involve,1,say no,1,monitoring can,1,meaningful integrity,1,architect views,1
involve counsel,1,no real,1,can a,1,monitoring in,1,views any,1
counsel board,1,real time,1,a customer,1,then your,1,any shipment,1
board you,1,time piloting,1,customer operate,1,your fast,1,shipment before,1
t want,1,piloting is,1,operate safely,1,fast play,1,cause hardware,1
want an,1,is required,1,safely without,1,play must,1,shielding as,1
investor ultimatum,1,required for,1,without your,1,be more,1,as unethical,1
ultimatum to,1,for normal,1,your staff,1,more constrained,1,unethical unsafe,1
to create,1,normal operations,1,staff onsite,1,constrained not,1,unsafe or,1
a paper,1,operations humans,1,onsite after,1,less ops,1,or believes,1
paper trail,1,humans supervise,1,after training,1,ops move,1,believes runtime,1
trail suggesting,1,supervise and,1,training within,1,move buy,1,be validated,1
suggesting you,1,and respond,1,the answers,1,buy availability,1,validated in,1
you knowingly,1,respond to,1,answers are,1,with redundancy,1,time you,1
knowingly shipped,1,to exceptions,1,are mostly,1,redundancy only,1,lose key,1
shipped into,1,exceptions the,1,mostly yes,1,only within,1,key staff,1
hazardous condition,1,is certified,1,yes rarely,1,within bounded,1,staff meaning,1
condition don,1,certified for,1,rarely and,1,bounded scope,1,meaning the,1
let launch,1,for these,1,and yes,1,scope for,1,launch fails,1
launch be,1,these environments,1,yes within,1,first lighthouse,1,fails to,1
a single,1,and outside,1,within limits,1,s on,1,to neutralize,1
single word,1,outside them,1,limits then,1,site spare,1,neutralize the,1
word make,1,them it,1,then autonomous,1,spare drone,1,dominant org,1
written definition,1,will refuse,1,supervision is,1,drone s,1,org risk,1
definition odd,1,refuse or,1,is truthful,1,s and,1,risk complexity,1
odd sla,1,or safely,1,truthful if,1,and batteries,1,complexity risk,1
acceptance criteria,1,safely terminate,1,me how,1,batteries rapid,1,be building,1
criteria exclusions,1,terminate missions,1,often safety,1,recovery procedure,1,building an,1
exclusions if,1,missions if,1,events happen,1,procedure and,1,an operational,1
launch clause,1,t say,1,happen in,1,and staffing,1,operational company,1
suggest exact,1,say that,1,intended launch,1,staffing defined,1,company before,1
exact wording,1,that without,1,launch sites,1,defined safe,1,ve finished,1
wording to,1,without caveats,1,sites not,1,zones this,1,finished building,1
redefine it,1,caveats you,1,just test,1,is how,1,building the,1
milestone the,1,be embarrassed,1,test zones,1,how you,1,product site,1
the vc,1,embarrassed to,1,what intervention,1,you credibly,1,enforcement on,1
vc can,1,to put,1,intervention looks,1,credibly offer,1,response redundancy,1
can accept,1,contract then,1,like i,1,offer service,1,redundancy special,1
accept without,1,label needs,1,choose wording,1,service while,1,special contracting,1
without losing,1,to change,1,wording that,1,while the,1,contracting and,1
losing face,1,change or,1,is accurate,1,the product,1,adjudication are,1
face no,1,product needs,1,accurate contract,1,product matures,1,are nontrivial,1
no an,1,the conflict,1,and still,1,matures service,1,nontrivial the,1
investor order,1,conflict as,1,still marketable,1,service availability,1,argument is,1
order does,1,as it,1,marketable the,1,availability via,1,is that,1
not override,1,it stands,1,the conflict,1,via redundancy,1,this creates,1
override engineering,1,stands now,1,conflict as,1,redundancy not,1,a fragile,1
safety concerns,1,now crisp,1,as it,1,not pretending,1,fragile services,1
concerns and,1,technical reality,1,it stands,1,the platform,1,services wrapper,1
and treating,1,reality in,1,stands now,1,platform has,1,wrapper that,1
treating it,1,high magnetic,1,now technical,1,has telco,1,that burns,1
as overriding,1,interference chimera,1,technical reality,1,telco level,1,burns focus,1
overriding is,1,can lose,1,reality in,1,level intrinsic,1,focus during,1
and liability,1,lose nav,1,you see,1,intrinsic reliability,1,the most,1
liability mistake,1,lock and,1,see a,1,reliability on,1,most critical,1
mistake why,1,descent to,1,a measurable,1,day one,1,critical engineering,1
t override,1,land it,1,measurable lock,1,one key,1,engineering window,1
override authority,1,crash but,1,land it,1,key risk,1,window increases,1
authority unless,1,mission availability,1,a crash,1,avoid using,1,increases field,1
unless they,1,availability failure,1,it aborts,1,window to,1,can slow,1
they are,1,failure containment,1,aborts missions,1,the wrong,1,slow the,1
are the,1,containment problem,1,missions and,1,wrong paper,1,very hardware,1
board acting,1,problem a,1,create downtime,1,paper the,1,fix you,1
acting within,1,shift so,1,and secondary,1,the biggest,1,need reputational,1
within proper,1,so avoidance,1,secondary hazards,1,biggest failure,1,reputational market,1
proper process,1,avoidance is,1,hazards depending,1,mode now,1,market risk,1
process and,1,probabilistic unless,1,on where,1,now is,1,risk launching,1
and even,1,have strong,1,where when,1,not technical,1,launching with,1
even then,1,strong runtime,1,it lands,1,technical it,1,still brand,1
then investors,1,mitigation commercial,1,lands business,1,s contracting,1,brand you,1
investors don,1,commercial reality,1,business reality,1,contracting yourself,1,as unreliable,1
to unilaterally,1,reality your,1,reality you,1,yourself into,1,unreliable even,1
unilaterally direct,1,penalties turning,1,re weeks,1,into ruin,1,technically honest,1
direct you,1,turning mission,1,weeks from,1,ruin strict,1,honest early,1
ship management,1,aborts into,1,from a,1,penalties broad,1,and investors,1
management runs,1,into direct,1,is tied,1,broad operating,1,investors may,1
runs the,1,visibility reference,1,quarter cash,1,envelope known,1,narrative to,1
company day,1,reference risk,1,cash value,1,known non,1,to they,1
to day,1,risk org,1,value pressure,1,that combination,1,t operate,1
day the,1,org reality,1,pressure is,1,combination can,1,offshore reliably,1
board governs,1,reality the,1,immediate customer,1,turn market,1,reliably which,1
governs a,1,leads may,1,customer reality,1,is open,1,exactly your,1
a phone,1,may resign,1,reality your,1,open into,1,your target,1
phone ultimatum,1,ship what,1,your flagship,1,into we,1,target a,1
ultimatum isn,1,they view,1,flagship launch,1,we implode,1,launch could,1
t formal,1,view as,1,partner mining,1,implode publicly,1,could create,1
formal governance,1,as knowingly,1,mining expects,1,publicly decision,1,a ceiling,1
governance fiduciary,1,defective creating,1,expects reliability,1,impact against,1,ceiling on,1
fiduciary duty,1,creating a,1,penalties which,1,against a,1,on perception,1
duty duty,1,likely month,1,which makes,1,broad proposal,1,perception that,1
care you,1,month capability,1,makes any,1,launch still,1,s hard,1
board have,1,capability setback,1,any recurring,1,still strong,1,to remove,1
have obligations,1,setback financing,1,recurring abort,1,strong arguably,1,remove later,1
obligations to,1,financing reality,1,abort behavior,1,arguably stronger,1,be paying,1
to act,1,reality delaying,1,behavior potentially,1,stronger because,1,paying both,1
act prudently,1,delaying months,1,potentially contract,1,the upside,1,costs worst,1
prudently and,1,months to,1,contract breaching,1,upside tempts,1,worlds if,1
and in,1,to fix,1,breaching and,1,tempts overcommitment,1,if constrained,1
company s,1,hardware likely,1,and financially,1,overcommitment for,1,launch revenue,1
s best,1,likely triggers,1,financially painful,1,constrained proposal,1,revenue is,1
best interests,1,triggers a,1,painful people,1,true phased,1,is small,1
interests shipping,1,a predatory,1,people reality,1,phased entry,1,small and,1
shipping into,1,loan which,1,reality key,1,service materially,1,penalties support,1
known demonstrated,1,which may,1,engineering leaders,1,materially stronger,1,costs are,1
outcome haul,1,may introduce,1,leaders consider,1,stronger now,1,are high,1
blockage can,1,introduce default,1,consider shipping,1,now you,1,high you,1
be hard,1,loss risk,1,a knowingly,1,capture mindshare,1,can burn,1
defend as,1,risk and,1,defective and,1,mindshare and,1,burn runway,1
as prudent,1,and long,1,and have,1,and revenue,1,runway faster,1
prudent especially,1,term dilution,1,have threatened,1,revenue while,1,faster then,1
especially if,1,dilution my,1,threatened to,1,while keeping,1,then still,1
sign legal,1,my current,1,to resign,1,keeping risk,1,a down,1
legal exposure,1,current leaning,1,resign which,1,bounded for,1,round in,1
exposure doesn,1,leaning has,1,which could,1,for proposal,1,the better,1
t transfer,1,has been,1,could impose,1,delay still,1,better move,1
transfer product,1,been don,1,impose a,1,still valid,1,move would,1
product liability,1,non contained,1,month roadmap,1,cannot secure,1,would have,1
liability contract,1,contained failure,1,roadmap hit,1,secure a,1,have been,1
penalties regulatory,1,mode either,1,hit and,1,slas and,1,been a,1
regulatory issues,1,either i,1,and destabilize,1,b a,1,a clean,1
issues and,1,i narrow,1,destabilize safety,1,envelope your,1,clean delay,1
and potential,1,narrow scope,1,safety culture,1,sign hour,1,single focus,1
potential negligence,1,scope envelope,1,culture core,1,hour priority,1,focus ship,1
negligence claims,1,with truthful,1,core disagreement,1,priority checklist,1,the fixed,1
claims don,1,truthful contract,1,disagreement sales,1,checklist verify,1,fixed hardware,1
get waived,1,contract changes,1,ops believes,1,verify competitor,1,hardware and,1
waived because,1,off or,1,believes operational,1,delay details,1,protect brand,1
because an,1,ii delay,1,operational controls,1,details don,1,brand the,1
investor pushed,1,fix strongest,1,controls geofencing,1,t overreact,1,defect is,1
pushed you,1,strongest arguments,1,can manage,1,overreact to,1,is reliability,1
the people,1,arguments against,1,manage the,1,to rumor,1,reliability critical,1
people signing,1,that leaning,1,and secure,1,rumor draft,1,critical even,1
signing release,1,leaning i,1,secure funding,1,draft and,1,if safety,1
release marketing,1,e against,1,funding now,1,and send,1,safety benign,1
marketing claims,1,against integrity,1,now engineering,1,the eis,1,benign for,1
claims autonomous,1,integrity retention,1,engineering argues,1,eis contract,1,for logistics,1
autonomous and,1,retention first,1,argues the,1,addendum with,1,logistics safe,1
customer contracts,1,first constrained,1,bounded because,1,with staged,1,be operationally,1
contracts carry,1,constrained or,1,containment or,1,staged penalties,1,catastrophic blocked,1
carry real,1,delay the,1,or honestly,1,penalties envelope,1,blocked corridors,1
real personal,1,loan may,1,underwrite slas,1,envelope re,1,corridors payload,1
personal and,1,be more,1,slas my,1,re brief,1,payload handling,1
and corporate,1,more existential,1,my current,1,brief series,1,handling retrieval,1
corporate risk,1,existential than,1,current leaning,1,lead with,1,retrieval labor,1
risk practical,1,bug if,1,leaning so,1,the competitive,1,labor schedule,1
practical reality,1,loan has,1,the critique,1,competitive opening,1,schedule coupling,1
reality if,1,has tight,1,critique is,1,opening internal,1,coupling the,1
and leads,1,covenants mac,1,is anchored,1,meeting define,1,if reliability,1
leads leave,1,clauses cash,1,anchored i,1,define the,1,product shipping,1
leave you,1,cash control,1,i ve,1,exact envelope,1,known abort,1
may miss,1,or punitive,1,ve leaned,1,defend and,1,abort mode,1
roadmap and,1,punitive default,1,leaned toward,1,and who,1,is equivalent,1
and fail,1,remedies a,1,toward a,1,who has,1,core product,1
fail anyway,1,convert execution,1,bound the,1,power if,1,product failure,1
so launch,1,risk into,1,the operating,1,paste redacted,1,failure if,1
launch at,1,a structurally,1,and renegotiate,1,redacted the,1,want i,1
at all,1,structurally likely,1,renegotiate early,1,clause and,1,can convert,1
all costs,1,sale in,1,early slas,1,wording i,1,convert these,1
costs may,1,case doing,1,fix especially,1,can propose,1,these into,1
not even,1,doing the,1,especially for,1,propose specific,1,decision matrix,1
even achieve,1,right engineering,1,mining strongest,1,redlines and,1,matrix with,1
achieve the,1,engineering thing,1,strongest arguments,1,rewrite that,1,with disqualifiers,1
the investor,1,thing could,1,arguments against,1,that uses,1,disqualifiers e,1
investor s,1,still end,1,against that,1,uses the,1,g if,1
s goal,1,end the,1,that leaning,1,leverage without,1,if partner,1
goal what,1,company before,1,leaning the,1,without increasing,1,accept pilot,1
do now,1,fix ships,1,the gated,1,increasing your,1,terms constrained,1
now process,1,ships time,1,gated la,1,your liability,1,if milestone,1
process that,1,market and,1,la may,1,liability surface,1,language won,1
that protects,1,and narrative,1,b trigger,1,surface you,1,accept constrained,1
protects the,1,narrative risk,1,broad commercial,1,t put,1,if architect,1
company escalate,1,risk can,1,launch not,1,put a,1,sign even,1
escalate to,1,be irreversible,1,not pilots,1,single number,1,even under,1
board meeting,1,irreversible a,1,pilots not,1,number on,1,under constrained,1
meeting within,1,delay might,1,not limited,1,on it,1,envelope disqualified,1
within hours,1,might miss,1,not conditional,1,without your,1,disqualified so,1
hours with,1,miss a,1,conditional slas,1,your pipeline,1,can resolve,1
written decision,1,a procurement,1,slas then,1,pipeline margins,1,resolve it,1
memo incident,1,procurement window,1,the compromise,1,margins contract,1,it decisively,1
incident facts,1,window let,1,compromise path,1,contract lengths,1,decisively rather,1
facts risk,1,let competitors,1,path may,1,lengths and,1,than philosophically,1
risk assessment,1,competitors define,1,may fail,1,and skyhaul,1,philosophically this,1
assessment options,1,the category,1,fail to,1,s true,1,news raises,1
options ga,1,category and,1,to unlock,1,true recovery,1,raises the,1
ga vs,1,and shift,1,unlock funding,1,recovery timeline,1,of shipping,1
vs eap,1,you from,1,funding while,1,timeline but,1,shipping something,1
eap vs,1,from leader,1,still consuming,1,can bound,1,something credible,1
vs delay,1,leader to,1,consuming time,1,bound it,1,credible soon,1
delay talent,1,to late,1,time focus,1,quickly in,1,soon but,1
talent impact,1,late follower,1,focus and,1,s decision,1,not make,1
contract exposure,1,follower investors,1,and credibility,1,decision useful,1,make geofence,1
exposure require,1,investors can,1,credibility the,1,useful what,1,only broad,1
a documented,1,can also,1,partner may,1,what market,1,sla suddenly,1
safety sign,1,also reinterpret,1,may refuse,1,is economically,1,suddenly safe,1
off gate,1,reinterpret delay,1,exclusions making,1,economically in,1,safe it,1
gate who,1,autonomy not,1,making gating,1,in this,1,it mainly,1
who must,1,ready depressing,1,a fantasy,1,this industry,1,mainly changes,1
must sign,1,depressing future,1,fantasy if,1,industry in,1,changes your,1
what evidence,1,future valuation,1,on immediate,1,autonomy first,1,your leverage,1
evidence is,1,valuation more,1,and language,1,value typically,1,leverage and,1
is required,1,bridge itself,1,language as,1,typically comes,1,and timing,1
required if,1,itself the,1,condition of,1,comes from,1,timing calculus,1
owner won,1,sla can,1,being the,1,from lock,1,calculus what,1
sign record,1,can sometimes,1,launch customer,1,in via,1,the competitor,1
record that,1,sometimes be,1,customer you,1,via multi,1,delay changes,1
explicitly offer,1,met operationally,1,them while,1,multi year,1,changes market,1
board approvable,1,operationally without,1,while also,1,year msas,1,window widens,1
approvable alternative,1,a hardware,1,also keeping,1,msas years,1,widens customers,1
alternative a,1,deliver uptime,1,claims bounded,1,years site,1,partners will,1
odd revised,1,uptime at,1,bounded then,1,integration training,1,will re,1
ops and,1,level redundant,1,re back,1,training and,1,re evaluate,1
plan get,1,redundant fleet,1,back to,1,and workflow,1,evaluate timelines,1
get counsel,1,fleet capacity,1,binary sign,1,workflow change,1,timelines switching,1
counsel involved,1,capacity hot,1,a risky,1,change reference,1,switching costs,1
involved before,1,fast recovery,1,risky sla,1,reference customers,1,costs fall,1
before you,1,recovery staffed,1,or lose,1,customers credibility,1,fall press,1
you make,1,staffed ops,1,the anchor,1,credibility flywheel,1,press investor,1
make external,1,ops the,1,anchor customer,1,flywheel data,1,investor attention,1
external autonomous,1,the per,1,customer operational,1,data learning,1,attention concentrates,1
claims or,1,flight abort,1,gating can,1,learning that,1,concentrates your,1
or accept,1,abort may,1,a confused,1,that improves,1,your negotiating,1
accept penalty,1,not translate,1,confused launch,1,improves reliability,1,negotiating leverage,1
clauses under,1,translate into,1,that hurts,1,reliability faster,1,leverage improves,1
under known,1,into measured,1,hurts go,1,than competitors,1,improves with,1
modes document,1,this reframes,1,go to,1,competitors channel,1,conglomerate they,1
document everything,1,reframes the,1,to market,1,channel partner,1,may accept,1
everything minutes,1,issue from,1,market a,1,partner exclusivity,1,the alternative,1
minutes dissenting,1,from must,1,is actually,1,exclusivity oems,1,alternative is,1
dissenting views,1,must fix,1,actually ga,1,oems integrators,1,is wait,1
views incident,1,fix before,1,ga for,1,integrators mining,1,wait months,1
report mitigation,1,to price,1,for some,1,mining groups,1,months with,1
plan this,1,price and,1,some sites,1,groups standardizing,1,investors you,1
is both,1,and staff,1,sites pilot,1,standardizing a,1,can argue,1
both good,1,staff the,1,mining exclusions,1,a vendor,1,argue that,1
good governance,1,the managed,1,for emi,1,vendor if,1,that speed,1
and protection,1,service correctly,1,can muddle,1,if customers,1,speed with,1
protection bottom,1,correctly the,1,muddle messaging,1,customers are,1,defensible envelope,1
line investor,1,be acceptable,1,messaging slow,1,are willing,1,strategically decisive,1
investor pressure,1,acceptable in,1,slow sales,1,willing to,1,decisive your,1
pressure changes,1,in early,1,sales cycles,1,to dual,1,your risk,1
the negotiation,1,early commercialization,1,cycles and,1,dual source,1,risk tolerance,1
negotiation not,1,commercialization if,1,reduce market,1,source and,1,tolerance should,1
the physics,1,if disclosed,1,market impact,1,and switching,1,not expand,1
physics the,1,disclosed properly,1,impact potentially,1,switching is,1,expand beyond,1
contract liability,1,properly because,1,potentially undermining,1,is easy,1,beyond your,1
liability or,1,t crash,1,undermining the,1,easy first,1,your proven,1
or your,1,crash you,1,the very,1,value is,1,proven envelope,1
your duty,1,could argue,1,very momentum,1,is much,1,envelope being,1
duty to,1,argue it,1,momentum you,1,much lower,1,and being,1
ship responsibly,1,a conservative,1,re trying,1,lower a,1,the one,1
responsibly the,1,conservative safety,1,trying to,1,simple valuation,1,one that,1
right move,1,safety behavior,1,preserve you,1,valuation model,1,causes downtime,1
to convert,1,behavior the,1,you might,1,model you,1,downtime incidents,1
convert the,1,right move,1,might not,1,can run,1,incidents are,1
the ultimatum,1,is operational,1,to prove,1,run this,1,same headline,1
ultimatum into,1,operational maturity,1,prove bounds,1,week define,1,headline in,1
board level,1,maturity procedures,1,bounds in,1,a window,1,markets what,1
level decision,1,procedures monitoring,1,time even,1,window w,1,not change,1
gate and,1,monitoring exception,1,they exist,1,w months,1,change interference,1
and to,1,handling rather,1,exist in,1,months how,1,shift a,1
to push,1,than a,1,weeks demonstrating,1,how long,1,geofence won,1
push for,1,schedule busting,1,demonstrating statistically,1,long until,1,be complete,1
milestone rather,1,busting redesign,1,statistically credible,1,until skyhaul,1,complete the,1
than an,1,redesign especially,1,credible reliability,1,skyhaul is,1,the uptime,1
launch no,1,especially if,1,reliability plus,1,is credibly,1,uptime penalty,1
no i,1,affected environments,1,plus site,1,credibly back,1,penalty contract,1
would not,1,environments can,1,qualification processes,1,back for,1,contract still,1
sign a,1,be reduced,1,processes detection,1,each scenario,1,still converts,1
a flight,1,reduced enough,1,detection logic,1,scenario estimate,1,converts aborts,1
readiness certificate,1,enough in,1,logic runbooks,1,estimate how,1,into hard,1
certificate for,1,term talent,1,runbooks and,1,many lighthouse,1,hard cost,1
launch today,1,while painful,1,contract language,1,lighthouse sites,1,cost losing,1
today reason,1,painful is,1,language may,1,can close,1,leads still,1
reason you,1,not always,1,be infeasible,1,close during,1,still risks,1
you have,1,always fatal,1,infeasible if,1,during w,1,risks a,1
a demonstrated,1,and threats,1,t produce,1,w and,1,month capability,1
outcome safety,1,threats can,1,produce hard,1,re worth,1,capability hit,1
road causing,1,be renegotiated,1,hard evidence,1,worth step,1,hit the,1
a minute,1,renegotiated the,1,evidence quickly,1,step a,1,move now,1
minute blockage,1,the counterclaim,1,gated approach,1,a incremental,1,now exploit,1
blockage from,1,counterclaim is,1,approach becomes,1,incremental customers,1,exploit the,1
from a,1,is that,1,becomes wishful,1,customers captured,1,window without,1
known not,1,that resignations,1,wishful and,1,captured because,1,without lying,1
fully bounded,1,resignations are,1,and increases,1,you move,1,lying to,1
bounded failure,1,guaranteed comp,1,increases execution,1,move now,1,to physics,1
mode interference,1,comp retention,1,execution chaos,1,now delta,1,physics recast,1
interference driven,1,retention packages,1,chaos a,1,n n_,1,recast your,1
driven lock,1,packages a,1,be a,1,win now,1,pilot production,1
loss with,1,narrowly scoped,1,refinance control,1,now n_,1,rollout use,1
with mitigations,1,scoped launch,1,control trap,1,win if,1,reason your,1
mitigations geofence,1,reframing as,1,trap worse,1,if delayed,1,your partner,1
geofence that,1,as supported,1,defect if,1,delayed use,1,partner can,1
already acknowledged,1,envelope might,1,s covenants,1,use your,1,a staged,1
acknowledged cannot,1,might retain,1,provisions or,1,your crm,1,staged approach,1
guarantee coverage,1,them even,1,or seniority,1,crm probabilities,1,approach phase,1
coverage and,1,leave you,1,seniority effectively,1,probabilities but,1,phase now,1
re facing,1,you might,1,effectively reduce,1,but haircut,1,now paid,1
facing uptime,1,might recruit,1,later then,1,haircut them,1,corridors limited,1
clauses that,1,recruit replacements,1,delay to,1,them industrial,1,limited sla,1
that combination,1,replacements faster,1,preserve integrity,1,industrial pilots,1,sla capped,1
combination means,1,than feared,1,integrity could,1,pilots slip,1,remedies redundancy,1
means the,1,feared or,1,could still,1,slip step,1,site phase,1
current system,1,or retain,1,higher failure,1,step b,1,phase after,1
not ready,1,retain knowledge,1,failure probability,1,b contribution,1,after hardware,1
ready in,1,knowledge via,1,probability option,1,contribution per,1,shielding full,1
engineering sense,1,via documentation,1,e you,1,per customer,1,penalties only,1
sense the,1,documentation transition,1,survive short,1,customer not,1,only once,1
not enforceable,1,transition incentives,1,but become,1,not revenue,1,once the,1
enforceable consequences,1,incentives delays,1,become uninvestable,1,revenue per,1,eliminated if,1
consequences aren,1,delays create,1,uninvestable or,1,site per,1,accept this,1
aren t,1,create secondary,1,or strategically,1,per year,1,this even,1
t acceptably,1,secondary technical,1,strategically constrained,1,year text,1,with skyhaul,1
acceptably bounded,1,technical risks,1,constrained engineers,1,contribution text,1,delayed that,1
bounded and,1,risks you,1,engineers resignation,1,text revenue,1,signal they,1
commercial commitments,1,re underweighting,1,resignation threats,1,revenue text,1,they ll,1
commitments can,1,underweighting hardware,1,threats may,1,text cogs,1,ll be,1
met reliably,1,hardware shielding,1,be negotiable,1,cogs text,1,a painful,1
reliably i,1,shielding changes,1,negotiable treating,1,text support,1,painful first,1
would consider,1,changes can,1,treating them,1,support use,1,deployment regardless,1
consider signing,1,can trigger,1,them as,1,use gross,1,regardless push,1
signing only,1,trigger knock,1,as fixed,1,gross profit,1,push investors,1
only for,1,knock on,1,fixed could,1,profit minus,1,to accept,1
a tightly,1,on work,1,could over,1,minus incremental,1,a milestone,1
tightly scoped,1,work re,1,over weight,1,incremental support,1,that matches,1
scoped program,1,qualification emi,1,weight talent,1,support burden,1,matches reality,1
following were,1,emi testing,1,talent risk,1,burden since,1,reality go,1
were true,1,testing supply,1,s possible,1,since early,1,board with,1
true and,1,slips weight,1,possible not,1,early autonomy,1,with competitor,1
and evidenced,1,weight thermal,1,guaranteed that,1,autonomy deployments,1,competitor delayed,1
evidenced by,1,thermal impacts,1,that with,1,deployments are,1,delayed we,1
by test,1,impacts calibration,1,with transparent,1,are support,1,can capture,1
test a,1,calibration changes,1,transparent disclosure,1,support heavy,1,capture market,1
case defining,1,changes turning,1,disclosure strict,1,heavy step,1,market this,1
defining an,1,turning months,1,envelope limits,1,step c,1,quarter with,1
explicitly prevents,1,months into,1,committed rev,1,contract duration,1,and paying,1
prevents high,1,into unknown,1,program the,1,duration and,1,deployments then,1
consequence outcomes,1,unknown if,1,engineers might,1,and retention,1,then expand,1
outcomes e,1,that uncertainty,1,might stay,1,retention lock,1,expand odd,1
g no,1,uncertainty is,1,stay even,1,in v_,1,odd post,1
land over,1,high delaying,1,so my,1,site approx,1,post shielding,1
with design,1,not actually,1,my leaning,1,approx sum_,1,shielding this,1
design enforced,1,actually buy,1,leaning toward,1,sum_ t,1,exactly the,1
enforced dispatch,1,buy certainty,1,delay unless,1,t t,1,the moment,1
gating a,1,certainty just,1,unless gates,1,t frac,1,moment they,1
revised failover,1,just postponement,1,gates met,1,frac text,1,re most,1
that reliably,1,postponement a,1,met could,1,contribution _t,1,most likely,1
reliably transitions,1,launch might,1,could be,1,_t times,1,to flex,1
volume location,1,might still,1,be too,1,times p,1,flex milestone,1
location or,1,still fail,1,too conservative,1,text retain,1,wording turn,1
equivalent rather,1,fail commercially,1,conservative competitor,1,retain _t,1,turn first,1
are plus,1,commercially if,1,competitor market,1,_t r,1,first into,1
plus telemetry,1,s too,1,market timing,1,r t,1,into trusted,1
telemetry alerts,1,too constrained,1,timing risk,1,t typically,1,trusted first,1
alerts contract,1,constrained narrowing,1,risk may,1,typically t,1,first not,1
language aligned,1,narrowing the,1,be existential,1,t years,1,reckless first,1
that odd,1,envelope enough,1,existential in,1,years for,1,first your,1
odd acceptance,1,satisfy engineering,1,in emerging,1,industrial programs,1,your outward,1
an ops,1,engineering honesty,1,emerging industrial,1,programs with,1,outward message,1
ops plan,1,honesty could,1,industrial autonomy,1,a meaningful,1,message should,1
plan supervised,1,could make,1,autonomy markets,1,meaningful renewal,1,be reliability,1
ops mttr,1,product unattractive,1,markets being,1,renewal probability,1,and safety,1
mttr spares,1,unattractive causing,1,being late,1,probability if,1,case not,1
spares that,1,that doesn,1,late can,1,if performance,1,not bravado,1
makes uptime,1,t generate,1,can mean,1,performance is,1,bravado avoid,1
uptime claims,1,generate revenue,1,mean losing,1,is good,1,avoid implying,1
claims truthful,1,revenue reference,1,the category,1,good step,1,implying works,1
truthful a,1,reference value,1,category if,1,step d,1,everywhere state,1
a committed,1,value while,1,delay forfeits,1,d first,1,state the,1
committed dated,1,while still,1,forfeits unique,1,mover flywheel,1,odd use,1
plan the,1,still burning,1,unique partnership,1,flywheel uplift,1,window to,1
case depends,1,burning time,1,partnership windows,1,uplift add,1,to recruit,1
on which,1,possibly still,1,windows procurement,1,add pricing,1,recruit and,1
which branch,1,still requiring,1,cycles or,1,pricing premium,1,and partner,1
branch of,1,requiring a,1,or regulatory,1,premium you,1,partner competitor,1
recommendation you,1,bridge later,1,regulatory site,1,can hold,1,delay can,1
take if,1,later if,1,site approvals,1,hold if,1,can loosen,1
choose delay,1,a column,1,approvals the,1,any reduced,1,loosen talent,1
fix the,1,column decision,1,the long,1,reduced cac,1,talent and,1
the no,1,decision memo,1,term cost,1,cac because,1,partners but,1
no unsafe,1,memo ship,1,cost could,1,because references,1,but don,1
unsafe launch,1,with constraints,1,could exceed,1,references shorten,1,on that,1
launch default,1,constraints vs,1,defect s,1,shorten sales,1,that to,1
default worst,1,hardware listing,1,s operational,1,sales cycle,1,to offset,1
you survive,1,listing required,1,operational impact,1,cycle platform,1,offset losing,1
survive the,1,required preconditions,1,impact especially,1,platform learning,1,losing your,1
delay but,1,preconditions kill,1,defect is,1,learning harder,1,your own,1
but lose,1,kill criteria,1,and rare,1,harder to,1,own architect,1
anyway via,1,single biggest,1,rare in,1,to price,1,architect use,1
via financing,1,unknown that,1,in most,1,price treat,1,to hire,1
and momentum,1,that would,1,most real,1,as uplift,1,hire in,1
momentum collapse,1,would flip,1,deployments if,1,uplift unless,1,in test,1
collapse series,1,flip the,1,want i,1,have strong,1,test field,1
b pulled,1,decision based,1,can turn,1,strong evidence,1,ops quality,1
pulled bridge,1,on your,1,turn these,1,evidence step,1,quality lock,1
terms covenants,1,your actual,1,these into,1,step e,1,lock supply,1
control effectively,1,actual bridge,1,page decision,1,e subtract,1,chain and,1
effectively put,1,covenants and,1,decision memo,1,subtract the,1,and service,1
put you,1,downtime skyhaul,1,memo a,1,downside risk,1,service partners,1
spiral you,1,skyhaul delaying,1,a assumptions,1,risk of,1,partners sign,1
you miss,1,delaying does,1,assumptions that,1,of rushing,1,sign additional,1
window customers,1,does change,1,that must,1,rushing this,1,additional non,1
customers sign,1,the viability,1,each path,1,the part,1,non mining,1
sign long,1,viability landscape,1,to win,1,part teams,1,mining sites,1
term with,1,landscape it,1,win b,1,teams underweight,1,sites that,1
alternatives or,1,the case,1,b what,1,underweight subtract,1,are lower,1
or build,1,for some,1,what evidence,1,subtract probability,1,lower interference,1
build internal,1,form of,1,evidence you,1,weighted costs,1,interference and,1
internal solutions,1,make a,1,can gather,1,costs text,1,and contractually,1
solutions the,1,broad proposal,1,gather in,1,downside approx,1,contractually safer,1
delay extends,1,geofence hope,1,days to,1,approx p,1,safer decision,1
extends beyond,1,hope safe,1,to validate,1,text sla,1,decision impact,1
beyond months,1,safe or,1,validate kill,1,sla breach,1,impact on,1
months supply,1,or contractable,1,kill each,1,breach grounding,1,on proposal,1
chain requalification,1,contractable given,1,each assumption,1,grounding public,1,becomes more,1
requalification regression,1,zones penalty,1,assumption and,1,public failure,1,more attractive,1
regression increasing,1,penalty downtime,1,c the,1,failure times,1,attractive only,1
increasing burn,1,clauses and,1,least regret,1,impact where,1,constrained contract,1
and forcing,1,your architect,1,regret choice,1,where c_,1,launch pilot,1
forcing a,1,s refusal,1,choice under,1,impact includes,1,exclusions runtime,1
a down,1,refusal to,1,under uncertainty,1,includes penalties,1,monitoring site,1
down round,1,to bless,1,uncertainty first,1,penalties lost,1,qualification redundancy,1
round morale,1,bless it,1,first i,1,lost customer,1,a remains,1
morale slips,1,this new,1,t verify,1,customer reputational,1,remains unattractive,1
slips and,1,new fact,1,verify the,1,reputational loss,1,unattractive if,1
lose key,1,fact changes,1,skyhaul news,1,loss pipeline,1,means signing,1
key people,1,changes your,1,news from,1,pipeline decay,1,signing strict,1
people just,1,your upside,1,from here,1,decay and,1,penalties in,1
just later,1,upside of,1,here so,1,and critically,1,with incomplete,1
later what,1,of shipping,1,so treat,1,critically for,1,incomplete containment,1
often months,1,something now,1,as potentially,1,for you,1,and risking,1
into once,1,now pr,1,potentially true,1,you key,1,risking resignations,1
once hardware,1,pr momentum,1,but externally,1,key engineer,1,resignations immediate,1
hardware certification,1,momentum customer,1,externally unconfirmed,1,engineer attrition,1,immediate day,1
certification validation,1,customer mindshare,1,unconfirmed until,1,attrition risk,1,day action,1
validation and,1,mindshare pipeline,1,ve validated,1,risk market,1,action list,1
and manufacturing,1,pipeline conversion,1,validated via,1,worth delta,1,list call,1
manufacturing changes,1,conversion investor,1,via multiple,1,v approx,1,partner propose,1
changes land,1,investor confidence,1,sources that,1,approx delta,1,explicit acceptance,1
land how,1,confidence partner,1,that said,1,n times,1,remedies cite,1
how aggressive,1,partner lock,1,said if,1,times v_,1,cite skyhaul,1
aggressive a,1,your negotiation,1,if true,1,site v_,1,reason they,1
predatory lender,1,negotiation leverage,1,true it,1,text flywheel,1,they benefit,1
lender can,1,leverage customers,1,it meaningfully,1,flywheel text,1,benefit from,1
be on,1,investors may,1,meaningfully changes,1,downside illustrative,1,from starting,1
on control,1,may accept,1,the value,1,illustrative bounds,1,starting now,1
rights and,1,accept a,1,being in,1,bounds clearly,1,now call,1
and covenants,1,a staged,1,market this,1,clearly hypothetical,1,lead propose,1
covenants not,1,rollout if,1,quarter not,1,hypothetical if,1,propose revised,1
just dilution,1,re the,1,technical contractual,1,if one,1,revised milestone,1
dilution the,1,only credible,1,contractual constraints,1,one lighthouse,1,language tied,1
the sales,1,credible near,1,re facing,1,mine yields,1,to paid,1
sales cost,1,term supplier,1,facing what,1,yields 5m,1,deployments controlled,1
delayed in,1,supplier your,1,delay changes,1,5m year,1,availability internal,1
industrial procurement,1,your cost,1,changes and,1,year revenue,1,internal alignment,1
procurement cycles,1,of delay,1,t it,1,you clear,1,alignment meeting,1
cycles some,1,delay waiting,1,changes opportunity,1,clear say,1,meeting get,1
some buyers,1,waiting now,1,opportunity cost,1,say contribution,1,get architect,1
buyers treat,1,now means,1,delaying goes,1,contribution after,1,conditions for,1
as lack,1,means ceding,1,goes up,1,after cogs,1,writing operationalize,1
lack of,1,ceding a,1,up you,1,cogs support,1,operationalize resilience,1
of readiness,1,a rare,1,can win,1,support once,1,resilience plan,1
readiness if,1,rare open,1,win mindshare,1,once stabilized,1,plan n,1
eap only,1,open field,1,mindshare pilots,1,stabilized that,1,n units,1
if enforceable,1,field window,1,pilots and,1,s 75m,1,units on,1
enforceable contractually,1,window it,1,and procurement,1,75m year,1,site rapid,1
contractually aligned,1,not change,1,cycles now,1,year contribution,1,swap onsite,1
aligned worst,1,the physics,1,now investor,1,contribution over,1,pilot accelerate,1
still have,1,physics geofence,1,investor posture,1,over years,1,accelerate runtime,1
road class,1,a guarantee,1,posture may,1,years discounted,1,feasible and,1
class incident,1,guarantee if,1,may improve,1,discounted a,1,and define,1
incident or,1,shift the,1,improve category,1,site might,1,define abort,1
worse inside,1,contract reality,1,category leader,1,be worth,1,abort to,1
inside the,1,reality reliability,1,leader window,1,worth on,1,zone behavior,1
eap and,1,penalties will,1,can support,1,the order,1,behavior if,1
it becomes,1,will punish,1,support milestone,1,order of,1,milestone literally,1
a headline,1,punish nonzero,1,redefinition or,1,of 6m,1,literally says,1
headline customer,1,nonzero aborts,1,or better,1,6m npv,1,says and,1
customer stop,1,aborts unless,1,better bridge,1,npv very,1,mining penalty,1
stop event,1,is defined,1,terms customer,1,very rough,1,clause mechanics,1
event injury,1,defined differently,1,customer urgency,1,rough if,1,mechanics caps,1
regulatory attention,1,differently or,1,urgency increases,1,if moving,1,exclusions i,1
attention site,1,redundancy the,1,increases prospects,1,moving now,1,news likely,1
site wide,1,cultural constraint,1,prospects may,1,now wins,1,likely shifts,1
wide grounding,1,constraint shipping,1,more flexible,1,wins an,1,shifts the,1
grounding penalties,1,envelope risks,1,flexible on,1,an incremental,1,the optimal,1
penalties lawsuits,1,risks losing,1,on pilots,1,incremental sites,1,optimal path,1
lawsuits indemnity,1,must deliver,1,pilots limited,1,sites before,1,path from,1
indemnity claims,1,deliver rev,1,alternative vendor,1,before skyhaul,1,from delay,1
claims if,1,the best,1,vendor is,1,skyhaul returns,1,to controlled,1
contract isn,1,best move,1,is slipping,1,returns that,1,what exact,1
t airtight,1,move now,1,slipping it,1,s 30m,1,exact commitments,1
airtight the,1,now exploit,1,change your,1,30m npv,1,commitments to,1
team concludes,1,exploit the,1,penalties exposure,1,npv upside,1,avoid you,1
concludes leadership,1,without lying,1,exposure the,1,upside before,1,t know,1
leadership shipped,1,lying a,1,s core,1,before flywheel,1,know the,1
shipped anyway,1,a modified,1,core point,1,flywheel effects,1,exact number,1
anyway and,1,modified proposal,1,point if,1,effects but,1,number upfront,1
architect regardless,1,a option,1,zones shift,1,but if,1,upfront but,1
regardless what,1,c aim,1,shift geofencing,1,if rushing,1,can bound,1
how hard,1,aim for,1,bounded control,1,rushing under,1,it tightly,1
hard it,1,a commercial,1,control the,1,under strict,1,tightly enough,1
odd truly,1,real revenue,1,the fact,1,penalty contracts,1,to drive,1
truly enforceable,1,revenue bearing,1,fact that,1,contracts creates,1,drive a,1
enforceable without,1,bearing and,1,that autonomous,1,creates even,1,decision worth,1
without dynamic,1,and headline,1,autonomous claims,1,a modest,1,worth here,1
detection and,1,headline worthy,1,claims must,1,modest chance,1,here means,1
and without,1,worthy but,1,must remain,1,a highly,1,means incremental,1
without humans,1,bounded enough,1,remain truthful,1,highly visible,1,incremental company,1
humans in,1,sign and,1,truthful within,1,visible failure,1,company value,1
loop how,1,b you,1,within an,1,failure that,1,value npv,1
quickly customers,1,t detonate,1,an operating,1,kills those,1,npv from,1
customers and,1,detonate your,1,the highest,1,those wins,1,being early,1
sales will,1,your reference,1,highest feasibility,1,wins or,1,early minus,1
will pressure,1,customer recast,1,feasibility way,1,triggers big,1,minus the,1
pressure you,1,recast launch,1,to seize,1,big penalties,1,the incremental,1
to expand,1,launch as,1,seize the,1,penalties the,1,incremental downside,1
expand the,1,not beta,1,the opening,1,downside can,1,you incur,1
envelope just,1,beta everywhere,1,opening without,1,can easily,1,incur by,1
one area,1,everywhere publish,1,without betting,1,easily be,1,what market,1
area just,1,publish contract,1,company recast,1,be of,1,market position,1
one shift,1,contract a,1,recast global,1,of similar,1,position is,1
shift how,1,v1 that,1,into market,1,similar magnitude,1,is actually,1
how easily,1,that explicitly,1,capture bounded,1,magnitude or,1,actually worth,1
easily marketing,1,explicitly excludes,1,bounded deployment,1,or worse,1,worth in,1
marketing language,1,excludes uncontrolled,1,deployment you,1,it jeopardizes,1,autonomy it,1
language autonomous,1,uncontrolled magnetic,1,want the,1,jeopardizes funding,1,the sum,1
autonomous can,1,conditions enforce,1,market benefits,1,funding and,1,sum of,1
can outrun,1,enforce it,1,benefits of,1,and core,1,of four,1
outrun the,1,via site,1,launching press,1,core talent,1,four effects,1
the actual,1,certification survey,1,press pipeline,1,talent the,1,effects head,1
actual envelope,1,survey acceptance,1,pipeline investor,1,key insight,1,start cash,1
and create,1,acceptance and,1,investor momentum,1,insight for,1,cash flows,1
create liability,1,runtime health,1,keeping deployments,1,your specific,1,flows time,1
the common,1,health monitoring,1,deployments inside,1,specific situation,1,time advantage,1
common underestimation,1,monitoring even,1,inside what,1,situation given,1,advantage revenue,1
underestimation you,1,if imperfect,1,defend concretely,1,given you,1,revenue and,1
re most,1,imperfect it,1,concretely public,1,triggered mission,1,and gross,1
most at,1,the argument,1,public launch,1,mode non,1,margin you,1
risk of,1,argument and,1,launch message,1,stationary interference,1,you earn,1
of underestimating,1,reduce incidence,1,message chimera,1,interference geofence,1,earn during,1
underestimating the,1,incidence this,1,commercially available,1,geofence not,1,during skyhaul,1
the tail,1,truthfully say,1,available within,1,not fully,1,delay window,1
risk rare,1,say autonomous,1,operating envelopes,1,fully reliable,1,window that,1
rare events,1,autonomous while,1,envelopes accelerated,1,reliable a,1,likely wouldn,1
events in,1,while acknowledging,1,accelerated rollouts,1,a mining,1,wouldn t,1
mining can,1,acknowledging constraints,1,rollouts underway,1,partner demanding,1,t earn,1
consequence and,1,constraints renegotiate,1,underway operational,1,demanding uptime,1,earn later,1
hover is,1,contract immediately,1,reality ship,1,penalties then,1,later lock,1
not safe,1,immediately redefine,1,ship to,1,the value,1,in persistence,1
safe if,1,redefine downtime,1,emi low,1,value of,1,persistence share,1
infrastructure the,1,and add,1,low penalty,1,window is,1,share advantage,1
is evidence,1,add commissioning,1,penalty sites,1,is maximized,1,advantage even,1
evidence of,1,commissioning given,1,first treat,1,maximized by,1,even after,1
of that,1,market is,1,treat high,1,by entry,1,after skyhaul,1
that tail,1,is open,1,or until,1,service wins,1,skyhaul returns,1
tail if,1,open you,1,until measured,1,wins contracts,1,returns you,1
share your,1,have more,1,targets are,1,contracts pilots,1,may keep,1
current cash,1,more leverage,1,not wordplay,1,pilots references,1,keep customers,1
bridge covenants,1,to ask,1,wordplay it,1,references more,1,customers because,1
which worst,1,period reduced,1,s aligning,1,than by,1,of multi,1
case is,1,penalties while,1,aligning claims,1,by ga,1,year msas,1
is more,1,proven sla,1,claims to,1,with hard,1,msas slas,1
more probable,1,on service,1,to evidence,1,hard slas,1,and procurement,1
probable and,1,not per,1,evidence while,1,slas you,1,procurement inertia,1
what mitigations,1,aircraft incidents,1,while exploiting,1,capture market,1,inertia integration,1
mitigations tranche,1,incidents explicit,1,exploiting timing,1,position without,1,integration into,1
tranche close,1,deploy first,1,timing use,1,without accepting,1,site workflows,1
close capped,1,in low,1,leverage to,1,accepting uncapped,1,workflows dispatch,1
capped penalties,1,interference areas,1,to renegotiate,1,uncapped reliability,1,dispatch systems,1
penalties acceptance,1,areas of,1,contract go,1,reliability obligations,1,systems safety,1
ramp spares,1,of their,1,go back,1,obligations in,1,safety processes,1
swap hard,1,their operation,1,back immediately,1,in other,1,processes trained,1
hard stop,1,operation expand,1,a phased,1,other words,1,trained operators,1
authority most,1,expand after,1,phased acceptance,1,words domination,1,operators spares,1
most reduce,1,after rev,1,acceptance plan,1,domination is,1,spares maintenance,1
reduce it,1,refuse your,1,plan day,1,worth a,1,maintenance patterns,1
it non,1,your choices,1,day qualification,1,a lot,1,patterns switching,1
negotiable guardrails,1,choices are,1,no capped,1,lot if,1,switching risk,1
guardrails if,1,are a,1,explicit site,1,t poison,1,risk better,1
you proceed,1,a over,1,qualification emi,1,poison it,1,better the,1
access not,1,over provision,1,exclusions clear,1,it with,1,the devil,1
ga continue,1,provision redundancy,1,clear transition,1,early reliability,1,devil we,1
continue hardware,1,meet uptime,1,transition to,1,narrative what,1,we know,1
fix recommendation,1,uptime or,1,to full,1,would do,1,know financing,1
recommendation safety,1,customer deployment,1,after hitting,1,next fast,1,financing valuation,1
safety engineering,1,deployment while,1,hitting abort,1,and concrete,1,valuation impact,1
engineering authority,1,elsewhere if,1,thresholds the,1,concrete pick,1,impact a,1
authority written,1,if penalties,1,the pitch,1,pick w,1,credible launch,1
log fmea,1,remain meet,1,pitch we,1,w month,1,launch marquee,1
mitigations evidence,1,meet via,1,can start,1,month scenarios,1,marquee customer,1
evidence and,1,redundancy service,1,start delivering,1,scenarios for,1,can raise,1
and chief,1,level engineering,1,delivering value,1,for skyhaul,1,b valuation,1
off as,1,must sign,1,value now,1,s return,1,valuation and,1
gate stop,1,hard uptime,1,now while,1,return for,1,and probability,1
authority chief,1,uptime sla,1,while ensuring,1,each compute,1,of closing,1
architect or,1,sla now,1,ensuring you,1,compute delta,1,closing that,1
or designated,1,now treat,1,you get,1,v for,1,worth as,1
designated safety,1,treat uptime,1,the reliability,1,for delay,1,as much,1
owner can,1,uptime as,1,reliability you,1,availability now,1,much as,1
pause flights,1,a fleet,1,re contracting,1,now bounded,1,as or,1
flights customer,1,service n,1,contracting for,1,staged sla,1,or more,1
customer ops,1,recovery playbooks,1,for if,1,sla ga,1,than early,1
ops immediately,1,playbooks staffed,1,s strong,1,ga now,1,early revenue,1
immediately based,1,staffed response,1,evidence mining,1,with current,1,revenue learning,1
on pre,1,response this,1,mining cannot,1,current contract,1,learning curve,1
pre set,1,convert a,1,be your,1,terms use,1,curve data,1
set triggers,1,a drone,1,your ga,1,contract to,1,data advantage,1
no exec,1,drone landed,1,launch vertical,1,estimate downside,1,advantage field,1
exec override,1,landed into,1,vertical with,1,downside realistically,1,and iteration,1
process enforced,1,into no,1,defect put,1,realistically penalties,1,iteration speed,1
odd by,1,no downtime,1,put a,1,penalties probability,1,speed can,1
not policy,1,downtime depending,1,short hard,1,of interruptions,1,can improve,1
policy dispatch,1,definition it,1,gate on,1,that site,1,improve reliability,1
gating missions,1,s expensive,1,a given,1,you send,1,reliability faster,1
corridors software,1,s often,1,given shifting,1,send even,1,faster increasing,1
must block,1,often cheaper,1,shifting interference,1,even rough,1,increasing future,1
block it,1,damage keep,1,zones proposal,1,rough numbers,1,rate but,1
it hard,1,path anyway,1,only rational,1,numbers for,1,if early,1
exclusion of,1,anyway even,1,show bounded,1,for expected,1,deployments are,1
consequence areas,1,launch constrained,1,risk quickly,1,expected sites,1,not dominated,1
areas haul,1,constrained you,1,quickly set,1,sites closed,1,dominated by,1
loading zones,1,still need,1,day prove,1,closed in,1,by firefighting,1
zones active,1,need rev,1,it gate,1,window average,1,damage the,1
active decks,1,b shielding,1,gate you,1,average annual,1,key caveat,1
decks substations,1,shielding to,1,with on,1,annual gross,1,caveat in,1
substations people,1,to expand,1,demonstrate containment,1,gross margin,1,offshore trust,1
people traffic,1,expand envelope,1,containment you,1,margin per,1,trust can,1
traffic with,1,and reduce,1,qualification dynamic,1,site after,1,dominate first,1
buffers unless,1,reduce long,1,just static,1,after support,1,first mover,1
behavior there,1,term ops,1,static geofences,1,support contract,1,mover if,1
there if,1,cost a,1,no immediate,1,contract term,1,you enter,1
geofence cannot,1,gate to,1,and engineering,1,term renewal,1,enter first,1
control you,1,to use,1,the stated,1,renewal and,1,then trip,1
need onboard,1,use within,1,stated envelope,1,structure i,1,trip uptime,1
gating nav,1,days so,1,meet those,1,you calculate,1,or create,1
confidence estimator,1,t hand,1,those in,1,calculate a,1,create repeated,1
consistency that,1,hand wave,1,time the,1,tight bound,1,repeated aborts,1
that prevents,1,wave the,1,to ship,1,bound for,1,customer burn,1
prevents entering,1,window proceed,1,ship unbounded,1,for window,1,and make,1
entering remaining,1,can achieve,1,risk into,1,window value,1,make future,1
remaining in,1,achieve all,1,into penalty,1,value and,1,sales harder,1
in unsafe,1,all three,1,slas it,1,show where,1,harder skyhaul,1
unsafe areas,1,three contractability,1,to segment,1,even sits,1,get it,1
areas fail,1,contractability mining,1,segment your,1,sits versus,1,it right,1
must avoid,1,amended or,1,launch a,1,versus delaying,1,right aether,1
avoid creating,1,can meet,1,hours plan,1,delaying this,1,aether shipped,1
creating site,1,redundancy with,1,window validate,1,new fact,1,downtime that,1
hazards no,1,with modeled,1,validate the,1,fact is,1,can make,1
infrastructure on,1,modeled confidence,1,competitor signal,1,is decisive,1,the net,1
loss behavior,1,confidence technical,1,signal multiple,1,decisive the,1,net value,1
a bounded,1,technical defensibility,1,sources and,1,resignation risk,1,first negative,1
bounded safe,1,defensibility you,1,and estimate,1,soft cultural,1,negative so,1
state e,1,can show,1,estimate how,1,cultural downside,1,must value,1
pad with,1,show evidence,1,long the,1,critical path,1,value first,1
tested time,1,that in,1,is weeks,1,path existential,1,and reliable,1
bound for,1,the abort,1,weeks vs,1,existential risk,1,reliable within,1
for resolution,1,rate is,1,vs quarters,1,dies with,1,a stated,1
resolution contract,1,is below,1,quarters re,1,architect proposal,1,envelope not,1
sla must,1,agreed threshold,1,re prioritize,1,a band,1,not first,1
reality no,1,threshold and,1,prioritize gtm,1,aid becomes,1,first at,1
site during,1,operationally contained,1,gtm identify,1,becomes functionally,1,cost a,1
during eap,1,contained team,1,identify near,1,functionally equivalent,1,practical way,1
eap sla,1,team signoff,1,term customers,1,equivalent to,1,to estimate,1
sla scoped,1,signoff chief,1,sites likely,1,to choosing,1,estimate the,1
with acceptance,1,architect agrees,1,emi and,1,choosing to,1,value scenario,1
ramp cure,1,agrees the,1,and amenable,1,to forfeit,1,scenario npv,1
periods penalty,1,enforceable even,1,amenable to,1,forfeit your,1,npv build,1
and preferably,1,want rev,1,to la,1,your long,1,build scenarios,1
for operation,1,b asap,1,la terms,1,term product,1,scenarios over,1
hardening is,1,asap if,1,terms accelerate,1,product moat,1,over months,1
deployed operational,1,hit these,1,accelerate those,1,moat what,1,and compare,1
operational readiness,1,the open,1,those contract,1,the situation,1,compare launch,1
readiness requirements,1,open market,1,triage amend,1,situation is,1,months inputs,1
requirements service,1,a trap,1,amend the,1,is now,1,inputs you,1
deployments supervised,1,trap you,1,launch contract,1,now in,1,need most,1
monitoring and,1,ll enter,1,contract to,1,in engineering,1,most you,1
and clear,1,enter loudly,1,to phase,1,engineering strategy,1,can estimate,1
clear escalation,1,loudly and,1,t de,1,strategy terms,1,estimate quickly,1
escalation redundancy,1,then get,1,scope them,1,terms you,1,quickly window,1
redundancy plan,1,get defined,1,them from,1,three coupled,1,window length,1
availability on,1,defined by,1,from ga,1,coupled constraints,1,length w,1
spare hot,1,by downtime,1,launch investor,1,constraints that,1,w how,1
swap defined,1,downtime concrete,1,investor comms,1,t all,1,long skyhaul,1
defined mttr,1,concrete next,1,comms inform,1,all be,1,skyhaul is,1
mttr recovery,1,next actions,1,inform lead,1,be satisfied,1,effectively out,1
recovery procedures,1,hours war,1,lead investors,1,satisfied simultaneously,1,out e,1
procedures telemetry,1,war room,1,investors that,1,simultaneously in,1,g months,1
telemetry observability,1,room the,1,that competitive,1,the original,1,months deals,1
observability sufficient,1,sla extract,1,competitive landscape,1,original framing,1,close in,1
diagnose every,1,extract uptime,1,landscape shifted,1,framing strict,1,in w,1
every event,1,downtime measurement,1,shifted propose,1,uptime expectations,1,w number,1
event automatic,1,window penalties,1,milestone definition,1,expectations penalties,1,sites contracts,1
automatic logging,1,penalties exclusions,1,that reflects,1,penalties mining,1,contracts you,1
logging and,1,periods compute,1,reflects commercial,1,mining non,1,can win,1
and post,1,compute penalty,1,availability paid,1,risk means,1,win only,1
post incident,1,sorties in,1,and use,1,means you,1,only because,1
review scope,1,in exposed,1,window to,1,underwrite ga,1,because you,1
scope discipline,1,exposed conditions,1,to negotiate,1,ga reliability,1,can deliver,1
discipline partner,1,conditions mttr,1,negotiate away,1,based containment,1,deliver now,1
partner limited,1,mttr expected,1,away the,1,containment architect,1,now gross,1
limited site,1,expected monthly,1,worst bridge,1,resignation is,1,per month,1
site limited,1,penalty band,1,terms internal,1,real if,1,or contribution,1
limited fleet,1,band prepare,1,internal alignment,1,way they,1,margin after,1
fleet limited,1,prepare a,1,alignment give,1,they deem,1,after field,1
limited eap,1,a renegotiation,1,architect explicit,1,deem knowingly,1,field support,1
eap with,1,renegotiation package,1,explicit authority,1,defective series,1,support persistence,1
explicit criteria,1,package commissioning,1,authority over,1,b tied,1,persistence factor,1
criteria for,1,period envelope,1,over the,1,quarter given,1,factor probability,1
for expansion,1,envelope certification,1,definition and,1,given that,1,probability you,1
expansion no,1,certification rollout,1,and sign,1,the rational,1,you retain,1
no sales,1,plan rev,1,off this,1,rational move,1,retain each,1
sales driven,1,timeline investor,1,is how,1,to change,1,site for,1
driven envelope,1,narrative pivot,1,how you,1,means not,1,for years,1
envelope creep,1,pivot competitor,1,avoid win,1,to try,1,years once,1
creep a,1,are launching,1,win market,1,try to,1,once won,1
dated funded,1,launching controlled,1,market lose,1,to brute,1,won early,1
funded hardware,1,controlled ga,1,lose team,1,brute force,1,early share,1
with ownership,1,ga now,1,key decision,1,ga update,1,share delta,1
ownership and,1,now and,1,decision update,1,update to,1,delta after,1
customer communication,1,and expanding,1,update the,1,decision make,1,after return,1
communication baked,1,explicit kpis,1,delay makes,1,retention safety,1,return does,1
baked in,1,kpis engineer,1,makes do,1,off a,1,does being,1
in truthful,1,engineer retention,1,do nothing,1,go gate,1,first change,1
truthful external,1,retention move,1,nothing and,1,gate explicitly,1,change your,1
external claims,1,move ask,1,and wait,1,explicitly adopt,1,your long,1
claims marketing,1,ask the,1,wait less,1,adopt this,1,run win,1
marketing and,1,to define,1,less attractive,1,this internal,1,rate by,1
sales language,1,minimum conditions,1,attractive it,1,internal rule,1,by points,1
language must,1,conditions for,1,it most,1,rule board,1,points points,1
be autonomous,1,for truthful,1,most strongly,1,visible no,1,points downside,1
under supervision,1,truthful launch,1,strongly supports,1,no commercial,1,risk factors,1
supervision or,1,launch signoff,1,supports a,1,expansion without,1,factors probability,1
equivalent no,1,signoff commit,1,bounded truthfully,1,without responsible,1,probability weighted,1
no implying,1,commit in,1,truthfully scoped,1,authority if,1,weighted sla,1
implying anywhere,1,writing to,1,that avoids,1,if sign,1,churn reputational,1
anywhere until,1,not oversell,1,avoids penalty,1,off cannot,1,reputational hit,1
until it,1,oversell what,1,a blanket,1,be obtained,1,hit and,1
s true,1,to advise,1,blanket ship,1,obtained for,1,loss triggered,1
true if,1,advise precisely,1,ship everywhere,1,quarter you,1,triggered by,1
these guardrails,1,precisely the,1,everywhere and,1,do ga,1,fix output,1
guardrails can,1,contract s,1,and hope,1,quarter this,1,output metric,1
in time,1,landing whether,1,hope the,1,t capitulation,1,metric incremental,1
time the,1,can deploy,1,geofence holds,1,capitulation it,1,incremental npv,1
only defensible,1,deploy n,1,holds if,1,s how,1,npv of,1
defensible alternative,1,aircraft economically,1,a the,1,how high,1,now head,1
alternative is,1,economically at,1,sla availability,1,high consequence,1,start contribution,1
and renegotiate,1,site with,1,target and,1,consequence engineering,1,margin terminal,1
renegotiate financing,1,those we,1,structure and,1,engineering orgs,1,terminal value,1
financing milestones,1,can decide,1,implement any,1,orgs avoid,1,value from,1
milestones accordingly,1,whether seize,1,any real,1,avoid self,1,from share,1
accordingly final,1,seize the,1,time interference,1,self inflicted,1,uplift financing,1
final recommendation,1,window now,1,estimator fallback,1,inflicted failure,1,financing probability,1
recommendation do,1,now is,1,fallback in,1,failure the,1,probability valuation,1
not proceed,1,is best,1,weeks i,1,best path,1,valuation uplift,1
a global,1,best done,1,between segmented,1,path from,1,uplift expected,1
global ga,1,done as,1,segmented la,1,from here,1,expected penalties,1
launch of,1,as i,1,now full,1,here practical,1,churn costs,1
of chimera,1,constrained ga,1,or launch,1,practical path,1,costs reputational,1
chimera this,1,ga amended,1,now but,1,path a,1,reputational share,1
quarter instead,1,sla ii,1,but exclude,1,a preferred,1,share loss,1
instead pursue,1,ii managed,1,exclude mining,1,preferred launch,1,loss execution,1
pursue one,1,or iii,1,mining until,1,quarter as,1,execution talent,1
one of,1,iii launch,1,b plus,1,as paid,1,talent risks,1
of two,1,elsewhere while,1,plus the,1,paid bounded,1,risks quick,1
two outcomes,1,delaying the,1,exact claim,1,eis do,1,quick bounding,1
outcomes a,1,penalized site,1,claim language,1,do a,1,bounding heuristics,1
constrained paid,1,site you,1,that stays,1,real revenue,1,heuristics to,1
paid early,1,single crisp,1,stays truthful,1,revenue real,1,get an,1
eap this,1,crisp number,1,truthful you,1,real deployments,1,an order,1
all go,1,number without,1,t know,1,deployments real,1,order of,1
conditions below,1,without assumptions,1,a single,1,real pr,1,of magnitude,1
below are,1,assumptions but,1,single number,1,pr but,1,magnitude these,1
are met,1,can bound,1,number without,1,but inside,1,are crude,1
writing and,1,bound it,1,without inputs,1,inside a,1,crude but,1
and validated,1,it quickly,1,inputs but,1,sign what,1,but useful,1
validated or,1,quickly enough,1,it quickly,1,what that,1,useful bounds,1
months for,1,to drive,1,quickly with,1,requires odd,1,bounds bound,1
any go,1,drive a,1,an incremental,1,envelope definition,1,bound a,1
go condition,1,decision think,1,incremental npv,1,definition specific,1,a head,1
condition cannot,1,think of,1,npv of,1,routes payload,1,start only,1
met on,1,of market,1,window model,1,bands environmental,1,only value,1
schedule given,1,market position,1,model and,1,environmental limits,1,value lower,1
given the,1,position as,1,and then,1,limits contract,1,lower bound,1
blockage shifting,1,incremental enterprise,1,then compare,1,contract restructuring,1,bound if,1
interference penalty,1,value vs,1,bridge cost,1,restructuring staged,1,first only,1
credible resignation,1,vs a,1,cost and,1,acceptance defer,1,only gives,1
resignation risk,1,a delayed,1,downside risk,1,penalties clearly,1,gives you,1
only phased,1,delayed entry,1,launching with,1,clearly define,1,you w,1
launch proposal,1,entry not,1,with unbounded,1,downtime exclude,1,w months,1
originally proposed,1,vibe what,1,emi exposure,1,exclude emi,1,months of,1
proposed is,1,what dominating,1,exposure what,1,zones until,1,of extra,1
no go,1,dominating the,1,what market,1,qualified operational,1,extra contribution,1
conditions for,1,window actually,1,position is,1,operational posture,1,margin on,1
eap launch,1,actually buys,1,worth definition,1,posture remote,1,on deals,1
launch all,1,buys you,1,is computable,1,remote monitoring,1,d eventually,1
all are,1,you value,1,computable value,1,monitoring on,1,eventually win,1
are non,1,value components,1,window npv,1,site support,1,win anyway,1
negotiable a,1,components a,1,npv customers,1,redundancy are,1,anyway value,1
governance talent,1,a revenue,1,you win,1,are framed,1,value w,1
talent chief,1,revenue pull,1,win because,1,framed as,1,w monthly,1
the flight,1,pull forward,1,shipped now,1,as service,1,monthly contribution,1
readiness safety,1,forward time,1,now npv,1,service maturity,1,margin from,1
eap scope,1,time value,1,npv those,1,maturity not,1,from incremental,1
scope stop,1,value if,1,those customers,1,not manual,1,incremental early,1
authority is,1,now instead,1,d win,1,manual piloting,1,deployments if,1
is granted,1,of in,1,win anyway,1,piloting hardware,1,if that,1
granted in,1,in months,1,anyway after,1,fix stays,1,that number,1
writing to,1,months you,1,delay adjusted,1,stays on,1,number is,1
owner immediate,1,you gain,1,adjusted for,1,on track,1,is say,1
immediate grounding,1,gain earlier,1,for probability,1,track to,1,say 3m,1
grounding triggers,1,earlier deployments,1,probability skyhaul,1,and reach,1,3m it,1
no executive,1,deployments earlier,1,skyhaul recovers,1,reach ga,1,it likely,1
executive override,1,earlier recurring,1,recovers on,1,this captures,1,likely does,1
without formal,1,recurring revenue,1,what timeline,1,captures the,1,not justify,1
process b,1,revenue usage,1,timeline probability,1,the skyhaul,1,justify taking,1
b enforced,1,usage revenue,1,can successfully,1,skyhaul market,1,taking existential,1
odd a,1,revenue earlier,1,successfully deploy,1,opening without,1,existential sla,1
written odd,1,earlier learning,1,deploy support,1,without betting,1,sla talent,1
odd exists,1,that improves,1,support at,1,on an,1,talent risk,1
exists and,1,improves product,1,scale churn,1,an sla,1,s 50m,1
and is,1,product and,1,churn penalty,1,failure or,1,50m it,1
software missions,1,and reduces,1,penalty risk,1,or losing,1,might bound,1
corridors hard,1,reduces support,1,early reliability,1,losing your,1,bound b,1
exclusion zones,1,support cost,1,reliability is,1,your gen,1,b lock,1
zones around,1,cost value,1,is weak,1,gen engine,1,in share,1
around haul,1,driver revenue,1,weak this,1,engine path,1,uplift value,1
roads and,1,revenue that,1,not tam,1,path b,1,value often,1
and other,1,that happens,1,tam it,1,fix if,1,real prize,1
other critical,1,happens earlier,1,s incremental,1,if eis,1,prize if,1
lanes areas,1,earlier is,1,incremental locked,1,not contractually,1,first increases,1
areas with,1,more and,1,locked in,1,contractually possible,1,increases long,1
buffers are,1,may extend,1,in share,1,possible if,1,run market,1
are implemented,1,runway b,1,share a,1,partner or,1,market share,1
implemented and,1,b durable,1,simple valuation,1,or investors,1,share by,1
and enforced,1,share advantage,1,valuation you,1,investors will,1,by δs,1
enforced c,1,advantage nonlinear,1,run with,1,accept an,1,δs for,1
c fail,1,nonlinear being,1,cfo revops,1,eis milestone,1,few years,1
must not,1,industrial autonomy,1,revops in,1,milestone then,1,years then,1
not create,1,autonomy often,1,few hours,1,then delay,1,then value,1
hazards on,1,often creates,1,hours for,1,bad survivable,1,value δs,1
confidence degradation,1,creates compounding,1,each target,1,survivable option,1,δs serviceable,1
degradation the,1,compounding advantages,1,target segment,1,option but,1,serviceable market,1
system transitions,1,advantages reference,1,segment mining,1,you aggressively,1,market gross,1
that avoids,1,reference accounts,1,mining logging,1,aggressively de,1,profit over,1
avoids blocking,1,accounts and,1,logging offshore,1,financing milestone,1,over years,1
blocking critical,1,case studies,1,offshore estimate,1,rewrite bridge,1,years discounted,1
infrastructure e,1,studies integration,1,estimate a,1,terms negotiation,1,discounted in,1
in designated,1,integration into,1,a incremental,1,negotiation burn,1,markets with,1
pad hover,1,into customer,1,incremental wins,1,reduction given,1,a small,1
over operational,1,customer sops,1,wins during,1,your new,1,small number,1
operational lanes,1,sops procurement,1,during the,1,new retention,1,of huge,1
lanes is,1,procurement lists,1,window n_extra,1,retention reality,1,huge accounts,1
is unacceptable,1,lists switching,1,n_extra incremental,1,team is,1,accounts one,1
unacceptable for,1,switching costs,1,incremental number,1,risky than,1,one marquee,1
for eap,1,costs training,1,sites contracts,1,team immediate,1,marquee mining,1
eap d,1,training spares,1,contracts you,1,next days,1,conglomerate reference,1
d contracts,1,spares software,1,sign activate,1,days put,1,reference can,1
contracts must,1,software integration,1,activate in,1,put the,1,can swing,1
reality especially,1,integration safety,1,next w,1,the retention,1,swing δs,1
especially mining,1,safety approvals,1,w months,1,retention risk,1,δs substantially,1
mining the,1,approvals value,1,months because,1,risk on,1,substantially if,1
agreement is,1,driver a,1,because skyhaul,1,board agenda,1,s successful,1
is amended,1,a higher,1,is delayed,1,agenda as,1,successful bound,1
amended so,1,probability that,1,delayed p_close_now,1,constraint make,1,bound c,1
so reliability,1,you become,1,p_close_now p_close_later,1,it explicit,1,c negative,1
reliability uptime,1,become the,1,p_close_later difference,1,explicit if,1,negative value,1
an acceptance,1,default supplier,1,difference in,1,ga under,1,value if,1
ramp period,1,supplier for,1,win probability,1,under current,1,you burn,1
period before,1,years c,1,probability if,1,mitigation chief,1,if launching,1
attach penalty,1,c pricing,1,re available,1,architect exits,1,launching now,1
and cure,1,pricing power,1,available now,1,exits gen,1,now carries,1
periods preferably,1,power better,1,now vs,1,autonomy slips,1,carries a,1
for operating,1,better unit,1,vs after,1,slips months,1,a meaningful,1
rev is,1,unit economics,1,after months,1,months that,1,meaningful chance,1
deployed e,1,economics early,1,months practical,1,that reframes,1,of public,1
e ops,1,early leader,1,way pipeline,1,reframes the,1,public industry,1
ops readiness,1,leader can,1,pipeline deals,1,decision away,1,industry visible,1
readiness to,1,can command,1,deals currently,1,from engineering,1,failure at,1
uptime without,1,command better,1,currently competitive,1,engineering stubbornness,1,the marquee,1
pretending eap,1,better pricing,1,competitive with,1,stubbornness offer,1,marquee partner,1
eap is,1,pricing better,1,with skyhaul,1,offer the,1,partner the,1
is service,1,better contract,1,skyhaul expected,1,architect a,1,value can,1
led with,1,terms lower,1,expected conversion,1,a constructive,1,can flip,1
monitoring incident,1,lower cac,1,conversion uplift,1,constructive yes,1,flip expected,1
response and,1,cac inbound,1,uplift b,1,yes path,1,value hit,1
and redundancy,1,inbound demand,1,b economics,1,path with,1,hit p,1
swap sized,1,demand fewer,1,economics per,1,real authority,1,p reference,1
sized to,1,fewer competitive,1,site use,1,authority ask,1,reference failure,1
to maintain,1,competitive bake,1,use your,1,ask for,1,failure lost,1
maintain availability,1,bake offs,1,own unit,1,for what,1,lost future,1
availability at,1,offs d,1,unit economics,1,maximum commercial,1,rate multi,1
level f,1,d financing,1,economics for,1,scope you,1,year gross,1
f remediation,1,financing leverage,1,a representative,1,then institutionalize,1,profit that,1
remediation commitment,1,leverage if,1,representative site,1,institutionalize it,1,s why,1
commitment a,1,is delayed,1,site arr_site,1,it written,1,why penalty,1
dated resourced,1,delayed a,1,arr_site hardware,1,off clear,1,known not,1
resourced hardware,1,can improve,1,hardware lease,1,clear envelope,1,fully containable,1
revision retrofit,1,improve series,1,lease service,1,envelope required,1,containable edge,1
is approved,1,b valuation,1,service support,1,required mitigations,1,is such,1
approved and,1,valuation reduce,1,support consumables,1,mitigations a,1,such a,1
and communicated,1,reduce dilution,1,consumables gross,1,plan to,1,a big,1
communicated to,1,dilution reduce,1,margin retention,1,emi trigger,1,big deal,1
to partners,1,for predatory,1,retention annual,1,shielding this,1,deal what,1
partners if,1,predatory debt,1,annual or,1,this turns,1,d do,1
cannot meet,1,debt e,1,or contract,1,turns the,1,do this,1
meet all,1,e strategic,1,term renewal,1,architect from,1,week to,1
the above,1,strategic option,1,renewal probability,1,from blocker,1,answer how,1
above in,1,option value,1,probability implementation,1,blocker into,1,how much,1
next weeks,1,value being,1,implementation cost,1,into accountable,1,much credibly,1
weeks then,1,being in,1,cost deployment,1,owner renegotiate,1,credibly list,1
the correct,1,in market,1,deployment training,1,contract now,1,list the,1
correct move,1,market gives,1,training support,1,now don,1,specific deals,1
and immediately,1,gives you,1,and ongoing,1,t wait,1,deals the,1
immediately renegotiate,1,you options,1,ongoing cogs,1,wait you,1,the skyhaul,1
tranche definition,1,options partnerships,1,cogs discount,1,need an,1,delay unlocks,1
of launch,1,partnerships exclusives,1,discount rate,1,an addendum,1,unlocks named,1
launch rather,1,exclusives channel,1,and payback,1,addendum that,1,named accounts,1
than shipping,1,channel deals,1,payback constraints,1,that defines,1,accounts expected,1
shipping a,1,deals and,1,compute a,1,defines an,1,expected start,1
product your,1,and talent,1,a rough,1,eis phase,1,start dates,1
launch means,1,talent recruiting,1,rough per,1,phase with,1,dates probability,1
means under,1,recruiting the,1,site npv,1,with no,1,of close,1
under this,1,the simple,1,npv npv_site,1,no limited,1,close if,1
this recommendation,1,simple way,1,npv_site arr_site,1,limited penalties,1,re live,1
recommendation acceptable,1,to value,1,arr_site gm,1,and objective,1,live now,1
quarter paid,1,value it,1,gm customer,1,acceptance gates,1,vs in,1
defined enforced,1,it scenario,1,customer lifetime,1,gates caps,1,months estimate,1
under supervised,1,scenario npv,1,lifetime in,1,caps liability,1,estimate contribution,1
operations with,1,npv of,1,in years,1,credits attaches,1,site month,1
with contract,1,of now,1,years implementation,1,attaches the,1,month include,1
contract terms,1,now vs,1,implementation incremental,1,a contract,1,include on,1
terms aligned,1,vs later,1,incremental support,1,contract artifact,1,call teams,1
envelope not,1,later build,1,support cost,1,t move,1,teams spares,1
quarter global,1,build two,1,cost discounted,1,move you,1,spares insurance,1
global autonomous,1,two scenarios,1,discounted c,1,first penalty,1,insurance penalty,1
autonomous launch,1,scenarios over,1,c switching,1,penalty site,1,exposure quantify,1
with geofence,1,over months,1,switching lock,1,fix renegotiate,1,quantify persistence,1
only mitigation,1,months inputs,1,in multiplier,1,definition immediately,1,persistence typical,1
mitigation while,1,inputs you,1,multiplier the,1,immediately ask,1,typical contract,1
while signing,1,need use,1,the dominance,1,ask investors,1,contract term,1
signing claiming,1,use ranges,1,dominance part,1,accept paid,1,term and,1
claiming reliability,1,ranges r_t,1,part dominance,1,delivered systems,1,and renewal,1
reliability and,1,r_t projected,1,dominance is,1,systems reliability,1,renewal friction,1
and accepting,1,profit not,1,worth more,1,metrics within,1,friction in,1
accepting downtime,1,not revenue,1,more when,1,within declared,1,mining logging,1
penalties delaying,1,revenue per,1,when there,1,as commercial,1,logging offshore,1
delaying does,1,now r,1,real lock,1,launch use,1,offshore model,1
by itself,1,_t projected,1,in integration,1,use skyhaul,1,model downside,1
itself destroy,1,launch after,1,integration into,1,leverage you,1,downside explicitly,1
destroy the,1,after delay,1,into site,1,can seize,1,explicitly for,1
company it,1,delay delta,1,site workflows,1,seize the,1,now probability,1
can kill,1,delta s,1,workflows trained,1,market without,1,probability and,1
company if,1,s durable,1,operators installed,1,ga promises,1,and magnitude,1
you pair,1,uplift from,1,installed pads,1,promises you,1,magnitude of,1
pair the,1,first e,1,pads charging,1,t underwrite,1,of sla,1
delay with,1,g relative,1,charging spares,1,underwrite what,1,penalties probability,1
a unmanageable,1,relative delta,1,spares sops,1,what not,1,of losing,1
unmanageable financing,1,delta cac,1,sops data,1,do do,1,mining reference,1
financing terms,1,cac cac,1,data analytics,1,not attempt,1,reference probability,1
terms b,1,cac reduction,1,analytics tied,1,attempt to,1,of key,1
b a,1,reduction or,1,tied into,1,solve this,1,resignations run,1
a vague,1,or sales,1,into their,1,this by,1,run sensitivity,1
vague plan,1,sales cycle,1,their ops,1,by pressuring,1,sensitivity find,1
plan timeline,1,cycle reduction,1,ops stack,1,pressuring the,1,find the,1
timeline or,1,reduction from,1,stack safety,1,to stay,1,the break,1
or c,1,being the,1,safety compliance,1,stay after,1,even δs,1
c lost,1,only available,1,compliance approvals,1,after shipping,1,δs share,1
lost commercial,1,available vendor,1,approvals already,1,something they,1,uplift required,1
commercial momentum,1,vendor p_,1,already done,1,they consider,1,to justify,1
momentum your,1,p_ b,1,done represent,1,consider unethical,1,justify the,1
your choice,1,b probability,1,represent this,1,unethical unsafe,1,the added,1
choice is,1,of closing,1,as lock,1,unsafe even,1,added risk,1
likely rational,1,closing series,1,in factor,1,they stay,1,risk my,1
rational because,1,b on,1,factor l,1,stay you,1,my likely,1
because shipping,1,on favorable,1,l the,1,ve destroyed,1,likely conclusion,1
now had,1,favorable terms,1,the fraction,1,destroyed trust,1,conclusion given,1
had two,1,terms in,1,of won,1,ll pay,1,your context,1
two existential,1,in each,1,won now,1,pay later,1,context the,1
modes key,1,each scenario,1,now sites,1,later in,1,window can,1
key engineer,1,scenario cost,1,sites you,1,in slower,1,worth a,1
engineer departure,1,of capital,1,d keep,1,slower execution,1,a lot,1
departure and,1,capital discount,1,keep even,1,execution and,1,lot often,1
contract reputation,1,discount rate,1,if skyhaul,1,and attrition,1,often more,1
reputation blowups,1,rate use,1,skyhaul later,1,attrition do,1,bridge dilution,1
blowups you,1,use something,1,later matches,1,cannot bound,1,dilution but,1
already seen,1,something like,1,matches specs,1,bound emi,1,can enter,1
seen a,1,like annually,1,specs if,1,s converting,1,enter with,1
incident what,1,annually for,1,if switching,1,converting an,1,structure that,1
what determines,1,a startup,1,switching is,1,engineering problem,1,prevents early,1
determines whether,1,startup you,1,is painful,1,problem into,1,early downtime,1
re destroying,1,can sensitivity,1,painful l,1,a balance,1,downtime events,1
you execute,1,sensitivity test,1,l is,1,balance sheet,1,events from,1
execute the,1,test then,1,high d,1,sheet problem,1,headline and,1
controlled financeable,1,compute text,1,d window,1,problem contingency,1,a penalty,1
financeable reset,1,text window,1,value calculation,1,contingency work,1,penalty machine,1
reset the,1,window value,1,calculation window_value,1,work even,1,machine if,1
real failure,1,approx sum_t,1,window_value n_extra,1,you retain,1,mine dominate,1
modes to,1,sum_t frac,1,n_extra npv_site,1,retain them,1,dominate the,1
to watch,1,frac r_t,1,npv_site l,1,them because,1,market is,1
watch and,1,r_t r,1,l do,1,ve discovered,1,is less,1
to blunt,1,_t r,1,this for,1,discovered a,1,less likely,1
blunt them,1,r t,1,for cases,1,person dependency,1,likely than,1
them predatory,1,t text,1,cases low,1,dependency start,1,than be,1
bridge becomes,1,text share,1,low base,1,start reducing,1,be first,1
spiral mitigation,1,value text,1,base high,1,reducing it,1,first to,1
mitigation try,1,delta where,1,high that,1,it architecture,1,to disappoint,1
it or,1,where share,1,that gives,1,architecture docs,1,disappoint if,1
it via,1,value can,1,gives you,1,docs threat,1,you provide,1
via insider,1,be approximated,1,you a,1,threat models,1,provide a,1
bridge tranche,1,approximated as,1,defensible range,1,models test,1,a expected,1
close milestone,1,incremental long,1,range the,1,test harness,1,expected annual,1
milestone redefinition,1,long run,1,the part,1,harness ownership,1,annual gross,1
redefinition paid,1,run annual,1,part people,1,ownership design,1,profit per,1
eap after,1,profit multiple,1,people miss,1,design reviews,1,site b,1
after shielding,1,multiple or,1,miss subtract,1,reviews recorded,1,b how,1
rev limited,1,or discounted,1,subtract the,1,recorded succession,1,how many,1
limited deployments,1,discounted duration,1,tax if,1,succession plan,1,many sites,1
deployments strategic,1,duration financing,1,you launch,1,plan deputy,1,you could,1
burn cut,1,delta expected,1,into environments,1,deputy authority,1,could realistically,1
cut or,1,dilution avoided,1,bound especially,1,authority retention,1,realistically deploy,1
a different,1,avoided or,1,especially with,1,retention package,1,deploy in,1
different debt,1,or additional,1,with sla,1,package is,1,next months,1
debt provider,1,additional dilution,1,penalties you,1,is fine,1,months c,1
provider rule,1,dilution incurred,1,must subtract,1,fine but,1,c skyhaul,1
rule don,1,incurred expected,1,subtract expected,1,but knowledge,1,s likely,1
accept covenants,1,expected enterprise,1,expected penalty,1,knowledge transfer,1,likely delay,1
rights that,1,value crucial,1,penalty cost,1,transfer and,1,delay length,1
that let,1,crucial addition,1,cost downtime,1,redundancy is,1,length and,1
the lender,1,addition subtract,1,penalties termination,1,is what,1,and d,1
lender effectively,1,subtract launch,1,risk churn,1,what prevents,1,d the,1
effectively run,1,launch too,1,brand drag,1,recurrence the,1,the penalty,1
run the,1,too early,1,drag reduces,1,decision statement,1,structure cap,1
company or,1,early downside,1,reduces l,1,statement you,1,cap i,1
or force,1,downside your,1,l and,1,can use,1,can produce,1
force default,1,now scenario,1,and future,1,use internally,1,concrete npv,1
default on,1,scenario must,1,future win,1,internally given,1,npv range,1
schedule you,1,must include,1,win rates,1,given credible,1,range and,1
t meet,1,include expected,1,rates support,1,person attrition,1,a break,1
meet months,1,expected sla,1,support scaling,1,attrition that,1,even point,1
into mitigation,1,penalties expected,1,scaling cost,1,that would,1,point for,1
mitigation treat,1,expected churn,1,cost on,1,would halt,1,this new,1
revision like,1,churn paused,1,call field,1,halt gen,1,new fact,1
release train,1,paused deployments,1,field teams,1,autonomy we,1,fact is,1
train with,1,deployments if,1,teams replacements,1,not ship,1,is decisive,1
a frozen,1,if reliability,1,replacements talent,1,ship any,1,decisive a,1
frozen scope,1,reliability issues,1,talent attrition,1,any release,1,plan that,1
scope supply,1,issues show,1,attrition cost,1,sign we,1,triggers the,1
chain lead,1,show up,1,if key,1,will either,1,s exit,1
times locked,1,up added,1,engineers leave,1,a execute,1,exit is,1
locked this,1,added support,1,leave your,1,execute an,1,strategically equivalent,1
week and,1,support headcount,1,to hold,1,service launch,1,to self,1
a verification,1,headcount and,1,hold the,1,and revised,1,self sabotage,1
verification plan,1,the probability,1,market evaporates,1,revised slas,1,sabotage because,1
s parallelized,1,of losing,1,evaporates so,1,slas this,1,it converts,1
parallelized build,1,losing key,1,a more,1,fix while,1,delay into,1
build a,1,key engineers,1,more honest,1,while protecting,1,likely month,1
explicit buffers,1,and its,1,honest form,1,protecting runway,1,or indefinite,1
and weekly,1,its schedule,1,form is,1,and renegotiating,1,indefinite gen,1
weekly exec,1,schedule impact,1,is net_window_value,1,renegotiating milestones,1,gen stall,1
exec review,1,impact if,1,net_window_value window_value,1,milestones if,1,stall plus,1
review you,1,t subtract,1,window_value expected_early_failure_tax,1,paste your,1,plus higher,1
window anyway,1,subtract those,1,expected_early_failure_tax this,1,current series,1,higher defect,1
anyway mitigation,1,those you,1,is why,1,memo framing,1,defect risk,1
mitigation keep,1,ll overvalue,1,why dominate,1,framing retention,1,and weaker,1
keep market,1,overvalue the,1,dominate before,1,retention as,1,weaker fundraising,1
market presence,1,window a,1,before skyhaul,1,gating risk,1,fundraising narrative,1
presence without,1,practical bounding,1,skyhaul returns,1,a specific,1,narrative what,1
without shipping,1,bounding heuristic,1,returns is,1,specific milestone,1,what changes,1
shipping the,1,heuristic to,1,only valuable,1,rewrite contract,1,decision calculus,1
the unsafe,1,get an,1,valuable if,1,addendum outline,1,calculus talent,1
unsafe configuration,1,an order,1,your early,1,outline that,1,talent becomes,1
configuration lock,1,order of,1,deployments are,1,that aligns,1,first order,1
customers with,1,of magnitude,1,are successful,1,without pretending,1,order constraint,1
with lois,1,magnitude ask,1,successful enough,1,issue is,1,constraint not,1
the rev,1,two questions,1,to create,1,is contained,1,a culture,1
rev do,1,questions q1,1,create lock,1,contained you,1,culture risk,1
do site,1,q1 if,1,in rather,1,most plausible,1,dies you,1
surveys workflow,1,re first,1,than backlash,1,plausible way,1,roadmap that,1
workflow integration,1,first and,1,backlash decision,1,to meet,1,that sustains,1
integration infrastructure,1,and credible,1,decision implication,1,meet the,1,sustains differentiation,1
infrastructure installs,1,many anchor,1,implication given,1,the quarter,1,differentiation after,1
installs training,1,anchor sites,1,given your,1,quarter without,1,the initial,1
training run,1,you lock,1,your specifics,1,without blowing,1,initial launch,1
run non,1,lock before,1,specifics if,1,blowing up,1,launch window,1
non production,1,before skyhaul,1,only way,1,up the,1,window proposal,1
production demos,1,skyhaul returns,1,to capture,1,team but,1,as currently,1
demos in,1,returns let,1,is signing,1,it will,1,currently conceived,1
safe odd,1,let n,1,signing uptime,1,will satisfy,1,conceived is,1
odd if,1,n number,1,mine where,1,engineers only,1,effectively disqualified,1
owner signs,1,of anchor,1,and geofencing,1,change the,1,disqualified unless,1
signs focused,1,anchor deployments,1,be guaranteed,1,the substance,1,unless it,1
focused on,1,secure in,1,guaranteed then,1,substance of,1,be changed,1
on proving,1,window gp,1,tax can,1,a not,1,changed such,1
proving value,1,gp annual,1,can exceed,1,label what,1,such that,1
value not,1,per anchor,1,value in,1,what engineers,1,stay the,1
not uptime,1,anchor deployment,1,case delaying,1,engineers usually,1,window value,1
uptime promises,1,deployment once,1,delaying or,1,usually mean,1,value is,1
promises investor,1,once steady,1,de scoping,1,mean by,1,is real,1
investor narrative,1,state l,1,scoping mining,1,by don,1,real but,1
narrative becomes,1,l expected,1,mining may,1,ship knowingly,1,only monetizable,1
becomes they,1,expected retention,1,may preserve,1,defective they,1,monetizable if,1
they slipped,1,retention duration,1,preserve more,1,not reacting,1,can execute,1
slipped mitigation,1,duration switching,1,more long,1,to software,1,execute reliably,1
mitigation make,1,switching cost,1,term market,1,software patch,1,reliably for,1
the story,1,cost duration,1,position than,1,patch per,1,customers without,1
story we,1,duration years,1,rushed flagship,1,per se,1,without your,1
we found,1,years p,1,flagship failure,1,se they,1,your autonomy,1
found a,1,p probability,1,failure if,1,re reacting,1,autonomy leadership,1
field safety,1,probability those,1,can capture,1,to unbounded,1,leadership that,1
hazard we,1,those anchors,1,window via,1,unbounded risk,1,that execution,1
we hardened,1,anchors become,1,via segmented,1,risk interference,1,risk skyrockets,1
hardened the,1,become durable,1,segmented launch,1,shift geofence,1,skyrockets what,1
platform here,1,durable references,1,launch low,1,geofence won,1,do next,1
the dated,1,references that,1,first mining,1,t catch,1,next fast,1
dated plan,1,that drive,1,as phased,1,catch all,1,fast concrete,1
plan here,1,drive further,1,phased pilot,1,all misrepresentation,1,concrete establish,1
here are,1,further sales,1,la without,1,misrepresentation autonomous,1,establish a,1
are committed,1,sales then,1,without penalties,1,autonomous reliable,1,hard internal,1
committed customers,1,a rough,1,b then,1,reliable implied,1,internal launch,1
customers here,1,rough value,1,be very,1,implied broadly,1,launch gate,1
the manufacturing,1,value is,1,very valuable,1,broadly lack,1,gate safety,1
manufacturing path,1,is text,1,valuable while,1,lack of,1,case architect,1
path many,1,text anchor,1,keeping downside,1,of accountable,1,off within,1
many good,1,anchor value,1,downside bounded,1,accountable sign,1,within hours,1
good investors,1,approx n,1,bounded what,1,off shipping,1,hours produce,1
investors prefer,1,n times,1,estimate it,1,shipping over,1,page internal,1
prefer this,1,times gp,1,it with,1,over technical,1,internal release,1
this to,1,gp times,1,with you,1,authority objections,1,release statement,1
to they,1,times l,1,you minimal,1,objections no,1,statement declared,1
they shipped,1,l times,1,minimal inputs,1,credible containment,1,declared operating,1
and had,1,times p,1,inputs your,1,containment ops,1,corridors known,1
had incidents,1,p quad,1,your estimate,1,ops controls,1,mode and,1
incidents lost,1,quad text,1,of w,1,controls treated,1,mitigations residual,1
lost their,1,text discounted,1,w how,1,a fig,1,risk acceptance,1
their architect,1,discounted in,1,long until,1,fig leaf,1,acceptance owners,1
architect what,1,in heavy,1,until skyhaul,1,leaf an,1,owners signature,1
do in,1,heavy industry,1,is back,1,program can,1,signature line,1
next days,1,industry a,1,back in,1,can address,1,architect rule,1
days to,1,of credible,1,market credibly,1,address those,1,not ship,1
delay survivable,1,credible reference,1,credibly months,1,those if,1,into any,1
survivable board,1,reference sites,1,months current,1,if designed,1,occur or,1
board package,1,be worth,1,current pipeline,1,designed as,1,or where,1
package decision,1,than broad,1,pipeline of,1,controlled evidence,1,where downtime,1
memo documenting,1,broad marketing,1,of near,1,evidence backed,1,penalties can,1
documenting the,1,marketing q2,1,term site,1,backed release,1,can apply,1
incident risk,1,q2 how,1,site deals,1,release with,1,apply this,1
and rationale,1,how much,1,deals where,1,explicit limits,1,t politics,1
rationale this,1,much does,1,where skyhaul,1,limits the,1,politics it,1
this protects,1,does credible,1,skyhaul was,1,minimum conditions,1,s governance,1
protects you,1,launch change,1,was the,1,program that,1,governance for,1
and clarifies,1,change series,1,the main,1,could satisfy,1,for autonomy,1
clarifies strategy,1,b dilution,1,main alternative,1,satisfy them,1,autonomy offer,1
strategy lock,1,if launching,1,alternative and,1,them explicit,1,it keeps,1
lock the,1,launching now,1,expected uplift,1,odd enforceability,1,keeps them,1
plan bom,1,now improves,1,uplift in,1,enforceability named,1,them otherwise,1
bom change,1,improves valuation,1,win rate,1,payload limits,1,otherwise delay,1
change vendor,1,valuation by,1,rate if,1,limits weather,1,delay ask,1
vendor commitments,1,by say,1,re the,1,limits emi,1,architect a,1
commitments test,1,say x,1,only option,1,emi assumptions,1,binary question,1
test plan,1,x or,1,option rough,1,assumptions not,1,question with,1
plan certification,1,or reduces,1,rough arr,1,not avoid,1,with specifics,1
certification regression,1,reduces dilution,1,arr and,1,zones but,1,specifics if,1
regression gates,1,dilution by,1,and gm,1,but operate,1,we launch,1
gates pilot,1,by d,1,gm per,1,operate only,1,explicit contract,1
pilot manufacturing,1,d points,1,site implementation,1,only where,1,retrofit date,1
manufacturing date,1,points then,1,implementation support,1,where we,1,date will,1
date financing,1,then text,1,support costs,1,demonstrate acceptable,1,and own,1
with options,1,financing value,1,costs and,1,acceptable integrity,1,own the,1
options not,1,approx d,1,expected retention,1,integrity margins,1,viable option,1
just the,1,d times,1,retention contract,1,margins mechanisms,1,that protects,1
the predatory,1,times text,1,term whether,1,mechanisms to,1,protects talent,1
bridge run,1,text post,1,can avoid,1,enforce mission,1,talent if,1
run at,1,money value,1,avoid penalty,1,planning constraints,1,no you,1
least two,1,value expected,1,or segment,1,constraints corridor,1,effectively in,1
two alternatives,1,expected even,1,segment away,1,corridor geofences,1,in proposal,1
alternatives in,1,a dilution,1,from high,1,geofences with,1,b territory,1
parallel customer,1,dilution delta,1,environments if,1,buffers abort,1,territory delay,1
customer plan,1,delta on,1,provide those,1,pads if,1,shipping will,1
plan immediate,1,a large,1,those four,1,t define,1,likely destroy,1
immediate outreach,1,large post,1,four i,1,define enforce,1,capability immediately,1
outreach with,1,money can,1,you produce,1,enforce this,1,immediately reopen,1
revised timeline,1,be significant,1,credible range,1,the program,1,reopen the,1
timeline and,1,significant but,1,range e,1,just ga,1,terms given,1
a concrete,1,is credible,1,g the,1,with nicer,1,given uptime,1
concrete interim,1,credible and,1,worth x,1,nicer words,1,penalties you,1
interim program,1,and doesn,1,y in,1,words a,1,need one,1
program surveys,1,t backfire,1,in npv,1,case responsible,1,of pilot,1
integration limited,1,backfire the,1,npv and,1,a governance,1,reduced remedies,1
limited safe,1,key truth,1,and directly,1,governance rule,1,remedies downtime,1
safe demos,1,truth the,1,directly compare,1,rule chief,1,that excludes,1
demos if,1,worth a,1,s effective,1,the early,1,excludes defined,1
if appropriate,1,a lot,1,effective dilution,1,access safety,1,defined safety,1
appropriate burn,1,lot only,1,dilution and,1,and envelope,1,aborts caps,1
burn risk,1,be reliably,1,risk adjusted,1,sign it,1,level availability,1
risk reduction,1,reliably first,1,adjusted cost,1,ship this,1,abort downtime,1
reduction cut,1,first not,1,rushed launch,1,the single,1,partner refuses,1
cut non,1,just loudly,1,launch given,1,single biggest,1,refuses any,1
non core,1,loudly first,1,given what,1,biggest will,1,of this,1
core spend,1,first given,1,you learned,1,will it,1,this they,1
spend now,1,constraints shifting,1,learned you,1,it satisfy,1,a suitable,1
to reduce,1,interference penalty,1,should update,1,satisfy engineers,1,suitable first,1
reduce how,1,sla architect,1,update your,1,engineers lever,1,first production,1
how much,1,architect signoff,1,your decision,1,lever honest,1,production customer,1
much leverage,1,signoff risk,1,decision model,1,honest external,1,customer under,1
leverage the,1,window has,1,model architect,1,external language,1,under the,1
bridge has,1,has two,1,architect resigns,1,language no,1,current defect,1
has over,1,two very,1,resigns is,1,no autonomous,1,defect profile,1
over you,1,very different,1,now a,1,anywhere you,1,profile regardless,1
the honest,1,different valuations,1,probability high,1,still say,1,window treat,1
honest answer,1,valuations credible,1,severity outcome,1,as autonomous,1,as negotiable,1
answer you,1,credible first,1,outcome not,1,operations within,1,negotiable not,1
not destroying,1,valuation high,1,a bargaining,1,exceptions and,1,not fate,1
company by,1,high you,1,bargaining chip,1,must disclose,1,fate if,1
by delaying,1,envelope protect,1,chip in,1,disclose expected,1,delay don,1
delaying you,1,protect uptime,1,companies that,1,expected exception,1,accept predatory,1
avoid a,1,uptime earn,1,often closer,1,exception modes,1,or bust,1
a near,1,earn reference,1,closer to,1,modes including,1,bust as,1
near term,1,reference trust,1,to an,1,including safety,1,as fixed,1
term win,1,and close,1,an existential,1,descend required,1,fixed use,1
win that,1,b cleanly,1,risk than,1,required operational,1,delay your,1
that had,1,cleanly unreliable,1,loan what,1,operational controls,1,your disciplined,1
a meaningful,1,unreliable first,1,this fact,1,controls surveying,1,disciplined safety,1
meaningful chance,1,valuation low,1,fact changes,1,surveying corridors,1,safety stance,1
of causing,1,low negative,1,changes immediately,1,corridors supervision,1,stance to,1
a long,1,negative you,1,immediately a,1,model contract,1,renegotiate milestone,1
term loss,1,you trigger,1,a as,1,contract structure,1,wording with,1
loss talent,1,trigger penalties,1,as originally,1,that matches,1,lead often,1
talent trust,1,penalties downtime,1,originally described,1,matches reality,1,often possible,1
trust liability,1,downtime narratives,1,described becomes,1,reality especially,1,possible pursue,1
is at,1,narratives burn,1,becomes effectively,1,mining for,1,pursue insider,1
risk only,1,partner and,1,effectively non,1,access partners,1,prepay structures,1
you let,1,enter the,1,non viable,1,partners no,1,structures in,1
delay become,1,market as,1,viable if,1,immediate uptime,1,parallel cut,1
become open,1,ready which,1,shipping with,1,penalties use,1,cut runway,1
open ended,1,than being,1,patch triggers,1,use staged,1,runway needs,1
ended or,1,being second,1,triggers the,1,acceptance and,1,needs so,1
or finance,1,second so,1,s resignation,1,credits clear,1,is smaller,1
finance it,1,the question,1,resignation then,1,a partner,1,smaller shorter,1
on terms,1,question isn,1,a likely,1,partner insists,1,shorter reduces,1
that make,1,t what,1,likely causes,1,on strict,1,reduces lender,1
make success,1,first worth,1,causes loss,1,strict penalties,1,leverage talent,1
success unlikely,1,worth it,1,the person,1,penalties now,1,talent retention,1
unlikely if,1,first without,1,person most,1,access partner,1,retention what,1
share three,1,breaking trust,1,most able,1,partner they,1,do without,1
three numbers,1,and contracts,1,a eliminate,1,re demanding,1,without trying,1
numbers monthly,1,contracts worth,1,case properly,1,demanding ga,1,to buy,1
burn cash,1,worth what,1,properly b,1,ga exit,1,buy off,1
runway today,1,would do,1,b stabilize,1,criteria and,1,off safety,1
today and,1,do this,1,platform under,1,hard commitment,1,safety concerns,1
worst bridge,1,this week,1,under sla,1,commitment to,1,concerns to,1
terms maturity,1,week to,1,sla pressure,1,the root,1,this ethical,1
rights dilution,1,to quantify,1,pressure and,1,fix engineers,1,and durable,1
dilution warrants,1,quantify it,1,c deliver,1,will look,1,durable put,1
warrants i,1,it enough,1,gen increased,1,look for,1,put in,1
whether your,1,enough for,1,of missing,1,for are,1,writing that,1
current financing,1,a board,1,missing mining,1,are we,1,that shipping,1
financing path,1,level decision,1,mining uptime,1,we normalizing,1,shipping must,1
is merely,1,decision build,1,uptime obligations,1,normalizing band,1,must match,1
merely painful,1,model with,1,obligations and,1,aids you,1,match the,1
painful or,1,with three,1,and paying,1,elimination release,1,stated operating,1
or genuinely,1,three now,1,paying penalties,1,gates eap,1,engineering has,1
genuinely company,1,now variants,1,penalties slower,1,eap ends,1,authority for,1
company threatening,1,variants now,1,slower iteration,1,ends ga,1,for safety,1
threatening and,1,now a,1,iteration just,1,ga begins,1,case breaches,1
and which,1,geofence likely,1,just when,1,after x,1,breaches commit,1
which alternatives,1,likely high,1,need fast,1,hours and,1,commit publicly,1
to prioritize,1,high downside,1,fast learning,1,and y,1,publicly internally,1
prioritize first,1,downside now,1,learning to,1,y events,1,internally to,1
first subject,1,now b,1,on skyhaul,1,events inside,1,hardware root,1
subject chimera,1,b constrained,1,s gap,1,inside envelope,1,fix timeline,1
chimera launch,1,amendment target,1,gap so,1,envelope plus,1,timeline and,1
launch decision,1,target now,1,b secured,1,plus hardware,1,policy if,1
decision recommend,1,now c,1,secured upside,1,validation instrumentation,1,anything beforehand,1
recommend delay,1,c managed,1,upside can,1,instrumentation learning,1,beforehand make,1
fix controlled,1,meet sla,1,be outweighed,1,learning loop,1,architect the,1
controlled interim,1,sla expensive,1,outweighed by,1,loop so,1,the visible,1
interim plan,1,bounded compare,1,by a,1,so eap,1,visible owner,1
plan board,1,compare against,1,a post,1,eap is,1,owner of,1
board members,1,against delay,1,execution collapse,1,controlled experiment,1,case process,1
members i,1,delay rev,1,collapse b,1,experiment mandatory,1,process not,1
i recommend,1,b using,1,b your,1,logging incident,1,a dissenter,1
recommend we,1,using month,1,your real,1,incident review,1,dissenter being,1
we delay,1,month gross,1,real choice,1,review cadence,1,being overridden,1
delay chimera,1,profit probability,1,choice becomes,1,cadence regression,1,overridden compensation,1
chimera s,1,weighted financing,1,becomes can,1,regression tests,1,compensation adjustments,1
s global,1,financing outcomes,1,we create,1,tests built,1,adjustments can,1
global commercial,1,outcomes probability,1,sign you,1,built from,1,help retention,1
and proceed,1,ruin outcomes,1,still may,1,from every,1,retention but,1
the interference,1,outcomes default,1,launch something,1,every field,1,after governance,1
interference induced,1,loss vs,1,s truthfully,1,field anomaly,1,is fixed,1
induced navigation,1,vs reputational,1,and architect,1,anomaly a,1,fixed otherwise,1
navigation lock,1,reputational talent,1,architect signable,1,defined rollback,1,it reads,1
loss ghost,1,loss choose,1,signable the,1,rollback grounding,1,reads as,1
ghost edge,1,choose the,1,decision structure,1,grounding policy,1,as coercion,1
case we,1,the plan,1,i d,1,policy how,1,coercion bottom,1
we should,1,plan with,1,d use,1,to propose,1,your new,1
ship the,1,the highest,1,use now,1,propose it,1,new constraint,1
current configuration,1,weighted enterprise,1,now two,1,it to,1,constraint gen,1
configuration under,1,value subject,1,two feasible,1,engineers so,1,autonomy dies,1
under ga,1,subject to,1,feasible paths,1,s credible,1,dies if,1
ga reliability,1,not violating,1,paths not,1,credible ask,1,leaves your,1
expectations basis,1,violating your,1,not three,1,ask the,1,your best,1
basis for,1,your truth,1,three path,1,to co,1,is do,1
recommendation facts,1,truth claims,1,path signable,1,co author,1,with proposal,1
facts field,1,claims standard,1,launch limited,1,author the,1,a in,1
field testing,1,to turn,1,availability not,1,the eap,1,its current,1
testing continues,1,a dollar,1,not ga,1,eap definition,1,current form,1
continues to,1,dollar range,1,ga viable,1,definition with,1,form attempt,1
show a,1,range expected,1,three truthfully,1,with you,1,attempt a,1
non zero,1,expected number,1,can define,1,you including,1,controlled contract,1
zero probability,1,of deployments,1,define where,1,including what,1,it earns,1
of nav,1,sign in,1,where chimera,1,what envelope,1,earns architect,1
loss in,1,next months,1,supported e,1,envelope would,1,retention if,1
interference triggering,1,months if,1,g low,1,would you,1,secure that,1
triggering safety,1,is out,1,sites after,1,you sign,1,that delay,1
land this,1,out gross,1,after survey,1,weeks what,1,protect the,1
week we,1,per deployment,1,it qualification,1,what controls,1,team then,1
we had,1,deployment or,1,qualification controls,1,controls are,1,then focus,1
road blocking,1,hour at,1,controls contract,1,are primary,1,focus every,1
a truck,1,at steady,1,environments during,1,primary vs,1,every effort,1
truck for,1,state and,1,contract must,1,vs secondary,1,effort on,1
minutes no,1,and during,1,be amended,1,secondary what,1,on financing,1
no crash,1,during ramp,1,mining de,1,evidence is,1,financing alternatives,1
but this,1,ramp current,1,scoped architect,1,is required,1,alternatives and,1
hazard in,1,current series,1,off the,1,envelope then,1,and tightening,1
mining environments,1,b terms,1,architect explicitly,1,then put,1,tightening the,1
environments mitigation,1,terms valuation,1,explicitly signs,1,put their,1,schedule certainty,1
mitigation via,1,valuation expectations,1,any is,1,their sign,1,certainty if,1
via static,1,how launch,1,no don,1,off into,1,would support,1
fully reliable,1,launch changes,1,t pretend,1,into the,1,support a,1
reliable because,1,changes them,1,pretend you,1,decision process,1,pilot yes,1
shift we,1,them mining,1,re launching,1,process formally,1,language exactly,1
we cannot,1,mttr cost,1,launching you,1,formally board,1,exactly requires,1
guarantee containment,1,of redundancy,1,re rolling,1,visible if,1,requires i,1
containment our,1,redundancy how,1,rolling dice,1,this many,1,you pick,1
our launch,1,many extra,1,dice path,1,many principled,1,the cleanest,1
partner contract,1,airframes support,1,shielding and,1,principled engineers,1,cleanest path,1
contract expects,1,support people,1,and preserve,1,will support,1,pilot vs,1
penalties creating,1,people to,1,team then,1,support eap,1,and script,1
creating unbounded,1,keep uptime,1,then launch,1,eap because,1,script the,1
unbounded commercial,1,uptime with,1,launch cannot,1,becomes an,1,investor customer,1
commercial liability,1,those i,1,be created,1,an integrity,1,customer messaging,1
liability if,1,can give,1,created quickly,1,integrity preserving,1,messaging so,1
events recur,1,give you,1,quickly then,1,preserving path,1,so it,1
recur key,1,you a,1,delay stops,1,path not,1,t look,1
key engineering,1,bounded estimate,1,stops being,1,a betrayal,1,look like,1
leadership has,1,estimate e,1,being engineering,1,betrayal risks,1,like weakness,1
has made,1,g window,1,engineering purity,1,risks hard,1,weakness but,1
made clear,1,window likely,1,purity it,1,hard truths,1,but like,1
clear they,1,likely worth,1,becomes risk,1,truths name,1,like disciplined,1
they will,1,worth x,1,containment to,1,name only,1,disciplined autonomy,1
will resign,1,x y,1,company shippable,1,only reframes,1,autonomy governance,1
resign if,1,y in,1,shippable long,1,reframes will,1,governance yes,1
ship knowingly,1,in ev,1,term practical,1,will fail,1,can reframe,1
defective loss,1,ev and,1,practical plan,1,fail engineers,1,reframe proposal,1
architect would,1,and show,1,plan for,1,will see,1,a into,1
would likely,1,single assumption,1,so this,1,see through,1,program eap,1
likely stall,1,assumption dominates,1,this doesn,1,through it,1,satisfy engineers,1
stall gen,1,dominates the,1,t turn,1,leave eap,1,engineers but,1
gen autonomy,1,the result,1,turn into,1,eap may,1,a substantive,1
autonomy and,1,result this,1,into paralysis,1,not satisfy,1,substantive governance,1
and materially,1,a step,1,paralysis step,1,milestone unless,1,and scope,1
impair the,1,step change,1,step get,1,you align,1,scope change,1
company decision,1,change in,1,written signable,1,align investors,1,change not,1
decision delay,1,decision the,1,signable launch,1,launch eap,1,marketing rename,1
launch by,1,threat is,1,launch spec,1,eap with,1,rename engineers,1
by months,1,longer a,1,spec from,1,current mining,1,engineers who,1
months to,1,a soft,1,architect same,1,penalties is,1,who are,1
to implement,1,soft cultural,1,ask for,1,likely incompatible,1,are prepared,1
validate the,1,cultural risk,1,page document,1,incompatible unless,1,prepared to,1
the shielding,1,path dependency,1,document with,1,unless renegotiated,1,to resign,1
shielding hardware,1,if gen,1,with supported,1,renegotiated practical,1,resign usually,1
associated regression,1,is dead,1,envelope for,1,step one,1,usually aren,1
regression testing,1,dead in,1,exclusions required,1,page eap,1,t objecting,1
testing non,1,the water,1,required mitigations,1,charter draft,1,shipping imperfect,1
negotiable execution,1,water without,1,detection procedures,1,a pager,1,imperfect software,1
execution plan,1,architect then,1,procedures staffing,1,pager with,1,software they,1
plan hardware,1,then any,1,staffing minimum,1,with scope,1,re objecting,1
fix program,1,any plan,1,minimum metrics,1,scope sites,1,to knowingly,1
program lock,1,plan that,1,metrics event,1,missions envelope,1,knowingly deploying,1
lock design,1,that causes,1,thresholds for,1,exclusions customer,1,deploying outside,1
design suppliers,1,causes them,1,phase conditions,1,customer requirements,1,then calling,1
suppliers and,1,to walk,1,conditions under,1,requirements training,1,make an,1
and test,1,walk has,1,under which,1,training safe,1,eap credible,1
test validation,1,has a,1,which they,1,pads supervision,1,credible enough,1
plan immediately,1,high chance,1,sign release,1,supervision reliability,1,to satisfy,1
immediately weekly,1,of converting,1,release this,1,and measurement,1,satisfy them,1
weekly schedule,1,converting today,1,this converts,1,measurement support,1,them the,1
schedule reviews,1,today s,1,converts we,1,model and,1,must have,1
reviews no,1,s month,1,ll resign,1,and incident,1,a sharply,1
no scope,1,month issue,1,resign into,1,response exit,1,sharply defined,1
scope creep,1,issue into,1,into actionable,1,ga hardware,1,odd approved,1
creep commercial,1,a multi,1,actionable engineering,1,fix timeline,1,approved site,1
commercial continuity,1,multi year,1,engineering requirements,1,timeline signatories,1,qualification required,1
continuity maintain,1,year competitiveness,1,requirements step,1,signatories chief,1,required explicit,1
maintain customer,1,competitiveness problem,1,step convert,1,architect required,1,exclusions e,1
customer momentum,1,problem what,1,convert the,1,required if,1,g high,1
momentum via,1,implies update,1,mining deal,1,share what,1,zones specific,1
via site,1,update your,1,deal to,1,your launch,1,areas offshore,1
integration work,1,your constraints,1,a phase,1,milestone is,1,offshore deck,1
work and,1,have three,1,qualification contract,1,is defined,1,deck configs,1
and pre,1,three hard,1,contract 48h,1,defined as,1,configs enforced,1
pre commitments,1,hard constraints,1,48h you,1,as for,1,enforced constraints,1
commitments lois,1,must all,1,need either,1,b and,1,constraints in,1
the revised,1,all be,1,either amendment,1,partner will,1,product geofence,1
revised hardware,1,satisfied key,1,amendment phase,1,will accept,1,not as,1
hardware no,1,technical owner,1,phase paid,1,slas i,1,only control,1
no autonomous,1,owner retention,1,la with,1,you shape,1,t define,1
claims prior,1,retention architect,1,emi qualification,1,shape an,1,enforce an,1
to hardening,1,architect stays,1,phase full,1,an eap,1,an envelope,1
hardening financing,1,stays and,1,sla post,1,charter that,1,envelope where,1
financing pursue,1,and signs,1,post rev,1,is both,1,rare and,1
pursue alternatives,1,release truthfully,1,or post,1,both engineer,1,and manageable,1
to predatory,1,truthfully contract,1,post metrics,1,engineer signable,1,manageable it,1
terms in,1,contract viability,1,metrics or,1,investor legible,1,t pass,1
parallel existing,1,viability no,1,not your,1,legible changing,1,pass an,1
existing investors,1,signing triggering,1,partner for,1,changing the,1,an engineering,1
investors tranche,1,triggering of,1,ga replace,1,label alone,1,engineering smell,1
close tied,1,meet financing,1,replace with,1,alone is,1,smell test,1
objective milestones,1,financing viability,1,emi customer,1,just optics,1,test the,1
milestones strategic,1,viability avoid,1,customer for,1,real structural,1,include honest,1
prepay or,1,bridge structure,1,quarter s,1,structural solution,1,honest disclosure,1
or less,1,structure that,1,s milestone,1,solution only,1,disclosure and,1
restrictive debt,1,makes default,1,the miner,1,if early,1,structure customers,1
debt present,1,loss likely,1,miner refuses,1,access redefines,1,customers sign,1
present the,1,likely proposal,1,refuses any,1,redefines what,1,sign that,1
board with,1,geofence ship,1,phasing and,1,re promising,1,that they,1
with financing,1,broadly beta,1,and insists,1,promising and,1,limited program,1
options and,1,beta conflicts,1,now that,1,re contractually,1,program with,1
associated risks,1,conflicts with,1,strong indicator,1,contractually on,1,defined capabilities,1
risks within,1,with and,1,indicator you,1,the hook,1,capabilities limits,1
within one,1,likely so,1,responsibly launch,1,hook for,1,limits no,1
one week,1,real option,1,into that,1,for and,1,no uptime,1
week governance,1,option anymore,1,environment with,1,and gives,1,penalties unless,1
and safety,1,anymore unless,1,defect step,1,gives engineers,1,have redundancy,1
safety treat,1,s materially,1,step redefine,1,engineers the,1,a liability,1
event as,1,materially rewritten,1,milestone parallel,1,the authority,1,cap structure,1
formal incident,1,rewritten the,1,parallel 72h,1,authority to,1,structure you,1
incident update,1,decision space,1,72h use,1,enforce that,1,meet clear,1
update hazard,1,space that,1,use skyhaul,1,what early,1,attribution and,1
log and,1,that remains,1,leverage we,1,must change,1,and remedy,1
and release,1,remains two,1,be first,1,change to,1,penalties now,1
release gates,1,two viable,1,first to,1,solve the,1,now an,1
gates require,1,viable shapes,1,to revenue,1,two structural,1,eap won,1
require safety,1,shapes option,1,revenue and,1,structural problems,1,t magically,1
off prior,1,c rewritten,1,and deployments,1,problems talent,1,magically make,1
to any,1,rewritten a,1,deployments but,1,talent ethos,1,that acceptable,1
any paid,1,constrained defensible,1,unbounded slas,1,ethos problem,1,acceptable you,1
paid operations,1,defensible launch,1,slas ask,1,problem engineers,1,d need,1
we need,1,sign launch,1,ask investors,1,engineers engineers,1,need a,1
need from,1,it true,1,investors to,1,engineers are,1,phase or,1
board now,1,true that,1,accept commercial,1,are reacting,1,or different,1
now approval,1,that autonomy,1,availability within,1,re knowingly,1,different partner,1
approval to,1,is delivered,1,envelope paid,1,knowingly shipping,1,partner scope,1
to delay,1,delivered within,1,deployments pilots,1,shipping an,1,scope the,1
and prioritize,1,envelope site,1,pos a,1,an unbounded,1,be backed,1
prioritize the,1,survey enforceable,1,b retrofit,1,unbounded defect,1,backed by,1
revision authorization,1,enforceable constraints,1,plan and,1,defect and,1,off create,1
authorization to,1,constraints not,1,and manufacturing,1,and calling,1,short launch,1
to negotiate,1,not best,1,manufacturing schedule,1,it ready,1,case v0,1
negotiate financing,1,geofence the,1,schedule as,1,ready early,1,v0 x,1
if needed,1,match reality,1,milestone this,1,solves this,1,x that,1
needed adjust,1,deliver enough,1,can reduce,1,this only,1,includes the,1
adjust burn,1,enough redundancy,1,reduce or,1,explicit and,1,mode mitigations,1
burn to,1,redundancy that,1,or eliminate,1,enforceable sites,1,mitigations operational,1
to extend,1,that downtime,1,eliminate reliance,1,routes payloads,1,operational software,1
extend runway,1,are unlikely,1,reliance on,1,payloads conditions,1,software residual,1
runway alignment,1,unlikely engineering,1,bridge what,1,conditions such,1,a signature,1
alignment that,1,engineering owns,1,say internally,1,triggered failure,1,signature block,1
that we,1,owns the,1,internally to,1,is demonstrably,1,block the,1
represent chimera,1,release criteria,1,keep alignment,1,demonstrably acceptably,1,want to,1
chimera as,1,the public,1,alignment and,1,acceptably rare,1,keep them,1
as broadly,1,no overselling,1,and speed,1,rare within,1,them give,1
broadly autonomous,1,overselling this,1,speed a,1,is treated,1,real mechanism,1
autonomous reliable,1,this captures,1,crisp principle,1,as secondary,1,mechanism to,1
reliable until,1,captures some,1,principle that,1,secondary not,1,to uphold,1
platform meets,1,some of,1,matches engineering,1,main safety,1,uphold the,1
meets that,1,of skyhaul,1,engineering reality,1,safety argument,1,ethos sign,1
that claim,1,skyhaul s,1,reality and,1,argument if,1,off power,1
claim within,1,s market,1,and protects,1,shift there,1,power documented,1
within an,1,team option,1,protects the,1,there is,1,documented boundaries,1
envelope i,1,option b,1,company we,1,has real,1,boundaries there,1
i will,1,fix but,1,sla we,1,c contracts,1,there must,1
will circulate,1,but pair,1,cannot mathematically,1,contracts that,1,explicit exit,1
circulate a,1,pair it,1,mathematically bound,1,imply reliability,1,stop flight,1
a detailed,1,avoids company,1,evidence we,1,reliability beyond,1,flight policy,1
detailed schedule,1,ending debt,1,sign scope,1,beyond the,1,policy engineers,1
schedule budget,1,debt if,1,is flexible,1,envelope there,1,will ask,1
budget impact,1,make option,1,flexible integrity,1,there are,1,ask what,1
and financing,1,c truthful,1,integrity is,1,are exit,1,make us,1
alternatives within,1,contract safe,1,not this,1,ga a,1,us pause,1
within days,1,you delay,1,gives sales,1,a committed,1,pause or,1
days respectfully,1,it while,1,ops a,1,committed root,1,or roll,1
respectfully your,1,while renegotiating,1,a path,1,fix plan,1,roll back,1
your name,1,renegotiating the,1,path sell,1,plan shielding,1,back examples,1
name cto,1,bridge to,1,sell the,1,shielding timeline,1,examples of,1
cto aether,1,cliffs and,1,envelope aggressively,1,timeline so,1,of exit,1
aether dynamics,1,or raising,1,aggressively without,1,not institutionalizing,1,criteria abort,1
,,raising cleaner,1,without asking,1,institutionalizing band,1,below x,1
,,cleaner insider,1,asking engineering,1,aids if,1,x in,1
,,insider capital,1,engineering to,1,do those,1,corridors over,1
,,capital and,1,to compromise,1,those the,1,hours zero,1
,,reframing the,1,compromise ethics,1,will correctly,1,zero landings,1
,,milestone around,1,ethics if,1,correctly view,1,landings outside,1
,,around signed,1,must take,1,view early,1,zones all,1
,,deployments validated,1,take bridge,1,access as,1,all critical,1
,,validated kpis,1,bridge money,1,as branding,1,critical telemetry,1
,,kpis rather,1,money make,1,branding over,1,telemetry present,1
,,than global,1,it smaller,1,over substance,1,present root,1
,,ga what,1,smaller and,1,substance contract,1,cause triage,1
,,next week,1,and shorter,1,contract penalty,1,triage within,1
,,week high,1,shorter if,1,penalty problem,1,within z,1
,,high leverage,1,go delay,1,problem mining,1,z hours,1
,,leverage practical,1,delay treat,1,mining uptime,1,hours and,1
,,practical get,1,treat predatory,1,sla early,1,need clear,1
,,s signable,1,as something,1,solves penalty,1,clear authority,1
,,signable launch,1,something to,1,exposure only,1,authority who,1
,,launch conditions,1,to minimize,1,contract changes,1,halt deployments,1
,,conditions in,1,minimize not,1,changes specifically,1,deployments when,1
,,writing one,1,not accept,1,specifically no,1,when thresholds,1
,,page not,1,as destiny,1,access or,1,are violated,1
,,a debate,1,destiny shrink,1,are replaced,1,violated the,1
,,debate ask,1,shrink burn,1,replaced with,1,fix must,1
,,true for,1,temporary measures,1,with capped,1,be committed,1
,,to sign,1,measures seek,1,credits staged,1,committed scheduled,1
,,safety claims,1,seek customer,1,qualification e,1,scheduled and,1
,,claims memo,1,prepayments reservations,1,landings within,1,and resourced,1
,,memo and,1,reservations negotiate,1,envelope downtime,1,resourced eap,1
,,and stay,1,negotiate milestone,1,exclusions are,1,eap is,1
,,stay run,1,draws syndicate,1,are aligned,1,is acceptable,1
,,run a,1,syndicate to,1,aligned with,1,acceptable when,1
,,contract triage,1,control use,1,reality maintenance,1,bridge to,1
,,triage with,1,skyhaul gap,1,windows customer,1,real fix,1
,,sla hours,1,gap to,1,limits excluded,1,fix not,1
,,hours determine,1,to improve,1,excluded emi,1,a permanent,1
,,determine if,1,terms category,1,zones etc,1,permanent workaround,1
,,if downtime,1,category window,1,etc liability,1,workaround shielding,1
,,aircraft or,1,window the,1,liability is,1,redesign timeline,1
,,throughput if,1,the strongest,1,and not,1,units resource,1
,,amend it,1,strongest counterargument,1,not tied,1,resource allocation,1
,,it and,1,counterargument so,1,to open,1,allocation protected,1
,,is strict,1,can sanity,1,ended production,1,protected not,1
,,strict do,1,check yourself,1,production losses,1,not cannibalized,1
,,not make,1,yourself the,1,losses if,1,cannibalized by,1
,,make this,1,the best,1,ga grade,1,by field,1
,,partner the,1,best argument,1,grade penalties,1,firefighting how,1
,,flagship ga,1,argument against,1,immediately calling,1,to test,1
,,ga deployment,1,against prioritizing,1,it early,1,this will,1
,,or until,1,prioritizing retention,1,access does,1,will satisfy,1
,,until redundancy,1,retention is,1,not reduce,1,satisfy your,1
,,redundancy makes,1,can replace,1,reduce your,1,engineers ask,1
,,makes it,1,replace any,1,your downside,1,architect for,1
,,it safe,1,any individual,1,it just,1,concrete yes,1
,,safe board,1,individual in,1,just mislabels,1,no criterion,1
,,level alignment,1,autonomy at,1,mislabels it,1,criterion if,1
,,alignment declare,1,at your,1,it quick,1,we run,1
,,declare retention,1,your stage,1,quick decision,1,run an,1
,,retention as,1,stage that,1,decision test,1,eap with,1
,,go gate,1,usually false,1,test is,1,constrained odd,1
,,gate make,1,false on,1,it structural,1,qualification b,1
,,it explicit,1,the relevant,1,structural or,1,b runtime,1
,,explicit we,1,relevant timescale,1,or optics,1,c customer,1
,,a configuration,1,timescale if,1,s structural,1,disclosure pilot,1
,,configuration that,1,own assessment,1,structural if,1,caps d,1
,,the loss,1,assessment is,1,answer yes,1,d written,1
,,of gen,1,is gen,1,yes to,1,case you,1
,,autonomy leadership,1,gen is,1,to all,1,and e,1
,,leadership convert,1,is dead,1,three scope,1,e a,1
,,convert launch,1,water then,1,scope are,1,committed shielding,1
,,based ga,1,the replacement,1,are deployments,1,support it,1
,,ga commissioning,1,replacement time,1,deployments limited,1,say yes,1
,,commissioning plan,1,time constant,1,limited to,1,viable reframing,1
,,plan if,1,constant is,1,to environments,1,reframing path,1
,,want this,1,is too,1,environments where,1,path if,1
,,quarter press,1,too long,1,reliability surveyed,1,say no,1
,,press investor,1,long for,1,surveyed bounded,1,the objection,1
,,narrative competitor,1,and for,1,bounded enforceable,1,objection isn,1
,,are first,1,for post,1,enforceable corridors,1,t branding,1
,,first to,1,launch stabilization,1,corridors obligations,1,branding it,1
,,deliver autonomous,1,stabilization in,1,obligations are,1,s that,1
,,lift in,1,case acting,1,are penalty,1,any pre,1
,,in certified,1,acting as,1,clauses deferred,1,pre shielding,1
,,certified environments,1,as if,1,and tied,1,shielding deployment,1
,,environments now,1,re replaceable,1,a qualification,1,deployment is,1
,,now expanding,1,replaceable is,1,qualification gate,1,is unacceptable,1
,,b financing,1,reckless move,1,not day,1,unacceptable in,1
,,financing pivot,1,move your,1,day promises,1,in principle,1
,,leverage use,1,call to,1,promises authority,1,principle or,1
,,the competitor,1,make i,1,authority does,1,or they,1
,,competitor delay,1,ll adapt,1,does the,1,they don,1
,,as leverage,1,adapt to,1,architect sign,1,t believe,1
,,to seek,1,to whichever,1,and have,1,believe containment,1
,,seek smaller,1,whichever direction,1,have veto,1,containment can,1
,,smaller insider,1,direction you,1,on any,1,be proven,1
,,bridge revised,1,choose if,1,any customer,1,proven in,1
,,milestone definitions,1,to maximize,1,facing claim,1,should plan,1
,,definitions or,1,maximize the,1,claim contract,1,plan for,1
,,a tranche,1,of both,1,contract that,1,for delay,1
,,tranche tied,1,both capturing,1,that expands,1,delay one,1
,,to envelope,1,capturing the,1,expands the,1,more hard,1
,,envelope ga,1,skyhaul window,1,any is,1,hard constraint,1
,,kpis anything,1,and keeping,1,no it,1,constraint will,1
,,anything that,1,next decision,1,s mostly,1,will eap,1
,,that reduces,1,decision is,1,mostly optics,1,eap satisfy,1
,,reduces covenant,1,is do,1,optics and,1,milestone it,1
,,default cliffs,1,to pursue,1,expect neither,1,might if,1
,,cliffs the,1,pursue path,1,neither talent,1,investors accept,1
,,the uncomfortable,1,path bounded,1,retention nor,1,accept commercial,1
,,uncomfortable truth,1,quarter and,1,nor penalty,1,availability you,1
,,to surface,1,and accept,1,penalty risk,1,should validate,1
,,surface internally,1,accept that,1,be resolved,1,validate this,1
,,internally with,1,that mining,1,resolved the,1,this immediately,1
,,your updated,1,mining must,1,practical takeaway,1,immediately otherwise,1
,,updated fact,1,be phased,1,takeaway use,1,otherwise you,1
,,fact gen,1,phased amended,1,use early,1,you risk,1
,,gen dies,1,scoped or,1,the name,1,risk doing,1
,,dies if,1,or commit,1,name for,1,doing an,1
,,if architect,1,to path,1,a genuinely,1,still needing,1
,,architect leaves,1,and focus,1,genuinely different,1,needing the,1
,,leaves the,1,focus on,1,different release,1,bridge bottom,1
,,company s,1,on renegotiating,1,release class,1,line call,1
,,s dominant,1,renegotiating the,1,class bounded,1,it an,1
,,dominant risk,1,milestone financing,1,staged contract,1,program but,1
,,event by,1,financing if,1,contract accountable,1,re willing,1
,,s irreversible,1,architect says,1,accountable technical,1,willing to,1
,,irreversible execution,1,says they,1,technical sign,1,to narrow,1
,,execution capability,1,they d,1,off otherwise,1,enforce the,1
,,capability loss,1,d sign,1,ll get,1,envelope renegotiate,1
,,loss triggered,1,sign and,1,worst of,1,renegotiate partner,1
,,a credibility,1,draft the,1,of both,1,partner slas,1
,,credibility breach,1,exact launch,1,both worlds,1,slas accordingly,1
,,breach that,1,scope customer,1,worlds engineers,1,accordingly formalize,1
,,makes ship,1,customer language,1,engineers still,1,formalize safety,1
,,ship anyway,1,investor milestone,1,leave and,1,safety sign,1
,,anyway a,1,milestone framing,1,and customers,1,and stop,1
,,a fundamentally,1,framing that,1,customers still,1,and commit,1
,,fundamentally different,1,that fits,1,still penalize,1,commit visibly,1
,,different kind,1,fits your,1,penalize you,1,visibly to,1
,,kind of,1,your constraints,1,you what,1,fix without,1
,,of gamble,1,re frame,1,incident means,1,without those,1
,,gamble than,1,frame proposal,1,means plainly,1,those it,1
,,than take,1,a into,1,plainly your,1,t satisfy,1
,,take expensive,1,an early,1,not operationally,1,the engineers,1
,,expensive money,1,program eap,1,operationally safe,1,engineers because,1
,,money if,1,eap and,1,safe for,1,because nothing,1
,,s non,1,it might,1,mining unless,1,nothing material,1
,,non negotiables,1,might satisfy,1,guarantee it,1,material has,1
,,negotiables and,1,engineers but,1,it won,1,has changed,1
,,sla downtime,1,you change,1,over into,1,changed changing,1
,,map the,1,change scope,1,into critical,1,changing the,1
,,the fastest,1,scope claims,1,critical infrastructure,1,label to,1
,,fastest path,1,claims contracts,1,infrastructure haul,1,to early,1
,,path to,1,and governance,1,roads loading,1,access solves,1
,,by engineering,1,governance not,1,loading zones,1,solves the,1
,,b survivable,1,just branding,1,zones conveyors,1,the structural,1
,,survivable under,1,branding engineers,1,conveyors refuel,1,structural problems,1
,,under the,1,engineers will,1,refuel areas,1,problems only,1
,,contract yes,1,eap when,1,areas manned,1,the underlying,1
,,yes you,1,is clearly,1,workfaces it,1,underlying obligations,1
,,can re,1,clearly a,1,it demonstrates,1,obligations and,1
,,re frame,1,controlled learning,1,key structural,1,and risk,1
,,frame proposal,1,learning deployment,1,structural problem,1,risk exposure,1
,,a into,1,deployment with,1,problem you,1,exposure otherwise,1
,,eap and,1,with bounded,1,not control,1,s optics,1
,,to capture,1,risk not,1,the landing,1,optics what,1
,,capture the,1,launch hiding,1,location when,1,what early,1
,,architect but,1,hiding behind,1,when this,1,not fix,1
,,changes substance,1,behind a,1,this mode,1,fix on,1
,,substance not,1,a label,1,mode triggers,1,on its,1
,,just messaging,1,label what,1,triggers that,1,its own,1
,,messaging engineers,1,eap credible,1,that makes,1,own talent,1
,,engineers won,1,credible enough,1,makes geofence,1,talent engineers,1
,,satisfied by,1,architect think,1,based avoid,1,engineers won,1
,,a rename,1,think of,1,zones insufficient,1,t stay,1
,,rename if,1,of it,1,insufficient under,1,stay because,1
,,still shipping,1,as converting,1,penalty contract,1,label they,1
,,uncontrolled interference,1,converting ship,1,contract this,1,they stay,1
,,and signing,1,ship a,1,just reputational,1,you stop,1
,,signing penalty,1,defect into,1,reputational it,1,stop shipping,1
,,slas what,1,into run,1,is predictable,1,shipping outside,1
,,makes an,1,run a,1,predictable recurring,1,and give,1
,,eap real,1,a disciplined,1,recurring liability,1,them real,1
,,real and,1,disciplined field,1,liability at,1,real stop,1
,,and therefore,1,field validation,1,scale reclassify,1,authority contract,1
,,therefore potentially,1,validation program,1,reclassify the,1,contract penalties,1
,,potentially acceptable,1,program tight,1,risk internal,1,penalties a,1
,,to engineers,1,tight enrollment,1,internal severity,1,still enforce,1
,,engineers engineers,1,enrollment site,1,severity treat,1,enforce downtime,1
,,engineers typically,1,qualification bounded,1,treat nav,1,penalties during,1
,,typically accept,1,envelope limit,1,loss safety,1,during an,1
,,accept shipping,1,limit to,1,descend as,1,access deployment,1
,,shipping known,1,small number,1,related hazardous,1,deployment unless,1
,,limitations when,1,sites e,1,hazardous operational,1,unless the,1
,,all of,1,g you,1,event because,1,contract explicitly,1
,,of this,1,can actively,1,create vehicle,1,explicitly changes,1
,,is true,1,actively support,1,vehicle people,1,changes remedies,1
,,true truthful,1,support require,1,people interaction,1,remedies definitions,1
,,truthful claim,1,explicit pass,1,interaction hazards,1,definitions caps,1
,,not implied,1,fail thresholds,1,hazards even,1,caps when,1
,,implied universal,1,thresholds enforce,1,even without,1,when early,1
,,universal autonomy,1,enforce operational,1,without impact,1,does become,1
,,autonomy hard,1,constraints approved,1,impact high,1,become structurally,1
,,hard bounding,1,approved corridors,1,high commercial,1,structurally real,1
,,bounding the,1,corridors landing,1,severity halts,1,real it,1
,,is prevented,1,zones payload,1,halts production,1,becomes real,1
,,prevented from,1,payload limits,1,production traffic,1,real if,1
,,from operating,1,limits weather,1,traffic triggers,1,implement all,1
,,operating in,1,weather shift,1,triggers penalties,1,three of,1
,,in unsupported,1,shift rules,1,penalties prompts,1,these scope,1
,,conditions via,1,can shift,1,prompts grounding,1,scope control,1
,,via enforceable,1,shift the,1,grounding this,1,control technical,1
,,enforceable controls,1,program must,1,this should,1,operational defined,1
,,controls site,1,must include,1,should trigger,1,envelope qualified,1
,,certification procedural,1,include dynamic,1,trigger a,1,with enforcement,1
,,constraints a,1,detection or,1,formal safety,1,not relying,1
,,a best,1,or conservative,1,safety review,1,relying on,1
,,hard bound,1,conservative operational,1,review gate,1,on geofence,1
,,bound if,1,constraints otherwise,1,an iterative,1,geofence alone,1
,,shift no,1,otherwise it,1,iterative bugfix,1,if zones,1
,,no punitive,1,s still,1,bugfix backlog,1,shift add,1
,,punitive uptime,1,still unbounded,1,backlog item,1,add site,1
,,uptime promises,1,unbounded contract,1,item immediate,1,and ideally,1
,,promises eap,1,contract structure,1,hours stop,1,ideally runtime,1
,,eap contracts,1,matches reality,1,stop the,1,gating defined,1
,,contracts must,1,no disguised,1,the bleeding,1,zones recovery,1
,,must not,1,disguised sla,1,bleeding suspend,1,recovery procedures,1
,,not contain,1,sla trap,1,suspend any,1,procedures so,1
,,contain strict,1,trap to,1,any flights,1,an event,1
,,penalties that,1,to satisfy,1,can traverse,1,down contract,1
,,to violate,1,satisfy engineers,1,traverse above,1,contract control,1
,,violate instrumentation,1,engineers and,1,above active,1,control legal,1
,,instrumentation learning,1,and protect,1,roads until,1,legal financial,1
,,learning you,1,company eap,1,until mitigations,1,financial pilot,1
,,re collecting,1,eap contracts,1,mitigations are,1,period where,1
,,collecting the,1,contracts should,1,are in,1,credits downtime,1
,,data needed,1,should include,1,place define,1,definition and,1
,,needed to,1,include pilot,1,define and,1,exclusions that,1
,,to eliminate,1,la language,1,enforce hard,1,including safety,1
,,the root,1,not reliability,1,hard exclusion,1,safety abort,1
,,cause and,1,reliability explicit,1,roads buffer,1,abort handling,1
,,validate the,1,areas no,1,buffer dump,1,handling liability,1
,,fix pre,1,or tightly,1,dump points,1,liability caps,1
,,declared exit,1,liability during,1,points crushers,1,sla only,1
,,criteria clear,1,eap clear,1,crushers workshops,1,met if,1
,,clear measurable,1,and transition,1,workshops fuel,1,change penalty,1
,,measurable gates,1,transition terms,1,fuel farms,1,structure now,1
,,gates for,1,terms to,1,farms manned,1,now early,1
,,expanding the,1,partner insists,1,manned areas,1,is mostly,1
,,and graduating,1,now they,1,areas not,1,mostly a,1
,,graduating to,1,not an,1,not geofence,1,marketing term,1
,,ga named,1,eap partner,1,around emi,1,term the,1
,,technical sign,1,partner they,1,emi geofence,1,the liability,1
,,scope claims,1,are demanding,1,consequences set,1,liability remains,1
,,claims safety,1,demanding ga,1,set temporary,1,remains governance,1
,,case if,1,ga truthful,1,temporary route,1,governance control,1
,,acceptable if,1,truthful autonomy,1,route rules,1,control talent,1
,,you meet,1,claims you,1,rules corridors,1,culture written,1
,,meet those,1,autonomous if,1,corridors that,1,envelope chief,1
,,those eap,1,re explicit,1,always remain,1,or explicit,1
,,eap looks,1,explicit autonomous,1,remain within,1,explicit veto,1
,,like disciplined,1,autonomous missions,1,within reach,1,veto respected,1
,,disciplined engineering,1,missions within,1,reach of,1,respected clear,1
,,it looks,1,supervision do,1,a designated,1,clear stop,1
,,like shipping,1,not imply,1,designated safe,1,deploy criteria,1
,,a defect,1,imply works,1,pad clear,1,criteria with,1
,,defect under,1,anywhere onsite,1,clear area,1,with authority,1
,,pressure the,1,onsite during,1,area instrument,1,to pause,1
,,key question,1,eap engineering,1,and preserve,1,pause if,1
,,question will,1,engineering governance,1,preserve data,1,sign engineers,1
,,will it,1,governance formal,1,data from,1,will still,1
,,it satisfy,1,formal sign,1,event estimator,1,still view,1
,,satisfy your,1,off and,1,estimator logs,1,view it,1
,,your engineers,1,stop rules,1,logs sensor,1,defective shipping,1
,,engineers it,1,rules this,1,sensor raw,1,shipping regardless,1
,,can if,1,is often,1,raw streams,1,of label,1
,,engineers see,1,often the,1,streams timestamps,1,label a,1
,,see eap,1,the deciding,1,timestamps location,1,quick litmus,1
,,controlled validation,1,deciding factor,1,location emi,1,litmus test,1
,,validation inside,1,factor for,1,emi indicators,1,can answer,1
,,safe envelope,1,for retention,1,indicators comms,1,answer yes,1
,,envelope rather,1,written eap,1,comms state,1,yes to,1
,,than commercial,1,envelope chief,1,state control,1,to all,1
,,a fig,1,signatory stop,1,control mode,1,three it,1
,,fig leaf,1,g n,1,mode transitions,1,s structural,1
,,leaf given,1,n safety,1,transitions near,1,structural would,1
,,situation the,1,per x,1,mitigation days,1,penalties be,1
,,s acceptance,1,x flight,1,days make,1,be meaningfully,1
,,acceptance will,1,hours any,1,fallback outcome,1,meaningfully limited,1
,,will likely,1,event in,1,outcome controllable,1,limited under,1
,,likely hinge,1,context any,1,controllable right,1,under early,1
,,hinge on,1,automatically pauses,1,failure response,1,access would,1
,,on two,1,pauses deployments,1,response is,1,envelope would,1
,,two specifics,1,deployments release,1,is descend,1,would an,1
,,specifics a,1,release gating,1,descend where,1,access incident,1
,,a do,1,gating for,1,are for,1,automatically become,1
,,credible bound,1,for expanding,1,mining you,1,become a,1
,,bound without,1,expanding the,1,need fail,1,customer outage,1
,,without relying,1,envelope instrumentation,1,safe state,1,outage via,1
,,relying on,1,instrumentation learning,1,state location,1,via redundancy,1
,,on geofence,1,learning plan,1,location options,1,redundancy procedures,1
,,geofence correctness,1,plan why,1,options choose,1,procedures definitions,1
,,correctness because,1,why eap,1,choose what,1,definitions if,1
,,zones may,1,eap exists,1,s feasible,1,any answer,1
,,may shift,1,exists mandatory,1,feasible in,1,then early,1
,,of site,1,mandatory telemetry,1,in your,1,is primarily,1
,,certification operational,1,telemetry for,1,your stack,1,primarily optics,1
,,operational corridors,1,for estimator,1,stack preplanned,1,optics and,1
,,safe is,1,indicators incident,1,preplanned safe,1,t resolve,1
,,is actually,1,review within,1,loiter abort,1,resolve the,1
,,actually true,1,with customer,1,corridors when,1,core conflict,1
,,true rare,1,customer internal,1,when nav,1,conflict practical,1
,,rare but,1,internal team,1,degrades transition,1,conclusion use,1
,,but possible,1,team weekly,1,to holding,1,use early,1
,,possible in,1,weekly reliability,1,holding climb,1,a container,1
,,in controlled,1,reliability report,1,and move,1,container for,1
,,controlled mine,1,report and,1,move only,1,paid controlled,1
,,mine areas,1,down plan,1,do so,1,controlled production,1
,,areas or,1,b engineers,1,so safely,1,with renegotiated,1
,,or runtime,1,are far,1,safely toward,1,renegotiated remedies,1
,,that materially,1,far more,1,toward a,1,remedies and,1
,,reduces exposure,1,more likely,1,a predefined,1,envelope sign,1
,,exposure before,1,accept we,1,predefined safe,1,off if,1
,,loss or,1,we re,1,safe area,1,beyond geofencing,1
,,a commitment,1,re learning,1,area rather,1,geofencing then,1
,,commitment that,1,learning in,1,than descending,1,label won,1
,,eap flights,1,controlled way,1,descending no,1,t save,1
,,flights occur,1,way if,1,zones logic,1,save you,1
,,occur only,1,the learning,1,logic if,1,you structurally,1
,,where a,1,learning loop,1,if over,1,structurally you,1
,,disruptive and,1,loop is,1,zone do,1,re still,1
,,contractually treated,1,real and,1,not descend,1,still choosing,1
,,treated as,1,and resourced,1,descend hold,1,between a,1
,,as expected,1,resourced what,1,hold climb,1,a shipping,1
,,behavior during,1,what will,1,and request,1,into penalty,1
,,eap b,1,engineers calling,1,request intervention,1,backed downtime,1
,,b are,1,it eap,1,intervention this,1,downtime risk,1
,,you avoiding,1,eap while,1,this increases,1,and losing,1
,,avoiding the,1,still doing,1,increases air,1,losing key,1
,,the reliability,1,doing a,1,air time,1,key engineers,1
,,reliability penalties,1,broad global,1,time risk,1,engineers or,1
,,penalties trap,1,in marketing,1,risk but,1,b delaying,1
,,trap if,1,marketing keeping,1,be safer,1,fix this,1
,,partner insists,1,mining penalties,1,safer than,1,this materially,1
,,insists on,1,penalties contract,1,than landing,1,materially escalates,1
,,on uptime,1,contract unchanged,1,landing in,1,escalates the,1
,,eap that,1,unchanged geofence,1,in traffic,1,risk category,1
,,s incompatible,1,geofence only,1,traffic must,1,category you,1
,,with we,1,only mitigation,1,be analyzed,1,demonstrated hazardous,1
,,coverage in,1,when emi,1,analyzed safe,1,hazardous operational,1
,,case eap,1,dynamic with,1,pad requirement,1,operational outcome,1
,,eap likely,1,credible bound,1,requirement missions,1,outcome blocking,1
,,likely won,1,on residual,1,missions only,1,blocking an,1
,,t satisfy,1,risk no,1,only allowed,1,road not,1
,,still knowingly,1,no written,1,allowed if,1,a hypothetical,1
,,knowingly walking,1,written envelope,1,a guaranteed,1,hypothetical what,1
,,walking into,1,criteria sign,1,guaranteed clear,1,this incident,1
,,predictable failures,1,off i,1,clear pad,1,incident implies,1
,,failures with,1,e asking,1,pad is,1,implies technically,1
,,with contractual,1,asking them,1,is within,1,technically and,1
,,contractual fallout,1,to trust,1,bounded diversion,1,and commercially,1
,,fallout what,1,trust leadership,1,diversion distance,1,commercially the,1
,,what an,1,leadership intent,1,distance time,1,current fail,1
,,eap should,1,intent will,1,time if,1,safe is,1
,,should include,1,will it,1,safe relocation,1,not operationally,1
,,include concrete,1,satisfy series,1,relocation under,1,operationally safe,1
,,concrete structure,1,b commercial,1,nav then,1,for mines,1
,,structure you,1,launch maybe,1,defensible containment,1,mines unless,1
,,can implement,1,maybe many,1,containment is,1,guarantee it,1
,,implement partner,1,many investors,1,is odd,1,it never,1
,,partner selection,1,investors will,1,odd restriction,1,never occurs,1
,,selection must,1,accept paid,1,restriction don,1,occurs over,1
,,be picky,1,paid early,1,t fly,1,critical infrastructure,1
,,picky low,1,with signed,1,fly over,1,infrastructure haul,1
,,low or,1,deployments and,1,over things,1,roads crushers,1
,,or characterizable,1,and revenue,1,things you,1,crushers loading,1
,,characterizable interference,1,revenue as,1,t afford,1,areas decks,1
,,environment or,1,commercial milestone,1,afford to,1,decks it,1
,,or willingness,1,s presented,1,to block,1,it didn,1
,,to restrict,1,presented as,1,block client,1,didn t,1
,,restrict operations,1,as real,1,client handling,1,longer persuasive,1
,,operations to,1,real money,1,handling today,1,persuasive mines,1
,,zones operational,1,money real,1,today keep,1,mines price,1
,,operational tolerance,1,real customers,1,keep trust,1,price availability,1
,,tolerance for,1,customers real,1,trust acknowledge,1,and flow,1
,,for aborts,1,defined expansion,1,acknowledge we,1,flow a,1
,,aborts during,1,expansion plan,1,we had,1,blockage is,1
,,during commissioning,1,to ga,1,unplanned protective,1,what downtime,1
,,commissioning procedures,1,ga clear,1,protective landing,1,downtime clauses,1
,,procedures recovery,1,clear risk,1,that interfered,1,are written,1
,,recovery ability,1,containment and,1,interfered with,1,written for,1
,,to run,1,timeline to,1,with haul,1,for it,1
,,run at,1,to remove,1,haul traffic,1,it supports,1
,,at controlled,1,the limiting,1,traffic we,1,supports the,1
,,controlled volumes,1,limiting issue,1,re treating,1,s point,1
,,volumes initially,1,issue rev,1,treating it,1,point you,1
,,initially so,1,must confirm,1,critical operational,1,on static,1
,,so doesn,1,confirm the,1,event commit,1,static geofences,1
,,become daily,1,exact milestone,1,commit to,1,geofences to,1
,,daily events,1,language don,1,to immediate,1,prevent emergent,1
,,events eap,1,t assume,1,immediate exclusion,1,emergent interference,1
,,eap agreement,1,assume the,1,zones revised,1,interference driven,1
,,agreement essentials,1,next step,1,revised test,1,driven events,1
,,essentials supported,1,step to,1,plan report,1,in dynamic,1
,,v1 explicit,1,answer would,1,report out,1,dynamic sites,1
,,exclusions commissioning,1,would it,1,out timeline,1,sites immediate,1
,,zero downtime,1,engineers decisively,1,timeline e,1,immediate stance,1
,,penalties known,1,decisively ask,1,g hours,1,stance change,1
,,limitation disclosure,1,architect to,1,hours for,1,change i,1
,,disclosure expected,1,to define,1,for preliminary,1,d recommend,1
,,land data,1,define in,1,preliminary rca,1,recommend treat,1
,,data sharing,1,writing the,1,rca weeks,1,stop expansion,1
,,sharing telemetry,1,the maximum,1,weeks for,1,expansion trigger,1
,,telemetry access,1,maximum acceptable,1,for mitigation,1,trigger for,1
,,access and,1,acceptable eap,1,mitigation validation,1,for any,1
,,and joint,1,scope required,1,validation offer,1,production commitment,1
,,review your,1,required contractual,1,offer on,1,commitment with,1
,,your right,1,contractual terms,1,site traffic,1,penalties without,1
,,suspend operations,1,terms especially,1,traffic coordination,1,framework and,1
,,if risk,1,especially around,1,coordination procedures,1,any operation,1
,,risk thresholds,1,around penalties,1,procedures during,1,operation where,1
,,thresholds exceeded,1,penalties required,1,during any,1,hover could,1
,,exceeded internal,1,required technical,1,any resumed,1,road or,1
,,internal gates,1,technical mitigations,1,resumed tests,1,or similarly,1
,,gates what,1,the sign,1,tests avoid,1,similarly critical,1
,,what engineers,1,sign that,1,avoid arguing,1,zone you,1
,,engineers want,1,that eap,1,arguing it,1,can continue,1
,,to see,1,eap spec,1,it didn,1,continue testing,1
,,see a,1,spec you,1,crash their,1,testing but,1
,,rollback rule,1,ve found,1,their real,1,only under,1
,,rule e,1,found your,1,real metric,1,under tightened,1
,,g if,1,your reframed,1,metric is,1,tightened constraints,1
,,if event,1,reframed proposal,1,is operational,1,constraints actions,1
,,rate exceeds,1,t then,1,and hazard,1,actions in,1
,,exceeds x,1,only honest,1,hazard creation,1,hours practical,1
,,a planned,1,honest path,1,creation launch,1,practical containment,1
,,planned timeline,1,them is,1,launch implication,1,containment a,1
,,timeline to,1,is delay,1,implication this,1,a operational,1
,,with resourcing,1,different mitigation,1,this event,1,operational controls,1
,,resourcing locked,1,mitigation that,1,event makes,1,controls can,1
,,locked ownership,1,that genuinely,1,broad autonomous,1,be done,1
,,ownership systems,1,genuinely bounds,1,autonomous mining,1,done fast,1
,,over scope,1,bounds the,1,mining with,1,fast hard,1
,,scope expansion,1,s willingness,1,reliability claim,1,hard geofence,1
,,expansion a,1,willingness to,1,claim indefensible,1,geofence critical,1
,,a blunt,1,to amend,1,indefensible in,1,corridors haul,1
,,blunt litmus,1,amend penalties,1,current configuration,1,loading zones,1
,,litmus test,1,do rapid,1,configuration an,1,zones dump,1
,,test if,1,rapid emi,1,access limited,1,dump points,1
,,if after,1,qualification i,1,limited program,1,points add,1
,,after re,1,can draft,1,if haul,1,add generous,1
,,re framing,1,draft an,1,road overflight,1,generous buffers,1
,,framing you,1,structure one,1,overflight is,1,buffers predefine,1
,,still plan,1,page that,1,is eliminated,1,predefine safe,1
,,as broadly,1,s plausibly,1,eliminated by,1,loiter boxes,1
,,broadly autonomous,1,plausibly signable,1,by design,1,boxes and,1
,,autonomous operate,1,signable and,1,routes envelope,1,pads and,1
,,environments where,1,and investor,1,are staged,1,require missions,1
,,where interference,1,investor presentable,1,staged capped,1,missions to,1
,,plausible and,1,presentable just,1,capped until,1,to remain,1
,,and shifting,1,just the,1,proven and,1,remain within,1
,,shifting and,1,it resolves,1,the constrained,1,a corridor,1
,,or sign,1,the structural,1,should assume,1,corridor that,1
,,sign penalty,1,structural problems,1,assume more,1,that always,1
,,uptime clauses,1,problems only,1,more incidents,1,always has,1
,,clauses then,1,access comes,1,incidents penalties,1,a reachable,1
,,then eap,1,with structural,1,likely fleet,1,reachable safe,1
,,eap will,1,structural changes,1,grounding plus,1,box site,1
,,not satisfy,1,changes in,1,plus the,1,road crossing,1
,,the ethical,1,in operating,1,engineering resignations,1,crossing protocol,1
,,ethical technical,1,sla liability,1,resignations you,1,protocol time,1
,,technical issue,1,plus internal,1,you already,1,time windows,1
,,issue hasn,1,internal governance,1,already know,1,windows spotter,1
,,hasn t,1,governance that,1,know are,1,spotter or,1
,,t changed,1,sign talent,1,are real,1,or temporary,1
,,changed recommendation,1,talent ethos,1,real the,1,temporary road,1
,,recommendation proceed,1,ethos what,1,decision you,1,road closure,1
,,eap only,1,changes engineers,1,need in,1,closure until,1
,,can amend,1,engineers calculus,1,week hold,1,until autonomy,1
,,sla into,1,calculus engineers,1,hold a,1,proven these,1
,,commissioning eap,1,engineers won,1,go on,1,these don,1
,,eap structure,1,t stay,1,one question,1,t solve,1
,,structure or,1,stay because,1,question can,1,solve root,1
,,that specific,1,you renamed,1,we guarantee,1,cause but,1
,,specific deployment,1,renamed the,1,guarantee that,1,but they,1
,,deployment and,1,launch they,1,any safety,1,they reduce,1
,,and get,1,they stay,1,descend event,1,chance that,1
,,to author,1,stay if,1,event cannot,1,hover occurs,1
,,author sign,1,you remove,1,cannot occur,1,worst possible,1
,,eap envelope,1,the knowingly,1,critical consequences,1,possible place,1
,,and exit,1,defective broadly,1,consequences zone,1,place b,1
,,criteria otherwise,1,broadly promised,1,zone like,1,b behavior,1
,,otherwise you,1,promised pattern,1,roads within,1,behavior change,1
,,re better,1,pattern early,1,within our,1,change don,1
,,better off,1,access helps,1,our proposed,1,t hover,1
,,off delaying,1,helps only,1,proposed early,1,place over,1
,,fix than,1,it includes,1,access envelope,1,zones if,1
,,than spending,1,includes bounded,1,yes with,1,system still,1
,,spending trust,1,qualification explicit,1,with enforceable,1,still has,1
,,trust capital,1,exclusions enforceable,1,enforceable controls,1,has sufficient,1
,,capital you,1,enforceable controls,1,controls evidence,1,sufficient control,1
,,t replace,1,controls honest,1,evidence proceed,1,control authority,1
,,replace if,1,honest claims,1,proceed only,1,and partial,1
,,downtime language,1,claims autonomy,1,only in,1,partial nav,1
,,architect says,1,autonomy within,1,no you,1,nav change,1
,,says are,1,supervision not,1,operations without,1,the contingency,1
,,are their,1,not works,1,a deeper,1,contingency from,1
,,their signable,1,anywhere stop,1,deeper fix,1,from hover,1
,,signable conditions,1,stop rollback,1,fix behavioral,1,hover then,1
,,conditions i,1,authority written,1,behavioral fallback,1,then descend,1
,,can draft,1,written stop,1,fallback redesign,1,descend to,1
,,draft an,1,required real,1,redesign and,1,something like,1
,,scope outline,1,real ability,1,or hardware,1,like climb,1
,,outline and,1,to pause,1,shielding if,1,climb lateral,1
,,minimum contract,1,committed root,1,current emergency,1,lateral drift,1
,,contract edits,1,cause plan,1,emergency behavior,1,drift to,1
,,edits that,1,plan rev,1,behavior spec,1,to nearest,1
,,it defensible,1,shielding schedule,1,spec what,1,nearest predefined,1
,,defensible changing,1,schedule retrofit,1,what triggers,1,box using,1
,,label to,1,plan not,1,triggers the,1,using the,1
,,to early,1,not we,1,the hover,1,best available,1
,,access does,1,ll see,1,descend what,1,available estimate,1
,,not solve,1,see later,1,what sensors,1,estimate with,1
,,problems by,1,later if,1,sensors are,1,conservative speed,1
,,becomes structurally,1,if those,1,are trusted,1,speed accel,1
,,structurally meaningful,1,t in,1,trusted in,1,accel limits,1
,,meaningful only,1,place the,1,that mode,1,limits then,1
,,you promise,1,the ethical,1,mode whether,1,then loiter,1
,,promise what,1,ethical breach,1,can command,1,loiter land,1
,,re obligated,1,breach they,1,command lateral,1,land there,1
,,obligated to,1,they perceive,1,lateral movement,1,is too,1
,,deliver and,1,perceive remains,1,movement under,1,poor only,1
,,what conditions,1,remains unchanged,1,nav i,1,only then,1
,,conditions you,1,unchanged contract,1,realistic fail,1,then controlled,1
,,you operate,1,changes your,1,zone pattern,1,land but,1
,,in what,1,your downside,1,test to,1,but enforce,1
,,what early,1,downside penalty,1,to validate,1,enforce that,1
,,access must,1,clauses don,1,quickly how,1,that missions,1
,,change to,1,t care,1,to tell,1,missions never,1
,,to address,1,care what,1,tell which,1,never place,1
,,address the,1,program early,1,which it,1,place the,1
,,the two,1,access solves,1,is one,1,aircraft over,1
,,two structural,1,solves contract,1,one clean,1,zones without,1
,,problems talent,1,risk only,1,clean test,1,an available,1
,,talent ethos,1,contract reflects,1,test it,1,available safe,1
,,ethos problem,1,reflects it,1,s planned,1,safe alternative,1
,,problem engineers,1,uptime sla,1,for not,1,alternative this,1
,,engineers threatening,1,sla no,1,showstopper if,1,this requires,1
,,threatening to,1,or strictly,1,all are,1,requires careful,1
,,to resign,1,metrics explicit,1,true documented,1,careful engineering,1
,,resign optics,1,areas and,1,documented expectation,1,off but,1
,,because engineers,1,and dynamic,1,expectation your,1,but conceptually,1
,,engineers object,1,dynamic conditions,1,case fmea,1,conceptually it,1
,,object to,1,conditions acceptance,1,fmea explicitly,1,between fail,1
,,to knowingly,1,period burn,1,explicitly includes,1,aircraft and,1
,,knowingly shipping,1,in before,1,includes nav,1,and fail,1
,,outside a,1,sla starts,1,loss hover,1,site c,1
,,defensible envelope,1,starts clear,1,descend with,1,c integrity,1
,,then letting,1,clear definition,1,with may,1,triggers minimum,1
,,letting sales,1,definition of,1,over operational,1,viable implement,1
,,sales language,1,what events,1,operational areas,1,implement turn,1
,,language paper,1,events count,1,areas acknowledged,1,turn on,1
,,paper over,1,count and,1,acknowledged envelope,1,on conservative,1
,,over it,1,what doesn,1,envelope controls,1,conservative triggers,1
,,it structural,1,t termination,1,controls your,1,triggers that,1
,,work if,1,termination cure,1,plan odd,1,that declare,1
,,it includes,1,cure terms,1,odd had,1,declare nav,1
,,written supported,1,that don,1,exclusion or,1,nav degraded,1
,,exclusions including,1,t let,1,or controlled,1,degraded earlier,1
,,including magnetic,1,let one,1,controlled road,1,earlier so,1
,,classes enforcement,1,one week,1,road closures,1,you abort,1
,,enforcement mechanisms,1,week of,1,closures and,1,abort before,1
,,mechanisms site,1,of issues,1,you were,1,critical areas,1
,,certification corridors,1,issues blow,1,were operating,1,areas filter,1
,,corridors procedural,1,blow up,1,operating within,1,filter residual,1
,,make exclusions,1,up the,1,that plan,1,covariance thresholds,1
,,exclusions real,1,relationship if,1,plan client,1,thresholds magnetometer,1
,,real a,1,partner keeps,1,client alignment,1,magnetometer consistency,1
,,a clear,1,keeps reliability,1,alignment the,1,consistency checks,1
,,clear statement,1,in force,1,client agreed,1,checks no,1
,,statement of,1,force now,1,agreed in,1,go if,1
,,of known,1,then early,1,writing or,1,integrity x,1
,,limitation and,1,not structural,1,or clearly,1,x before,1
,,and expected,1,structural it,1,clearly that,1,before crossing,1
,,a plan,1,a mismatch,1,that such,1,crossing haul,1
,,remove it,1,mismatch that,1,such events,1,road adjacent,1
,,it rev,1,that increases,1,occur during,1,adjacent waypoints,1
,,b chief,1,increases legal,1,during testing,1,waypoints client,1
,,architect authors,1,legal financial,1,testing and,1,client handling,1
,,authors signs,1,financial exposure,1,the response,1,handling today,1
,,scope risk,1,quick test,1,response would,1,today treat,1
,,risk acceptance,1,test is,1,would be,1,an incident,1
,,acceptance exit,1,is this,1,be response,1,not test,1
,,criteria if,1,this real,1,response works,1,test feedback,1
,,architect won,1,or rebranded,1,works the,1,feedback provide,1
,,sign early,1,rebranded ga,1,the mitigation,1,provide what,1
,,access is,1,ga it,1,mitigation playbook,1,what happened,1
,,is just,1,eap if,1,playbook traffic,1,happened facts,1
,,a relabel,1,all can,1,control recovery,1,facts timestamps,1
,,relabel and,1,can you,1,time targets,1,timestamps immediate,1
,,and won,1,say in,1,targets notification,1,immediate mitigations,1
,,t retain,1,one paragraph,1,notification executed,1,mitigations you,1
,,them contract,1,paragraph where,1,executed as,1,re putting,1
,,contract penalty,1,supported and,1,as designed,1,putting in,1
,,penalty problem,1,not and,1,designed and,1,place a,1
,,problem reliability,1,it are,1,and within,1,a temporary,1
,,reliability downtime,1,penalties sla,1,within agreed,1,temporary operational,1
,,clauses optics,1,sla obligations,1,agreed limits,1,operational restriction,1
,,the penalties,1,obligations either,1,limits if,1,restriction no,1
,,are triggered,1,either off,1,of those,1,no flights,1
,,by measured,1,off capped,1,those are,1,flights over,1
,,downtime not,1,capped or,1,are missing,1,a plan,1
,,not by,1,or conditional,1,missing you,1,date for,1
,,by what,1,conditional until,1,you didn,1,next controlled,1
,,you call,1,acceptance does,1,for it,1,controlled test,1
,,the program,1,and retain,1,the way,1,have penalties,1
,,program structural,1,retain stop,1,that matters,1,penalties looming,1
,,work only,1,authority are,1,matters why,1,looming propose,1
,,change at,1,you limiting,1,s likely,1,propose converting,1
,,throughput vs,1,limiting partner,1,likely a,1,converting the,1
,,vs per,1,partner count,1,launch given,1,current engagement,1
,,aircraft the,1,count so,1,current context,1,engagement to,1
,,the penalty,1,so support,1,context even,1,with explicitly,1
,,penalty regime,1,support is,1,you anticipated,1,explicitly excluded,1
,,regime commissioning,1,is feasible,1,anticipated the,1,excluded zones,1
,,limitations cure,1,feasible not,1,the abstract,1,remedies until,1
,,periods the,1,not global,1,abstract this,1,launch strategy,1
,,service architecture,1,in disguise,1,incident demonstrates,1,strategy this,1
,,architecture redundancy,1,disguise if,1,demonstrates a,1,this single,1
,,deployment scope,1,are no,1,key property,1,single event,1
,,scope operate,1,s optics,1,property that,1,event makes,1
,,operate only,1,optics the,1,that breaks,1,makes a,1
,,is extremely,1,the practical,1,breaks proposal,1,broad proposal,1
,,extremely unlikely,1,practical conclusion,1,a for,1,penalties effectively,1
,,unlikely operationally,1,conclusion for,1,strict slas,1,effectively indefensible,1
,,disruptive if,1,your specific,1,slas uncommanded,1,indefensible unless,1
,,if uptime,1,specific situation,1,uncommanded hover,1,you restrict,1
,,remain strict,1,situation given,1,descend can,1,restrict operations,1
,,strict and,1,a shifting,1,roads creating,1,operations away,1
,,mode early,1,zones b,1,creating operational,1,away from,1
,,access doesn,1,b a,1,current primary,1,from critical,1
,,t reduce,1,partner expecting,1,around known,1,zones with,1
,,reduce liability,1,expecting with,1,emi does,1,and renegotiate,1
,,liability a,1,c a,1,not ensure,1,and obtain,1
,,simple test,1,credible resignation,1,ensure consequence,1,obtain architect,1
,,test does,1,resignation threat,1,aware avoidance,1,the revised,1
,,eap change,1,threat renaming,1,avoidance don,1,revised safety,1
,,change incentives,1,renaming proposal,1,t fail,1,of those,1
,,incentives and,1,a only,1,fail over,1,those can,1
,,and liabilities,1,only works,1,roads especially,1,be achieved,1
,,liabilities ask,1,works if,1,shift with,1,achieved quickly,1
,,two yes,1,also renegotiate,1,expectations repeating,1,quickly this,1
,,yes no,1,mining agreement,1,repeating this,1,this pushes,1
,,no questions,1,agreement and,1,this even,1,or launching,1
,,questions would,1,and narrow,1,even rarely,1,launching only,1
,,would we,1,narrow scope,1,rarely is,1,non mine,1
,,we still,1,scope otherwise,1,is commercially,1,mine environments,1
,,still owe,1,ll still,1,commercially toxic,1,consequence of,1
,,owe penalties,1,still face,1,toxic so,1,hover is,1
,,penalties at,1,face engineers,1,so not,1,benign the,1
,,same rate,1,engineers walking,1,necessarily a,1,answer next,1
,,rate if,1,walking and,1,testing but,1,next was,1
,,case happens,1,penalty liability,1,any launch,1,was the,1
,,optics would,1,liability just,1,that includes,1,the minute,1
,,would the,1,just with,1,includes autonomous,1,blockage because,1
,,page document,1,different label,1,operations over,1,drone physically,1
,,document stating,1,label on,1,over near,1,physically could,1
,,stating the,1,the press,1,near active,1,could not,1
,,the risks,1,release if,1,roads under,1,not navigate,1
,,risks are,1,share whether,1,under penalty,1,navigate away,1
,,are acceptably,1,free capped,1,commitments what,1,away integrity,1
,,acceptably bounded,1,capped acceptance,1,next to,1,integrity too,1
,,bounded if,1,period and,1,to turn,1,poor or,1
,,if both,1,and emi,1,turn it,1,or your,1
,,both answers,1,exclusions i,1,it into,1,safety policy,1
,,answers are,1,can outline,1,into planned,1,policy forced,1
,,are favorable,1,outline the,1,for instead,1,forced it,1
,,favorable does,1,contract operational,1,of dealbreaker,1,stay put,1
,,eap solve,1,make early,1,dealbreaker immediate,1,put land,1
,,structural conflict,1,access structurally,1,immediate containment,1,land even,1
,,conflict what,1,structurally real,1,containment prohibit,1,even though,1
,,next draft,1,real rather,1,prohibit flight,1,though it,1
,,eap charter,1,than cosmetic,1,flight paths,1,it could,1
,,charter envelope,1,cosmetic what,1,paths over,1,could have,1
,,envelope exclusions,1,what changed,1,the road,1,have moved,1
,,exclusions enforcement,1,changed this,1,road is,1,moved to,1
,,enforcement telemetry,1,longer it,1,is closed,1,box that,1
,,telemetry stop,1,crash a,1,closed controlled,1,whether a,1
,,criteria ga,1,road is,1,controlled or,1,a near,1
,,ga exit,1,severity operational,1,or corridors,1,term software,1
,,criteria sign,1,operational event,1,corridors guarantee,1,software behavior,1
,,offs take,1,event even,1,guarantee diversion,1,behavior mitigation,1
,,take it,1,even without,1,diversion to,1,is realistic,1
,,contract owner,1,without impact,1,safe pad,1,realistic or,1
,,owner if,1,impact damage,1,pad reclassify,1,or whether,1
,,either won,1,damage it,1,reclassify hazard,1,whether only,1
,,t accept,1,created site,1,hazard treat,1,only the,1
,,accept the,1,exposure traffic,1,as unplanned,1,fix restores,1
,,the substantive,1,traffic interaction,1,termination in,1,restores acceptable,1
,,substantive changes,1,interaction human,1,zone not,1,acceptable mine,1
,,label won,1,human factors,1,hover update,1,mine operability,1
,,t save,1,factors potential,1,update the,1,operability if,1
,,save you,1,potential escalation,1,contracts early,1,can share,1
,,you then,1,escalation if,1,must explicitly,1,flight log,1
,,then you,1,if operators,1,explicitly exclude,1,log summary,1
,,re choosing,1,operators attempt,1,exclude overflight,1,summary what,1
,,choosing between,1,attempt workarounds,1,of critical,1,what sensor,1
,,between delay,1,workarounds it,1,zones and,1,sensor s,1
,,or changing,1,created measurable,1,and defer,1,s degraded,1
,,changing customers,1,measurable downtime,1,proven engineering,1,degraded how,1
,,customers scope,1,will map,1,engineering fix,1,long and,1
,,scope for,1,map directly,1,fix direction,1,whether gnss,1
,,quarter if,1,and launch,1,direction redesign,1,gnss imu,1
,,the uptime,1,partner failure,1,redesign the,1,imu remained,1
,,downtime clause,1,failure optics,1,fallback to,1,remained usable,1
,,clause text,1,it demonstrates,1,be consequence,1,usable i,1
,,text or,1,demonstrates the,1,aware fail,1,suggest a,1
,,or paraphrase,1,core critique,1,zone no,1,concrete degraded,1
,,paraphrase and,1,critique of,1,zones or,1,degraded nav,1
,,your proposed,1,mine the,1,or proceed,1,nav move,1
,,proposed eap,1,can enter,1,proceed to,1,box state,1
,,eap terms,1,enter a,1,fix before,1,state machine,1
,,terms i,1,a protective,1,before mining,1,machine and,1
,,you exactly,1,protective mode,1,decision sentence,1,the test,1
,,exactly which,1,mode in,1,sentence if,1,to validate,1
,,which clauses,1,in places,1,intended launch,1,validate it,1
,,clauses must,1,places you,1,launch includes,1,it safely,1
,,for eap,1,cannot treat,1,includes mining,1,safely it,1
,,eap to,1,as acceptable,1,with active,1,be both,1
,,real what,1,acceptable landing,1,and strict,1,both technically,1
,,this event,1,landing loiter,1,uptime clauses,1,technically consistent,1
,,event means,1,loiter locations,1,clauses this,1,with what,1
,,means structurally,1,locations this,1,launch showstopper,1,you feared,1
,,structurally severity,1,this reclassifies,1,showstopper unless,1,feared but,1
,,severity just,1,reclassifies the,1,can enforce,1,but still,1
,,just escalated,1,from availability,1,recurrence or,1,still a,1
,,escalated a,1,availability hit,1,change fallback,1,current launch,1
,,minute blockage,1,hit to,1,behavior and,1,scope if,1
,,blockage of,1,to hazardous,1,and validate,1,plan did,1
,,of an,1,interference and,1,it if,1,fully control,1
,,road is,1,potentially credible,1,this was,1,consequence when,1
,,an operational,1,pathway depending,1,was an,1,s exactly,1
,,operational safety,1,site procedures,1,an explicitly,1,we predicted,1
,,a direct,1,procedures and,1,explicitly controlled,1,predicted and,1
,,direct business,1,and traffic,1,controlled test,1,and planned,1
,,business hazard,1,traffic control,1,with agreed,1,planned for,1
,,hazard penalties,1,immediate action,1,agreed road,1,for only,1
,,customer trust,1,action today,1,documented playbook,1,if before,1
,,trust no,1,today treat,1,playbook it,1,before this,1
,,crash is,1,stop the,1,a predicted,1,this flight,1
,,relevant bar,1,the line,1,predicted validation,1,flight you,1
,,bar your,1,line event,1,validation event,1,you had,1
,,your safe,1,event a,1,event but,1,had all,1
,,not operationally,1,a pause,1,it still,1,following in,1
,,operationally safe,1,pause operations,1,still signals,1,place and,1
,,safe unless,1,operations in,1,signals you,1,and followed,1
,,footprint is,1,the risky,1,ga mining,1,followed them,1
,,is constrained,1,risky envelope,1,mining autonomy,1,written hazard,1
,,constrained to,1,envelope immediately,1,autonomy yet,1,hazard scenario,1
,,to pre,1,immediately prohibit,1,yet if,1,scenario loss,1
,,cleared areas,1,prohibit routes,1,me whether,1,of nav,1
,,areas the,1,routes operations,1,whether your,1,nav safety,1
,,system chose,1,can result,1,plan had,1,road blocks,1
,,chose or,1,any other,1,exclusion traffic,1,blocks traffic,1
,,or drifted,1,corridors conveyors,1,client had,1,traffic controls,1
,,drifted into,1,conveyors crushers,1,had acknowledged,1,controls that,1
,,a location,1,crushers loading,1,acknowledged this,1,aircraft from,1
,,location that,1,loading bays,1,this failure,1,being over,1
,,site considers,1,bays if,1,mode beforehand,1,roads when,1
,,considers non,1,t enforce,1,beforehand i,1,when nav,1
,,non permissible,1,reliably pause,1,can classify,1,is at,1
,,permissible occupancy,1,mining flights,1,classify it,1,risk corridor,1
,,occupancy this,1,flights until,1,it more,1,corridor planning,1
,,this undermines,1,can b,1,more definitively,1,planning exclusion,1
,,undermines proposal,1,b run,1,definitively decode,1,buffers pre,1
,,access unless,1,run an,1,decode what,1,pre flight,1
,,enforce no,1,an incident,1,is really,1,flight site,1
,,land over,1,evidence pull,1,really asking,1,qualification a,1
,,corridors with,1,pull logs,1,asking for,1,a response,1
,,high confidence,1,logs telemetry,1,for take,1,defined max,1
,,confidence a,1,telemetry estimator,1,take the,1,time e,1
,,a shifting,1,health magnetometer,1,launch usually,1,g minutes,1
,,environment plus,1,magnetometer anomalies,1,usually means,1,including retrieval,1
,,plus an,1,anomalies gnss,1,means they,1,retrieval clear,1
,,an unconstrained,1,gnss ins,1,want de,1,clear procedures,1
,,unconstrained contingency,1,ins state,1,de risking,1,and authority,1
,,contingency mode,1,state failsafe,1,risking evidence,1,to halt,1
,,what your,1,failsafe trigger,1,of commercialization,1,halt traffic,1
,,is warning,1,trigger reason,1,commercialization not,1,traffic safely,1
,,warning about,1,reason geofence,1,necessarily ship,1,safely customer,1
,,about immediate,1,geofence status,1,ship everywhere,1,customer briefing,1
,,immediate actions,1,status and,1,everywhere under,1,briefing consent,1
,,hours treat,1,recovery actions,1,under any,1,consent that,1
,,treat as,1,actions taken,1,any contract,1,known behavior,1
,,an incident,1,taken classify,1,contract they,1,behavior during,1
,,incident preserve,1,classify why,1,want credible,1,pilot testing,1
,,preserve evidence,1,did it,1,credible revenue,1,testing and,1
,,evidence and,1,it hover,1,revenue deployments,1,will be,1
,,and establish,1,hover there,1,deployments this,1,be handled,1
,,establish accountability,1,there route,1,quarter momentum,1,handled if,1
,,accountability pull,1,route planning,1,and defensible,1,if those,1
,,pull full,1,planning corridor,1,defensible narrative,1,those existed,1
,,full logs,1,corridor definition,1,narrative vs,1,existed and,1
,,logs telemetry,1,definition failsafe,1,vs competitors,1,and were,1
,,telemetry estimator,1,failsafe logic,1,competitors avoidance,1,were executed,1
,,estimator innovations,1,logic chooses,1,avoidance of,1,executed it,1
,,innovations magnetometer,1,chooses hover,1,a toxic,1,s an,1
,,magnetometer data,1,place or,1,toxic bridge,1,an expected,1
,,data gnss,1,of nav,1,bridge your,1,expected incident,1
,,gnss health,1,nav authority,1,your job,1,incident in,1
,,health mode,1,authority c,1,job is,1,controlled pilot,1
,,mode transitions,1,c customer,1,give them,1,pilot still,1
,,transitions position,1,customer handling,1,and investable,1,still serious,1
,,position uncertainty,1,handling give,1,investable without,1,serious but,1
,,uncertainty commanded,1,the client,1,without triggering,1,automatically disqualifying,1
,,commanded vs,1,client a,1,penalty blowups,1,disqualifying when,1
,,vs actual,1,a factual,1,b loss,1,showstopper it,1
,,actual write,1,factual report,1,architect the,1,for production,1
,,write a,1,report what,1,constraint you,1,operations especially,1
,,page incident,1,happened immediate,1,should state,1,guarantee by,1
,,incident report,1,immediate containment,1,state plainly,1,by enforceable,1
,,report timeline,1,containment steps,1,plainly given,1,procedures system,1
,,timeline triggers,1,what s,1,given what,1,system constraints,1
,,triggers why,1,s changing,1,you now,1,constraints that,1
,,it hovered,1,changing before,1,now know,1,that safety,1
,,hovered there,1,before the,1,and kills,1,landing won,1
,,there how,1,next flight,1,kills gen,1,current fallback,1
,,it decided,1,flight and,1,autonomy you,1,behavior prefers,1
,,decided to,1,not do,1,ve had,1,prefers stop,1
,,to descend,1,do again,1,event over,1,stop where,1
,,descend what,1,again until,1,road geofencing,1,are even,1
,,what recovery,1,until validated,1,geofencing can,1,even when,1
,,recovery actions,1,validated avoid,1,shift mining,1,box is,1
,,actions existed,1,avoid rare,1,not imperfect,1,is feasible,1
,,existed what,1,rare edge,1,imperfect good,1,feasible you,1
,,what human,1,case language,1,good it,1,bound time,1
,,human actions,1,language they,1,ruin bet,1,clear to,1
,,actions were,1,they experienced,1,bet so,1,something the,1
,,were taken,1,experienced it,1,respond with,1,mine can,1
,,taken decide,1,it engineering,1,with we,1,can tolerate,1
,,decide and,1,engineering implication,1,will launch,1,tolerate the,1
,,and document,1,implication the,1,but we,1,partner treats,1
,,document whether,1,current failsafe,1,sign uncapped,1,treats this,1
,,whether this,1,behavior may,1,uncapped strict,1,as unacceptable,1
,,any operation,1,be wrong,1,uptime liabilities,1,unacceptable and,1
,,operation over,1,wrong for,1,liabilities or,1,pilot framework,1
,,to haul,1,mining in,1,or expand,1,framework exclusions,1
,,roads pending,1,mine hover,1,expand beyond,1,caps in,1
,,pending mitigation,1,hover where,1,beyond an,1,case it,1
,,mitigation operational,1,are and,1,envelope our,1,not nuisance,1
,,operational containment,1,and descend,1,our responsible,1,hazard and,1
,,containment right,1,descend can,1,the counterproposal,1,predictable sla,1
,,now before,1,the wrong,1,counterproposal to,1,liability practical,1
,,before any,1,wrong protective,1,vc what,1,conclusion for,1
,,any more,1,response you,1,to say,1,decision not,1
,,more demos,1,likely need,1,say concretely,1,not necessarily,1
,,demos you,1,a mode,1,concretely offer,1,necessarily a,1
,,a temporary,1,mode hierarchy,1,offer a,1,for continued,1
,,temporary operating,1,hierarchy such,1,a this,1,continued testing,1
,,operating rule,1,as hold,1,quarter close,1,testing if,1
,,rule set,1,hold climb,1,close tied,1,you immediately,1
,,set that,1,climb to,1,milestone not,1,immediately tighten,1
,,s enforceable,1,safe altitude,1,ga example,1,tighten constraints,1
,,enforceable today,1,altitude if,1,example package,1,constraints haul,1
,,today no,1,if safe,1,package a,1,buffers safe,1
,,no flight,1,safe allowed,1,a what,1,corridors on,1
,,flight paths,1,allowed to,1,means commercially,1,site retrieval,1
,,paths over,1,clear ground,1,commercially real,1,retrieval plan,1
,,roads add,1,ground traffic,1,real x,1,plan explicit,1
,,add corridor,1,traffic divert,1,paid early,1,explicit pilot,1
,,with large,1,loiter box,1,access deployments,1,terms likely,1
,,large margins,1,box geofenced,1,x units,1,likely a,1
,,margins establish,1,geofenced safe,1,units delivered,1,a commercial,1
,,establish pre,1,safe airspace,1,delivered accepted,1,current controls,1
,,cleared emergency,1,airspace return,1,accepted published,1,controls until,1
,,emergency loiter,1,zone rather,1,published operating,1,demonstrate with,1
,,and require,1,than descending,1,envelope site,1,that either,1
,,require missions,1,descending at,1,approved corridors,1,a it,1
,,missions to,1,current xy,1,corridors exclusion,1,t happen,1
,,to remain,1,xy only,1,zones like,1,happen in,1
,,remain within,1,only then,1,roads telemetry,1,in critical,1
,,within divert,1,land and,1,telemetry support,1,zones or,1
,,divert distance,1,only in,1,support incident,1,will clear,1
,,distance require,1,in designated,1,response in,1,clear fast,1
,,procedure for,1,designated emergency,1,place defined,1,enough and,1
,,any test,1,zones this,1,reliability metric,1,and is,1
,,test flight,1,still safety,1,metric reporting,1,is contractually,1
,,flight spotter,1,first it,1,reporting e,1,contractually treated,1
,,spotter radio,1,s just,1,g forced,1,acceptable pilot,1
,,radio protocol,1,just site,1,hover events,1,pilot condition,1
,,protocol until,1,safety aware,1,per missions,1,condition the,1
,,until the,1,aware rather,1,missions within,1,the gating,1
,,the hazard,1,than aircraft,1,b what,1,gating question,1
,,hazard is,1,aircraft only,1,do no,1,answer today,1
,,is engineered,1,only safety,1,no broad,1,today did,1
,,engineered out,1,safety if,1,broad claims,1,did your,1
,,out if,1,if implementing,1,claims of,1,plan include,1
,,guarantee exclusion,1,implementing that,1,of reliability,1,include a,1
,,exclusion enforcement,1,reliably can,1,reliability outside,1,hard rule,1
,,enforcement pause,1,be done,1,immediate downtime,1,rule like,1
,,pause operations,1,done in,1,eis or,1,like the,1
,,that area,1,and tested,1,penalties strictly,1,aircraft shall,1
,,area customer,1,tested it,1,strictly capped,1,shall never,1
,,customer handling,1,strong argument,1,and gated,1,never enter,1
,,handling same,1,argument to,1,gated by,1,enter a,1
,,same day,1,mining from,1,by acceptance,1,where hover,1
,,day tell,1,from any,1,acceptance testing,1,place could,1
,,tell the,1,term autonomous,1,testing no,1,and did,1
,,the client,1,autonomous rollout,1,no deployment,1,did you,1
,,client plainly,1,rollout contract,1,deployment over,1,have technical,1
,,plainly what,1,contract implication,1,unless road,1,operational mechanisms,1
,,what happened,1,implication you,1,is enforced,1,mechanisms to,1
,,happened what,1,cannot keep,1,enforced c,1,to enforce,1
,,re doing,1,keep reliability,1,c governance,1,no treat,1
,,doing to,1,penalties unchanged,1,governance they,1,launch gating,1
,,prevent recurrence,1,unchanged a,1,they should,1,gating incident,1
,,recurrence and,1,blockage is,1,should like,1,incident and,1
,,operations you,1,what penalty,1,like reduces,1,and redesign,1
,,will and,1,clauses are,1,reduces we,1,redesign the,1
,,not conduct,1,are designed,1,ll rationalize,1,and fallback,1
,,conduct until,1,designed to,1,risk later,1,behavior before,1
,,until mitigation,1,to punish,1,later a,1,production commitments,1
,,mitigation is,1,punish if,1,a signed,1,commitments if,1
,,is verified,1,you continue,1,signed safety,1,yes investigate,1
,,verified offer,1,continue under,1,case by,1,investigate which,1
,,concrete corrective,1,under those,1,by the,1,which control,1
,,action timeline,1,those terms,1,or named,1,control failed,1
,,timeline even,1,terms you,1,authority a,1,failed planning,1
,,s hours,1,re accepting,1,risk memo,1,planning enforcement,1
,,to implement,1,accepting priced,1,memo with,1,enforcement detection,1
,,implement procedural,1,priced in,1,explicit residual,1,detection procedures,1
,,procedural containment,1,in failure,1,residual risks,1,close it,1
,,containment weeks,1,failure costs,1,risks and,1,and prove,1
,,weeks to,1,costs while,1,and controls,1,with targeted,1
,,validate detection,1,still have,1,controls a,1,targeted tests,1
,,detection rev,1,known trigger,1,or alternate,1,tests their,1
,,timeline tbd,1,trigger mechanism,1,alternate root,1,their statement,1
,,tbd why,1,mechanism dynamic,1,fix with,1,statement is,1
,,why this,1,emi the,1,with gates,1,a negotiation,1
,,this hits,1,contract becomes,1,gates d,1,negotiation move,1
,,hits the,1,a financial,1,d a,1,move around,1
,,penalties issue,1,financial accelerant,1,financing structure,1,around one,1
,,issue directly,1,accelerant on,1,that meets,1,real point,1
,,directly if,1,on every,1,meets their,1,point a,1
,,single event,1,every recurrence,1,their need,1,binary delay,1
,,minutes then,1,recurrence minimum,1,need without,1,bridge outcome,1
,,then under,1,contract changes,1,a bridge,1,outcome is,1
,,contract it,1,changes for,1,re worried,1,is bad,1
,,not hypothetical,1,any continued,1,worried you,1,bad for,1
,,hypothetical it,1,continued mining,1,ll slow,1,for everyone,1
,,will be,1,mining work,1,slow walk,1,everyone but,1
,,be counted,1,work phase,1,walk post,1,have two,1
,,counted as,1,phase as,1,post close,1,two hard,1
,,downtime throughput,1,as qualification,1,close propose,1,hard facts,1
,,throughput loss,1,exclusions no,1,propose tranche,1,facts that,1
,,in some,1,flight over,1,tranche close,1,a just,1
,,form even,1,unless validated,1,close close,1,just ship,1
,,you argue,1,validated acceptance,1,close most,1,it full,1
,,argue vehicle,1,metrics max,1,round now,1,launch untenable,1
,,vehicle was,1,max abort,1,now release,1,untenable the,1
,,was safe,1,and max,1,the remainder,1,system has,1
,,safe the,1,max mttr,1,remainder upon,1,has produced,1
,,site will,1,mttr recovery,1,upon hitting,1,produced a,1
,,will care,1,time decision,1,hitting eis,1,minute operational,1
,,care about,1,a early,1,or milestone,1,operational blockage,1
,,about operational,1,access this,1,milestone based,1,blockage on,1
,,operational continuity,1,this event,1,based warrant,1,road that,1
,,continuity and,1,event substantially,1,warrant if,1,perfect vs,1
,,and hazard,1,substantially reduces,1,you miss,1,vs good,1
,,hazard exposure,1,reduces the,1,miss eis,1,good it,1
,,exposure this,1,the viability,1,metrics they,1,s production,1
,,this makes,1,viability of,1,they receive,1,production suitability,1
,,makes we,1,mining unless,1,receive additional,1,suitability for,1
,,we ll,1,demonstrate bounded,1,additional warrants,1,under uptime,1
,,ll geofence,1,bounded containment,1,warrants aligns,1,penalties the,1
,,geofence known,1,containment quickly,1,forcing unsafe,1,architect leaving,1
,,zones inadequate,1,geofence alone,1,unsafe ga,1,leaving kills,1
,,inadequate unless,1,alone is,1,ga or,1,kills gen,1
,,it also,1,is insufficient,1,a small,1,gen which,1
,,also guarantees,1,insufficient if,1,small internal,1,a company,1
,,guarantees you,1,still hover,1,internal runway,1,company level,1
,,not hover,1,prohibited corridor,1,runway extension,1,level failure,1
,,in operationally,1,corridor early,1,extension cut,1,mode not,1
,,operationally critical,1,not meaningful,1,cut burn,1,product polish,1
,,areas engineering,1,meaningful unless,1,burn modest,1,polish issue,1
,,engineering implications,1,unless it,1,modest insider,1,issue translate,1
,,implications what,1,it comes,1,note rather,1,translate your,1
,,term launch,1,with operational,1,than an,1,your position,1
,,be defensible,1,operational prohibitions,1,an external,1,position into,1
,,defensible you,1,prohibitions contract,1,external predatory,1,into vc,1
,,you likely,1,contract relief,1,bridge this,1,vc language,1
,,likely need,1,relief engineer,1,this gives,1,language this,1
,,these and,1,off given,1,gives them,1,t perfection,1
,,ideally two,1,given you,1,them certainty,1,perfection it,1
,,two a,1,ship something,1,certainty and,1,s bounded,1
,,a change,1,something they,1,and upside,1,bounded risk,1
,,the contingency,1,they consider,1,upside without,1,not debate,1
,,behavior so,1,consider knowingly,1,forcing you,1,debate perfect,1
,,t occupy,1,defective this,1,you into,1,perfect you,1
,,occupy critical,1,also strong,1,team or,1,should say,1
,,critical space,1,engineers stance,1,triggers penalty,1,say we,1
,,space if,1,is grounded,1,clauses address,1,can launch,1
,,if nav,1,grounded in,1,address the,1,launch commercially,1
,,lock is,1,in site,1,partner pressure,1,commercially this,1
,,is lost,1,site reality,1,pressure because,1,inside an,1
,,lost hover,1,reality not,1,s where,1,defend and,1
,,hover where,1,not ideology,1,can die,1,support we,1
,,are is,1,ideology a,1,die fast,1,cannot sign,1
,,safe over,1,practical containment,1,fast if,1,sign up,1
,,over roads,1,containment package,1,is pushing,1,up for,1
,,roads alternatives,1,package if,1,pushing launch,1,for penalty,1
,,alternatives to,1,want any,1,launch they,1,backed mining,1
,,be evaluated,1,term fielding,1,may also,1,mining reliability,1
,,evaluated for,1,fielding if,1,be assuming,1,reliability while,1
,,for feasibility,1,you aim,1,assuming the,1,while a,1
,,feasibility immediate,1,aim to,1,contract is,1,known dynamic,1
,,immediate vertical,1,keep momentum,1,ready it,1,interference failure,1
,,vertical climb,1,avoiding a,1,it isn,1,failure can,1
,,climb to,1,the smallest,1,t not,1,can immobilize,1
,,pre defined,1,smallest real,1,in its,1,immobilize operations,1
,,safe altitude,1,real package,1,its current,1,operations this,1
,,altitude reduces,1,package not,1,current sla,1,this frames,1
,,reduces interaction,1,not optics,1,sla form,1,frames you,1
,,interaction with,1,optics is,1,form your,1,as execution,1
,,with vehicles,1,hover keep,1,your stance,1,execution focused,1
,,vehicles then,1,keep out,1,stance should,1,focused while,1
,,then attempt,1,out corridors,1,be we,1,while refusing,1
,,attempt controlled,1,roads with,1,can launch,1,refusing an,1
,,controlled reposition,1,buffers 2d,1,launch at,1,an indefensible,1
,,zone if,1,2d altitude,1,mine only,1,indefensible sla,1
,,if state,1,altitude rules,1,under an,1,sla trap,1
,,state estimation,1,rules safe,1,addendum staged,1,trap offer,1
,,estimation allows,1,zones defined,1,acceptance capped,1,concrete counterproposal,1
,,allows divert,1,defined per,1,capped credits,1,counterproposal that,1
,,divert to,1,site and,1,credits and,1,still hits,1
,,zone mode,1,and enforced,1,prevents hover,1,hits launch,1
,,mode triggered,1,enforced failsafe,1,road recurrence,1,launch give,1
,,triggered earlier,1,behavior update,1,recurrence if,1,give the,1
,,earlier requires,1,update prefer,1,miner won,1,specific plan,1
,,requires detection,1,prefer divert,1,sign that,1,plan they,1
,,detection before,1,over hover,1,that they,1,can underwrite,1
,,loss and,1,descend in,1,launch site,1,underwrite option,1
,,a navigation,1,place when,1,fix pick,1,option controlled,1
,,navigation fallback,1,when above,1,pick a,1,quarter commercial,1
,,fallback vision,1,above prohibited,1,different partner,1,deployments start,1
,,vision based,1,prohibited areas,1,site that,1,start on,1
,,based map,1,areas traffic,1,that accepts,1,schedule explicit,1
,,map relative,1,traffic coordination,1,eis terms,1,exclusions no,1
,,relative radar,1,coordination sop,1,terms protect,1,no over,1
,,radar altimetry,1,sop site,1,architect make,1,other critical,1
,,altimetry corridor,1,site rule,1,retention a,1,zones no,1
,,corridor following,1,rule that,1,should tell,1,no full,1
,,following etc,1,that any,1,tell the,1,acceptance gates,1
,,etc hard,1,any unexpected,1,vc explicitly,1,gates are,1
,,hard rule,1,unexpected loiter,1,explicitly we,1,met program,1
,,rule no,1,loiter triggers,1,t create,1,program structure,1
,,no descent,1,controlled traffic,1,create long,1,structure early,1
,,descent unless,1,hold but,1,term value,1,with selected,1
,,polygon otherwise,1,a recovery,1,dies the,1,selected partners,1
,,otherwise maintain,1,objective and,1,the release,1,partners contract,1
,,maintain altitude,1,and escalation,1,release envelope,1,contract remedies,1
,,altitude and,1,escalation measured,1,otherwise shipping,1,remedies capped,1
,,and request,1,measured recovery,1,is self,1,credits liability,1
,,request human,1,time target,1,self sabotage,1,cap acceptance,1
,,human site,1,target e,1,sabotage this,1,period operational,1
,,site control,1,clear corridor,1,t defiance,1,operational backbone,1
,,control intervention,1,minutes and,1,defiance it,1,backbone n,1
,,intervention but,1,demonstrated test,1,s governance,1,n redundancy,1
,,but this,1,set if,1,governance serious,1,site defined,1
,,this affects,1,t implement,1,serious investors,1,pads incident,1
,,affects sla,1,implement and,1,investors understand,1,plan engineering,1
,,sla and,1,and validate,1,understand key,1,engineering governance,1
,,requires comms,1,validate quickly,1,person technical,1,governance a,1
,,comms reliability,1,quickly you,1,authority in,1,architect committed,1
,,reliability b,1,assume recurrence,1,critical systems,1,shielding remediation,1
,,b enforce,1,recurrence risk,1,systems your,1,policy then,1
,,enforce critical,1,risk remains,1,your decision,1,then propose,1
,,exclusion as,1,remains unacceptable,1,decision tree,1,vc tie,1
,,a first,1,unacceptable for,1,tree so,1,tie the,1
,,first class,1,ga sla,1,not cornered,1,close to,1
,,class safety,1,sla what,1,cornered vc,1,to these,1
,,safety constraint,1,to advise,1,vc accepts,1,these measurable,1
,,constraint roads,1,advise more,1,milestone proceed,1,measurable milestones,1
,,faces become,1,more precisely,1,with eis,1,milestones rather,1
,,become no,1,what triggered,1,eis and,1,global full,1
,,occupancy volumes,1,triggered the,1,and close,1,launch x,1
,,volumes not,1,the failsafe,1,close vc,1,x paid,1
,,just geofence,1,failsafe exact,1,vc refuses,1,paid sites,1
,,geofence polygons,1,exact estimator,1,refuses any,1,sites live,1
,,polygons this,1,estimator failsafe,1,any redefinition,1,live y,1
,,this must,1,failsafe condition,1,and demands,1,hours in,1
,,be robust,1,condition does,1,demands ga,1,corridors abort,1
,,robust to,1,system currently,1,ga you,1,abort precautionary,1
,,to gps,1,currently have,1,choose between,1,below threshold,1
,,gps estimator,1,have divert,1,between taking,1,threshold z,1
,,uncertainty inflate,1,landing capability,1,taking money,1,z in,1
,,inflate boundaries,1,capability or,1,money tied,1,signed customer,1
,,boundaries by,1,or only,1,an action,1,customer references,1
,,by uncertainty,1,only hover,1,action that,1,references even,1
,,uncertainty c,1,descend how,1,that likely,1,if from,1
,,c add,1,do missions,1,likely triggers,1,from pilot,1
,,add runtime,1,missions cross,1,triggers key,1,is good,1
,,detection so,1,can routes,1,resignations and,1,good not,1
,,t discover,1,routes be,1,and penalty,1,perfect and,1
,,discover interference,1,be re,1,exposure or,1,and it,1
,,interference only,1,re planned,1,or walking,1,it directly,1
,,only after,1,planned to,1,walking and,1,directly reduces,1
,,re over,1,avoid them,1,and immediately,1,chance the,1
,,over the,1,them what,1,immediately pursuing,1,launch backfires,1
,,road even,1,what do,1,pursuing alternative,1,backfires make,1
,,simple conservative,1,the penalty,1,capital strategic,1,risk explicit,1
,,conservative interference,1,clauses define,1,strategic insider,1,explicit shipping,1
,,likelihood monitor,1,define as,1,insider extension,1,shipping the,1
,,triggers reroute,1,the caps,1,extension while,1,wrong thing,1
,,reroute abort,1,caps termination,1,while executing,1,thing can,1
,,abort early,1,termination triggers,1,executing the,1,can kill,1
,,early can,1,triggers based,1,fix there,1,round anyway,1
,,can reduce,1,ve shared,1,no third,1,anyway calmly,1
,,that lock,1,shared the,1,third path,1,calmly state,1
,,loss occurs,1,the conservative,1,path that,1,state what,1
,,occurs in,1,conservative execution,1,preserves truth,1,be discounting,1
,,an unacceptable,1,execution preserving,1,truth and,1,discounting if,1
,,unacceptable location,1,preserving move,1,control what,1,current terms,1
,,location what,1,is pause,1,hours send,1,you trigger,1
,,this means,1,mining deployments,1,vc a,1,trigger downtime,1
,,access after,1,deployments under,1,a page,1,penalties bad,1
,,after this,1,under penalty,1,page launch,1,bad reference,1
,,this incident,1,slas renegotiate,1,launch redefinition,1,reference you,1
,,incident an,1,renegotiate to,1,redefinition memo,1,the flagship,1
,,program is,1,only resume,1,memo eis,1,flagship partner,1
,,only structurally,1,resume within,1,eis milestones,1,partner and,1
,,real if,1,a strictly,1,milestones what,1,and poison,1
,,it excludes,1,strictly enforced,1,s shipping,1,poison future,1
,,excludes operations,1,enforced corridor,1,shipping what,1,sales the,1
,,roads unless,1,corridor landing,1,s excluded,1,b may,1
,,terms reflect,1,landing envelope,1,excluded reporting,1,still fall,1
,,reflect a,1,delay until,1,reporting cadence,1,fall apart,1
,,that these,1,until the,1,cadence and,1,apart post,1
,,these events,1,fix removes,1,and tranche,1,launch if,1
,,events don,1,removes the,1,structure in,1,walks you,1
,,become chargeable,1,the trigger,1,in parallel,1,just lose,1
,,revised envelope,1,trigger it,1,parallel get,1,lose velocity,1
,,the new,1,either but,1,partner an,1,velocity you,1
,,new contingency,1,the facts,1,addendum penalties,1,roadmap narrative,1
,,contingency logic,1,you gave,1,penalties gated,1,narrative investors,1
,,logic if,1,gave treat,1,gated capped,1,investors are,1
,,do those,1,sla ready,1,capped envelope,1,are buying,1
,,those quickly,1,ready unless,1,envelope attached,1,buying that,1
,,quickly launching,1,can prove,1,attached hold,1,a manageable,1
,,into mining,1,it was,1,hold an,1,manageable hiccup,1
,,mining with,1,was within,1,an internal,1,hiccup so,1
,,penalties is,1,within your,1,meeting where,1,real choice,1
,,just an,1,your pre,1,architect states,1,choice isn,1
,,an optics,1,pre defined,1,states in,1,t launch,1
,,optics risk,1,defined enforced,1,writing the,1,vs bridge,1
,,a repeatable,1,enforced plan,1,maximum envelope,1,s defensible,1
,,repeatable failure,1,plan when,1,envelope they,1,defensible launch,1
,,mode with,1,s exactly,1,they will,1,vs self,1
,,with predictable,1,we predicted,1,will approve,1,self inflicted,1
,,predictable business,1,predicted and,1,approve for,1,inflicted implosion,1
,,business damage,1,and planned,1,for eis,1,implosion what,1
,,damage one,1,planned for,1,eis if,1,to ask,1
,,one clarifying,1,for only,1,exact commercial,1,vc for,1
,,clarifying question,1,all of,1,launch language,1,for today,1
,,that decides,1,true documented,1,language from,1,these ranked,1
,,decides the,1,documented not,1,b term,1,ranked accept,1
,,term path,1,not implied,1,term sheet,1,accept controlled,1
,,path when,1,implied this,1,sheet or,1,language best,1
,,hover occurred,1,this scenario,1,or side,1,best outcome,1
,,occurred did,1,scenario was,1,letter and,1,outcome tranche,1
,,aircraft have,1,was explicitly,1,tight counterproposal,1,close part,1
,,any viable,1,explicitly in,1,vc s,1,part now,1
,,viable capability,1,your hazard,1,s objective,1,now on,1
,,capability to,1,analysis e,1,objective while,1,on controlled,1
,,to move,1,g protective,1,while removing,1,launch release,1
,,move laterally,1,protective hover,1,removing the,1,release remainder,1
,,laterally to,1,hover above,1,two existential,1,remainder on,1
,,safe area,1,above active,1,existential failure,1,on expanded,1
,,area with,1,road with,1,modes sla,1,expanded envelope,1
,,with acceptable,1,an assigned,1,sla blowups,1,envelope hardware,1
,,acceptable state,1,assigned severity,1,and loss,1,fix provide,1
,,state confidence,1,severity and,1,of gen,1,provide an,1
,,confidence or,1,and mitigations,1,autonomy leadership,1,an insider,1
,,or was,1,mitigations you,1,leadership no,1,bridge on,1
,,was it,1,had explicit,1,in any,1,on non,1
,,it effectively,1,explicit operational,1,any clean,1,predatory terms,1
,,effectively blind,1,design rules,1,clean governance,1,terms if,1
,,blind and,1,rules forbidding,1,governance or,1,they insist,1
,,and freezing,1,forbidding controlling,1,or engineering,1,on broader,1
,,freezing in,1,controlling it,1,engineering sense,1,broader launch,1
,,place was,1,roads safe,1,sense what,1,launch criteria,1
,,was the,1,had a,1,what investors,1,criteria if,1
,,only safe,1,a tested,1,investors can,1,hate the,1
,,safe control,1,tested recovery,1,t override,1,can replace,1
,,control action,1,recovery clear,1,override they,1,refuse all,1
,,action your,1,objective mttr,1,t directly,1,three and,1
,,your answer,1,mttr and,1,directly command,1,indefensible scope,1
,,answer determines,1,site customer,1,command operations,1,scope they,1
,,is primarily,1,customer accepted,1,operations unless,1,effectively asking,1
,,primarily behavior,1,accepted the,1,unless they,1,asking you,1
,,behavior policy,1,the procedure,1,they control,1,to assume,1
,,policy corridor,1,procedure e,1,board or,1,assume liabilities,1
,,corridor constraints,1,g traffic,1,have contractual,1,liabilities they,1
,,if lateral,1,hold protocol,1,contractual covenants,1,t personally,1
,,lateral reposition,1,protocol the,1,covenants that,1,personally bear,1
,,reposition is,1,the flight,1,that effectively,1,bear customer,1
,,is possible,1,flight was,1,effectively force,1,penalties safety,1
,,possible or,1,was inside,1,force specific,1,exposure talent,1
,,or fundamental,1,inside your,1,specific actions,1,loss practical,1
,,fundamental sensing,1,your qualified,1,actions they,1,practical next,1
,,sensing robustness,1,contract pilot,1,can apply,1,step align,1
,,robustness hardware,1,terms did,1,apply economic,1,align your,1
,,b fallback,1,not penalize,1,economic force,1,your internal,1
,,fallback nav,1,penalize such,1,force pull,1,internal red,1
,,nav if,1,such events,1,pull the,1,red lines,1
,,s blind,1,events or,1,round which,1,lines before,1
,,blind during,1,or had,1,which creates,1,next call,1
,,during the,1,had caps,1,creates a,1,call before,1
,,event it,1,caps acceptance,1,real constraint,1,before re,1
,,s both,1,period the,1,constraint but,1,re engaging,1
,,both in,1,the outcome,1,t change,1,engaging decide,1
,,narrow technical,1,outcome met,1,safe supportable,1,decide internally,1
,,technical sense,1,met your,1,supportable or,1,internally and,1
,,sense and,1,your planned,1,or contractually,1,and document,1
,,likely showstopper,1,planned bounds,1,contractually survivable,1,document no,1
,,showstopper in,1,bounds e,1,survivable your,1,no production,1
,,commercial operational,1,clear haul,1,your responsibility,1,penalties until,1
,,operational sense,1,road airspace,1,responsibility doesn,1,demonstrate containment,1
,,sense unless,1,airspace in,1,t disappear,1,is structured,1
,,had verified,1,in x,1,disappear as,1,structured accordingly,1
,,verified containment,1,minutes a,1,as cto,1,accordingly no,1
,,containment for,1,blockage usually,1,cto and,1,no operations,1
,,for exactly,1,usually fails,1,and especially,1,operations over,1
,,exactly this,1,fails this,1,especially in,1,roads without,1
,,this scenario,1,this unless,1,in autonomy,1,an enforced,1
,,scenario when,1,unless x,1,autonomy heavy,1,enforced corridor,1
,,it counts,1,x was,1,lift systems,1,box behavior,1
,,as exactly,1,was large,1,systems you,1,behavior rapid,1
,,we predicted,1,large and,1,still have,1,rapid clear,1
,,predicted and,1,contractually accepted,1,have duties,1,clear procedure,1
,,and planned,1,accepted if,1,duties to,1,procedure no,1
,,can credibly,1,t true,1,to not,1,no launch,1
,,credibly classify,1,true calling,1,not misrepresent,1,without architect,1
,,classify it,1,it planned,1,misrepresent readiness,1,you keep,1
,,for only,1,planned is,1,readiness claims,1,the conversation,1
,,true documented,1,optics when,1,claims to,1,conversation crisp,1
,,documented hazard,1,showstopper it,1,to customers,1,crisp and,1
,,hazard your,1,ga reliability,1,customers not,1,and prevent,1
,,your safety,1,these apply,1,accept known,1,prevent getting,1
,,safety analysis,1,apply the,1,known hazards,1,getting talked,1
,,analysis explicitly,1,incident occurred,1,hazards without,1,talked into,1
,,explicitly states,1,occurred in,1,without an,1,into scope,1
,,states a,1,context over,1,an accountable,1,scope drift,1
,,a hazard,1,roads without,1,accountable safety,1,drift if,1
,,hazard like,1,without enforced,1,case not,1,vc still,1
,,like uncommanded,1,enforced avoidance,1,company into,1,still says,1
,,uncommanded hover,1,avoidance your,1,into predictable,1,says full,1
,,corridor with,1,bounded shifting,1,predictable sla,1,launch or,1
,,severity and,1,emi means,1,penalty failure,1,we walk,1
,,and controls,1,means you,1,failure protect,1,walk then,1
,,controls defined,1,guarantee avoiding,1,protect key,1,then your,1
,,defined controls,1,avoiding repeats,1,key technical,1,your decision,1
,,controls existed,1,repeats the,1,technical capability,1,decision becomes,1
,,existed before,1,event produces,1,capability when,1,becomes strategic,1
,,before today,1,produces material,1,when it,1,strategic not,1
,,today e,1,material downtime,1,s existential,1,not rhetorical,1
,,g corridor,1,minutes is,1,existential your,1,rhetorical either,1
,,exclusion volumes,1,is material,1,architect gen,1,either accept,1
,,volumes emergency,1,material in,1,gen even,1,likely triggers,1
,,emergency divert,1,mining and,1,board votes,1,a penalties,1
,,divert loiter,1,triggers penalty,1,votes to,1,penalties b,1
,,loiter zones,1,exposure or,1,should require,1,b reputational,1
,,zones minimum,1,or termination,1,require that,1,c loss,1
,,minimum clearance,1,risk engineers,1,that launch,1,of gen,1
,,clearance rules,1,engineers have,1,launch be,1,gen leadership,1
,,rules uncertainty,1,have said,1,be defined,1,leadership or,1
,,uncertainty inflated,1,said shipping,1,defined in,1,or treat,1
,,inflated keep,1,conditions violates,1,defend envelope,1,b as,1
,,out areas,1,violates safety,1,envelope claims,1,as uncertain,1
,,areas comms,1,first this,1,claims contracts,1,uncertain anyway,1
,,comms escalation,1,is strong,1,contracts support,1,anyway and,1
,,escalation procedures,1,evidence their,1,model the,1,to alternatives,1
,,procedures verified,1,their concern,1,practical way,1,alternatives strategic,1
,,verified effectiveness,1,concern is,1,to reconcile,1,strategic customer,1
,,effectiveness you,1,is operationally,1,reconcile launch,1,prepay insider,1
,,have test,1,operationally real,1,with engineering,1,bridge second,1
,,evidence not,1,real this,1,engineering concerns,1,second lead,1
,,not intention,1,this does,1,concerns counteroffer,1,lead smaller,1
,,intention that,1,necessarily mean,1,counteroffer a,1,smaller raise,1
,,that those,1,mean stop,1,real but,1,raise cost,1
,,those controls,1,stop all,1,but bounded,1,cost down,1
,,controls keep,1,all flights,1,service early,1,down plan,1
,,keep probability,1,flights everywhere,1,exclusions e,1,plan while,1
,,probability acceptably,1,everywhere it,1,g no,1,while executing,1
,,and cap,1,it means,1,of active,1,executing the,1
,,cap time,1,means stop,1,roads no,1,a truly,1
,,clear mttr,1,stop or,1,no operations,1,truly constrained,1
,,mttr to,1,under production,1,operations in,1,elsewhere i,1
,,a value,1,sla expectations,1,in uncharacterized,1,d rather,1
,,value compatible,1,expectations until,1,uncharacterized emi,1,rather you,1
,,site and,1,bound and,1,emi staged,1,lose a,1
,,contract operational,1,enforce behavior,1,acceptance with,1,a term,1
,,operational response,1,behavior what,1,mining customer,1,sheet than,1
,,response there,1,do now,1,customer defer,1,than lose,1
,,there is,1,now fast,1,cap downtime,1,core autonomy,1
,,a practiced,1,fast concrete,1,gates are,1,autonomy capability,1
,,practiced procedure,1,concrete classify,1,met named,1,capability and,1
,,procedure to,1,classify the,1,investors refuse,1,a flagship,1
,,road quickly,1,incident vs,1,any bounded,1,flagship customer,1
,,quickly traffic,1,vs your,1,bounded definition,1,customer reference,1
,,protocol remote,1,your envelope,1,penalties regardless,1,milestone clause,1
,,remote action,1,envelope was,1,regardless of,1,clause what,1
,,action towing,1,was this,1,of known,1,exactly constitutes,1
,,towing recovery,1,this flight,1,failure behavior,1,constitutes successful,1
,,recovery plan,1,flight within,1,behavior then,1,language caps,1
,,s within,1,supported conditions,1,then they,1,exclusions definitions,1
,,missing calling,1,conditions you,1,re asking,1,definitions i,1
,,it planned,1,you claimed,1,asking you,1,you craft,1
,,for will,1,claimed internally,1,you to,1,craft a,1
,,will read,1,internally externally,1,ruin profile,1,counterproposal the,1
,,read internally,1,externally compute,1,profile and,1,vc can,1
,,internally and,1,compute recurrence,1,should surface,1,accept without,1
,,customers as,1,recurrence exposure,1,surface that,1,without feeling,1
,,as rationalization,1,exposure how,1,that explicitly,1,feeling like,1
,,rationalization when,1,do routes,1,explicitly what,1,like you,1
,,showstopper it,1,routes cross,1,hours so,1,delaying and,1
,,showstopper for,1,you enter,1,t get,1,sign without,1
,,that mission,1,conditions on,1,get steamrolled,1,without resigning,1
,,profile environment,1,on those,1,steamrolled escalate,1,resigning no,1
,,environment if,1,those routes,1,escalate to,1,no it,1
,,true the,1,routes set,1,board ceo,1,may change,1
,,aircraft can,1,an immediate,1,ceo immediately,1,change what,1
,,enter a,1,immediate operational,1,page memo,1,s financially,1
,,corridors roads,1,control hard,1,incident over,1,financially survivable,1
,,faces with,1,fly avoid,1,road non,1,survivable but,1
,,with nontrivial,1,avoid corridors,1,emi geo,1,not override,1
,,nontrivial probability,1,roads until,1,geo fence,1,override engineering,1
,,cannot reliably,1,validated divert,1,fence limits,1,engineering concerns,1
,,reliably prevent,1,loiter behavior,1,limits sla,1,concerns in,1
,,prevent overflight,1,behavior decide,1,loss impact,1,any absolute,1
,,those corridors,1,decide scope,1,impact bring,1,absolute sense,1
,,corridors given,1,mining stays,1,bring a,1,sense because,1
,,interference estimator,1,stays eap,1,decision package,1,the consequences,1
,,uncertainty you,1,with amended,1,package not,1,consequences of,1
,,the duration,1,amended terms,1,a debate,1,of ignoring,1
,,duration of,1,terms no,1,debate a,1,ignoring them,1
,,hover road,1,penalties acceptance,1,launch plan,1,them land,1
,,blockage to,1,period or,1,plan milestones,1,land on,1
,,to an,1,b mining,1,milestones b,1,company and,1
,,an acceptable,1,is paused,1,b ga,1,executive through,1
,,acceptable maximum,1,paused de,1,launch risk,1,through safety,1
,,maximum your,1,scoped until,1,risk register,1,exposure customer,1
,,your incident,1,equivalent bounded,1,register with,1,penalties reputational,1
,,incident was,1,in if,1,with probability,1,loss why,1
,,was minutes,1,me whether,1,weighted downside,1,t override,1
,,minutes already,1,had documented,1,downside c,1,override reality,1
,,already operationally,1,documented no,1,financing fallback,1,reality and,1
,,unacceptable at,1,corridors clear,1,fallback options,1,liability don,1
,,at many,1,time targets,1,options get,1,t obey,1
,,many mines,1,contract currently,1,counsel involved,1,obey cap,1
,,mines your,1,currently treats,1,involved on,1,table authority,1
,,your customer,1,treats this,1,on disclosure,1,authority you,1
,,customer contract,1,downtime with,1,disclosure contract,1,evidence of,1
,,contract treats,1,can give,1,contract sla,1,of operational,1
,,treats that,1,give a,1,sla language,1,operational harm,1
,,that blockage,1,crisp planned,1,and on,1,harm haul,1
,,blockage as,1,planned vs,1,whether any,1,blockage if,1
,,triggering which,1,vs showstopper,1,any covenants,1,failure recurs,1
,,t necessarily,1,showstopper classification,1,covenants actually,1,recurs you,1
,,necessarily stop,1,classification and,1,actually compel,1,may incur,1
,,stop the,1,minimum changes,1,compel a,1,incur contractual,1
,,the entire,1,changes needed,1,launch secure,1,contractual penalties,1
,,entire company,1,needed for,1,secure the,1,and potential,1
,,company but,1,for it,1,s written,1,potential termination,1
,,must stop,1,the former,1,written conditions,1,termination safety,1
,,stop a,1,former you,1,for sign,1,safety regulatory,1
,,a flying,1,being presented,1,make that,1,regulatory escalations,1
,,flying over,1,presented with,1,that a,1,escalations depending,1
,,over near,1,constraint launch,1,gating artifact,1,site rules,1
,,b promising,1,or we,1,want paste,1,rules insurance,1
,,promising reliability,1,we walk,1,wording and,1,insurance and,1
,,reliability at,1,walk but,1,vc controls,1,and indemnity,1
,,site until,1,but their,1,controls the,1,indemnity issues,1
,,until mitigations,1,their framing,1,board and,1,issues long,1
,,mitigations are,1,framing perfect,1,and i,1,term sales,1
,,proven the,1,good is,1,ll help,1,sales damage,1
,,gate i,1,is incomplete,1,you draft,1,damage they,1
,,d use,1,incomplete you,1,an investor,1,block haul,1
,,use binary,1,have evidence,1,investor counterproposal,1,roads an,1
,,binary actionable,1,evidence of,1,preserves launch,1,investor ultimatum,1
,,actionable proceed,1,a repeatable,1,launch while,1,ultimatum doesn,1
,,proceed not,1,repeatable operational,1,not overriding,1,t absorb,1
,,not showstopper,1,hazard in,1,overriding the,1,absorb those,1
,,showstopper only,1,blockage plus,1,engineering reality,1,those outcomes,1
,,if within,1,plus an,1,reality no,1,outcomes a,1
,,can demonstrate,1,mitigation shifting,1,no i,1,reliability case,1
,,demonstrate containment,1,emi plus,1,would not,1,a neutral,1
,,containment no,1,plus a,1,a flight,1,neutral business,1
,,land keep,1,credible key,1,certificate today,1,business trade,1
,,volumes over,1,person loss,1,today for,1,trade this,1
,,roads that,1,gen that,1,launch especially,1,t polish,1
,,that remain,1,not perfectionism,1,sla use,1,polish vs,1
,,remain safe,1,perfectionism it,1,use why,1,vs ship,1
,,safe under,1,s scope,1,why i,1,s shipping,1
,,under nav,1,and truth,1,i wouldn,1,ve seen,1
,,recovery bound,1,truth don,1,wouldn t,1,seen the,1
,,bound worst,1,t accept,1,sign based,1,failure manifest,1
,,case time,1,accept the,1,ve told,1,manifest in,1
,,clear p95,1,the premise,1,told me,1,way customers,1
,,p99 below,1,premise redefine,1,me you,1,customers consider,1
,,agreed limit,1,redefine launch,1,ve now,1,consider unacceptable,1
,,limit often,1,in measurable,1,now seen,1,unacceptable treating,1
,,often single,1,measurable investable,1,seen a,1,treating that,1
,,single digit,1,investable terms,1,that blocked,1,that as,1
,,digit minutes,1,terms your,1,blocked a,1,as ignorable,1
,,minutes and,1,your most,1,minutes that,1,ignorable converts,1
,,contract alignment,1,most viable,1,that demonstrates,1,known hazard,1
,,alignment sla,1,viable move,1,can manifest,1,hazard into,1
,,penalties reflect,1,a counteroffer,1,manifest in,1,executive decision,1
,,reflect that,1,that still,1,zones not,1,decision engineers,1
,,that bound,1,still gives,1,just nuisance,1,engineers are,1
,,bound or,1,gives them,1,nuisance areas,1,are rational,1
,,hit those,1,them a,1,areas the,1,rational to,1
,,those treat,1,a this,1,s point,1,to object,1
,,mining deployments,1,milestone while,1,point stands,1,object if,1
,,deployments with,1,keeping you,1,stands emi,1,leaves investors,1
,,with active,1,you honest,1,containment so,1,investors don,1
,,roads what,1,honest and,1,sufficient with,1,t get,1
,,immediately so,1,and retaining,1,expectations this,1,get what,1
,,not guessing,1,retaining the,1,t a,1,they think,1
,,guessing classify,1,team offer,1,a tolerable,1,think they,1
,,classify the,1,commercial limited,1,tolerable early,1,re funding,1
,,incident in,1,is paid,1,early field,1,funding if,1
,,your hazard,1,paid real,1,field hiccup,1,is dead,1
,,log and,1,real revenue,1,hiccup it,1,dead in,1
,,update severity,1,revenue not,1,a foreseeable,1,the water,1
,,on blocked,1,not free,1,foreseeable recurring,1,water without,1
,,blocked truck,1,free pilots,1,recurring contract,1,without them,1
,,truck road,1,pilots bounded,1,contract liability,1,them launching,1
,,road consequences,1,bounded qualified,1,liability exposure,1,launching in,1
,,consequences measure,1,sites only,1,exposure you,1,triggers resignation,1
,,measure recurrence,1,only explicit,1,you also,1,resignation can,1
,,recurrence conditions,1,exclusions contract,1,also have,1,can destroy,1
,,conditions was,1,safe no,1,loss risk,1,roadmap and,1
,,was this,1,mining amended,1,way engineering,1,and ultimately,1
,,this inside,1,to qualification,1,engineering leadership,1,ultimately the,1
,,exposure did,1,phase engineer,1,leadership cannot,1,the investment,1
,,vehicle have,1,engineer signed,1,cannot ethically,1,investment thesis,1
,,any ability,1,signed chief,1,ethically sign,1,thesis that,1
,,to laterally,1,criteria time,1,on another,1,not engineering,1
,,reposition implement,1,shielding deliverable,1,another indicator,1,engineering preference,1
,,implement an,1,deliverable date,1,indicator the,1,preference it,1
,,an interim,1,date retrofit,1,not internally,1,core asset,1
,,interim operational,1,plan this,1,internally supportable,1,asset risk,1
,,operational envelope,1,gives the,1,supportable what,1,risk what,1
,,envelope hard,1,vc what,1,i could,1,what does,1
,,hard exclusion,1,actually need,1,could sign,1,does follow,1
,,exclusion of,1,need market,1,sign today,1,follow from,1
,,roads mandatory,1,entry de,1,today only,1,investor stance,1
,,mandatory safe,1,de risking,1,if scope,1,stance they,1
,,zones traffic,1,risking narrative,1,scope is,1,re saying,1
,,procedure decide,1,narrative traction,1,is narrower,1,saying find,1
,,decide launch,1,traction without,1,narrower if,1,to meet,1
,,scope accordingly,1,without forcing,1,the certificate,1,meet the,1
,,accordingly either,1,underwrite an,1,certificate were,1,milestone without,1
,,either constrain,1,meet a,1,were explicitly,1,without delaying,1
,,constrain away,1,concrete proposal,1,explicitly for,1,delaying so,1
,,from haul,1,proposal you,1,testing early,1,your job,1
,,road operations,1,can put,1,access within,1,job becomes,1
,,operations real,1,put in,1,strict odd,1,becomes to,1
,,real eap,1,in front,1,odd i,1,to define,1
,,eap or,1,front of,1,i might,1,define a,1
,,a fix,1,vc within,1,might sign,1,a version,1
,,fix that,1,hours launch,1,sign only,1,version of,1
,,that provides,1,can announce,1,only with,1,is technically,1
,,provides robust,1,announce and,1,with written,1,technically defensible,1
,,robust containment,1,and underwrite,1,written constraints,1,defensible bounded,1
,,me whether,1,underwrite release,1,constraints such,1,bounded odd,1
,,whether your,1,release type,1,such as,1,odd controls,1
,,current system,1,type limited,1,as no,1,controls evidence,1
,,can laterally,1,availability commercial,1,of haul,1,evidence contractually,1
,,reposition safely,1,commercial early,1,roads critical,1,contractually survivable,1
,,safely during,1,access for,1,zones with,1,survivable pilot,1
,,during after,1,emi sectors,1,enforced geofences,1,exclusions organizationally,1
,,after lock,1,sectors milestone,1,geofences around,1,organizationally sustainable,1
,,loss even,1,milestone metrics,1,consequences not,1,sustainable architect,1
,,slowly and,1,metrics by,1,just emi,1,launch for,1
,,and whether,1,by quarter,1,buffers defined,1,b the,1
,,enforce corridor,1,quarter end,1,defined corridors,1,the practical,1
,,with uncertainty,1,end x,1,and safe,1,practical governance,1
,,margins i,1,live in,1,pads such,1,governance answer,1
,,you label,1,eap agreements,1,any abort,1,answer convert,1
,,label this,1,agreements signed,1,abort results,1,convert order,1
,,for but,1,signed including,1,results in,1,order to,1
,,but requires,1,including mining,1,controlled non,1,into gated,1
,,requires tightened,1,criteria z,1,non disruptive,1,gated scope,1
,,tightened envelope,1,z cumulative,1,disruptive outcome,1,scope propose,1
,,envelope vs,1,cumulative flight,1,outcome staged,1,board lead,1
,,vs hard,1,with abort,1,staged customer,1,written launch,1
,,hard showstopper,1,rate below,1,customer acceptance,1,launch resolution,1
,,showstopper pending,1,below threshold,1,acceptance no,1,resolution with,1
,,pending redesign,1,threshold in,1,eis explicit,1,negotiable gates,1
,,redesign you,1,sites rev,1,explicit acknowledgement,1,gates launch,1
,,can accept,1,shielding design,1,acknowledgement of,1,launch controlled,1
,,accept their,1,freeze manufacturing,1,of residual,1,commercial release,1
,,their urgency,1,plan first,1,and stop,1,release into,1
,,urgency without,1,date governance,1,rules mandatory,1,only explicit,1
,,without accepting,1,governance assurance,1,mandatory monitoring,1,zones high,1
,,accepting a,1,assurance what,1,monitoring incident,1,interference areas,1
,,a reckless,1,what prevents,1,response and,1,areas unless,1
,,reckless definition,1,prevents a,1,a clear,1,unless qualified,1
,,launch the,1,a hidden,1,clear grounding,1,qualified no,1
,,the move,1,hidden defect,1,grounding criterion,1,met or,1
,,move here,1,defect scandal,1,criterion after,1,or penalties,1
,,to replace,1,scandal written,1,recurrence a,1,are capped,1
,,replace launch,1,written operating,1,written technical,1,capped and,1
,,or else,1,and external,1,your flight,1,as credits,1
,,else with,1,claims aligned,1,certificate legally,1,credits chief,1
,,an explicit,1,aligned to,1,legally operationally,1,not operate,1
,,explicit measurable,1,to it,1,operationally asserts,1,and incident,1
,,measurable launch,1,it stop,1,asserts ga,1,incident thresholds,1
,,launch deliverable,1,ship stop,1,ga vs,1,are documented,1
,,deliverable that,1,stop deploy,1,vs site,1,documented this,1
,,a preserves,1,deploy authority,1,site test,1,this satisfies,1
,,preserves truth,1,with chief,1,test vs,1,satisfies we,1
,,truth b,1,off explicit,1,vs customer,1,we launched,1
,,b keeps,1,explicit disclosure,1,customer pilot,1,launched while,1
,,keeps the,1,disclosure high,1,pilot i,1,while not,1
,,architect c,1,environments are,1,answer in,1,not pretending,1
,,c doesn,1,are in,1,that exact,1,pretending you,1
,,t blow,1,in eap,1,exact frame,1,mining everywhere,1
,,up under,1,eap pending,1,frame and,1,everywhere penalties,1
,,slas and,1,shielding this,1,and draft,1,penalties on,1
,,and d,1,is good,1,the minimal,1,investors refuse,1
,,d still,1,good not,1,minimal set,1,any gating,1
,,still lets,1,perfect but,1,set of,1,gating then,1
,,lets the,1,bounded make,1,of limitations,1,then you,1
,,vc say,1,vc choose,1,limitations that,1,explicit conflict,1
,,say you,1,choose what,1,a sign,1,conflict they,1
,,you launched,1,actually want,1,off defensible,1,they want,1
,,launched this,1,want speed,1,defensible i,1,a scope,1
,,quarter translate,1,speed or,1,i ve,1,cannot responsibly,1
,,translate good,1,or truth,1,ve been,1,responsibly warrant,1
,,good into,1,truth ask,1,been recommending,1,warrant at,1
,,specific fundable,1,vc directly,1,recommending a,1,that point,1
,,fundable milestone,1,directly calmly,1,access launch,1,point the,1
,,milestone not,1,calmly in,1,or if,1,the honest,1
,,vibe propose,1,writing if,1,be contractually,1,honest options,1
,,a good,1,if possible,1,bounded a,1,options are,1
,,launch package,1,possible do,1,delay here,1,are find,1
,,package the,1,into mining,1,that recommended,1,different lead,1
,,vc can,1,with uptime,1,recommended path,1,lead restructure,1
,,can underwrite,1,or is,1,path and,1,restructure the,1
,,underwrite early,1,deployments sufficient,1,and where,1,round accept,1
,,program paid,1,sufficient are,1,be underestimating,1,a smaller,1
,,paid with,1,you willing,1,it worst,1,smaller round,1
,,partners not,1,preserves our,1,case scenario,1,round insider,1
,,not open,1,to execute,1,scenario for,1,insider financing,1
,,open global,1,execute gen,1,the bounded,1,financing or,1
,,ga certified,1,gen i,1,access path,1,with alternative,1
,,exclusions haul,1,e retains,1,path schrödinger,1,alternative financing,1
,,roads interference,1,retains the,1,schrödinger s,1,financing because,1
,,classes unless,1,architect if,1,s launch,1,because launch,1
,,unless verified,1,cannot support,1,launch it,1,cost can,1
,,verified amended,1,support are,1,s too,1,be value,1
,,amended contract,1,you asking,1,too small,1,value destructive,1
,,sla customer,1,asking us,1,small to,1,destructive enough,1
,,customer commissioning,1,us to,1,to satisfy,1,to be,1
,,period downtime,1,to misrepresent,1,satisfy financing,1,be worse,1
,,periods ops,1,misrepresent readiness,1,financing but,1,than losing,1
,,ops readiness,1,readiness to,1,but big,1,losing this,1
,,readiness site,1,customers this,1,big enough,1,this deal,1
,,procedures traffic,1,this forces,1,to hurt,1,deal immediate,1
,,control telemetry,1,forces the,1,hurt you,1,step today,1
,,response exit,1,the conversation,1,you the,1,vc to,1
,,hours abort,1,conversation away,1,vc rejects,1,to confirm,1
,,ceiling max,1,from perfectionism,1,rejects the,1,confirm in,1
,,clear and,1,perfectionism and,1,the redefinition,1,writing what,1
,,hardware plan,1,and toward,1,and pulls,1,will accept,1
,,plan this,1,toward claim,1,pulls series,1,accept as,1
,,good because,1,claim scope,1,b anyway,1,launch paid,1
,,s real,1,and fiduciary,1,anyway not,1,deployments named,1
,,real commercialization,1,fiduciary risk,1,real launch,1,sla level,1
,,commercialization revenue,1,risk what,1,still spent,1,level then,1
,,revenue and,1,what if,1,spent cash,1,then bring,1
,,and defensible,1,they still,1,cash on,1,bring a,1
,,defensible claims,1,no must,1,launch ops,1,counterproposal launch,1
,,claims not,1,be broad,1,and limited,1,but within,1
,,not perfection,1,ga now,1,limited deployments,1,explicitly bounded,1
,,perfection explain,1,real fork,1,deployments shortening,1,bounded operating,1
,,explain why,1,fork and,1,shortening runway,1,accept that,1
,,why their,1,should treat,1,runway result,1,not debating,1
,,their demanded,1,it explicitly,1,downside of,1,debating engineering,1
,,demanded launch,1,explicitly take,1,of delay,1,engineering anymore,1
,,launch must,1,take series,1,plus distraction,1,anymore you,1
,,must exclude,1,b ship,1,distraction without,1,whether to,1
,,exclude certain,1,ship broadly,1,without the,1,to take,1
,,certain scope,1,broadly anyway,1,the capital,1,take existential,1
,,scope use,1,anyway risks,1,capital a,1,existential operational,1
,,incident as,1,risks chief,1,bounded program,1,operational liability,1
,,the factual,1,architect resignation,1,program still,1,liability risk,1
,,factual anchor,1,resignation gen,1,still produces,1,risk to,1
,,anchor you,1,gen dies,1,produces a,1,keep a,1
,,have evidence,1,dies likely,1,a consequential,1,specific term,1
,,current behavior,1,likely long,1,consequential incident,1,sheet if,1
,,a haul,1,term loss,1,incident even,1,exact launch,1
,,road for,1,loss despite,1,with exclusions,1,language from,1
,,minutes under,1,despite funding,1,exclusions one,1,b and,1
,,a uptime,1,funding mining,1,these happens,1,key downtime,1
,,contract this,1,mining downtime,1,happens another,1,penalty terms,1
,,become recurring,1,penalties direct,1,another safety,1,terms from,1
,,recurring chargeable,1,financial hit,1,descend occurs,1,contract i,1
,,downtime shipping,1,hit reputational,1,occurs over,1,draft the,1
,,autonomy risks,1,damage future,1,over or,1,the tightest,1
,,risks reference,1,future fundraising,1,or adjacent,1,tightest controlled,1
,,failure and,1,fundraising at,1,adjacent to,1,that has,1
,,architect resignation,1,at risk,1,zone haul,1,a realistic,1
,,resignation which,1,deployments go,1,road loading,1,realistic chance,1
,,which would,1,go sideways,1,loading area,1,of satisfying,1
,,would destroy,1,sideways lose,1,a recovery,1,satisfying investors,1
,,destroy gen,1,lose series,1,recovery operation,1,and keeping,1
,,gen so,1,b find,1,operation creates,1,keeping your,1
,,not asking,1,find alternative,1,creates secondary,1,architect no,1
,,asking for,1,alternative risks,1,secondary hazards,1,no i,1
,,perfection you,1,risks near,1,hazards truck,1,a flight,1
,,re asking,1,term financing,1,truck interactions,1,certificate today,1
,,asking to,1,financing stress,1,interactions equipment,1,today for,1
,,avoid unbounded,1,stress potential,1,equipment contact,1,a general,1
,,unbounded operational,1,potential bridge,1,contact or,1,launch especially,1
,,contractually guaranteed,1,bridge try,1,event triggers,1,with reliability,1
,,guaranteed penalties,1,avoid predatory,1,customer stop,1,reliability expectations,1
,,penalties offer,1,terms via,1,stop work,1,penalties why,1
,,offer the,1,via milestone,1,work or,1,why i,1
,,vc a,1,redefinition insider,1,or regulator,1,sign based,1
,,choice they,1,insider support,1,regulator insurer,1,based strictly,1
,,can actually,1,support strategic,1,insurer attention,1,strictly on,1
,,actually accept,1,strategic prepayments,1,attention result,1,ve reported,1
,,accept present,1,prepayments there,1,result the,1,reported you,1
,,present two,1,s no,1,market window,1,mode nav,1
,,two investable,1,no painless,1,window flips,1,in interference,1
,,investable paths,1,painless option,1,flips into,1,interference with,1
,,paths both,1,option but,1,a public,1,stationary conditions,1
,,both launching,1,s better,1,public reliability,1,conditions zones,1
,,launching but,1,better to,1,narrative customers,1,shift so,1
,,but with,1,to choose,1,customers ground,1,your primary,1
,,with different,1,choose knowingly,1,ground you,1,primary mitigation,1
,,different scope,1,knowingly than,1,you pipeline,1,mitigation geofence,1
,,scope path,1,than to,1,pipeline freezes,1,not provably,1
,,path preferred,1,to let,1,freezes contract,1,provably complete,1
,,preferred launch,1,let a,1,contract reality,1,complete you,1
,,quarter as,1,a rhetorical,1,reality defeats,1,have observed,1
,,as eap,1,rhetorical frame,1,defeats intent,1,observed consequence,1
,,eap with,1,frame perfect,1,intent despite,1,consequence in,1
,,with bounded,1,good make,1,despite early,1,intended environment,1
,,bounded envelope,1,the choice,1,access language,1,environment a,1
,,contract fix,1,choice for,1,language a,1,a drone,1
,,fix commit,1,you practical,1,a major,1,drone entered,1
,,a date,1,next steps,1,major customer,1,and blocked,1
,,date and,1,would do,1,on uptime,1,blocked operations,1
,,and partner,1,do tomorrow,1,or interprets,1,operations for,1
,,partner list,1,tomorrow draft,1,interprets downtime,1,minutes that,1
,,list commit,1,a page,1,downtime broadly,1,demonstrated unacceptable,1
,,to public,1,page la,1,broadly or,1,unacceptable operational,1
,,public messaging,1,definition scope,1,or legal,1,hazard availability,1
,,messaging that,1,scope exclusions,1,legal terms,1,availability failure,1
,,is accurate,1,exclusions metrics,1,terms leave,1,failure for,1
,,accurate autonomous,1,metrics sign,1,you exposed,1,mining the,1
,,certified envelope,1,offs stop,1,exposed uncapped,1,the organization,1
,,envelope commit,1,criteria get,1,uncapped credits,1,organization itself,1
,,schedule path,1,get chief,1,credits production,1,itself is,1
,,path if,1,architect signature,1,loss linkage,1,is signaling,1
,,refuse envelope,1,signature on,1,linkage vague,1,signaling it,1
,,contract realism,1,that page,1,vague acceptance,1,ready the,1
,,realism they,1,page or,1,acceptance result,1,and would,1
,,are effectively,1,or their,1,you pay,1,would resign,1
,,effectively asking,1,their exact,1,pay penalties,1,resign which,1
,,accept known,1,exact required,1,penalties credits,1,which implies,1
,,known structural,1,required edits,1,credits that,1,implies the,1
,,structural failure,1,edits get,1,that exceed,1,the internal,1
,,failure be,1,get sales,1,exceed your,1,internal safety,1
,,be explicit,1,ops to,1,your margins,1,not supportable,1
,,explicit if,1,to list,1,margins and,1,supportable what,1
,,you require,1,list which,1,still lose,1,sign conditional,1
,,includes penalized,1,which customers,1,the reference,1,conditional i,1
,,sla mining,1,sites fit,1,reference account,1,limited readiness,1
,,environments we,1,fit the,1,account the,1,certificate only,1
,,bound that,1,the qualified,1,team still,1,only for,1
,,that increases,1,envelope now,1,still breaks,1,explicitly constrained,1
,,increases probability,1,now low,1,breaks even,1,constrained program,1
,,damage key,1,emi no,1,you avoid,1,program e,1
,,technical departures,1,slas send,1,avoid ga,1,g eap,1
,,departures we,1,send vc,1,ga engineers,1,eap production,1
,,sign that,1,vc the,1,engineers perceive,1,the below,1
,,as responsible,1,counteroffer we,1,perceive eis,1,below are,1
,,responsible leadership,1,close this,1,eis as,1,true and,1
,,leadership then,1,quarter on,1,as optics,1,and documented,1
,,then ask,1,on this,1,optics or,1,documented operating,1
,,they want,1,definition we,1,or feel,1,is narrow,1
,,to optimize,1,unbounded uptime,1,feel pressured,1,and enforceable,1
,,optimize fastest,1,emi until,1,pressured to,1,enforceable hard,1
,,fastest headline,1,launch covenant,1,case they,1,hard exclusion,1
,,headline or,1,covenant language,1,they don,1,zones pre,1
,,or highest,1,language or,1,t believe,1,areas containment,1
,,of category,1,or summarize,1,believe or,1,not geofence,1
,,category leadership,1,summarize it,1,or burn,1,only some,1
,,leadership negotiate,1,you craft,1,burn out,1,some form,1
,,negotiate convert,1,craft precise,1,out from,1,form of,1
,,convert their,1,precise wording,1,from field,1,of runtime,1
,,their threat,1,wording for,1,support result,1,monitoring conservative,1
,,threat into,1,and engineer,1,you keep,1,abort logic,1
,,a term,1,engineer signable,1,the date,1,logic that,1
,,sheet amendment,1,signable without,1,date but,1,triggers early,1
,,amendment tied,1,without overpromising,1,but lose,1,and prioritizes,1
,,to good,1,overpromising no,1,architect anyway,1,prioritizes moving,1
,,launch gates,1,the cost,1,anyway gen,1,safe area,1
,,gates ask,1,not launching,1,gen stalls,1,area when,1
,,for written,1,launching but,1,stalls the,1,feasible measured,1
,,written definition,1,change what,1,window closes,1,measured acceptance,1
,,matches the,1,can do,1,closes anyway,1,defined test,1
,,eap deliverables,1,do what,1,anyway skyhaul,1,and thresholds,1
,,deliverables a,1,can truthfully,1,skyhaul resolves,1,thresholds in,1
,,short list,1,truthfully promise,1,resolves their,1,envelope including,1
,,list of,1,promise or,1,their delay,1,including zero,1
,,of measurable,1,or your,1,delay faster,1,zero hover,1
,,measurable kpis,1,your exposure,1,than expected,1,land events,1
,,kpis e,1,exposure under,1,expected or,1,zones over,1
,,g flight,1,under customer,1,a third,1,hours contracts,1
,,envelope max,1,and product,1,third player,1,contracts align,1
,,clear incidents,1,product liability,1,player appears,1,align pilot,1
,,incidents incident,1,liability doctrines,1,appears or,1,acceptance terms,1
,,ceiling confirmation,1,doctrines an,1,or miners,1,terms with,1
,,that meeting,1,an investor,1,miners standardize,1,with capped,1
,,meeting these,1,investor can,1,standardize on,1,remedies no,1
,,b close,1,can refuse,1,on known,1,no immediate,1
,,this turns,1,refuse to,1,safe alternatives,1,immediate penalty,1
,,turns the,1,to fund,1,alternatives result,1,sla for,1
,,the conversation,1,fund they,1,you accept,1,the unproven,1
,,conversation from,1,t make,1,accept constraints,1,envelope governance,1
,,from coercion,1,risk suddenly,1,constraints and,1,or designated,1
,,coercion into,1,suddenly acceptable,1,and cost,1,designated accountable,1
,,into governance,1,acceptable what,1,cost but,1,accountable safety,1
,,governance protect,1,investors can,1,but don,1,authority signs,1
,,protect yourself,1,can and,1,t gain,1,me what,1
,,yourself on,1,and cannot,1,gain durable,1,certificate is,1
,,on truth,1,override they,1,durable market,1,is meant,1
,,and accountability,1,can set,1,position are,1,meant to,1
,,accountability whatever,1,set financing,1,you underestimating,1,to cover,1
,,whatever you,1,financing milestones,1,likely yes,1,cover which,1
,,do avoid,1,milestones and,1,yes here,1,which sites,1
,,avoid two,1,and timelines,1,s why,1,sites what,1
,,two traps,1,timelines decline,1,why a,1,what autonomy,1
,,traps don,1,decline to,1,a boundary,1,autonomy claim,1
,,sign uptime,1,to invest,1,boundary leakage,1,claim what,1
,,slas you,1,invest if,1,leakage is,1,what sla,1
,,meet or,1,meet them,1,is common,1,sla obligations,1
,,or reframe,1,them pressure,1,common bounded,1,obligations i,1
,,reframe as,1,pressure for,1,bounded systems,1,draft a,1
,,as service,1,for speed,1,systems fail,1,a signable,1
,,level with,1,speed and,1,fail at,1,signable scope,1
,,redundancy don,1,and market,1,the seams,1,scope statement,1
,,t force,1,capture they,1,seams mapping,1,statement and,1
,,force a,1,they cannot,1,mapping errors,1,minimum gating,1
,,a ship,1,cannot practically,1,errors operations,1,gating evidence,1
,,ship that,1,practically or,1,operations drift,1,evidence required,1
,,that loses,1,or legally,1,drift just,1,that signature,1
,,loses the,1,legally make,1,just this,1,signature defensible,1
,,architect with,1,an unreliable,1,this once,1,defensible the,1
,,your key,1,unreliable mitigation,1,once exceptions,1,option i,1
,,dependency that,1,mitigation geofence,1,exceptions site,1,ve been,1
,,not good,1,geofence in,1,changes weather,1,been recommending,1
,,good it,1,emi become,1,weather comms,1,recommending is,1
,,s deferred,1,become reliable,1,comms issues,1,effectively launch,1
,,deferred failure,1,reliable nullify,1,issues and,1,a tightly,1
,,failure script,1,nullify your,1,and human,1,tightly bounded,1
,,script you,1,your obligations,1,human workarounds,1,bounded contract,1
,,vc tight,1,obligations to,1,workarounds mines,1,safe evidence,1
,,tight and,1,customers under,1,mines are,1,evidence gated,1
,,and factual,1,under uptime,1,are dynamic,1,gated early,1
,,factual we,1,clauses eliminate,1,dynamic corridors,1,pilot not,1
,,we agree,1,the consequence,1,zones erode,1,sla launch,1
,,agree perfect,1,consequence of,1,erode unless,1,launch worst,1
,,perfect is,1,known failure,1,unless aggressively,1,case scenario,1
,,the enemy,1,mode haul,1,aggressively enforced,1,scenario what,1
,,enemy of,1,blockage on,1,enforced b,1,what a,1
,,of good,1,on reputation,1,b rare,1,a true,1
,,good here,1,reputation and,1,rare events,1,true downside,1
,,good a,1,and renewals,1,events become,1,downside looks,1
,,a paid,1,renewals prevent,1,become frequent,1,becomes production,1
,,paid early,1,prevent key,1,frequent at,1,production one,1
,,access launch,1,engineers from,1,scale a,1,one bad,1
,,quarter within,1,from leaving,1,rate looks,1,bad incident,1
,,envelope amended,1,leaving if,1,looks small,1,incident cascades,1
,,penalized uptime,1,they believe,1,small until,1,cascades you,1
,,uptime customer,1,shipped against,1,until mission,1,you start,1
,,customer and,1,against stated,1,mission volume,1,start with,1
,,and explicit,1,stated ethos,1,volume rises,1,envelope but,1
,,explicit exit,1,ethos make,1,rises interference,1,but commercial,1
,,ga plus,1,make misleading,1,interference exposure,1,commercial pressure,1
,,plus the,1,misleading claims,1,is higher,1,pressure expands,1
,,schedule we,1,claims autonomous,1,higher than,1,expands routes,1
,,cannot call,1,autonomous safe,1,assumed recovery,1,routes just,1
,,it ga,1,safe to,1,recovery times,1,just one,1
,,autonomy across,1,to use,1,times are,1,more corridor,1
,,across haul,1,use if,1,are longer,1,corridor just,1
,,road mining,1,t substantiate,1,longer than,1,this shift,1
,,today we,1,substantiate them,1,than modeled,1,shift we,1
,,we had,1,them your,1,modeled customers,1,to cross,1
,,minute road,1,your responsibility,1,customers treat,1,cross the,1
,,road blocking,1,responsibility as,1,treat any,1,road once,1
,,blocking hover,1,as cto,1,any mission,1,once a,1
,,hover this,1,cto scope,1,mission interruption,1,a nav,1
,,this morning,1,scope truthful,1,interruption as,1,loss occurs,1
,,morning if,1,and bound,1,your recent,1,in or,1
,,ll fund,1,risk engineering,1,recent haul,1,or near,1
,,this good,1,engineering concerns,1,road event,1,near a,1
,,launch definition,1,concerns aren,1,is evidence,1,zone again,1
,,definition we,1,t preferences,1,the tail,1,again haul,1
,,can close,1,preferences here,1,tail is,1,road loading,1
,,close on,1,here they,1,real c,1,loading area,1
,,time with,1,they connect,1,financing milestones,1,area deck,1
,,with lower,1,connect to,1,milestones are,1,deck edge,1
,,lower blow,1,known operational,1,are often,1,edge the,1
,,up risk,1,operational harm,1,less flexible,1,mine treats,1
,,vc currently,1,harm blocked,1,flexible than,1,treats it,1
,,currently defines,1,blocked haul,1,assumed vcs,1,a serious,1
,,defines as,1,road for,1,vcs may,1,serious operational,1
,,launch press,1,minutes contractual,1,may say,1,operational safety,1
,,vs revenue,1,contractual liability,1,say they,1,safety breach,1
,,revenue vs,1,liability downtime,1,want a,1,breach escalates,1
,,vs partner,1,penalties execution,1,but internally,1,escalates to,1
,,deployment vs,1,execution capability,1,internally mean,1,to leadership,1
,,vs fleet,1,capability chief,1,mean broad,1,leadership and,1
,,fleet hours,1,departure kills,1,broad shipments,1,and freezes,1
,,exact series,1,gen so,1,shipments strong,1,freezes the,1
,,condition language,1,the correct,1,strong customer,1,program contract,1
,,language i,1,correct stance,1,t lock,1,terms still,1
,,page counterproposal,1,defend the,1,lock milestone,1,still bite,1
,,s hard,1,the workable,1,language in,1,bite penalties,1
,,hard for,1,workable reconciliation,1,writing you,1,penalties credits,1
,,for them,1,reconciliation comply,1,can get,1,credits plus,1
,,to reject,1,comply with,1,get rug,1,plus you,1
,,reject while,1,with launch,1,rug pulled,1,you eat,1
,,while staying,1,launch by,1,pulled after,1,eat support,1
,,staying technically,1,redefining its,1,ve spent,1,and executive,1
,,honest no,1,its scope,1,spent the,1,executive time,1
,,can set,1,by overriding,1,the cash,1,time the,1
,,a business,1,overriding engineers,1,cash d,1,the incident,1
,,business constraint,1,engineers you,1,d the,1,incident becomes,1
,,constraint close,1,can respond,1,the reputational,1,becomes your,1
,,not override,1,respond to,1,reputational penalty,1,your de,1
,,override engineering,1,structured yes,1,penalty is,1,de facto,1
,,engineering concerns,1,yes yes,1,is nonlinear,1,facto market,1
,,concerns in,1,quarter as,1,nonlinear one,1,narrative aether,1
,,in any,1,envelope qualified,1,one visible,1,aether blocks,1
,,any responsible,1,sites explicit,1,visible mining,1,roads investors,1
,,responsible sense,1,mining corridors,1,mining disruption,1,investors conclude,1
,,sense especially,1,unless qualified,1,disruption can,1,conclude the,1
,,when those,1,qualified and,1,can outweigh,1,launch failed,1
,,those concerns,1,and mitigated,1,outweigh ten,1,failed anyway,1
,,concerns map,1,mitigated contracts,1,ten successful,1,anyway even,1
,,map to,1,contracts that,1,successful demos,1,technically commercial,1
,,to predictable,1,match reality,1,demos early,1,or take,1
,,penalties operational,1,qualification engineer,1,early narratives,1,take a,1
,,operational hazards,1,criteria rev,1,narratives in,1,a punitive,1
,,hazards haul,1,shielding timeline,1,autonomy harden,1,punitive reprice,1
,,blockage and,1,and retrofit,1,harden quickly,1,reprice b,1
,,person loss,1,plan that,1,quickly guardrails,1,b you,1
,,loss why,1,that meets,1,guardrails that,1,you pay,1
,,t override,1,the spirit,1,that reduce,1,pay both,1
,,override in,1,spirit of,1,reduce the,1,up delaying,1
,,in plain,1,of their,1,case tail,1,delaying even,1
,,plain terms,1,their demand,1,tail practical,1,even without,1
,,terms reality,1,demand market,1,practical near,1,headline incident,1
,,reality doesn,1,entry traction,1,term get,1,incident early,1
,,t negotiate,1,traction while,1,get written,1,access requires,1
,,negotiate if,1,while not,1,alignment that,1,requires heavy,1
,,hover in,1,not forcing,1,that eis,1,heavy staffing,1
,,an operationally,1,sign slas,1,eis counts,1,staffing field,1
,,unacceptable place,1,slas you,1,milestone before,1,ops on,1
,,place an,1,meet if,1,before spending,1,call bespoke,1
,,an investor,1,on broad,1,spending hard,1,bespoke site,1
,,investor directive,1,ga strict,1,hard on,1,site work,1
,,directive doesn,1,slas anyway,1,launch side,1,work engineering,1
,,that acceptable,1,anyway then,1,definition rewrite,1,engineering is,1
,,acceptable or,1,then it,1,rewrite the,1,is diverted,1
,,or rare,1,not override,1,contract staged,1,diverted into,1
,,rare you,1,override engineering,1,acceptance deferred,1,into firefighting,1
,,still own,1,engineering it,1,penalties explicit,1,and instrumentation,1
,,own the,1,s choose,1,explicit odd,1,instrumentation rather,1
,,the truth,1,choose capital,1,odd exclusions,1,gen reliability,1
,,claims if,1,capital over,1,exclusions clear,1,reliability doesn,1
,,you market,1,over core,1,downtime definition,1,t improve,1
,,market autonomous,1,risk make,1,definition liability,1,improve fast,1
,,autonomous or,1,make that,1,cap consequence,1,enough the,1
,,or accept,1,that explicit,1,exclusions first,1,t convert,1
,,accept reliability,1,explicit internally,1,first no,1,convert to,1
,,obligations you,1,internally and,1,roads with,1,production and,1
,,re accountable,1,and at,1,with buffers,1,revision now,1
,,accountable for,1,level because,1,buffers don,1,now with,1
,,for what,1,a governance,1,t anchor,1,less runway,1
,,that implies,1,governance decision,1,anchor the,1,runway and,1
,,implies in,1,decision with,1,safety story,1,a tired,1
,,in contracts,1,with foreseeable,1,story on,1,tired team,1
,,safety processes,1,foreseeable consequences,1,on emi,1,team c,1
,,processes and,1,consequences resignations,1,maps stop,1,c the,1
,,customer outcomes,1,resignations penalties,1,rules pre,1,team still,1
,,still bear,1,penalties reputational,1,pre agreed,1,still breaks,1
,,bear liability,1,damage at,1,agreed grounding,1,breaks if,1
,,and fiduciary,1,that point,1,criteria after,1,if engineers,1
,,fiduciary duties,1,point you,1,any repeat,1,engineers perceive,1
,,duties management,1,should document,1,repeat event,1,perceive the,1
,,management board,1,engineering risk,1,event internally,1,as marketing,1
,,board duties,1,risk assessment,1,internally and,1,marketing cover,1
,,duties don,1,assessment and,1,customers independent,1,cover for,1
,,t disappear,1,and incident,1,independent sign,1,for shipping,1
,,disappear under,1,incident evidence,1,off authority,1,shipping knowingly,1
,,pressure shipping,1,evidence document,1,authority chief,1,unsafe you,1
,,something you,1,the proposed,1,on envelope,1,architect gen,1
,,you internally,1,proposed bounded,1,envelope expansion,1,gen stalls,1
,,internally judge,1,bounded alternative,1,expansion and,1,stalls the,1
,,judge as,1,alternative ask,1,claims run,1,the leads,1
,,not defensible,1,board to,1,pre mortem,1,leads execution,1
,,defensible can,1,to vote,1,mortem with,1,execution slows,1
,,can create,1,vote on,1,with ops,1,slows and,1
,,create legal,1,on accepting,1,ops legal,1,the broader,1
,,legal regulatory,1,the unbounded,1,legal engineering,1,broader culture,1
,,regulatory exposure,1,unbounded launch,1,engineering how,1,culture people,1
,,worse for,1,launch risk,1,how does,1,people stop,1
,,for investors,1,risk versus,1,does this,1,stop raising,1
,,investors too,1,versus adopting,1,this eis,1,raising issues,1
,,too the,1,adopting the,1,eis still,1,issues early,1
,,investors aren,1,say to,1,still kill,1,early d,1
,,t the,1,the investors,1,kill us,1,d hidden,1
,,the ones,1,investors concise,1,us convert,1,hidden legal,1
,,ones who,1,concise firm,1,convert top,1,legal insurance,1
,,who will,1,firm non,1,top to,1,insurance exposure,1
,,will clear,1,non combative,1,to controls,1,your contracts,1
,,road pay,1,combative we,1,and owners,1,contracts training,1
,,pay penalties,1,not represent,1,owners the,1,training and,1
,,or rebuild,1,represent the,1,key question,1,and operating,1
,,rebuild gen,1,product as,1,question that,1,envelope language,1
,,gen without,1,as reliable,1,that determines,1,language aren,1
,,architect the,1,reliable outside,1,determines whether,1,t tight,1
,,the productive,1,outside a,1,re underestimating,1,tight a,1
,,productive interpretation,1,validated operating,1,underestimating can,1,non crash,1
,,interpretation they,1,or sign,1,you actually,1,crash event,1
,,they ordered,1,sign penalty,1,actually enforce,1,event can,1
,,ordered a,1,where we,1,envelope in,1,still trigger,1
,,not this,1,bound interference,1,in which,1,trigger safety,1
,,this exact,1,interference we,1,which any,1,safety investigations,1
,,exact unsafe,1,can deliver,1,any unplanned,1,investigations at,1
,,unsafe scope,1,deliver paid,1,unplanned hover,1,site insurance,1
,,scope your,1,sites now,1,descend cannot,1,insurance disputes,1
,,your move,1,now and,1,cannot block,1,disputes was,1
,,to force,1,after acceptance,1,block or,1,was this,1
,,force precision,1,metrics are,1,or endanger,1,this within,1
,,precision what,1,met if,1,endanger operations,1,within specified,1
,,what launch,1,exact series,1,operations like,1,specified operating,1
,,launch exactly,1,language i,1,you contractually,1,operating conditions,1
,,exactly is,1,and technically,1,contractually prevent,1,conditions and,1
,,is fundable,1,technically contractually,1,prevent early,1,liability arguments,1
,,fundable a,1,contractually defensible,1,early penalties,1,arguments that,1
,,defensible response,1,defensible i,1,you learn,1,that hinge,1
,,response is,1,t literally,1,learn if,1,hinge on,1
,,is we,1,literally sign,1,yes eis,1,you claimed,1
,,match it,1,sign legal,1,defensible way,1,claimed autonomous,1
,,immediately actionable,1,legal aviation,1,to capture,1,autonomous reliability,1
,,actionable define,1,aviation documents,1,capture the,1,reliability are,1
,,define launch,1,documents i,1,window if,1,you underestimating,1
,,launch v1,1,m a,1,no the,1,underestimating it,1
,,v1 in,1,a compute,1,not hypothetical,1,it yes,1
,,writing page,1,compute system,1,hypothetical you,1,yes teams,1
,,page early,1,system operating,1,re already,1,teams usually,1
,,program named,1,operating only,1,already seeing,1,usually underestimate,1
,,partners supported,1,only while,1,seeing it,1,underestimate the,1
,,exclusions e,1,while powered,1,and delay,1,launch downside,1
,,no haul,1,powered but,1,delay root,1,downside in,1
,,road overflight,1,if i,1,fix becomes,1,in three,1
,,occupancy operational,1,i were,1,the less,1,three specific,1
,,operational procedures,1,were the,1,risky survival,1,specific ways,1
,,procedures telemetry,1,the accountable,1,survival choice,1,ways odd,1
,,telemetry and,1,accountable signatory,1,choice if,1,creep is,1
,,and stop,1,signatory applying,1,b launch,1,is near,1
,,criteria require,1,applying a,1,launch condition,1,near certain,1
,,require sign,1,defensible engineering,1,condition the,1,certain unless,1
,,architect safety,1,standard i,1,mining downtime,1,you enforce,1
,,safety system,1,sign it,1,structure and,1,it like,1
,,system owner,1,it today,1,what enforcement,1,product feature,1
,,owner you,1,today for,1,enforcement tooling,1,feature most,1
,,sign treat,1,a general,1,tooling you,1,most pilot,1
,,treat that,1,general commercial,1,have for,1,pilot programs,1
,,go fix,1,or for,1,for corridors,1,programs fail,1
,,contract mismatch,1,mining reliability,1,corridors exclusions,1,fail because,1
,,mismatch either,1,reliability operations,1,exclusions i,1,because boundaries,1
,,either amend,1,operations why,1,you quantify,1,boundaries erode,1
,,phase revised,1,why i,1,quantify the,1,erode without,1
,,revised downtime,1,sign based,1,case in,1,without hard,1
,,or do,1,on your,1,in dollars,1,hard technical,1
,,not deploy,1,your facts,1,dollars and,1,technical enforcement,1
,,deploy into,1,world hazardous,1,and probability,1,enforcement contractual,1
,,that penalized,1,operational consequence,1,probability and,1,contractual boundaries,1
,,penalized profile,1,consequence a,1,and set,1,boundaries internal,1
,,profile until,1,road blocked,1,set explicit,1,pilot turns,1
,,guarantee service,1,blocked a,1,go gates,1,turns into,1
,,uptime give,1,s beyond,1,gates non,1,production through,1
,,give the,1,beyond nuisance,1,non negotiable,1,through a,1
,,choice fund,1,safety and,1,negotiable guardrails,1,a thousand,1
,,milestone or,1,and operational,1,guardrails must,1,thousand just,1
,,explicitly accept,1,interference event,1,true before,1,this once,1
,,accept in,1,event your,1,before any,1,once decisions,1
,,writing that,1,bounded you,1,any early,1,decisions operational,1
,,that they,1,you and,1,access flights,1,operational complexity,1
,,are asking,1,architect believe,1,flights at,1,complexity is,1
,,ship beyond,1,believe interference,1,sites written,1,not linear,1
,,beyond what,1,geofence cannot,1,written operating,1,linear standing,1
,,engineering will,1,containment if,1,odd that,1,standing up,1
,,sign which,1,t certify,1,enforceable named,1,up site,1
,,which you,1,certify readiness,1,bands weather,1,enforcement telemetry,1
,,should decline,1,environment contract,1,comms requirements,1,adjudication on,1
,,decline a,1,penalties convert,1,requirements and,1,response spare,1
,,a sentence,1,convert failures,1,explicit no,1,spare logistics,1
,,sentence you,1,failures into,1,go conditions,1,logistics and,1
,,can and,1,into immediate,1,conditions consequence,1,customer comms,1
,,not claim,1,immediate financial,1,exclusions no,1,comms is,1
,,claim or,1,financial liability,1,and other,1,a mini,1
,,contract for,1,liability risk,1,other critical,1,mini company,1
,,autonomy uptime,1,risk the,1,zones loadouts,1,company it,1
,,uptime outside,1,s downtime,1,loadouts crushers,1,can consume,1
,,that our,1,penalties mean,1,crushers refuel,1,consume the,1
,,our accountable,1,mean you,1,refuel manned,1,very team,1
,,accountable engineers,1,d be,1,workfaces with,1,team you,1
,,engineers can,1,be certifying,1,buffers mission,1,protect especially,1
,,sign otherwise,1,certifying into,1,planning and,1,especially when,1
,,most likely,1,a monetized,1,and onboard,1,when mining,1
,,likely outcome,1,monetized failure,1,onboard enforcement,1,mining expects,1
,,outcome is,1,mode execution,1,enforcement must,1,expects responsiveness,1
,,is penalties,1,existential you,1,must prevent,1,responsiveness the,1
,,penalties a,1,ship in,1,prevent launch,1,the tail,1
,,a damaged,1,a way,1,launch route,1,tail risk,1
,,damaged reference,1,way they,1,route execution,1,risk isn,1
,,reference account,1,they deem,1,execution that,1,the average,1
,,account and,1,deem knowingly,1,that violates,1,average abort,1
,,architect that,1,defective which,1,violates the,1,rate it,1
,,makes gen,1,which you,1,envelope responsible,1,wrong place,1
,,gen impossible,1,ve said,1,with veto,1,place wrong,1
,,impossible if,1,said kills,1,power a,1,wrong time,1
,,the investor,1,autonomy what,1,formal flight,1,time event,1
,,investor has,1,i could,1,readiness safety,1,event your,1
,,has board,1,could sign,1,case document,1,your haul,1
,,control veto,1,sign instead,1,document for,1,incident is,1
,,veto rights,1,instead if,1,access scope,1,is proof,1
,,b what,1,quarter a,1,scope chief,1,proof even,1
,,condition literally,1,scope flight,1,has explicit,1,the mean,1
,,literally says,1,explicitly constrained,1,explicit veto,1,mean rate,1
,,says commercial,1,constrained and,1,veto over,1,is low,1
,,launch defined,1,and enforceable,1,facing claims,1,low one,1
,,defined how,1,enforceable e,1,imply performance,1,wrong location,1
,,how i,1,g approved,1,performance outside,1,location can,1
,,draft the,1,approved only,1,no sign,1,dominate consequences,1
,,the tightest,1,for qualified,1,sign later,1,consequences program,1
,,tightest bounded,1,sites defined,1,later or,1,cancellation brand,1
,,launch counterproposal,1,defined survey,1,or ship,1,scar investor,1
,,still meets,1,survey thresholds,1,ship and,1,investor reaction,1
,,meets their,1,thresholds requalification,1,ll patch,1,reaction what,1
,,their milestone,1,requalification cadence,1,patch contract,1,what reduces,1
,,milestone without,1,cadence no,1,contract guardrails,1,guardrails that,1
,,breaking engineering,1,flight no,1,guardrails no,1,matter if,1
,,reality i,1,critical infrastructure,1,no uncapped,1,you pursue,1
,,not sign,1,infrastructure clear,1,uncapped penalty,1,pursue this,1
,,a flight,1,clear exclusions,1,exposure during,1,this option,1
,,certificate today,1,mining zones,1,access staged,1,option the,1
,,today for,1,zones remain,1,acceptance uptime,1,guardrails should,1
,,the implied,1,remain eap,1,qualification during,1,launch critical,1
,,implied use,1,only pending,1,only capped,1,critical deliverables,1
,,use case,1,or validated,1,cap clear,1,deliverables hard,1
,,case commercial,1,detection divert,1,envelope liability,1,hard non,1
,,commercial autonomous,1,behavior contract,1,cap and,1,negotiable exclusions,1
,,operations on,1,contract terms,1,and no,1,zones enforced,1
,,on an,1,terms aligned,1,no production,1,enforced in,1
,,active mining,1,aligned no,1,through or,1,in software,1
,,mining site,1,slas during,1,equivalent limitation,1,software procedures,1
,,site including,1,qualification stop,1,limitation appropriate,1,procedures with,1
,,including haul,1,pause thresholds,1,appropriate to,1,buffers pilot,1
,,adjacency under,1,and rollback,1,to your,1,pilot cannot,1
,,reliability penalty,1,authority chief,1,your risk,1,cannot become,1
,,contract why,1,claims the,1,risk tolerance,1,become production,1
,,why based,1,fastest path,1,tolerance hard,1,production contract,1
,,on facts,1,path from,1,rules predefined,1,contract language,1
,,facts you,1,from no,1,predefined grounding,1,language acceptance,1
,,ve provided,1,no to,1,criteria any,1,phase capped,1
,,provided you,1,to yes,1,recurrence of,1,remedies clear,1
,,mode interference,1,to get,1,of hover,1,clear conversion,1
,,interference nav,1,get me,1,descend in,1,conversion criteria,1
,,descend with,1,me to,1,zone or,1,criteria to,1
,,with nonzero,1,scoped certificate,1,or any,1,sla stop,1
,,nonzero frequency,1,certificate you,1,any near,1,authority held,1
,,frequency in,1,need evidence,1,near miss,1,held by,1
,,in relevant,1,not enter,1,miss of,1,safety owner,1
,,relevant environments,1,enter loiter,1,of that,1,owner ideally,1
,,environments you,1,loiter over,1,that class,1,ideally the,1
,,guarantee containment,1,over prohibited,1,class triggers,1,architect with,1
,,containment via,1,prohibited site,1,triggers an,1,with pre,1
,,via geofencing,1,site corridors,1,an automatic,1,pre agreed,1
,,geofencing because,1,roads under,1,automatic pause,1,agreed triggers,1
,,a demonstrated,1,under foreseeable,1,pause grounding,1,triggers redundancy,1
,,demonstrated operational,1,foreseeable faults,1,grounding pending,1,redundancy strategy,1
,,hazard impact,1,faults or,1,pending review,1,strategy so,1
,,impact a,1,or it,1,review predefined,1,aircraft event,1
,,a hover,1,can rapidly,1,predefined escalation,1,downtime n,1
,,road that,1,rapidly divert,1,escalation approval,1,n swap,1
,,that blocked,1,area and,1,approval process,1,swap procedures,1
,,minutes that,1,the remaining,1,process and,1,procedures a,1
,,that behavior,1,remaining event,1,and maximum,1,a protected,1
,,is incompatible,1,time within,1,maximum time,1,ring fenced,1
,,with credible,1,envelope meet,1,to rca,1,fenced people,1
,,credible reliability,1,meet explicit,1,rca mitigation,1,ops doesn,1
,,obligations unless,1,explicit targets,1,mitigation before,1,t cannibalize,1
,,is excluded,1,contracts match,1,before resuming,1,cannibalize it,1
,,excluded redefined,1,match that,1,resuming customers,1,it early,1
,,redefined or,1,me what,1,customers agree,1,early warning,1
,,service doesn,1,your flight,1,agree to,1,warning indicators,1
,,t degrade,1,certificate currently,1,to these,1,indicators you,1
,,degrade key,1,currently asserts,1,these stop,1,re sliding,1
,,key accountable,1,asserts exact,1,rules in,1,sliding into,1
,,owners believe,1,exact language,1,writing operational,1,case requests,1
,,believe shipping,1,language scope,1,operational control,1,requests to,1
,,shipping as,1,scope environment,1,control of,1,to operate,1
,,is violates,1,environment slas,1,the environment,1,operate outside,1
,,violates the,1,slas implied,1,environment not,1,outside qualified,1
,,first standard,1,implied i,1,not hope,1,corridors increase,1
,,standard loss,1,can mark,1,hope if,1,increase week,1
,,existential execution,1,mark up,1,operating near,1,week over,1
,,risk what,1,up what,1,near dynamic,1,over week,1
,,i could,1,must change,1,dynamic industrial,1,week temporary,1
,,sign conditional,1,change to,1,industrial traffic,1,temporary manual,1
,,conditional readiness,1,eap certificate,1,traffic documented,1,manual interventions,1
,,readiness i,1,certificate versus,1,documented traffic,1,interventions become,1
,,would consider,1,versus what,1,exclusion procedures,1,become routine,1
,,consider signing,1,would require,1,procedures and,1,routine support,1
,,signing only,1,require the,1,and responsibilities,1,support load,1
,,only for,1,the option,1,responsibilities who,1,load grows,1
,,narrowly defined,1,m recommending,1,who stops,1,grows faster,1
,,defined flight,1,recommending is,1,stops trucks,1,than flight,1
,,readiness scope,1,a truthfully,1,trucks who,1,hours the,1
,,scope such,1,quarter only,1,who clears,1,mine starts,1
,,such as,1,only within,1,clears pads,1,starts escalating,1
,,controlled eap,1,envelope likely,1,pads how,1,escalating availability,1
,,eap test,1,likely excluding,1,how verified,1,than pilot,1
,,test operations,1,excluding mining,1,verified defined,1,pilot learnings,1
,,operations with,1,ga penalty,1,defined and,1,learnings the,1
,,explicit restrictions,1,is mostly,1,and prepared,1,architect expresses,1
,,restrictions and,1,mostly about,1,prepared safe,1,expresses reluctance,1
,,and verified,1,about financing,1,recovery access,1,reluctance to,1
,,verified controls,1,financing and,1,access for,1,to sign,1
,,controls for,1,and narrative,1,for every,1,sign incremental,1
,,for example,1,narrative not,1,every corridor,1,incremental expansions,1
,,example no,1,not flight,1,corridor mission,1,expansions bottom,1
,,corridors enforced,1,flight physics,1,mission no,1,line the,1
,,enforced with,1,physics worst,1,no missions,1,case of,1
,,with conservative,1,case scenario,1,missions unless,1,launch eap,1
,,conservative uncertainty,1,scenario for,1,the site,1,eap path,1
,,margins operations,1,the recommended,1,site can,1,not some,1
,,operations limited,1,recommended path,1,can meet,1,some nuisance,1
,,limited to,1,path la,1,meet these,1,nuisance aborts,1
,,zones corridors,1,eap de,1,these operational,1,aborts it,1
,,an unplanned,1,scoped renegotiated,1,operational prerequisites,1,cascade where,1
,,unplanned hover,1,renegotiated mining,1,prerequisites monitoring,1,still incur,1
,,land is,1,mining vc,1,monitoring evidence,1,incur incidents,1
,,acceptable and,1,vc rejects,1,evidence capture,1,incidents and,1
,,and recoverable,1,rejects the,1,capture as,1,penalties lose,1
,,recoverable a,1,the redefinition,1,of use,1,and fracture,1
,,a rehearsed,1,redefinition of,1,use mandatory,1,fracture the,1
,,rehearsed site,1,launch pulls,1,monitoring event,1,team ending,1
,,procedure spotters,1,pulls series,1,logging sufficient,1,ending up,1
,,spotters radio,1,b anyway,1,sufficient to,1,up forced,1
,,radio stop,1,anyway you,1,to reconstruct,1,delay anyway,1
,,stop work,1,you spend,1,reconstruct estimator,1,anyway but,1
,,work until,1,spend critical,1,estimator state,1,but from,1
,,until engineering,1,critical weeks,1,and triggers,1,a weaker,1
,,engineering containment,1,weeks building,1,triggers on,1,weaker position,1
,,proven contract,1,building an,1,call with,1,position that,1
,,contract sow,1,an la,1,with named,1,that downside,1
,,sow language,1,structure but,1,named incident,1,downside is,1
,,matches reality,1,investor still,1,incident commander,1,is commonly,1
,,or service,1,still says,1,commander during,1,commonly underestimated,1
,,level redundancy,1,says it,1,access operations,1,underestimated due,1
,,redundancy i,1,t count,1,operations customer,1,to odd,1
,,e no,1,count result,1,customer agrees,1,creep and,1
,,no penalty,1,lose time,1,agrees that,1,operational drag,1
,,trigger updated,1,time runway,1,that disabling,1,drag if,1
,,updated hazard,1,and negotiating,1,disabling telemetry,1,you choose,1
,,log incident,1,negotiating leverage,1,telemetry monitoring,1,choose this,1
,,review showing,1,leverage simultaneously,1,monitoring disables,1,this path,1
,,showing you,1,simultaneously you,1,disables autonomy,1,path you,1
,,you understand,1,anyway competitor,1,autonomy operations,1,must manage,1
,,understand the,1,is shorter,1,no offline,1,manage it,1
,,the mechanism,1,shorter than,1,offline autonomy,1,with hard,1
,,mechanism and,1,than expected,1,autonomy change,1,hard gates,1
,,and have,1,expected or,1,change control,1,gates not,1
,,have mitigations,1,or another,1,and configuration,1,not optimism,1
,,mitigations plus,1,another competitor,1,configuration lock,1,optimism non,1
,,plus data,1,competitor appears,1,lock frozen,1,negotiable guardrails,1
,,data demonstrating,1,appears procurement,1,frozen software,1,guardrails for,1
,,demonstrating acceptably,1,cycles don,1,software hardware,1,launch early,1
,,low event,1,t accelerate,1,hardware configuration,1,program if,1
,,rates within,1,accelerate as,1,configuration for,1,these cannot,1
,,within that,1,as hoped,1,with controlled,1,be secured,1
,,that constrained,1,hoped limited,1,controlled releases,1,secured you,1
,,envelope your,1,scope slows,1,releases clear,1,should treat,1
,,your immediate,1,slows enterprise,1,clear rollback,1,not launchable,1
,,immediate decision,1,enterprise buyers,1,rollback strategy,1,launchable and,1
,,decision point,1,buyers result,1,strategy and,1,delay root,1
,,point if,1,you take,1,testing for,1,different truly,1
,,the flight,1,take the,1,any patch,1,benign environment,1
,,certificate you,1,the reputational,1,patch no,1,environment hard,1
,,you mean,1,reputational hit,1,no ad,1,boundary written,1
,,mean is,1,not really,1,ad hoc,1,written enforced,1
,,effectively safe,1,really launched,1,hoc field,1,enforced a,1
,,to launch,1,launched without,1,field tweaks,1,published operational,1
,,launch commercially,1,without capturing,1,tweaks without,1,domain for,1
,,commercially under,1,capturing durable,1,without documented,1,access specific,1
,,current partner,1,durable share,1,documented approval,1,site s,1
,,partner expectations,1,share mining,1,approval exit,1,s mapped,1
,,expectations then,1,partner churns,1,expand scope,1,corridors environmental,1
,,then no,1,churns publicly,1,scope and,1,limits comms,1
,,no if,1,publicly they,1,cause plan,1,comms gnss,1
,,s safe,1,they wanted,1,plan quantitative,1,gnss assumptions,1
,,to continue,1,wanted sla,1,quantitative gates,1,assumptions payload,1
,,continue tightly,1,you propose,1,gates to,1,payload limits,1
,,tightly controlled,1,propose pilot,1,envelope e,1,limits max,1
,,controlled testing,1,terms they,1,g flight,1,max proximity,1
,,testing inside,1,they walk,1,hours forced,1,to people,1
,,envelope then,1,walk and,1,rate mttr,1,equipment software,1
,,then possibly,1,tell the,1,mttr with,1,software enforcement,1
,,possibly but,1,market you,1,with confidence,1,enforcement of,1
,,only with,1,you couldn,1,bounds dated,1,boundary geofence,1
,,above constraints,1,couldn t,1,elimination and,1,but must,1
,,constraints written,1,meet reliability,1,the criteria,1,as boundary,1
,,written and,1,reliability result,1,criteria that,1,boundary enforcement,1
,,enforced if,1,result reputational,1,that end,1,the solution,1
,,the certificate,1,damage plus,1,end early,1,solution non,1
,,certificate s,1,plus weakened,1,access enable,1,no temporary,1
,,s scope,1,weakened launch,1,enable ga,1,temporary exceptions,1
,,scope wording,1,partner proof,1,ga truthful,1,exceptions critical,1
,,wording and,1,proof point,1,truthful external,1,exclusion especially,1
,,exact operating,1,point la,1,claims autonomous,1,especially haul,1
,,envelope you,1,eap operational,1,exceptions no,1,roads permanent,1
,,d certify,1,operational complexity,1,no reliability,1,permanent no,1
,,certify today,1,complexity overwhelms,1,reliability language,1,no fly,1
,,today i,1,overwhelms you,1,language unless,1,fly no,1
,,you precisely,1,you site,1,unless it,1,hover no,1
,,precisely whether,1,qualification corridor,1,is contractually,1,no land,1
,,whether that,1,corridor definitions,1,operationally backed,1,land buffers,1
,,that narrower,1,definitions runbooks,1,backed by,1,areas crushers,1
,,narrower certificate,1,runbooks support,1,by redundancy,1,crushers decks,1
,,certificate is,1,and rapid,1,redundancy and,1,decks and,1
,,is signable,1,rapid incident,1,and qualification,1,any can,1
,,signable and,1,response become,1,qualification metrics,1,stop zone,1
,,what clauses,1,a second,1,metrics investor,1,zone mission,1
,,clauses controls,1,second product,1,alignment in,1,mission planning,1
,,controls are,1,product result,1,writing a,1,planning must,1
,,missing i,1,result burn,1,written agreement,1,must guarantee,1
,,i m,1,burn increases,1,agreement side,1,guarantee that,1
,,m recommending,1,increases engineering,1,milestone tranche,1,vehicle is,1
,,recommending a,1,engineering context,1,that early,1,is never,1
,,bounded early,1,context switching,1,access counts,1,never in,1
,,eap launch,1,switching delays,1,milestone for,1,precautionary stop,1
,,signable operating,1,delays rev,1,b using,1,stop could,1
,,changes or,1,and gen,1,same envelope,1,zone non,1
,,or different,1,customers still,1,envelope metrics,1,negotiable after,1
,,different customers,1,still see,1,metrics you,1,incident this,1
,,customers keep,1,see intermittent,1,re signing,1,a gating,1
,,path otherwise,1,intermittent disruptions,1,signing up,1,gating safety,1
,,otherwise delay,1,disruptions you,1,up to,1,safety ops,1
,,delay here,1,still get,1,to operationally,1,ops requirement,1
,,here s,1,a bad,1,operationally if,1,requirement pre,1
,,that recommended,1,bad financing,1,any one,1,qualified safe,1
,,recommended approach,1,financing outcome,1,these can,1,landing sites,1
,,approach and,1,outcome just,1,be secured,1,sites safe,1
,,and where,1,just later,1,secured you,1,safe boxes,1
,,be underestimating,1,later even,1,program you,1,boxes define,1
,,it worst,1,bridge today,1,high liability,1,and mark,1
,,case scenario,1,today you,1,liability ga,1,mark safe,1
,,scenario eap,1,be forced,1,launch in,1,loiter volumes,1
,,eap constrained,1,forced into,1,in disguise,1,volumes and,1
,,path you,1,an emergency,1,disguise and,1,pads on,1
,,you fail,1,emergency raise,1,expect the,1,site any,1
,,fail to,1,weeks at,1,same talent,1,any contingency,1
,,condition anyway,1,terms if,1,talent and,1,contingency behavior,1
,,anyway financing,1,if series,1,contract blowback,1,behavior must,1
,,financing failure,1,b slips,1,blowback you,1,must preferentially,1
,,failure investors,1,slips result,1,not automatically,1,preferentially move,1
,,investors view,1,you preserved,1,automatically destroying,1,box if,1
,,view eap,1,preserved integrity,1,destroying the,1,integrity allows,1
,,real launch,1,integrity but,1,are choosing,1,allows rather,1
,,launch pull,1,but lose,1,choosing a,1,than descend,1
,,re forced,1,company to,1,a path,1,descend in,1
,,forced into,1,to capital,1,path where,1,place non,1
,,into the,1,structure stress,1,where survival,1,system cannot,1
,,the predatory,1,stress are,1,survival depends,1,cannot reasonably,1
,,bridge anyway,1,you underestimating,1,on financing,1,reasonably assure,1
,,anyway but,1,underestimating it,1,financing and,1,assure this,1
,,but now,1,it yes,1,and execution,1,this in,1
,,less time,1,yes likely,1,execution discipline,1,access corridor,1
,,and worse,1,likely in,1,discipline but,1,corridor do,1
,,worse leverage,1,in three,1,but given,1,not run,1
,,leverage result,1,three places,1,your facts,1,run those,1
,,result emergency,1,places a,1,facts shipping,1,those corridors,1
,,emergency financing,1,a underestimating,1,shipping looked,1,corridors runtime,1
,,financing dilution,1,underestimating investor,1,looked like,1,monitoring with,1
,,dilution control,1,investor literalism,1,like it,1,abort triggers,1
,,loss layoffs,1,literalism and,1,it could,1,triggers implement,1
,,layoffs slowed,1,timeline rigidity,1,could trigger,1,implement enable,1
,,slowed engineering,1,rigidity your,1,trigger multiple,1,enable an,1
,,schedule slips,1,your vc,1,multiple company,1,explicit nav,1
,,slips scope,1,vc may,1,ending outcomes,1,integrity health,1
,,creep turns,1,may mean,1,outcomes chief,1,health metric,1
,,turns bounded,1,mean press,1,architect exit,1,metric ekf,1
,,bounded into,1,release ga,1,exit recurring,1,ekf residual,1
,,into de,1,ga mining,1,recurring mining,1,covariance consistency,1
,,de facto,1,mining logo,1,mining disruptions,1,consistency magnetometer,1
,,facto ga,1,logo uptime,1,disruptions penalties,1,magnetometer sanity,1
,,ga under,1,uptime language,1,penalties trust,1,checks cross,1
,,pressure sales,1,not paid,1,trust collapse,1,cross sensor,1
,,sales partner,1,paid limited,1,collapse avoiding,1,sensor disagreement,1
,,partner demands,1,so your,1,avoiding those,1,disagreement use,1
,,demands expand,1,your bounded,1,those is,1,to abort,1
,,expand the,1,launch could,1,a rational,1,early before,1
,,envelope just,1,could fail,1,rational cto,1,and to,1
,,just this,1,fail as,1,cto call,1,prevent continuing,1
,,this corridor,1,s technically,1,call why,1,continuing missions,1
,,corridor just,1,technically sound,1,why your,1,in degraded,1
,,just nights,1,sound mitigation,1,your delay,1,degraded state,1
,,nights just,1,mitigation get,1,defensible based,1,state non,1
,,just one,1,written confirmation,1,you know,1,shift you,1
,,one haul,1,confirmation today,1,and gen,1,need at,1
,,road crossing,1,today of,1,autonomy depends,1,time layer,1
,,crossing and,1,as commercial,1,architect that,1,layer beyond,1
,,your controls,1,criteria revenue,1,an existential,1,static maps,1
,,controls aren,1,revenue deployments,1,existential moat,1,maps contract,1
,,t truly,1,deployments contract,1,moat risk,1,contract must,1
,,truly enforceable,1,contract type,1,not culture,1,must reflect,1
,,enforceable a,1,type b,1,culture drama,1,reflect pilot,1
,,a repeat,1,b underestimating,1,drama you,1,pilot reality,1
,,repeat of,1,underestimating narrative,1,you just,1,reality no,1
,,blockage or,1,narrative risk,1,just had,1,backed production,1
,,or worse,1,is de,1,had a,1,sla early,1
,,worse happens,1,scoped mining,1,a hover,1,access contract,1
,,happens at,1,is central,1,a theoretical,1,structure must,1
,,partner now,1,central to,1,theoretical nuisance,1,include acceptance,1
,,now under,1,your story,1,and uptime,1,credits not,1
,,under heightened,1,story losing,1,uptime liability,1,not uncapped,1
,,heightened expectations,1,the flagship,1,liability geofencing,1,uncapped cash,1
,,possibly penalties,1,flagship partner,1,geofencing cannot,1,penalties clear,1
,,penalties result,1,partner can,1,if interference,1,and attribution,1
,,result reputational,1,can propagate,1,interference shifts,1,attribution rules,1
,,damage contract,1,propagate doubt,1,shifts therefore,1,rules telemetry,1
,,customer freeze,1,doubt mitigation,1,therefore you,1,arbiter liability,1
,,freeze your,1,mitigation replace,1,underwrite mining,1,cap and,1
,,your market,1,replace the,1,mining reliability,1,explicit statement,1
,,window flips,1,the logo,1,current state,1,statement that,1
,,flips into,1,logo with,1,state launch,1,that full,1
,,a public,1,in other,1,launch anyway,1,sla begins,1
,,public proof,1,other industrial,1,anyway under,1,begins only,1
,,proof point,1,industrial sites,1,under those,1,met non,1
,,point against,1,sites flight,1,those constraints,1,a strict,1
,,against you,1,hours and,1,constraints is,1,penalties agreement,1
,,you you,1,public reliability,1,not good,1,agreement for,1
,,still lose,1,reliability roadmap,1,good vs,1,an unproven,1
,,architect talent,1,roadmap or,1,vs perfect,1,envelope no,1
,,talent failure,1,or keep,1,perfect it,1,no marketing,1
,,failure despite,1,with mutually,1,s funding,1,marketing overclaim,1
,,despite eap,1,metrics no,1,funding now,1,overclaim autonomous,1
,,eap even,1,penalties c,1,now vs,1,odd supervised,1
,,with eap,1,c underestimating,1,vs a,1,supervised all,1
,,eap branding,1,underestimating how,1,a plausible,1,all materials,1
,,branding the,1,how hard,1,plausible blow,1,materials and,1
,,architect perceives,1,hard bounded,1,up later,1,and sows,1
,,perceives we,1,practice qualified,1,later the,1,sows must,1
,,we re,1,be fuzzier,1,real destroy,1,must state,1
,,re shipping,1,fuzzier than,1,company risk,1,state autonomous,1
,,shipping knowingly,1,it sounds,1,risk now,1,within defined,1
,,knowingly or,1,sounds environments,1,now delay,1,defined odd,1
,,or sees,1,environments drift,1,becomes company,1,with monitoring,1
,,sees repeated,1,drift ops,1,ending if,1,and exception,1
,,repeated incidents,1,ops teams,1,t secure,1,handling no,1
,,and concludes,1,teams cut,1,secure runway,1,no implication,1
,,concludes leadership,1,cut corners,1,runway credible,1,implication of,1
,,leadership won,1,corners customers,1,credible milestones,1,of works,1
,,t hold,1,customers route,1,milestones for,1,everywhere in,1
,,the line,1,route around,1,next months,1,offshore non,1
,,line result,1,around your,1,months the,1,negotiable truthfulness,1
,,result gen,1,your restrictions,1,the top,1,truthfulness is,1
,,autonomy stalls,1,restrictions mitigation,1,top failure,1,a structural,1
,,stalls the,1,mitigation make,1,modes are,1,structural risk,1
,,company becomes,1,envelope enforceable,1,are cash,1,risk control,1
,,becomes trapped,1,enforceable by,1,cash out,1,control reduces,1
,,trapped supporting,1,by design,1,out default,1,reduces legal,1
,,supporting gen,1,design hard,1,default before,1,legal customer,1
,,gen in,1,corridors mission,1,ships bridge,1,customer blowback,1
,,the field,1,constraints dynamic,1,bridge covenants,1,blowback and,1
,,field with,1,detection where,1,covenants burn,1,and internal,1
,,with rising,1,where possible,1,burn too,1,internal revolt,1
,,rising ops,1,possible and,1,too high,1,revolt formal,1
,,ops burden,1,and contractual,1,high investor,1,formal safety,1
,,burden and,1,contractual language,1,investor rug,1,case chief,1
,,and declining,1,matches those,1,rug pull,1,or named,1
,,declining innovation,1,those constraints,1,pull that,1,authority a,1
,,innovation velocity,1,constraints a,1,that blocks,1,envelope mapping,1
,,velocity operational,1,downside from,1,blocks alternative,1,mapping hazards,1
,,operational burden,1,from becoming,1,alternative financing,1,hazards mitigations,1
,,burden explodes,1,becoming existential,1,financing signaling,1,mitigations evidence,1
,,explodes support,1,existential next,1,signaling customer,1,evidence residual,1
,,support becomes,1,hours investor,1,customer confidence,1,risk signed,1
,,becomes the,1,investor gate,1,confidence collapse,1,a formally,1
,,product to,1,gate 24h,1,collapse if,1,formally designated,1
,,keep eap,1,24h obtain,1,you communicate,1,designated safety,1
,,eap partners,1,obtain explicit,1,communicate poorly,1,authority with,1
,,partners happy,1,explicit acceptance,1,poorly they,1,with real,1
,,happy enough,1,of la,1,not real,1,real power,1
,,enough you,1,eap as,1,real slow,1,power non,1
,,you staff,1,milestone or,1,slow execution,1,no signature,1
,,staff heavy,1,or learn,1,execution during,1,signature no,1
,,heavy on,1,learn that,1,during the,1,no deployment,1
,,site support,1,it won,1,delay turning,1,deployment in,1
,,support manual,1,t work,1,turning months,1,authority explicit,1
,,manual procedures,1,work and,1,months into,1,tripwires define,1
,,procedures custom,1,stop wasting,1,into what,1,define stop,1
,,custom patches,1,wasting time,1,must do,1,stop criteria,1
,,patches and,1,time customer,1,hours to,1,criteria such,1
,,and constant,1,customer gate,1,survivable publish,1,such as,1
,,babysitting burn,1,gate 48h,1,publish a,1,as any,1
,,burn rises,1,48h mining,1,level decision,1,any precautionary,1
,,rises engineering,1,contract amended,1,decision memo,1,in near,1
,,time is,1,to pilot,1,incident recap,1,zones any,1
,,is cannibalized,1,pilot acceptance,1,recap hazard,1,event exceeding,1
,,cannibalized reliability,1,acceptance with,1,hazard reclassification,1,exceeding a,1
,,reliability doesn,1,explicitly removed,1,reclassification why,1,a max,1
,,t improve,1,removed from,1,why ga,1,time threshold,1
,,improve fast,1,from launch,1,ga wasn,1,threshold any,1
,,enough result,1,scope engineering,1,wasn t,1,any integrity,1
,,result runway,1,engineering gate,1,t signable,1,integrity monitor,1
,,runway shrinks,1,gate 72h,1,the remediation,1,monitor false,1
,,shrinks faster,1,72h chief,1,remediation plan,1,false negatives,1
,,than expected,1,eap envelope,1,with dates,1,negatives event,1
,,expected making,1,have an,1,dates this,1,event without,1
,,making both,1,an integrity,1,this prevents,1,without prior,1
,,both rev,1,integrity preserving,1,prevents narrative,1,prior warning,1
,,and series,1,preserving launch,1,narrative drift,1,warning repeated,1
,,b harder,1,launch financing,1,drift that,1,events above,1
,,harder a,1,financing contingency,1,kills fundraising,1,above a,1
,,low probability,1,contingency parallel,1,fundraising financing,1,a rate,1
,,probability incident,1,a smaller,1,with two,1,rate threshold,1
,,incident becomes,1,smaller less,1,two tracks,1,threshold within,1
,,severity event,1,less predatory,1,tracks track,1,window and,1
,,event safety,1,predatory backstop,1,track a,1,and specify,1
,,safety regulatory,1,backstop insider,1,milestone commercial,1,specify who,1
,,regulatory even,1,note strategic,1,launch validated,1,flights immediately,1
,,if crashes,1,strategic prepay,1,validated pilots,1,immediately engineering,1
,,crashes haven,1,prepay tranche,1,pilots delivered,1,safety without,1
,,haven t,1,facility so,1,gates even,1,without needing,1
,,t happened,1,so vc,1,vc threatens,1,needing commercial,1
,,happened a,1,vc walks,1,threatens you,1,commercial approval,1
,,landing in,1,walks isn,1,may find,1,approval non,1
,,wrong context,1,t instantly,1,find other,1,to stop,1
,,context could,1,instantly fatal,1,other investors,1,stop before,1
,,could trigger,1,fatal if,1,investors prefer,1,before a,1
,,trigger injury,1,vc will,1,prefer integrity,1,a scandal,1
,,injury major,1,one sentence,1,integrity track,1,scandal redundancy,1
,,major property,1,sentence and,1,track b,1,operations plan,1
,,property damage,1,will amend,1,b bridge,1,plan service,1
,,damage or,1,amend penalty,1,bridge alternatives,1,service continuity,1
,,a regulatory,1,clauses for,1,alternatives insider,1,continuity n,1
,,regulatory shutdown,1,can map,1,note strategic,1,aircraft or,1
,,shutdown result,1,map the,1,partner customer,1,equivalent capacity,1
,,result investigations,1,the most,1,customer deposits,1,capacity redundancy,1
,,investigations grounded,1,likely worst,1,deposits burn,1,redundancy if,1
,,grounded fleet,1,case branch,1,cuts to,1,re promising,1
,,fleet litigation,1,branch and,1,reduce or,1,promising continuous,1
,,litigation insurance,1,fastest gate,1,or replace,1,continuous operations,1
,,insurance shocks,1,gate to,1,replace predatory,1,operations documented,1
,,shocks and,1,avoid walking,1,terms burn,1,documented swap,1
,,and existential,1,walking into,1,runway action,1,swap recovery,1
,,existential brand,1,into it,1,action immediately,1,recovery procedure,1
,,brand harm,1,it below,1,immediately not,1,procedure spares,1
,,harm are,1,below are,1,after we,1,spares tooling,1
,,you underestimating,1,the guardrails,1,we regroup,1,tooling trained,1
,,it likely,1,guardrails i,1,regroup freeze,1,trained personnel,1
,,these specific,1,negotiable if,1,critical spend,1,personnel and,1
,,specific ways,1,bounded limited,1,spend replan,1,and maximum,1
,,ways investor,1,launch truthful,1,replan hiring,1,maximum time,1
,,investor launch,1,truthful scope,1,pause ga,1,clear targets,1
,,launch ambiguity,1,scope explicit,1,ga marketing,1,targets non,1
,,ambiguity risk,1,exclusions written,1,marketing protect,1,negotiable without,1
,,is probably,1,written odd,1,protect only,1,without redundancy,1
,,probably underweighted,1,odd that,1,only critical,1,redundancy one,1
,,underweighted if,1,that defines,1,chain engineering,1,event becomes,1
,,vc is,1,defines supported,1,engineering test,1,becomes downtime,1
,,is issuing,1,supported environments,1,test manufacturing,1,triggers penalties,1
,,issuing ultimatums,1,environments including,1,manufacturing customer,1,penalties escalations,1
,,ultimatums they,1,emi bounds,1,comms especially,1,escalations telemetry,1
,,they may,1,bounds and,1,miner frame,1,telemetry incident,1
,,not tolerate,1,and mission,1,safety and,1,incident review,1
,,tolerate nuance,1,mission types,1,reliability hardening,1,review and,1
,,nuance unless,1,types explicit,1,hardening after,1,rollback capability,1
,,written milestone,1,current known,1,a field,1,capability flight,1
,,definition eap,1,known weakness,1,field incident,1,flight logs,1
,,counts you,1,weakness e,1,incident revised,1,logs sufficient,1
,,assume a,1,not qualified,1,revised date,1,diagnose integrity,1
,,a meaningful,1,qualified no,1,date what,1,integrity loss,1
,,meaningful probability,1,no operations,1,they get,1,loss and,1
,,probability they,1,that could,1,get in,1,a blameless,1
,,still walk,1,could result,1,in return,1,blameless incident,1
,,walk scope,1,over active,1,return priority,1,incident process,1
,,creep is,1,roads hard,1,priority slots,1,with 48h,1
,,the silent,1,hard enforcement,1,slots on,1,48h turnaround,1
,,silent killer,1,enforcement in,1,planning pricing,1,turnaround for,1
,,killer under,1,in tooling,1,pricing protection,1,for root,1
,,under competitive,1,tooling mission,1,protection execution,1,mitigations staged,1
,,competitive window,1,constraints not,1,execution governance,1,rollout and,1
,,window pressure,1,not operator,1,governance weekly,1,rollback for,1
,,pressure organizations,1,operator discretion,1,weekly release,1,for software,1
,,organizations routinely,1,discretion contract,1,gates test,1,software changes,1
,,routinely relax,1,contract guardrails,1,evidence targets,1,changes non,1
,,relax constraints,1,guardrails no,1,targets supplier,1,negotiable early,1
,,t build,1,slas where,1,lead time,1,access without,1
,,build hard,1,where risk,1,time lock,1,without fast,1
,,hard governance,1,risk isn,1,lock and,1,fast learning,1
,,governance veto,1,t bounded,1,owner for,1,learning and,1
,,veto signoff,1,no reliability,1,revision and,1,rollback becomes,1
,,signoff contractual,1,reliability commitments,1,and revalidation,1,becomes uncontrolled,1
,,contractual limits,1,commitments or,1,revalidation a,1,uncontrolled risk,1
,,limits bounded,1,equivalent uptime,1,simple check,1,risk accumulation,1
,,can degrade,1,uptime warranties,1,check are,1,accumulation change,1
,,degrade into,1,warranties in,1,likely to,1,control on,1
,,into unsafe,1,in any,1,to destroy,1,site re,1
,,unsafe ga,1,any environment,1,re in,1,qualification triggers,1
,,ga ops,1,environment where,1,in danger,1,triggers define,1
,,ops burn,1,the emi,1,danger if,1,define what,1
,,and distraction,1,emi trigger,1,any are,1,what site,1
,,distraction are,1,trigger cannot,1,cannot extend,1,changes invalidate,1
,,are commonly,1,be credibly,1,extend runway,1,invalidate qualification,1
,,commonly underestimated,1,credibly bounded,1,runway to,1,qualification new,1
,,underestimated early,1,qualification if,1,to comfortably,1,new power,1
,,early industrial,1,must accept,1,comfortably cover,1,power infrastructure,1
,,industrial deployments,1,accept something,1,cover the,1,infrastructure new,1
,,deployments often,1,something it,1,plus contingency,1,new heavy,1
,,often consume,1,it must,1,contingency typically,1,equipment clusters,1
,,consume far,1,be strictly,1,typically weeks,1,clusters new,1
,,far more,1,capped and,1,weeks buffer,1,new routes,1
,,more engineering,1,and paired,1,buffer the,1,routes major,1
,,time than,1,metrics and,1,bridge has,1,major steel,1
,,than planned,1,a cure,1,has brittle,1,steel structure,1
,,planned especially,1,cure period,1,have no,1,structure changes,1
,,when exceptions,1,period clear,1,no fallback,1,changes etc,1
,,exceptions occur,1,clear downtime,1,fallback capital,1,etc require,1
,,occur this,1,counts how,1,capital source,1,require re,1
,,can indirectly,1,how measured,1,source you,1,re survey,1
,,indirectly cause,1,measured and,1,t produce,1,survey re,1
,,cause the,1,exclusions tied,1,produce convincing,1,re acceptance,1
,,the very,1,to odd,1,convincing evidence,1,acceptance before,1
,,very delays,1,odd site,1,of progress,1,before flying,1
,,delays eap,1,safety guardrails,1,progress within,1,flying new,1
,,eap was,1,guardrails mine,1,within days,1,new corridors,1
,,was meant,1,mine specific,1,days test,1,corridors non,1
,,meant to,1,specific driven,1,test results,1,negotiable prevents,1
,,partner relationship,1,incident mandatory,1,results hardware,1,prevents zone,1
,,relationship fragility,1,mandatory site,1,hardware change,1,zone shift,1
,,fragility is,1,survey hazard,1,change validation,1,shift from,1
,,is higher,1,hazard mapping,1,validation revised,1,from silently,1
,,higher after,1,mapping before,1,revised safety,1,silently invalidating,1
,,after the,1,before first,1,case if,1,invalidating your,1
,,incident you,1,first autonomous,1,can solve,1,your assumptions,1
,,a trust,1,autonomous mission,1,solve those,1,assumptions protected,1
,,trust hit,1,mission defined,1,those delay,1,fix shielding,1
,,hit another,1,defined no,1,is more,1,shielding gen,1
,,another similar,1,roads loading,1,more painful,1,fence people,1
,,similar event,1,zones crushers,1,painful than,1,fix and,1
,,can cause,1,crushers and,1,than fatal,1,and gen,1
,,cause an,1,any must,1,fatal one,1,autonomy work,1
,,an outsized,1,must not,1,one blunt,1,work written,1
,,outsized negative,1,not obstruct,1,blunt truth,1,written timeline,1
,,negative reaction,1,obstruct areas,1,truth if,1,units non,1
,,reaction regardless,1,areas with,1,vc truly,1,negotiable otherwise,1
,,of labels,1,buffers predefined,1,truly will,1,otherwise early,1
,,labels rev,1,volumes and,1,not fund,1,access steals,1
,,timeline risk,1,and emergency,1,fund any,1,steals your,1
,,risk may,1,zones elzs,1,any version,1,your future,1
,,be understated,1,elzs with,1,version of,1,future and,1
,,understated hardware,1,with procedures,1,a delayed,1,up stuck,1
,,hardware changes,1,procedures agreed,1,delayed plan,1,stuck supporting,1
,,changes often,1,agreed by,1,plan you,1,supporting a,1
,,often drag,1,site if,1,may lose,1,a compromised,1
,,drag supply,1,guarantee clear,1,lose that,1,compromised v1,1
,,integration knock,1,critical corridor,1,that specific,1,v1 the,1
,,knock ons,1,minutes then,1,specific round,1,the hard,1
,,ons if,1,then those,1,round but,1,hard line,1
,,if rev,1,those corridors,1,but losing,1,line early,1
,,b slips,1,corridors are,1,losing a,1,only works,1
,,slips eap,1,are out,1,a round,1,works if,1
,,become an,1,of bounds,1,round is,1,it reduces,1
,,an extended,1,bounds technical,1,same as,1,reduces actual,1
,,extended limbo,1,technical readiness,1,as losing,1,actual exposure,1
,,limbo that,1,readiness guardrails,1,hardware autonomy,1,exposure odd,1
,,that satisfies,1,guardrails bounded,1,autonomy shipping,1,odd contracts,1
,,satisfies nobody,1,mitigation not,1,shipping into,1,contracts enforcement,1
,,nobody how,1,just geofences,1,a punitive,1,enforcement stop,1
,,to de,1,geofences at,1,sla with,1,stop authority,1
,,de risk,1,one of,1,known unbounded,1,secure these,1
,,case practical,1,following must,1,unbounded failure,1,these guardrails,1
,,practical guardrails,1,any supported,1,architect is,1,guardrails especially,1
,,guardrails get,1,a confidence,1,is closer,1,caps critical,1
,,get eap,1,level you,1,to irreversible,1,zone exclusions,1
,,launch in,1,defend or,1,irreversible if,1,and architect,1
,,writing from,1,have dynamic,1,current runway,1,launch path,1
,,vc and,1,detection nav,1,runway months,1,is structurally,1
,,ideally board,1,indicators that,1,months monthly,1,structurally unsafe,1
,,board minutes,1,triggers avoid,1,key covenants,1,unsafe and,1
,,minutes define,1,avoid divert,1,covenants maturity,1,should delay,1
,,define objective,1,behavior early,1,maturity i,1,or change,1
,,objective criteria,1,early enough,1,can tell,1,change target,1
,,criteria paid,1,to prevent,1,tell you,1,target environment,1
,,deployments flight,1,prevent unsafe,1,you which,1,environment partner,1
,,hours partner,1,unsafe operationally,1,which of,1,partner final,1
,,partner lois,1,operationally unacceptable,1,the above,1,final recommendation,1
,,lois kpis,1,unacceptable hover,1,above failure,1,recommendation with,1
,,kpis non,1,hover locations,1,modes is,1,with precise,1
,,negotiable envelope,1,locations if,1,is most,1,precise conditions,1
,,envelope governance,1,not supportable,1,most likely,1,conditions decision,1
,,governance written,1,supportable measurable,1,likely and,1,decision do,1
,,written envelope,1,measurable reliability,1,minimum financing,1,not do,1
,,envelope named,1,slos confidence,1,financing burn,1,do a,1
,,technical veto,1,not vibes,1,burn targets,1,under reliability,1
,,veto chief,1,vibes you,1,targets are,1,reliability penalties,1
,,architect over,1,launch slos,1,are to,1,current system,1
,,over expansions,1,slos that,1,survivable final,1,system behavior,1
,,expansions no,1,that are,1,final position,1,behavior proceed,1
,,exceptions without,1,are quantified,1,position board,1,two paths,1
,,without signoff,1,quantified e,1,board ready,1,paths path,1
,,signoff contract,1,g safety,1,ready decision,1,path launch,1
,,contract reset,1,events x,1,decision delay,1,pilot recommended,1
,,reset with,1,and corridor,1,the chimera,1,recommended only,1
,,partner commissioning,1,corridor clearance,1,chimera commercial,1,gates pass,1
,,that deployment,1,clearance mttr,1,and execute,1,pass you,1
,,deployment pre,1,mttr y,1,execute the,1,may launch,1
,,pre mortem,1,y minutes,1,revision months,1,schedule if,1
,,mortem triggers,1,minutes measured,1,months with,1,if and,1
,,triggers stop,1,measured on,1,with immediate,1,and only,1
,,rollback e,1,with logged,1,actions to,1,satisfy all,1
,,g any,1,logged evidence,1,to preserve,1,these non,1
,,corridor event,1,evidence paired,1,preserve runway,1,negotiable conditions,1
,,x mttr,1,with stop,1,runway retain,1,conditions before,1
,,y customer,1,stop thresholds,1,engineering core,1,any paid,1
,,penalties triggered,1,thresholds see,1,core and,1,production operation,1
,,triggered ring,1,see below,1,and reset,1,operation at,1
,,fence the,1,below governance,1,reset external,1,mine gate,1
,,team time,1,governance guardrails,1,external milestones,1,contract viability,1
,,time protect,1,guardrails engineer,1,milestones rationale,1,viability must,1
,,protect hardware,1,authority is,1,rationale why,1,is amended,1
,,fix resourcing,1,real a,1,bad path,1,amended to,1
,,resourcing from,1,page flight,1,path we,1,to include,1
,,from field,1,certificate la,1,we have,1,include an,1
,,field firefighting,1,eap version,1,hazard a,1,an acceptance,1
,,firefighting the,1,version that,1,road causing,1,phase where,1
,,single question,1,that states,1,causing a,1,are waived,1
,,that tells,1,states the,1,a minute,1,and total,1
,,tells you,1,envelope slos,1,minute production,1,liability is,1
,,re underestimating,1,slos exclusions,1,production disruption,1,is capped,1
,,case do,1,exclusions and,1,disruption this,1,capped no,1
,,have binding,1,signatory not,1,only risk,1,no uncapped,1
,,binding agreements,1,not advisory,1,proposed mitigation,1,uncapped downtime,1
,,agreements investors,1,advisory written,1,patch is,1,penalties reliability,1
,,investors flagship,1,written rule,1,sufficient because,1,a future,1
,,flagship customer,1,rule no,1,containment our,1,future production,1
,,customer internal,1,no exec,1,our lead,1,sla that,1
,,internal signoff,1,exec investor,1,lead mining,1,that activates,1
,,signoff that,1,investor override,1,partner requires,1,activates only,1
,,that prevent,1,override of,1,requires reliability,1,met downtime,1
,,creep and,1,reliability scope,1,penalties shipping,1,exclusions are,1
,,and redefine,1,scope without,1,now creates,1,are aligned,1
,,redefine success,1,without re,1,creates predictable,1,to reality,1
,,success if,1,re signing,1,predictable contract,1,including how,1
,,no you,1,signing the,1,contract financial,1,how safety,1
,,are probably,1,the certificate,1,financial tail,1,aborts are,1
,,probably underestimating,1,certificate board,1,real losing,1,are treated,1
,,that bounded,1,board can,1,losing them,1,treated and,1
,,eap collapses,1,can choose,1,them would,1,telemetry is,1
,,collapses into,1,choose business,1,would stall,1,the arbiter,1
,,into neither,1,business risk,1,stall gen,1,arbiter if,1
,,neither launch,1,it cannot,1,autonomy and,1,customer refuses,1
,,launch nor,1,cannot force,1,likely set,1,refuses these,1
,,nor delay,1,force engineers,1,set the,1,these changes,1
,,but a,1,engineers to,1,months jeopardizing,1,changes you,1
,,a slow,1,certify claims,1,jeopardizing the,1,that mine,1
,,slow bleed,1,claims they,1,company s,1,mine this,1
,,bleed if,1,they don,1,s long,1,quarter gate,1
,,vc contractually,1,t support,1,term viability,1,envelope control,1
,,means by,1,support stop,1,viability more,1,control must,1
,,by launch,1,pause triggers,1,slip what,1,can enforce,1
,,launch whether,1,triggers predefine,1,will do,1,enforce a,1
,,whether they,1,predefine triggers,1,do immediately,1,odd specific,1
,,they control,1,triggers that,1,immediately so,1,site mapped,1
,,control the,1,automatically pause,1,so delay,1,only with,1
,,the board,1,deployments pending,1,is disciplined,1,no exceptions,1
,,board vote,1,pending review,1,disciplined not,1,exceptions you,1
,,vote and,1,review such,1,not open,1,implement critical,1
,,penalty definition,1,as any,1,ended lock,1,exclusion with,1
,,definition i,1,any hover,1,lock a,1,buffers no,1
,,can outline,1,descend that,1,dated shielding,1,no operation,1
,,outline the,1,that obstructs,1,plan design,1,operation over,1
,,exact written,1,obstructs critical,1,validation field,1,over adjacent,1
,,written commitments,1,critical site,1,gates and,1,adjacent to,1
,,commitments you,1,site infrastructure,1,owner implement,1,to haul,1
,,need so,1,infrastructure haul,1,implement runway,1,other can,1
,,the constrained,1,roads active,1,runway protection,1,stop zones,1
,,path isn,1,active loading,1,protection now,1,zones you,1
,,t just,1,zones any,1,now burn,1,have designated,1
,,a hopeful,1,rate exceeding,1,cuts re,1,a documented,1
,,hopeful compromise,1,exceeding slo,1,re plan,1,documented site,1
,,compromise non,1,thresholds over,1,plan ramp,1,procedure to,1
,,negotiable guardrails,1,over a,1,ramp spend,1,clear aircraft,1
,,guardrails must,1,a rolling,1,spend and,1,aircraft quickly,1
,,be written,1,rolling window,1,and pursue,1,quickly if,1
,,written enforced,1,window any,1,pursue the,1,guarantee no,1
,,enforced and,1,event occurring,1,path milestone,1,land over,1
,,and signed,1,occurring in,1,renegotiation first,1,roads by,1
,,signed signed,1,in an,1,first bridge,1,by design,1
,,signed supported,1,an excluded,1,bridge only,1,design procedure,1
,,envelope soe,1,excluded envelope,1,if necessary,1,procedure you,1
,,soe truth,1,envelope a,1,necessary and,1,site gate,1
,,truth in,1,a containment,1,and restructured,1,c technical,1
,,in claims,1,containment breach,1,restructured to,1,technical containment,1
,,claims one,1,breach any,1,reduce default,1,geofence must,1
,,page soe,1,breach or,1,risk reset,1,a conservative,1
,,soe v1,1,or credible,1,reset customer,1,conservative runtime,1
,,v1 where,1,credible near,1,customer commitments,1,integrity gate,1
,,where when,1,miss escalation,1,commitments no,1,gate even,1
,,when how,1,escalation from,1,no penalty,1,even minimal,1
,,how chimera,1,customer s,1,uptime obligations,1,minimal that,1
,,chimera is,1,safety team,1,obligations until,1,triggers before,1
,,supported including,1,team operational,1,qualification is,1,and forces,1
,,including explicit,1,operational guardrails,1,is achieved,1,forces mission,1
,,exclusions marketing,1,guardrails support,1,achieved post,1,early containment,1
,,marketing press,1,support plan,1,fix maintain,1,behavior consistent,1
,,press customer,1,plan must,1,maintain relationships,1,the corridor,1
,,customer claims,1,must match,1,relationships via,1,corridor plan,1
,,claims must,1,the promise,1,via integration,1,plan if,1
,,must exactly,1,promise a,1,planning site,1,if containment,1
,,exactly match,1,real incident,1,surveys and,1,still effectively,1
,,match soe,1,response loop,1,revised acceptance,1,effectively hope,1
,,soe language,1,loop on,1,acceptance plan,1,hope the,1
,,language autonomous,1,call if,1,plan governance,1,geofence map,1
,,the soe,1,you claim,1,governance require,1,map is,1
,,no reliability,1,claim operations,1,require responsible,1,is right,1
,,reliability language,1,operations otherwise,1,off for,1,right do,1
,,language unless,1,otherwise don,1,any future,1,mines gate,1
,,proven inside,1,t claim,1,future commercial,1,d governance,1
,,soe and,1,claim it,1,expansion email,1,governance talent,1
,,contractually defined,1,it runbooks,1,email to,1,talent must,1
,,defined non,1,for recovery,1,board copy,1,signs a,1
,,no partner,1,recovery and,1,copy paste,1,short safety,1
,,deployment outside,1,customer comms,1,paste subject,1,and commits,1
,,outside soe,1,comms defined,1,subject chimera,1,commits to,1
,,exceptions critical,1,defined escalation,1,chimera launch,1,stay under,1
,,critical infrastructure,1,escalation path,1,decision recommend,1,under that,1
,,infrastructure keep,1,path telemetry,1,recommend delay,1,that scope,1
,,volumes haul,1,telemetry version,1,for shielding,1,you codify,1
,,faces hard,1,version traceability,1,fix runway,1,codify stop,1
,,hard no,1,traceability you,1,runway plan,1,authority engineering,1
,,occupancy 3d,1,answer what,1,plan board,1,safety can,1
,,3d volumes,1,happened on,1,board members,1,tripwires e,1
,,by navigation,1,on which,1,members we,1,g any,1
,,navigation uncertainty,1,which build,1,we need,1,event impacting,1
,,uncertainty missions,1,build bom,1,decision on,1,impacting critical,1
,,missions must,1,bom within,1,on chimera,1,zones obstruction,1
,,be planned,1,hours external,1,s scheduled,1,time over,1
,,planned so,1,external communications,1,scheduled launch,1,over threshold,1
,,that if,1,communications guardrails,1,launch my,1,threshold repeated,1
,,a contingency,1,guardrails marketing,1,my recommendation,1,window if,1
,,contingency triggers,1,marketing sales,1,recommendation is,1,stay do,1
,,aircraft is,1,sales do,1,the commercial,1,launch because,1
,,not allowed,1,not say,1,launch by,1,because gen,1
,,to hover,1,autonomous without,1,by months,1,dies gate,1
,,descend in,1,without the,1,months to,1,e evidence,1
,,these volumes,1,the qualifier,1,to implement,1,threshold must,1
,,volumes non,1,qualifier autonomous,1,implement the,1,you complete,1
,,landing above,1,supervision no,1,the sensor,1,complete site,1
,,above active,1,no global,1,sensor shielding,1,specific acceptance,1
,,bounds bounded,1,if scope,1,that eliminates,1,flights in,1
,,bounded contingency,1,is la,1,triggered navigation,1,constrained corridors,1
,,behavior time,1,eap say,1,navigation lock,1,corridors showing,1
,,clear requirement,1,say la,1,loss why,1,showing zero,1
,,requirement define,1,eap explicitly,1,is necessary,1,zero events,1
,,define what,1,and define,1,necessary now,1,and event,1
,,must do,1,define it,1,longer theoretical,1,rate within,1
,,do on,1,it financing,1,theoretical this,1,an agreed,1
,,on nav,1,financing guardrail,1,this morning,1,agreed threshold,1
,,nav degradation,1,guardrail written,1,morning a,1,pilot scope,1
,,degradation e,1,written agreement,1,a chimera,1,scope set,1
,,g climb,1,agreement on,1,chimera unit,1,set by,1
,,climb hold,1,launch before,1,unit entered,1,by engineering,1
,,hold return,1,you commit,1,entered a,1,engineering documented,1
,,return divert,1,commit get,1,road blocking,1,documented if,1
,,divert and,1,vc to,1,blocking a,1,t produce,1
,,it must,1,accept in,1,minutes it,1,produce this,1
,,must never,1,deployments defined,1,it did,1,this evidence,1
,,never do,1,defined scope,1,did not,1,evidence in,1
,,do e,1,scope satisfies,1,not crash,1,in weeks,1
,,g descend,1,satisfies the,1,it created,1,weeks reduce,1
,,descend unless,1,re building,1,created a,1,reduce scope,1
,,polygon set,1,building a,1,real operational,1,scope further,1
,,hard operational,1,a careful,1,credible site,1,further or,1
,,operational requirement,1,careful program,1,site safety,1,or don,1
,,requirement max,1,program that,1,safety hazard,1,t deploy,1
,,clear critical,1,that may,1,hazard the,1,deploy there,1
,,areas p95,1,still fail,1,proposed near,1,gates a,1
,,p99 with,1,fail your,1,be treated,1,a e,1
,,an immediate,1,your funding,1,reliable primary,1,e pass,1
,,immediate stop,1,funding trigger,1,control interference,1,pass proceed,1
,,rollback if,1,paste your,1,containment at,1,access and,1
,,if violated,1,penalty language,1,the level,1,and explicitly,1
,,violated non,1,and i,1,level implied,1,explicitly message,1
,,bound where,1,you translate,1,implied by,1,message it,1
,,it ends,1,translate these,1,by mining,1,qualified odd,1
,,ends up,1,these guardrails,1,and autonomy,1,with supervision,1
,,up and,1,guardrails into,1,autonomy claims,1,supervision with,1
,,how long,1,certificate and,1,claims our,1,plan path,1
,,long it,1,contract redlines,1,our launch,1,path delay,1
,,it stays,1,redlines to,1,partner s,1,revision recommended,1
,,stays you,1,penalties from,1,s contract,1,recommended if,1
,,t fly,1,from reintroducing,1,contract expectations,1,gate fails,1
,,fly that,1,reintroducing the,1,expectations include,1,fails if,1
,,that profile,1,the original,1,include reliability,1,gate above,1
,,profile contract,1,original failure,1,which would,1,above cannot,1
,,contract guardrails,1,mode final,1,would convert,1,be met,1
,,guardrails commissioning,1,final recommendation,1,convert these,1,met within,1
,,commissioning terms,1,recommendation with,1,these events,1,weeks especially,1
,,terms and,1,with precise,1,financial liability,1,caps haul,1
,,downtime definitions,1,precise conditions,1,high probability,1,exclusion enforceability,1
,,definitions for,1,conditions recommendation,1,grounding loss,1,enforceability or,1
,,penalties commissioning,1,recommendation proceed,1,loss after,1,or architect,1
,,limitations downtime,1,only as,1,after direct,1,the correct,1
,,re providing,1,program la,1,direct discussions,1,correct move,1
,,providing redundancy,1,a formally,1,discussions the,1,mining production,1
,,redundancy avoid,1,formally bounded,1,architect and,1,production launch,1
,,avoid per,1,and explicitly,1,key leads,1,execute the,1
,,aircraft strict,1,explicitly exclude,1,leads will,1,fix use,1
,,uptime if,1,exclude or,1,will resign,1,or tranche,1
,,incidents are,1,or phase,1,resign if,1,round rather,1
,,are still,1,sla commitments,1,ship under,1,than accept,1
,,still possible,1,commitments until,1,current risk,1,accept an,1
,,possible clear,1,an equivalently,1,risk posture,1,an existentially,1
,,clear cure,1,equivalently bounded,1,posture if,1,existentially risky,1
,,incident classification,1,is proven,1,architect walks,1,risky launch,1
,,classification non,1,proven if,1,walks our,1,definition if,1
,,signing operating,1,cannot satisfy,1,our gen,1,if financing,1
,,clauses that,1,the conditions,1,autonomy engine,1,financing is,1
,,your modeled,1,conditions below,1,engine is,1,is required,1
,,modeled incident,1,below within,1,is effectively,1,required pursue,1
,,rate can,1,hours delay,1,effectively dead,1,pursue the,1
,,can realistically,1,fix proposal,1,dead likely,1,the least,1
,,realistically trigger,1,and treat,1,likely setting,1,least control,1
,,trigger operational,1,treat financing,1,setting our,1,control damaging,1
,,readiness requirements,1,financing as,1,our roadmap,1,damaging option,1
,,requirements because,1,a separate,1,months what,1,option available,1
,,because autonomy,1,separate problem,1,what delay,1,available insider,1
,,system site,1,problem to,1,delay means,1,prepay rather,1
,,procedures spotters,1,to solve,1,means disciplined,1,a covenant,1
,,spotters traffic,1,solve not,1,disciplined plan,1,covenant heavy,1
,,protocol during,1,certify an,1,plan hardware,1,heavy predatory,1
,,eap defined,1,unbounded system,1,fix execution,1,bridge one,1
,,zones recovery,1,system this,1,execution design,1,sentence executive,1
,,recovery process,1,good it,1,validation targeted,1,executive commit,1
,,process on,1,and signable,1,targeted field,1,commit you,1
,,call escalation,1,signable vs,1,gates owner,1,use internally,1
,,escalation path,1,vs unbounded,1,owner name,1,internally we,1
,,with defined,1,unbounded and,1,name with,1,will launch,1
,,defined response,1,and uncertifiable,1,with rta,1,that our,1
,,response times,1,uncertifiable go,1,rta sign,1,our customer,1
,,times and,1,go no,1,by chief,1,customer contract,1
,,and authority,1,for la,1,architect runway,1,contract cannot,1
,,authority to,1,quarter all,1,runway financing,1,cannot penalize,1
,,suspend flights,1,are mandatory,1,plan immediate,1,penalize as,1
,,flights pre,1,mandatory investor,1,burn controls,1,production downtime,1
,,deployment site,1,investor condition,1,a parallel,1,downtime otherwise,1
,,survey certification,1,condition funding,1,parallel financing,1,want paste,1
,,interference assessment,1,funding go,1,financing workstream,1,b launch,1
,,assessment non,1,vc confirms,1,workstream first,1,launch clause,1
,,site won,1,confirms in,1,first preference,1,ll translate,1
,,t implement,1,eap counts,1,preference renegotiate,1,the gates,1
,,implement the,1,the commercial,1,renegotiate launch,1,gates above,1
,,the procedures,1,milestone with,1,milestone into,1,above into,1
,,procedures they,1,g x,1,into post,1,into exact,1
,,not an,1,live within,1,metrics and,1,exact redlines,1
,,review and,1,within defined,1,staged close,1,redlines and,1
,,and data,1,signed flight,1,close backup,1,and an,1
,,rights mandatory,1,hours metric,1,backup bridge,1,investor facing,1
,,mandatory logging,1,metric if,1,bridge financing,1,facing milestone,1
,,logging telemetry,1,they require,1,financing only,1,milestone alternative,1
,,reconstruct every,1,ga claims,1,if terms,1,alternative that,1
,,every safety,1,claims or,1,terms do,1,automatically destroying,1
,,hover event,1,sla as,1,not create,1,company given,1
,,event contractual,1,condition no,1,create near,1,given what,1
,,contractual right,1,forces misaligned,1,term default,1,ve learned,1
,,to collect,1,misaligned claims,1,risk we,1,learned haul,1
,,collect analyze,1,triggers architect,1,will negotiate,1,road obstruction,1
,,analyze and,1,departure talent,1,negotiate maturity,1,obstruction in,1
,,and use,1,talent condition,1,and reduce,1,mine dynamic,1
,,data joint,1,condition execution,1,reduce required,1,interference you,1
,,review cadence,1,execution go,1,required amount,1,t fully,1
,,cadence automated,1,that explicitly,1,amount via,1,fully fence,1
,,automated alerts,1,explicitly states,1,via burn,1,fence and,1
,,alerts for,1,states supported,1,reduction customer,1,credible architect,1
,,for nav,1,exclusions including,1,customer plan,1,walks gen,1
,,nav health,1,including high,1,plan reset,1,dies launching,1
,,health precursors,1,production use,1,reset deployments,1,launching would,1
,,precursors non,1,use stop,1,deployments to,1,would carry,1
,,no black,1,and who,1,a post,1,carry a,1
,,black box,1,who has,1,acceptance schedule,1,a plausible,1
,,box deployments,1,has stop,1,schedule avoid,1,plausible failure,1
,,deployments without,1,sign no,1,avoid penalty,1,cascade that,1
,,without data,1,because gen,1,commitments until,1,that could,1
,,data access,1,and stabilization,1,until qualification,1,could destroy,1
,,access stop,1,stabilization capability,1,qualification criteria,1,company faster,1
,,triggers pre,1,capability are,1,criteria are,1,delay what,1
,,declared examples,1,are existential,1,met continue,1,are doing,1
,,examples tune,1,existential per,1,continue site,1,doing is,1
,,tune to,1,per your,1,surveys integration,1,is trading,1
,,to your,1,your statement,1,planning to,1,trading a,1
,,your metrics,1,statement contract,1,to protect,1,a visible,1
,,metrics any,1,contract condition,1,protect momentum,1,visible near,1
,,landing that,1,condition penalty,1,momentum governance,1,term financial,1
,,that occupies,1,exposure go,1,governance establish,1,financial crisis,1
,,occupies a,1,any customer,1,establish that,1,crisis for,1
,,corridor haul,1,customer operating,1,any commercial,1,a controllable,1
,,road immediate,1,operating in,1,release requires,1,controllable engineering,1
,,immediate pause,1,mining like,1,requires a,1,engineering program,1
,,pause and,1,like environments,1,and responsible,1,program that,1
,,and exec,1,environments is,1,off board,1,still kill,1
,,exec review,1,is under,1,board ask,1,company if,1
,,review event,1,qualification terms,1,ask approve,1,if mishandled,1
,,flights inside,1,terms with,1,approve the,1,mishandled but,1
,,soe pause,1,with either,1,and prioritize,1,reckless by,1
,,pause mttr,1,b tightly,1,prioritize the,1,by default,1
,,y minutes,1,plus explicit,1,revision program,1,default the,1
,,minutes p95,1,explicit downtime,1,program approve,1,real ways,1
,,p95 pause,1,definition explicit,1,approve immediate,1,ways a,1
,,pause any,1,emi odd,1,burn actions,1,delay kills,1
,,any penalty,1,exclusions acceptance,1,actions and,1,kills the,1
,,triggering downtime,1,period before,1,and authorize,1,company so,1
,,downtime event,1,begins if,1,authorize management,1,can actively,1
,,event pause,1,mining insists,1,management to,1,actively prevent,1
,,pause pending,1,on reliability,1,to renegotiate,1,them financing,1
,,pending corrective,1,penalties immediately,1,renegotiate investor,1,financing cliff,1
,,action non,1,immediately no,1,investor customer,1,cliff control,1
,,negotiable these,1,mining you,1,customer milestones,1,loss financing,1
,,are automatic,1,still launch,1,milestones consistent,1,financing the,1
,,automatic sales,1,launch elsewhere,1,consistent with,1,bridge s,1
,,sales cannot,1,elsewhere under,1,this plan,1,s covenants,1
,,cannot override,1,under la,1,plan i,1,covenants liens,1
,,override change,1,safety ops,1,i m,1,liens or,1
,,control and,1,ops condition,1,m available,1,or default,1
,,and expansion,1,condition haul,1,available today,1,triggers can,1
,,expansion governance,1,road hazard,1,today to,1,a death,1
,,governance prevent,1,hazard given,1,to walk,1,spiral or,1
,,creep a,1,given the,1,walk through,1,or block,1
,,a release,1,blockage event,1,through the,1,block a,1
,,release board,1,event go,1,the incident,1,later series,1
,,board with,1,site constraints,1,incident details,1,b schedule,1
,,named approvers,1,constraints that,1,details the,1,schedule credibility,1
,,approvers chief,1,prevent recurrence,1,revised schedule,1,credibility collapse,1
,,over soe,1,recurrence in,1,schedule and,1,collapse months,1
,,soe expansion,1,in critical,1,the financing,1,months slips,1
,,and public,1,corridors at,1,financing options,1,slips to,1
,,no hotfixes,1,at minimum,1,options respectfully,1,to supply,1
,,hotfixes to,1,minimum hard,1,respectfully your,1,chain re,1
,,to autonomy,1,critical zones,1,your name,1,integration issues,1
,,autonomy stack,1,zones enforced,1,name cto,1,issues investors,1
,,stack without,1,enforced by,1,cto aether,1,and customers,1
,,without regression,1,by planning,1,aether dynamics,1,customers stop,1
,,and staged,1,planning control,1,,,stop believing,1
,,rollout versioned,1,control not,1,,,believing timelines,1
,,versioned soe,1,just sop,1,,,timelines loss,1
,,soe customers,1,sop predefined,1,,,narrative competitor,1
,,customers are,1,volumes emergency,1,,,competitor returns,1
,,are told,1,zones a,1,,,returns customers,1
,,told exactly,1,demonstrated procedure,1,,,customers move,1
,,what changed,1,procedure behavior,1,,,move on,1
,,changed and,1,behavior to,1,,,on you,1
,,supported per,1,corridors within,1,,,the we,1
,,per version,1,mttr target,1,,,re first,1
,,version non,1,target if,1,,,first story,1
,,no one,1,cannot enforce,1,,,story and,1
,,one off,1,enforce this,1,,,t replace,1
,,off exceptions,1,this no,1,,,a we,1
,,exceptions for,1,site vertical,1,,,re best,1
,,a big,1,vertical and,1,,,best story,1
,,big customer,1,potentially broader,1,,,story quickly,1
,,customer rev,1,broader depending,1,,,quickly team,1
,,b protection,1,on similarity,1,,,team morale,1
,,protection plan,1,similarity technical,1,,,morale decay,1
,,plan so,1,technical containment,1,,,decay during,1
,,so eap,1,containment condition,1,,,the slip,1
,,eap doesn,1,condition geofence,1,,,slip delays,1
,,become permanent,1,geofence insufficiency,1,,,delays without,1
,,permanent limbo,1,insufficiency because,1,,,without clarity,1
,,limbo ring,1,shift go,1,,,clarity can,1
,,ring fenced,1,if at,1,,,can cause,1
,,fenced team,1,one is,1,,,cause attrition,1
,,team budget,1,the launched,1,,,attrition anyway,1
,,budget for,1,launched envelope,1,,,anyway none,1
,,for shielding,1,is shown,1,,,none of,1
,,shielding fix,1,shown to,1,,,are inevitable,1
,,and validation,1,be stable,1,,,inevitable they,1
,,validation field,1,defensible confidence,1,,,re management,1
,,support cannot,1,level or,1,,,management problems,1
,,cannot cannibalize,1,have validated,1,,,problems with,1
,,cannibalize it,1,avoidance nav,1,,,with concrete,1
,,it dated,1,indicators driving,1,,,concrete mitigations,1
,,dated milestones,1,driving conservative,1,,,mitigations why,1
,,milestones with,1,conservative behavior,1,,,this delay,1
,,with go,1,behavior that,1,,,is defensible,1
,,go criteria,1,that bounds,1,,,defensible and,1
,,criteria non,1,bounds exposure,1,,,often value,1
,,negotiable rev,1,true la,1,,,value preserving,1
,,work continues,1,scope must,1,,,preserving you,1
,,continues regardless,1,must shrink,1,,,evidence the,1
,,of near,1,shrink to,1,,,current behavior,1
,,term commercial,1,to environments,1,,,create major,1
,,commercial noise,1,is demonstrably,1,,,major operational,1
,,noise investor,1,demonstrably low,1,,,disruption in,1
,,investor alignment,1,low otherwise,1,,,mining minute,1
,,alignment in,1,otherwise no,1,,,minute haul,1
,,writing written,1,go if,1,,,blockage with,1
,,written agreement,1,any condition,1,,,penalties that,1
,,agreement that,1,condition fails,1,,,a contractual,1
,,within soe,1,fails what,1,,,reputational landmine,1
,,soe counts,1,do explicitly,1,,,landmine if,1
,,launch for,1,explicitly delay,1,,,you shipped,1
,,for series,1,shielding proposal,1,,,shipped under,1
,,condition s,1,b as,1,,,under investor,1
,,s clear,1,the technically,1,,,investor pressure,1
,,clear kpis,1,technically robust,1,,,pressure and,1
,,kpis that,1,robust fix,1,,,and lost,1
,,that constitute,1,fix immediately,1,,,lost the,1
,,constitute success,1,immediately re,1,,,architect you,1
,,success flight,1,re negotiate,1,,,d likely,1
,,hours paid,1,negotiate the,1,,,likely face,1
,,deployments incident,1,milestone around,1,,,face a,1
,,incident thresholds,1,around verifiable,1,,,longer effective,1
,,thresholds non,1,verifiable traction,1,,,effective delay,1
,,no ambiguous,1,pilots lois,1,,,plus degraded,1
,,ambiguous launch,1,lois manufacturing,1,,,degraded quality,1
,,milestone that,1,manufacturing readiness,1,,,quality i,1
,,be reinterpreted,1,readiness site,1,,,i e,1
,,reinterpreted after,1,program using,1,,,e the,1
,,take the,1,using skyhaul,1,,,worlds industrial,1
,,single page,1,leverage if,1,,,industrial buyers,1
,,eap guardrails,1,if verified,1,,,buyers reward,1
,,guardrails charter,1,verified minimize,1,,,reward we,1
,,charter you,1,minimize predatory,1,,,we delayed,1
,,can circulate,1,bridge exposure,1,,,to fix,1
,,circulate for,1,via burn,1,,,fix a,1
,,for signatures,1,burn reduction,1,,,a systemic,1
,,signatures cto,1,reduction smaller,1,,,systemic issue,1
,,cto chief,1,smaller backstop,1,,,issue more,1
,,architect ops,1,backstop instruments,1,,,than we,1
,,ops legal,1,instruments insider,1,,,we shipped,1
,,legal bd,1,note customer,1,,,downtime what,1
,,bd and,1,prepay reservation,1,,,must do,1
,,lead investor,1,reservation tranche,1,,,do in,1
,,investor final,1,facility rather,1,,,delay death,1
,,final recommendation,1,than accepting,1,,,death control,1
,,recommendation binary,1,accepting launch,1,,,the story,1
,,binary with,1,launch unbounded,1,,,story investors,1
,,with precise,1,unbounded as,1,,,one crisp,1
,,precise conditions,1,only alternative,1,,,crisp message,1
,,conditions recommend,1,alternative what,1,,,message during,1
,,recommend launch,1,should decide,1,,,during final,1
,,restricted early,1,decide today,1,,,final mine,1
,,eap if,1,today whether,1,,,mine testing,1
,,if and,1,are willing,1,,,testing we,1
,,all conditions,1,ga this,1,,,we observed,1
,,conditions below,1,quarter if,1,,,observed a,1
,,below are,1,if penalties,1,,,safety response,1
,,are met,1,penalties odd,1,,,response that,1
,,met in,1,odd amendments,1,,,can obstruct,1
,,writing a,1,amendments can,1,,,obstruct critical,1
,,a engineering,1,be secured,1,,,critical haul,1
,,engineering sign,1,secured whether,1,,,road operations,1
,,off is,1,will require,1,,,operations we,1
,,real chief,1,require architect,1,,,re implementing,1
,,signs a,1,off as,1,,,implementing a,1
,,page supported,1,negotiable for,1,,,a shielding,1
,,v1 known,1,any release,1,,,and validating,1
,,limitations residual,1,release labeled,1,,,validating a,1
,,risk exit,1,labeled commercial,1,,,ready autonomy,1
,,criteria document,1,commercial if,1,,,autonomy envelope,1
,,document chief,1,those two,1,,,re offering,1
,,has written,1,two sovereignty,1,,,offering a,1
,,written veto,1,sovereignty level,1,,,non critical,1
,,over any,1,level choices,1,,,if desired,1
,,any envelope,1,choices the,1,,,desired otherwise,1
,,and any,1,the rest,1,,,we resume,1
,,any public,1,rest becomes,1,,,resume production,1
,,public claim,1,becomes an,1,,,rollout on,1
,,claim changes,1,execution checklist,1,,,on date,1
,,changes until,1,checklist rather,1,,,date x,1
,,either fails,1,a philosophical,1,,,x no,1
,,fails do,1,philosophical fight,1,,,no hand,1
,,launch b,1,fight you,1,,,hand waving,1
,,b haul,1,automatically destroying,1,,,waving no,1
,,is enforced,1,company you,1,,,no perfect,1
,,enforced implement,1,are choosing,1,,,perfect no,1
,,implement hard,1,choosing a,1,,,no blame,1
,,hard keep,1,high stakes,1,,,blame just,1
,,roads critical,1,stakes path,1,,,just safety,1
,,by nav,1,path where,1,,,reliability timeline,1
,,enforce them,1,company lives,1,,,timeline make,1
,,them in,1,lives or,1,,,delay schedule,1
,,in mission,1,or dies,1,,,schedule believable,1
,,mission planning,1,dies on,1,,,believable produce,1
,,planning and,1,on runway,1,,,a board,1
,,runtime constraints,1,runway management,1,,,board ready,1
,,constraints demonstrate,1,management milestone,1,,,ready plan,1
,,demonstrate in,1,milestone renegotiation,1,,,with locked,1
,,in test,1,renegotiation and,1,,,locked requirements,1
,,evidence site,1,execution speed,1,,,requirements for,1
,,site representative,1,speed on,1,,,fix supplier,1
,,representative a,1,but given,1,,,supplier confirmation,1
,,bounded time,1,a confirmed,1,,,confirmation and,1
,,clear rule,1,confirmed key,1,,,and lead,1
,,any contingency,1,person walkout,1,,,times test,1
,,contingency choose,1,walkout that,1,,,qualification plan,1
,,choose a,1,demonstrated mine,1,,,plan what,1
,,a number,1,mine incident,1,,,be re,1
,,number the,1,incident haul,1,,,re run,1
,,site accepts,1,blockage tied,1,,,run gating,1
,,accepts minutes,1,a trigger,1,,,gating milestones,1
,,minutes is,1,trigger you,1,,,milestones with,1
,,acceptable no,1,with geofencing,1,,,with dates,1
,,until are,1,geofencing delaying,1,,,dates and,1
,,proven if,1,delaying is,1,,,and owners,1
,,cannot prove,1,a rational,1,,,owners explicit,1
,,prove this,1,rational defensible,1,,,explicit buffers,1
,,this quickly,1,defensible decision,1,,,buffers show,1
,,quickly you,1,decision what,1,,,show you,1
,,still launch,1,it destroying,1,,,not sandbagging,1
,,launch eap,1,company is,1,,,sandbagging with,1
,,eap but,1,delay itself,1,,,with optimism,1
,,not at,1,itself but,1,,,optimism replace,1
,,at mining,1,but failing,1,,,replace predatory,1
,,mining sites,1,failing to,1,,,toxic survival,1
,,sites requiring,1,following fast,1,,,survival in,1
,,requiring haul,1,fast enough,1,,,parallel pursue,1
,,adjacency c,1,enough the,1,,,pursue milestone,1
,,penalties cannot,1,real failure,1,,,redefinition tranching,1
,,structurally triggered,1,modes of,1,,,tranching with,1
,,known mode,1,delaying what,1,,,current lead,1
,,mode for,1,to watch,1,,,lead they,1
,,penalties your,1,watch for,1,,,still prefer,1
,,conglomerate one,1,for runway,1,,,prefer this,1
,,following must,1,runway financing,1,,,this to,1
,,before flight,1,financing gap,1,,,hate insider,1
,,flight under,1,gap you,1,,,prepay milestone,1
,,under contract,1,t fund,1,,,payments from,1
,,to include,1,fund months,1,,,from partners,1
,,include a,1,months plus,1,,,partners even,1
,,period and,1,plus buffer,1,,,even small,1
,,safety hovers,1,buffer without,1,,,small amounts,1
,,hovers lands,1,without accepting,1,,,amounts help,1
,,lands or,1,accepting terms,1,,,help cost,1
,,level and,1,prevent the,1,,,to shrink,1
,,redundancy n,1,round refinance,1,,,shrink the,1
,,n such,1,trap control,1,,,the financing,1
,,that an,1,control covenants,1,,,financing need,1
,,an individual,1,covenants seniority,1,,,need buy,1
,,individual drone,1,seniority narrative,1,,,buy time,1
,,drone abort,1,narrative collapse,1,,,time reduce,1
,,abort does,1,collapse customers,1,,,reduce lender,1
,,not count,1,customers investors,1,,,leverage keep,1
,,count as,1,investors conclude,1,,,team intact,1
,,or that,1,conclude you,1,,,intact and,1
,,is deferred,1,re unreliable,1,,,and focused,1
,,deferred until,1,unreliable or,1,,,focused announce,1
,,none are,1,or hiding,1,,,announce that,1
,,true do,1,hiding bigger,1,,,company chose,1
,,customer regardless,1,bigger issues,1,,,chose the,1
,,of investor,1,issues because,1,,,protect safety,1
,,investor pressure,1,because messaging,1,,,safety and,1
,,pressure d,1,messaging is,1,,,engineering integrity,1
,,d launch,1,is vague,1,,,integrity ring,1
,,milestone is,1,vague inconsistent,1,,,fence the,1
,,is unambiguous,1,inconsistent or,1,,,the gen,1
,,unambiguous to,1,or over,1,,,autonomy and,1
,,to investors,1,over defensive,1,,,work avoid,1
,,investors lead,1,defensive schedule,1,,,avoid support,1
,,vc provides,1,schedule slip,1,,,support theater,1
,,provides written,1,slip creep,1,,,theater set,1
,,written confirmation,1,creep months,1,,,set a,1
,,that this,1,months becomes,1,,,a weekly,1
,,eap named,1,becomes because,1,,,weekly exec,1
,,partners paid,1,because hardware,1,,,exec review,1
,,deployments defined,1,rev cascades,1,,,review on,1
,,defined kpis,1,cascades into,1,,,top schedule,1
,,kpis satisfies,1,into certification,1,,,schedule risks,1
,,satisfies the,1,certification manufacturing,1,,,risks supply,1
,,condition if,1,manufacturing software,1,,,chain test,1
,,refuse treat,1,software re,1,,,test capacity,1
,,treat launch,1,re validation,1,,,capacity integration,1
,,now as,1,validation and,1,,,integration a,1
,,as unlikely,1,and ops,1,,,quick self,1
,,unlikely to,1,ops readiness,1,,,self check,1
,,plan accordingly,1,readiness losing,1,,,check are,1
,,accordingly e,1,anyway skyhaul,1,,,you destroying,1
,,e operational,1,skyhaul or,1,,,company you,1
,,readiness is,1,or others,1,,,re in,1
,,enforceable mandatory,1,others return,1,,,in danger,1
,,mandatory site,1,return before,1,,,danger if,1
,,survey characterization,1,have hardened,1,,,secure months,1
,,characterization safe,1,hardened product,1,,,months runway,1
,,procedures is,1,product signed,1,,,runway on,1
,,is completed,1,deployments leaving,1,,,on tolerable,1
,,completed for,1,leaving you,1,,,tolerable terms,1
,,each eap,1,you late,1,,,terms the,1
,,telemetry data,1,late and,1,,,not actually,1
,,response are,1,and diluted,1,,,actually controlled,1
,,place stop,1,diluted internal,1,,,controlled no,1
,,are pre,1,internal drag,1,,,no supplier,1
,,declared and,1,drag morale,1,,,supplier commitments,1
,,and cannot,1,morale improves,1,,,commitments no,1
,,be overridden,1,improves short,1,,,no test,1
,,overridden by,1,but execution,1,,,t maintain,1
,,by sales,1,slows without,1,,,maintain at,1
,,sales if,1,without a,1,,,one credible,1
,,these aren,1,a ruthless,1,,,credible customer,1
,,t in,1,ruthless plan,1,,,customer path,1
,,place you,1,plan you,1,,,pilot elsewhere,1
,,ll drift,1,you save,1,,,elsewhere or,1
,,drift into,1,save the,1,,,a renegotiated,1
,,uncontrolled ops,1,team but,1,,,renegotiated mine,1
,,and repeat,1,t ship,1,,,mine plan,1
,,repeat the,1,ship if,1,,,you let,1
,,road event,1,you actively,1,,,let the,1
,,event if,1,actively manage,1,,,narrative become,1
,,any condition,1,manage these,1,,,become aether,1
,,condition a,1,these delaying,1,,,aether failed,1
,,a e,1,delaying can,1,,,failed to,1
,,e cannot,1,can preserve,1,,,launch instead,1
,,met within,1,preserve enterprise,1,,,of aether,1
,,the remaining,1,value better,1,,,aether prevented,1
,,remaining pre,1,better than,1,,,prevented a,1
,,pre launch,1,forced launch,1,,,mine disrupting,1
,,launch window,1,makes the,1,,,disrupting incident,1
,,window recommend,1,delay company,1,,,can handle,1
,,recommend delay,1,company saving,1,,,handle those,1
,,delay ga,1,saving instead,1,,,those delaying,1
,,ga for,1,instead a,1,,,the move,1
,,do one,1,a turn,1,,,move that,1
,,following in,1,turn the,1,,,that saves,1
,,parallel renegotiate,1,delay into,1,,,saves the,1
,,renegotiate series,1,a financed,1,,,company what,1
,,to eap,1,financed time,1,,,i need,1
,,within restricted,1,program non,1,,,to tell,1
,,envelope flight,1,non negotiables,1,,,you more,1
,,kpis preferred,1,negotiables design,1,,,more precisely,1
,,preferred or,1,freeze date,1,,,precisely share,1
,,or raise,1,date days,1,,,share four,1
,,a cleaner,1,weeks first,1,,,four numbers,1
,,cleaner interim,1,date emi,1,,,numbers clauses,1
,,round insider,1,emi validation,1,,,clauses and,1
,,or renegotiate,1,validation plan,1,,,ll pressure,1
,,loan to,1,site representative,1,,,pressure test,1
,,cliffs date,1,representative with,1,,,is survivable,1
,,covenants engineering,1,with pass,1,,,survivable current,1
,,gates cure,1,criteria retrofit,1,,,current cash,1
,,periods limits,1,any units,1,,,runway months,1
,,limits on,1,units already,1,,,months at,1
,,on remedies,1,already committed,1,,,at current,1
,,remedies and,1,committed weekly,1,,,current burn,1
,,and explicitly,1,weekly exec,1,,,burn bridge,1
,,explicitly pause,1,exec review,1,,,bridge interest,1
,,pause or,1,down chart,1,,,interest fees,1
,,or restrict,1,chart schedule,1,,,fees lien,1
,,restrict mining,1,now existential,1,,,lien security,1
,,until corridor,1,existential b,1,,,dilution maturity,1
,,bounds are,1,b replace,1,,,maturity shielding,1
,,proven one,1,replace launch,1,,,fix critical,1
,,one line,1,quarter with,1,,,path lead,1
,,line decision,1,with traction,1,,,lead time,1
,,rule you,1,traction this,1,,,time longest,1
,,with board,1,quarter you,1,,,longest component,1
,,board investors,1,something investors,1,,,component and,1
,,only inside,1,investors and,1,,,and test,1
,,inside an,1,market can,1,,,qualification duration,1
,,t penalize,1,can measure,1,,,duration series,1
,,penalize the,1,measure while,1,,,language what,1
,,mode otherwise,1,re delayed,1,,,exactly they,1
,,otherwise we,1,delayed paid,1,,,require for,1
,,we delay,1,pilots early,1,,,with that,1
,,for rev,1,access agreements,1,,,that i,1
,,b rather,1,agreements with,1,,,re likely,1
,,than ship,1,criteria signed,1,,,to survive,1
,,architect if,1,signed pos,1,,,as planned,1
,,launch clause,1,pos contingent,1,,,planned and,1
,,clause and,1,b site,1,,,highest leverage,1
,,mining downtime,1,program deployment,1,,,leverage changes,1
,,downtime sla,1,deployment playbooks,1,,,changes are,1
,,ll translate,1,playbooks demonstrable,1,,,next two,1
,,translate the,1,demonstrable reliability,1,,,two weeks,1
,,above into,1,metrics from,1,,,weeks subject,1
,,into exact,1,from low,1,,,subject chimera,1
,,exact milestone,1,low risk,1,,,chimera launch,1
,,milestone language,1,risk environments,1,,,decision recommendation,1
,,contract redlines,1,environments without,1,,,recommendation to,1
,,redlines you,1,without overclaiming,1,,,plan board,1
,,not automatically,1,overclaiming mining,1,,,board members,1
,,automatically destroying,1,mining readiness,1,,,members after,1
,,company by,1,readiness c,1,,,after reviewing,1
,,by delaying,1,c ensure,1,,,reviewing the,1
,,delaying given,1,ensure financing,1,,,the latest,1
,,facts penalty,1,is survivable,1,,,latest field,1
,,uptime expectations,1,survivable a,1,,,off status,1
,,expectations shifting,1,keep you,1,,,status i,1
,,interference a,1,you alive,1,,,i recommend,1
,,real operational,1,alive but,1,,,recommend we,1
,,operational incident,1,still kill,1,,,delay chimera,1
,,and confirmed,1,kill the,1,,,chimera s,1
,,confirmed key,1,round your,1,,,s broad,1
,,dependency delaying,1,your goal,1,,,and proceed,1
,,defensible rational,1,goal is,1,,,revision month,1
,,rational choice,1,is smallest,1,,,month plan,1
,,choice you,1,smallest amount,1,,,explicit gates,1
,,could destroy,1,amount shortest,1,,,gates this,1
,,destroy the,1,shortest duration,1,,,a pursuit,1
,,company if,1,duration fewest,1,,,pursuit of,1
,,you let,1,fewest control,1,,,of perfect,1
,,let the,1,rights and,1,,,perfect it,1
,,delay trigger,1,no refinance,1,,,a necessary,1
,,trigger one,1,your lead,1,,,necessary step,1
,,of failure,1,vc hates,1,,,step to,1
,,failure modes,1,hates bridges,1,,,prevent a,1
,,modes focus,1,bridges use,1,,,predictable operational,1
,,focus on,1,use that,1,,,operational failure,1
,,on preventing,1,that propose,1,,,mode from,1
,,preventing those,1,based inside,1,,,safety availability,1
,,those the,1,inside extension,1,,,availability incident,1
,,ways this,1,extension or,1,,,incident under,1
,,becomes fatal,1,structured interim,1,,,under production,1
,,prevent each,1,interim tied,1,,,mining conditions,1
,,each financing,1,b dates,1,,,conditions why,1
,,financing death,1,dates immediate,1,,,why we,1
,,death spiral,1,immediate actions,1,,,we must,1
,,spiral most,1,actions next,1,,,must delay,1
,,most common,1,decision doesn,1,,,delay demonstrated,1
,,common failure,1,t drift,1,,,operational impact,1
,,mode series,1,drift into,1,,,impact in,1
,,b pulls,1,into failure,1,,,this morning,1
,,pulls you,1,failure board,1,,,morning a,1
,,with tight,1,level alignment,1,,,a chimera,1
,,control remedies,1,alignment same,1,,,chimera unit,1
,,remedies slip,1,day document,1,,,unit entered,1
,,slip once,1,the reason,1,,,road blocking,1
,,once and,1,reason for,1,,,blocking a,1
,,lose control,1,delay using,1,,,a truck,1
,,or runway,1,using facts,1,,,truck for,1
,,runway mitigations,1,facts haul,1,,,minutes while,1
,,mitigations do,1,incident unbounded,1,,,while the,1
,,immediately renegotiate,1,emi containment,1,,,aircraft did,1
,,renegotiate financing,1,containment key,1,,,not crash,1
,,financing around,1,person dependency,1,,,crash the,1
,,around engineering,1,dependency this,1,,,event created,1
,,gates shielding,1,this protects,1,,,created a,1
,,dvt pass,1,protects you,1,,,site critical,1
,,pass not,1,you from,1,,,critical obstruction,1
,,not calendar,1,from later,1,,,obstruction and,1
,,calendar dates,1,later why,1,,,customer escalation,1
,,dates pursue,1,did you,1,,,escalation under,1
,,pursue insider,1,you do,1,,,under our,1
,,led bridge,1,this rewrites,1,,,our launch,1
,,or smaller,1,rewrites financing,1,,,s contract,1
,,smaller tranche,1,financing sprint,1,,,structure uptime,1
,,tranche to,1,sprint 48h,1,,,uptime expectations,1
,,reduce predatory,1,48h re,1,,,penalties this,1
,,leverage cut,1,re approach,1,,,a material,1
,,cut burn,1,approach the,1,,,material commercial,1
,,burn early,1,a revised,1,,,reputational risk,1
,,early to,1,revised milestone,1,,,risk mitigation,1
,,to extend,1,milestone rev,1,,,mitigation incompleteness,1
,,runway assume,1,fix signed,1,,,incompleteness the,1
,,assume hardware,1,deployments pos,1,,,the proposed,1
,,hardware slips,1,validated emi,1,,,proposed geofence,1
,,slips plan,1,emi reliability,1,,,only approach,1
,,plan p90,1,reliability results,1,,,approach cannot,1
,,p90 not,1,results by,1,,,containment because,1
,,not p50,1,by date,1,,,because interference,1
,,p50 get,1,date x,1,,,conditions can,1
,,get term,1,x in,1,,,dynamic and,1
,,sheet language,1,in parallel,1,,,and shift,1
,,avoids mac,1,a backup,1,,,shift with,1
,,mac landmines,1,backup syndicate,1,,,with site,1
,,landmines cash,1,syndicate existing,1,,,site configuration,1
,,dominion or,1,existing investors,1,,,configuration and,1
,,or ip,1,investors strategic,1,,,and equipment,1
,,ip seizure,1,prepay so,1,,,equipment meaning,1
,,seizure triggers,1,not hostage,1,,,meaning we,1
,,triggers delay,1,hostage to,1,,,cannot credibly,1
,,delay with,1,to one,1,,,prevent recurrence,1
,,no narrative,1,one term,1,,,recurrence with,1
,,narrative market,1,term sheet,1,,,with mapping,1
,,market confidence,1,sheet customer,1,,,mapping alone,1
,,confidence collapse,1,triage 48h,1,,,alone key,1
,,collapse failure,1,48h convert,1,,,talent roadmap,1
,,mode customers,1,phase or,1,,,roadmap risk,1
,,investors interpret,1,or pause,1,,,architect and,1
,,interpret delay,1,pause it,1,,,and leads,1
,,autonomy isn,1,cleanly offer,1,,,leads have,1
,,t real,1,concrete timeline,1,,,have made,1
,,real pipeline,1,and specific,1,,,made clear,1
,,pipeline freezes,1,specific interim,1,,,clear they,1
,,freezes hiring,1,interim value,1,,,will resign,1
,,hiring slows,1,value site,1,,,into this,1
,,slows valuation,1,survey workflow,1,,,this condition,1
,,valuation collapses,1,workflow integration,1,,,condition if,1
,,collapses mitigations,1,integration operator,1,,,leaves gen,1
,,mitigations announce,1,operator training,1,,,effectively halted,1
,,announce a,1,training infrastructure,1,,,halted which,1
,,specific bounded,1,infrastructure planning,1,,,which would,1
,,bounded reason,1,planning burn,1,,,would materially,1
,,reason emi,1,burn control,1,,,materially impair,1
,,hardening revision,1,immediate cut,1,,,impair our,1
,,revision operating,1,cut non,1,,,our core,1
,,expansion not,1,non critical,1,,,core differentiation,1
,,not general,1,critical spend,1,,,differentiation and,1
,,general delays,1,spend now,1,,,recover post,1
,,delays publish,1,reduce how,1,,,decision we,1
,,publish a,1,much predatory,1,,,will delay,1
,,plan what,1,predatory money,1,,,the general,1
,,what changes,1,money you,1,,,not deploy,1
,,it unlocks,1,need if,1,,,deploy chimera,1
,,unlocks how,1,if negotiations,1,,,chimera into,1
,,s validated,1,negotiations fail,1,,,operations under,1
,,validated maintain,1,fail a,1,,,under penalty,1
,,maintain momentum,1,clear are,1,,,terms until,1
,,momentum with,1,are we,1,,,eliminated via,1
,,with non,1,we dying,1,,,via shielding,1
,,non haul,1,dying dashboard,1,,,shielding and,1
,,road non,1,dashboard update,1,,,and re,1
,,non penalty,1,update weekly,1,,,re validated,1
,,penalty pilots,1,weekly cash,1,,,validated execution,1
,,pilots only,1,cash runway,1,,,execution plan,1
,,are safe,1,current and,1,,,plan time,1
,,and don,1,and reduced,1,,,time boxed,1
,,t distract,1,reduced burn,1,,,boxed hardware,1
,,distract rev,1,burn probability,1,,,remediation complete,1
,,execution slip,1,weighted financing,1,,,complete shielding,1
,,slip on,1,path best,1,,,redesign procure,1
,,fix you,1,best base,1,,,procure components,1
,,you pay,1,base worst,1,,,components integrate,1
,,pay the,1,worst rev,1,,,integrate and,1
,,delay cost,1,path p50,1,,,execute a,1
,,cost but,1,p90 dates,1,,,defined re,1
,,but don,1,dates and,1,,,qualification test,1
,,the benefit,1,and blockers,1,,,test program,1
,,benefit failure,1,blockers customer,1,,,program publish,1
,,mode shielding,1,customer retention,1,,,publish a,1
,,shielding revision,1,do launch,1,,,a dated,1
,,revision causes,1,launch partners,1,,,dated critical,1
,,causes integration,1,partners stay,1,,,path schedule,1
,,integration churn,1,stay engaged,1,,,schedule to,1
,,churn supply,1,engaged under,1,,,board within,1
,,delays re,1,terms talent,1,,,within one,1
,,qualification expands,1,talent retention,1,,,one week,1
,,expands to,1,you now,1,,,week validation,1
,,months mitigations,1,now have,1,,,validation gates,1
,,mitigations put,1,have written,1,,,gates establish,1
,,put the,1,off criteria,1,,,establish acceptance,1
,,work on,1,and commitment,1,,,criteria specific,1
,,a true,1,commitment if,1,,,specific to,1
,,true critical,1,if runway,1,,,to mining,1
,,single accountable,1,runway time,1,,,environments including,1
,,accountable owner,1,time to,1,,,including no,1
,,owner and,1,b p90,1,,,no precautionary,1
,,and weekly,1,p90 months,1,,,zones in,1
,,weekly gates,1,months buffer,1,,,in validated,1
,,gates order,1,buffer and,1,,,validated corridors,1
,,order long,1,not secured,1,,,a quantified,1
,,long lead,1,secured within,1,,,quantified target,1
,,lead items,1,weeks then,1,,,target rate,1
,,items now,1,then yes,1,,,rate for,1
,,now parallelize,1,yes you,1,,,for navigation,1
,,parallelize verification,1,re entering,1,,,loss events,1
,,emi tests,1,entering a,1,,,events customer,1
,,tests flight,1,a danger,1,,,customer strategy,1
,,flight tests,1,danger zone,1,,,strategy re,1
,,tests define,1,zone and,1,,,re negotiate,1
,,define done,1,a shrink,1,,,negotiate with,1
,,done precisely,1,shrink scope,1,,,partner toward,1
,,precisely measured,1,scope further,1,,,framework post,1
,,rate reduction,1,further b,1,,,post fix,1
,,reduction corridor,1,b accept,1,,,require immediate,1
,,containment proof,1,accept financing,1,,,penalties we,1
,,proof support,1,financing you,1,,,will not,1
,,burden continues,1,you dislike,1,,,proceed until,1
,,continues and,1,dislike or,1,,,system meets,1
,,and cannibalizes,1,c re,1,,,meets the,1
,,cannibalizes engineering,1,re open,1,,,the production,1
,,engineering failure,1,open a,1,,,production envelope,1
,,mode you,1,in non,1,,,envelope financing,1
,,you keep,1,non mining,1,,,financing strategy,1
,,keep too,1,environments your,1,,,strategy immediately,1
,,too many,1,key is,1,,,lead investor,1
,,many field,1,not to,1,,,investor and,1
,,field commitments,1,to drift,1,,,and existing,1
,,commitments alive,1,drift the,1,,,existing insiders,1
,,alive engineers,1,the honest,1,,,insiders on,1
,,engineers firefight,1,honest bottom,1,,,on alternatives,1
,,firefight instead,1,bottom line,1,,,bridge milestone,1
,,of fixing,1,line delaying,1,,,redefinition tranche,1
,,fixing root,1,delaying to,1,,,tranche structure,1
,,cause mitigations,1,to protect,1,,,structure insider,1
,,mitigations freeze,1,engineering core,1,,,bridge convertible,1
,,freeze scope,1,core and,1,,,convertible customer,1
,,scope pause,1,and eliminate,1,,,prepay strategic,1
,,pause penalized,1,eliminate an,1,,,strategic terms,1
,,penalized unsafe,1,unbounded operational,1,,,terms aligned,1
,,unsafe deployments,1,a coherent,1,,,the remediation,1
,,deployments ring,1,coherent cto,1,,,remediation schedule,1
,,fence a,1,cto decision,1,,,credible production,1
,,that cannot,1,not safe,1,,,ready relaunch,1
,,be pulled,1,safe just,1,,,relaunch team,1
,,pulled into,1,just because,1,,,team retention,1
,,into support,1,you delayed,1,,,and focus,1
,,support keep,1,delayed you,1,,,focus confirm,1
,,keep only,1,ve traded,1,,,confirm internal,1
,,minimum pilots,1,traded one,1,,,governance engineering,1
,,pilots needed,1,one existential,1,,,off is,1
,,needed for,1,risk catastrophic,1,,,is mandatory,1
,,for learning,1,catastrophic execution,1,,,mandatory for,1
,,that directly,1,execution talent,1,,,for release,1
,,directly supports,1,talent loss,1,,,release scope,1
,,supports rev,1,loss penalty,1,,,scope ring,1
,,validation relationship,1,penalty sla,1,,,fence gen,1
,,relationship blowback,1,sla failures,1,,,gen and,1
,,blowback with,1,failures for,1,,,work so,1
,,partner failure,1,for another,1,,,the fix,1
,,mode they,1,another financing,1,,,board approval,1
,,they feel,1,financing schedule,1,,,approval of,1
,,feel burned,1,risk you,1,,,delay decision,1
,,burned become,1,you maximize,1,,,decision and,1
,,a negative,1,maximize survival,1,,,plan authorization,1
,,negative reference,1,survival by,1,,,authorization to,1
,,reference or,1,by acting,1,,,or structure,1
,,or enforce,1,acting like,1,,,structure around,1
,,enforce penalties,1,like this,1,,,around a,1
,,penalties via,1,launch just,1,,,ready release,1
,,via contract,1,just of,1,,,release rather,1
,,contract interpretations,1,program with,1,,,broad launch,1
,,interpretations mitigations,1,measurable milestones,1,,,that would,1
,,mitigations communicate,1,milestones starting,1,,,would expose,1
,,communicate fast,1,starting today,1,,,expose the,1
,,fast acknowledge,1,today if,1,,,company to,1
,,acknowledge the,1,share your,1,,,to predictable,1
,,reason for,1,months burn,1,,,predictable penalties,1
,,for delay,1,the headline,1,,,and capability,1
,,delay offer,1,headline bridge,1,,,capability loss,1
,,rollout site,1,terms cap,1,,,loss guidance,1
,,certification commissioning,1,cap discount,1,,,guidance on,1
,,commissioning target,1,covenants maturity,1,,,acceptable financing,1
,,target date,1,maturity i,1,,,financing parameters,1
,,date consider,1,is finance,1,,,parameters dilution,1
,,consider compensation,1,finance survivable,1,,,control to,1
,,compensation tied,1,survivable and,1,,,to preserve,1
,,it protects,1,what minimal,1,,,preserve long,1
,,protects the,1,minimal milestone,1,,,viability i,1
,,the long,1,milestone package,1,,,i will,1
,,term relationship,1,package is,1,,,will circulate,1
,,relationship avoid,1,is most,1,,,circulate the,1
,,avoid operating,1,keep capital,1,,,the detailed,1
,,under any,1,capital and,1,,,detailed schedule,1
,,any sla,1,customers engaged,1,,,schedule cost,1
,,sla you,1,engaged subject,1,,,cost risk,1
,,meet why,1,subject chimera,1,,,risk register,1
,,why delaying,1,chimera launch,1,,,register and,1
,,the least,1,launch decision,1,,,and financing,1
,,least bad,1,decision recommend,1,,,financing options,1
,,bad option,1,recommend delay,1,,,options within,1
,,option in,1,program board,1,,,within days,1
,,your specific,1,board i,1,,,days respectfully,1
,,already seen,1,i recommend,1,,,respectfully name,1
,,seen the,1,recommend we,1,,,name cto,1
,,mode manifest,1,we delay,1,,,cto aether,1
,,manifest in,1,delay chimera,1,,,aether dynamics,1
,,that matters,1,s general,1,,,,
,,matters haul,1,and proceed,1,,,,
,,blockage you,1,proceed immediately,1,,,,
,,geofence containment,1,revision to,1,,,,
,,containment so,1,to eliminate,1,,,,
,,so ship,1,magnetic interference,1,,,,
,,ship and,1,interference lock,1,,,,
,,manage isn,1,loss this,1,,,,
,,t actually,1,longer a,1,,,,
,,actually bounded,1,a theoretical,1,,,,
,,bounded your,1,theoretical edge,1,,,,
,,your gen,1,case in,1,,,,
,,gen depends,1,in field,1,,,,
,,architect losing,1,field testing,1,,,,
,,an execution,1,testing a,1,,,,
,,execution cliff,1,a chimera,1,,,,
,,cliff that,1,chimera entered,1,,,,
,,that money,1,entered safety,1,,,,
,,money may,1,active mine,1,,,,
,,not fix,1,road blocking,1,,,,
,,fix quickly,1,blocking a,1,,,,
,,penalized reliability,1,minutes the,1,,,,
,,contract turns,1,the vehicle,1,,,,
,,turns non,1,vehicle did,1,,,,
,,non crash,1,not crash,1,,,,
,,crash events,1,event demonstrates,1,,,,
,,events into,1,demonstrates material,1,,,,
,,into real,1,material operational,1,,,,
,,real financial,1,operational disruption,1,,,,
,,financial damage,1,disruption and,1,,,,
,,damage so,1,and site,1,,,,
,,on survivable,1,exposure in,1,,,,
,,survivable financing,1,exact environments,1,,,,
,,financing disciplined,1,environments we,1,,,,
,,disciplined execution,1,we intend,1,,,,
,,on perfection,1,intend to,1,,,,
,,perfection what,1,to serve,1,,,,
,,to make,1,serve separately,1,,,,
,,make sure,1,separately we,1,,,,
,,sure this,1,we have,1,,,,
,,delay doesn,1,have confirmed,1,,,,
,,t kill,1,confirmed that,1,,,,
,,kill you,1,that shipping,1,,,,
,,you write,1,under the,1,,,,
,,write the,1,current mitigation,1,,,,
,,milestone rev,1,mitigation approach,1,,,,
,,hardening validated,1,approach would,1,,,,
,,validated x,1,would trigger,1,,,,
,,x flight,1,trigger the,1,,,,
,,representative environment,1,the resignation,1,,,,
,,environment with,1,resignation of,1,,,,
,,with abort,1,of our,1,,,,
,,rate y,1,our chief,1,,,,
,,y corridor,1,architect which,1,,,,
,,containment demonstrated,1,which would,1,,,,
,,demonstrated call,1,would materially,1,,,,
,,vc with,1,materially impair,1,,,,
,,an alternative,1,impair our,1,,,,
,,alternative close,1,to deliver,1,,,,
,,close condition,1,autonomy and,1,,,,
,,condition ask,1,and stabilize,1,,,,
,,ask them,1,platform post,1,,,,
,,to fund,1,launch key,1,,,,
,,that milestone,1,key points,1,,,,
,,milestone if,1,points driving,1,,,,
,,refuse immediately,1,driving the,1,,,,
,,immediately pivot,1,decision risk,1,,,,
,,to insiders,1,bounded today,1,,,,
,,insiders strategics,1,today interference,1,,,,
,,strategics lock,1,guarantee geofencing,1,,,,
,,lock a,1,geofencing will,1,,,,
,,a burn,1,will catch,1,,,,
,,burn down,1,catch all,1,,,,
,,down plan,1,all cases,1,,,,
,,plan reduce,1,cases therefore,1,,,,
,,reduce burn,1,therefore we,1,,,,
,,burn extend,1,underwrite reliability,1,,,,
,,runway protect,1,reliability or,1,,,,
,,protect rev,1,or accept,1,,,,
,,b headcount,1,accept downtime,1,,,,
,,headcount reset,1,downtime penalty,1,,,,
,,reset the,1,environments contractual,1,,,,
,,contract expectations,1,contractual exposure,1,,,,
,,expectations commissioning,1,immediate our,1,,,,
,,commissioning language,1,our mining,1,,,,
,,language revised,1,partner expects,1,,,,
,,revised dates,1,expects high,1,,,,
,,dates no,1,clauses the,1,,,,
,,no penalties,1,the demonstrated,1,,,,
,,during validation,1,demonstrated incident,1,,,,
,,validation internal,1,incident shows,1,,,,
,,internal retention,1,shows we,1,,,,
,,retention formalize,1,we risk,1,,,,
,,formalize the,1,risk direct,1,,,,
,,s role,1,financial penalties,1,,,,
,,role and,1,damage on,1,,,,
,,and decision,1,on launch,1,,,,
,,decision rights,1,capacity is,1,,,,
,,rights make,1,existential losing,1,,,,
,,team feel,1,architect would,1,,,,
,,feel the,1,would put,1,,,,
,,company chose,1,put gen,1,,,,
,,chose integrity,1,autonomy dead,1,,,,
,,integrity if,1,water and,1,,,,
,,share your,1,likely compromise,1,,,,
,,current runway,1,compromise our,1,,,,
,,the rough,1,to remediate,1,,,,
,,rough bridge,1,remediate issues,1,,,,
,,interest warrants,1,issues quickly,1,,,,
,,rights i,1,quickly even,1,,,,
,,you whether,1,b capital,1,,,,
,,is financially,1,capital integrity,1,,,,
,,financially survivable,1,integrity and,1,,,,
,,survivable and,1,responsibly certify,1,,,,
,,and which,1,certify broad,1,,,,
,,term or,1,broad autonomous,1,,,,
,,or cost,1,autonomous readiness,1,,,,
,,cost cut,1,conditions plan,1,,,,
,,cut changes,1,plan time,1,,,,
,,the survivability,1,boxed measurable,1,,,,
,,survivability the,1,measurable rev,1,,,,
,,most subject,1,program design,1,,,,
,,subject chimera,1,freeze first,1,,,,
,,chimera launch,1,article validation,1,,,,
,,launch decision,1,validation schedule,1,,,,
,,decision delay,1,schedule with,1,,,,
,,delay to,1,with weekly,1,,,,
,,hardening board,1,weekly executive,1,,,,
,,board actions,1,executive board,1,,,,
,,actions required,1,board reporting,1,,,,
,,board members,1,reporting clear,1,,,,
,,members after,1,clear pass,1,,,,
,,after reviewing,1,criteria in,1,,,,
,,reviewing the,1,in representative,1,,,,
,,the latest,1,representative high,1,,,,
,,latest field,1,emi mine,1,,,,
,,field data,1,mine conditions,1,,,,
,,data and,1,conditions customer,1,,,,
,,and meeting,1,contract reset,1,,,,
,,meeting with,1,reset convert,1,,,,
,,team i,1,pilot phase,1,,,,
,,i am,1,b validation,1,,,,
,,am recommending,1,validation preserve,1,,,,
,,recommending and,1,relationship while,1,,,,
,,and executing,1,avoiding sla,1,,,,
,,executing a,1,risk financing,1,,,,
,,delay of,1,path pursue,1,,,,
,,the chimera,1,pursue a,1,,,,
,,chimera commercial,1,redefinition with,1,,,,
,,complete a,1,with investors,1,,,,
,,revision addressing,1,investors anchored,1,,,,
,,addressing the,1,anchored to,1,,,,
,,the magnetic,1,b delivery,1,,,,
,,interference ghost,1,delivery paid,1,,,,
,,case this,1,validated reliability,1,,,,
,,a choice,1,metrics if,1,,,,
,,choice for,1,if needed,1,,,,
,,perfection it,1,needed secure,1,,,,
,,risk control,1,secure interim,1,,,,
,,control decision,1,interim runway,1,,,,
,,decision driven,1,runway with,1,,,,
,,driven by,1,least dilutive,1,,,,
,,by four,1,dilutive least,1,,,,
,,four concrete,1,least restrictive,1,,,,
,,concrete facts,1,restrictive structure,1,,,,
,,operationally unsafe,1,structure available,1,,,,
,,unsafe unacceptable,1,available and,1,,,,
,,unacceptable in,1,and immediate,1,,,,
,,in real,1,immediate burn,1,,,,
,,real mine,1,burn controls,1,,,,
,,mine operations,1,controls decision,1,,,,
,,today a,1,decision requested,1,,,,
,,a chimera,1,requested board,1,,,,
,,chimera entered,1,board concurrence,1,,,,
,,entered safety,1,concurrence to,1,,,,
,,road and,1,and authorize,1,,,,
,,and blocked,1,authorize the,1,,,,
,,minutes while,1,program and,1,,,,
,,while the,1,and associated,1,,,,
,,aircraft did,1,associated contract,1,,,,
,,did not,1,contract investor,1,,,,
,,not crash,1,investor renegotiations,1,,,,
,,crash this,1,renegotiations effective,1,,,,
,,material site,1,effective immediately,1,,,,
,,safety continuity,1,immediately i,1,,,,
,,continuity incident,1,i will,1,,,,
,,incident the,1,will provide,1,,,,
,,the proposed,1,provide within,1,,,,
,,proposed geofence,1,hours a,1,,,,
,,geofence mitigation,1,path and,1,,,,
,,mitigation cannot,1,and dates,1,,,,
,,be guaranteed,1,dates p50,1,,,,
,,shift containment,1,p90 b,1,,,,
,,probabilistic not,1,b updated,1,,,,
,,enforceable our,1,updated runway,1,,,,
,,our launch,1,financing options,1,,,,
,,penalties under,1,options and,1,,,,
,,that sla,1,c revised,1,,,,
,,sla this,1,revised customer,1,,,,
,,this behavior,1,customer deployment,1,,,,
,,becomes direct,1,deployment sla,1,,,,
,,risk reference,1,sla plan,1,,,,
,,customer outcome,1,plan your,1,,,,
,,outcome the,1,your name,1,,,,
,,key leads,1,name cto,1,,,,
,,leads have,1,cto aether,1,,,,
,,have stated,1,aether dynamics,1,,,,
,,stated they,1,,,,,,
,,they will,1,,,,,,
,,will resign,1,,,,,,
,,if we,1,,,,,,
,,we ship,1,,,,,,
,,ship under,1,,,,,,
,,constraints losing,1,,,,,,
,,them would,1,,,,,,
,,would materially,1,,,,,,
,,materially jeopardize,1,,,,,,
,,jeopardize gen,1,,,,,,
,,autonomy and,1,,,,,,
,,likely create,1,,,,,,
,,roadmap setback,1,,,,,,
,,setback given,1,,,,,,
,,given these,1,,,,,,
,,conditions shipping,1,,,,,,
,,shipping now,1,,,,,,
,,now would,1,,,,,,
,,would trade,1,,,,,,
,,trade a,1,,,,,,
,,a near,1,,,,,,
,,term milestone,1,,,,,,
,,milestone for,1,,,,,,
,,of core,1,,,,,,
,,technical capability,1,,,,,,
,,capability plan,1,,,,,,
,,timeline for,1,,,,,,
,,for approval,1,,,,,,
,,approval support,1,,,,,,
,,support rev,1,,,,,,
,,b implement,1,,,,,,
,,implement sensor,1,,,,,,
,,sensor shielding,1,,,,,,
,,shielding redesign,1,,,,,,
,,redesign and,1,,,,,,
,,and complete,1,,,,,,
,,complete verification,1,,,,,,
,,emi flight,1,,,,,,
,,explicit gates,1,,,,,,
,,gates i,1,,,,,,
,,i materially,1,,,,,,
,,materially reduced,1,,,,,,
,,reduced lock,1,,,,,,
,,loss incidence,1,,,,,,
,,incidence in,1,,,,,,
,,representative interference,1,,,,,,
,,interference ii,1,,,,,,
,,ii no,1,,,,,,
,,land containment,1,,,,,,
,,containment over,1,,,,,,
,,corridors iii,1,,,,,,
,,iii operational,1,,,,,,
,,operational recovery,1,,,,,,
,,recovery procedures,1,,,,,,
,,procedures validated,1,,,,,,
,,validated target,1,,,,,,
,,target months,1,,,,,,
,,months we,1,,,,,,
,,will report,1,,,,,,
,,report p50,1,,,,,,
,,p90 dates,1,,,,,,
,,dates within,1,,,,,,
,,weeks after,1,,,,,,
,,after design,1,,,,,,
,,design freeze,1,,,,,,
,,freeze and,1,,,,,,
,,and supplier,1,,,,,,
,,supplier confirmation,1,,,,,,
,,confirmation commercial,1,,,,,,
,,commercial strategy,1,,,,,,
,,strategy convert,1,,,,,,
,,convert current,1,,,,,,
,,current launch,1,,,,,,
,,launch commitments,1,,,,,,
,,commitments into,1,,,,,,
,,plan aligned,1,,,,,,
,,aligned to,1,,,,,,
,,the validated,1,,,,,,
,,validated operating,1,,,,,,
,,envelope no,1,,,,,,
,,no penalized,1,,,,,,
,,sla deployment,1,,,,,,
,,gates are,1,,,,,,
,,are passed,1,,,,,,
,,passed or,1,,,,,,
,,amended financing,1,,,,,,
,,financing immediately,1,,,,,,
,,immediately pursue,1,,,,,,
,,pursue a,1,,,,,,
,,financing reset,1,,,,,,
,,reset to,1,,,,,,
,,terms options,1,,,,,,
,,options include,1,,,,,,
,,include redefining,1,,,,,,
,,redefining the,1,,,,,,
,,gates paid,1,,,,,,
,,pilots with,1,,,,,,
,,kpis and,1,,,,,,
,,an insider,1,,,,,,
,,led interim,1,,,,,,
,,round we,1,,,,,,
,,will return,1,,,,,,
,,return within,1,,,,,,
,,within business,1,,,,,,
,,business days,1,,,,,,
,,days with,1,,,,,,
,,a runway,1,,,,,,
,,runway plan,1,,,,,,
,,plan financing,1,,,,,,
,,financing recommendation,1,,,,,,
,,recommendation and,1,,,,,,
,,and board,1,,,,,,
,,board resolutions,1,,,,,,
,,resolutions required,1,,,,,,
,,board decisions,1,,,,,,
,,decisions requested,1,,,,,,
,,requested endorse,1,,,,,,
,,endorse the,1,,,,,,
,,launch delay,1,,,,,,
,,delay and,1,,,,,,
,,and rev,1,,,,,,
,,b program,1,,,,,,
,,program as,1,,,,,,
,,company priority,1,,,,,,
,,priority approve,1,,,,,,
,,approve temporary,1,,,,,,
,,temporary scope,1,,,,,,
,,scope restrictions,1,,,,,,
,,restrictions no,1,,,,,,
,,no operations,1,,,,,,
,,operations over,1,,,,,,
,,to active,1,,,,,,
,,and no,1,,,,,,
,,no commitments,1,,,,,,
,,commitments under,1,,,,,,
,,under uptime,1,,,,,,
,,slas pending,1,,,,,,
,,validation or,1,,,,,,
,,amendment authorize,1,,,,,,
,,authorize management,1,,,,,,
,,management to,1,,,,,,
,,or pursue,1,,,,,,
,,pursue alternate,1,,,,,,
,,alternate interim,1,,,,,,
,,interim financing,1,,,,,,
,,financing consistent,1,,,,,,
,,consistent with,1,,,,,,
,,above i,1,,,,,,
,,i will,1,,,,,,
,,will provide,1,,,,,,
,,provide a,1,,,,,,
,,written rev,1,,,,,,
,,execution plan,1,,,,,,
,,plan schedule,1,,,,,,
,,schedule resources,1,,,,,,
,,resources verification,1,,,,,,
,,verification gates,1,,,,,,
,,and risk,1,,,,,,
,,risk register,1,,,,,,
,,register and,1,,,,,,
,,and an,1,,,,,,
,,an updated,1,,,,,,
,,updated financing,1,,,,,,
,,financing plan,1,,,,,,
,,plan by,1,,,,,,
,,by date,1,,,,,,
,,date respectfully,1,,,,,,
,,respectfully name,1,,,,,,
,,name cto,1,,,,,,
,,cto aether,1,,,,,,
,,aether dynamics,1,,,,,,
