Scenario 5 - Bigrams,,,,,,,,,
CONTROL,,AC15,,AC15P,,HYBRID_3_5,,HYBRID_SEMANTIC,
Bigram,Count,Bigram,Count,Bigram,Count,Bigram,Count,Bigram,Count
if you,44,if you,37,if you,43,if you,38,if you,52
it s,40,it s,36,it s,33,it s,31,it s,36
don t,25,don t,30,you can,29,don t,27,don t,26
fresh eyes,20,fresh eyes,28,fresh eyes,24,fresh eyes,25,by default,24
project memory,20,you can,19,don t,24,the assistant,24,you can,23
as a,19,layer a,18,the assistant,22,current code,19,project brief,21
you can,19,the ai,18,memory is,20,you can,17,on demand,20
by default,18,is the,16,project memory,20,can t,16,fresh eyes,17
decisions conventions,16,summaries records,16,project brief,20,adrs conventions,16,as a,15
the user,14,as the,16,can t,18,re briefing,16,one click,15
system map,14,this is,15,by default,17,by default,15,can be,15
conventions constraints,13,layer b,15,can be,15,project memory,15,rather than,15
re briefing,13,memory is,14,durable artifacts,15,e g,15,project memory,14
can t,12,project memory,14,prs issues,15,project brief,15,constraints conventions,14
curated memory,12,e g,14,evidence retrieval,15,memory is,14,deep recall,14
is the,12,can t,14,needs review,14,because it,14,the user,13
memory that,12,project brief,14,re briefing,14,branch commit,14,because it,13
the repo,12,as a,14,pr issue,14,eyes mode,13,the system,13
the model,12,that s,13,the model,13,the model,12,continuity is,12
the system,12,decisions constraints,13,is a,13,users can,12,always on,12
evidence index,12,current code,13,this is,12,if the,12,decisions constraints,12
the ai,11,is a,13,accepted superseded,12,the spine,12,evidence retrieval,12
it as,11,by default,13,repo branch,12,that s,12,canonical memory,12
can be,11,re briefing,13,the ai,12,brief adrs,12,doesn t,12
canonical memory,11,authoritative memory,12,verified outcomes,12,as the,11,re brief,12
scope tags,11,active superseded,12,yesterday s,11,opt in,11,must be,11
isn t,10,can be,12,e g,11,as a,11,how it,10
the assistant,10,over time,12,rather than,11,conventions constraints,11,can t,10
is a,10,users can,11,continuity is,11,recency version,11,the model,10
memory is,10,you re,10,on demand,10,should be,10,stack traces,10
as the,10,not a,10,i can,10,you ll,10,end of,10
yesterday s,10,if it,10,is the,10,evidence retrieval,10,of session,10
doesn t,10,time aware,9,validity checks,10,auto load,10,no memory,10
vector store,9,vectors as,9,not a,10,likely to,10,memory is,10
this is,9,what to,9,summaries adrs,10,continuity is,10,source linked,10
did we,9,status active,9,as a,10,if it,9,is a,9
project baseline,9,superseded deprecated,9,must be,9,can be,9,so the,9
re brief,9,high impact,9,decisions conventions,9,evidence store,9,canonical project,9
because it,9,must be,9,what the,9,of the,9,branch sha,9
continuity is,9,one click,9,adrs prs,9,memory used,9,yesterday s,9
repo verification,9,mark outdated,9,if the,9,project continuum,8,default on,9
what s,9,the user,9,with citations,9,it can,8,that s,9
project notebook,9,doesn t,9,should we,8,the ai,8,brief only,9
like a,8,constraints conventions,9,you want,8,volatile history,8,vectors are,9
is not,8,continuity is,9,memory as,8,retrieval is,8,canonical brief,9
we try,8,is not,8,issues runbooks,8,is the,8,should be,8
when the,8,retrieval is,8,runbooks postmortems,8,unless you,8,not a,8
evidence not,8,when the,8,only if,8,time version,8,what s,8
if the,8,service module,8,if it,8,pr discussions,8,constraints only,8
you ll,8,user approved,8,vs continuum,8,we decided,8,did we,8
but only,8,g days,8,the architecture,8,status active,8,i can,8
you want,8,with ttl,8,treated as,8,i can,8,this is,8
and repo,8,bottom line,8,and how,8,curated spine,8,why this,8
why this,8,it as,8,bottom line,8,exclude pin,8,e g,8
the default,8,even if,8,is worth,8,high signal,8,is the,8
branch commit,8,and can,8,why it,8,this is,7,it can,8
bottom line,8,decision constraint,8,time branch,8,but not,7,unless you,8
summaries structured,8,at least,8,why this,7,only current,7,and how,7
to repo,8,the model,8,you don,7,current repo,7,how to,7
adr pr,8,because it,8,in the,7,the default,7,and it,7
rut bias,7,s the,8,we do,7,you want,7,typed memory,7
rather than,7,eyes mode,7,session end,7,what s,7,you ll,7
how it,7,yesterday s,7,and it,7,and what,7,treated as,7
in the,7,created_at last_confirmed_at,7,failure modes,7,doesn t,7,sha branch,7
what did,7,how to,7,won t,7,the current,7,you don,7
on demand,7,clean slate,7,superseded deprecated,7,canonical spine,7,high authority,7
and it,7,as evidence,7,users can,7,treated as,6,time and,7
status active,7,memory used,7,and governance,7,failure mode,6,hard to,7
that s,7,you implement,7,a concrete,7,with explicit,6,if devmate,7
baseline memory,7,ship a,7,decisions verified,7,yesterday s,6,start with,7
of the,7,with citations,7,because the,7,on demand,6,bottom line,7
is usually,7,not the,7,over time,7,structured docs,6,not an,7
vectors are,7,it can,7,time stamped,7,for debugging,6,if the,7
with citations,7,if the,7,doesn t,7,not just,6,you re,7
decision convention,7,unless you,7,the user,7,repo module,6,the assistant,7
constraints system,7,isn t,7,eyes vs,7,to the,6,conventions glossary,7
not as,6,black box,7,brief adr,7,raw chat,6,the current,7
the right,6,pr commit,7,artifacts adrs,7,not the,6,show what,7
is high,6,context pack,7,to avoid,7,into the,6,you ship,7
project continuum,6,first class,6,of truth,7,where it,6,into a,6
staleness handling,6,memory you,6,as the,7,can still,6,authority and,6
of truth,6,decisions conventions,6,brief adrs,7,rather than,6,because the,6
evidence store,6,curated memory,6,raw chat,7,make continuity,6,if it,6
what it,6,evidence retrieval,6,store a,7,only if,6,vector store,6
and can,6,for high,6,depends on,6,in the,6,a project,6
hard filters,6,rather than,6,isn t,6,even if,6,a memory,6
repo branch,6,of memory,6,so the,6,compatibility checks,6,for the,6
active superseded,6,attempt history,6,access control,6,ai memory,6,failure mode,6
memory items,6,you want,6,do it,6,canonical memory,6,clean slate,6
opt in,6,confirmed fixes,6,save to,6,active superseded,6,what you,6
what happened,6,did we,6,with timestamps,6,but don,6,what did,6
in a,6,why this,6,artifacts not,6,to keep,6,we try,6
curated summary,6,because the,6,current repo,6,infinite memory,6,devmate proposes,6
i can,6,governed memory,6,filters repo,6,because the,5,when you,6
when you,6,you ll,6,the answer,6,dead ends,5,in the,6
only if,6,it will,6,it is,6,and it,5,easy to,6
it is,6,to do,6,vector retrieval,6,why this,5,brief tax,6
failure modes,6,decision convention,6,the exact,6,always on,5,the brief,6
users can,6,user approval,6,persistent memory,6,if retrieval,5,why it,6
likely to,6,you must,6,what it,6,they re,5,you choose,6
on memory,6,vector first,6,the team,6,default for,5,vectors as,6
you implement,6,so it,6,that s,6,architecture map,5,demand evidence,6
optional evidence,6,vectors are,6,like a,6,what it,5,black box,6
edit supersede,6,the assistant,6,accepted decisions,6,the only,5,ship continuity,6
only for,6,wrong memory,6,brief decisions,6,you add,5,the canonical,6
what to,6,in enterprise,6,likely to,6,cost and,5,with citations,6
not a,6,trust and,6,failure mode,6,memory spine,5,but you,6
structured memory,6,want memory,6,it can,6,in repo,5,won t,6
black box,6,manual context,6,because it,6,file paths,5,what it,6
vector recall,6,only if,5,user can,6,spine first,5,devmate can,5
to the,6,if memory,5,in a,6,into a,5,project continuum,5
that is,6,in practice,5,retention access,6,spine only,5,security compliance,5
evidence recall,6,and it,5,retrieval is,6,keep it,5,error handling,5
memory as,5,hard to,5,adr style,6,summaries structured,5,do not,5
do not,5,the project,5,and time,6,as evidence,5,root cause,5
so the,5,authoritative project,5,staleness risk,6,not auto,5,s not,5
and the,5,error handling,5,source of,6,with a,5,anchoring on,5
source of,5,scope repo,5,the system,6,and can,5,the prompt,5
it should,5,repo service,5,what is,6,exact error,5,merged pr,5
constraints conventions,5,a first,5,time window,6,did we,5,the best,5
high impact,5,you don,5,branch artifact,6,you re,5,you have,5
should be,5,aware retrieval,5,artifact type,6,must be,5,session outcomes,5
only when,5,only as,5,the project,6,chat history,5,logs stack,5
in repo,5,structured summaries,5,human readable,6,every session,5,where it,5
tried x,5,new session,5,over durable,6,so it,5,what gets,5
user asks,5,outdated ignore,5,store b,6,s not,5,when the,5
apply hard,5,and you,5,is real,5,a curated,5,provenance links,5
mark outdated,5,you ship,5,if memory,5,can suggest,5,it is,5
if memory,5,constraint convention,5,to reduce,5,to be,5,in a,5
summaries are,5,what did,5,the right,5,but it,5,time aware,5
memory review,5,we try,5,cross session,5,summaries are,5,canonical summaries,5
evidence retrieval,5,they re,5,need a,5,staleness risk,5,filtered by,5
retrieval is,5,code prompt,5,evidence and,5,use vectors,5,you want,5
only as,5,constraints security,5,is good,5,session start,5,a small,5
with a,5,security compliance,5,when you,5,is worth,5,confirmed root,5
security compliance,5,rut risk,5,and user,5,worth doing,5,re briefing,5
what you,5,becomes a,5,you need,5,against current,5,memory to,5
attempt history,5,a single,5,user approval,5,last reviewed,5,only when,5
why did,5,to be,5,to project,5,blast radius,5,it confidently,5
repo state,5,cited evidence,5,when memory,5,this gives,5,becomes a,5
to a,5,you add,5,assistant should,5,what the,5,summaries are,5
as evidence,5,evidence not,5,repo state,5,mark superseded,5,durable truth,5
minute re,5,the system,5,this decision,5,one click,5,default off,5
constraints security,5,time scoped,5,in enterprise,5,decided x,5,likely to,5
always on,5,continuity but,5,at session,5,recency decay,5,users can,5
resume last,5,as authoritative,5,artifact types,5,used panel,5,of the,5
over months,5,i can,5,can see,5,add vectors,5,in enterprise,5
you re,5,non authoritative,5,how to,5,brief adr,5,failure modes,5
into a,5,what the,5,tell you,5,in practice,4,active superseded,5
unless you,5,can trust,5,long term,5,failure modes,4,superseded deprecated,5
becomes a,5,treated as,5,of the,5,and user,4,current code,5
high authority,5,source date,5,end of,5,won t,4,add vectors,5
user confirmed,5,used panel,5,to be,5,memory and,4,evidence search,5
you don,5,pr docs,5,of session,5,uses only,4,as the,5
conflict checks,5,store everything,5,should be,5,no longer,4,it as,5
vectors as,5,time bounded,5,the rut,5,not a,4,to the,5
vector memory,5,brief decisions,5,a wrong,5,stale guidance,4,keyword search,5
risk is,5,decisions invariants,4,vector recall,5,access control,4,canonical items,5
failure mode,5,memory but,4,this makes,5,curated memory,4,the key,4
the memory,5,but only,4,into a,5,hybrid search,4,memory as,4
the core,5,this gives,4,worth doing,5,with metadata,4,it should,4
verification before,5,are the,4,is not,5,retrieval policy,4,high signal,4
way to,5,evidence store,4,style decisions,5,retrieval for,4,adrs constraints,4
so you,5,when needed,4,time and,5,the most,4,constraints security,4
commit branch,5,the authoritative,4,you ll,5,memory item,4,logging error,4
memory influenced,5,authoritative layer,4,high level,5,superseded retired,4,anchoring risk,4
but it,5,project continuum,4,you re,5,end of,4,failed attempts,4
there s,5,a authoritative,4,and you,5,at session,4,only if,4
hard to,5,last_confirmed_at confidence,4,black box,5,volatile evidence,4,to a,4
rut staleness,5,assistant proposes,4,fail safe,5,prior attempts,4,the right,4
you must,5,approves edits,4,write back,5,is not,4,if yes,4
pr file,5,impact types,4,evidence lookup,5,it will,4,the rut,4
to build,5,b evidence,4,not as,5,adr conventions,4,repo sha,4
service module,5,raw chat,4,citations and,5,vector retrieval,4,merged code,4
logs snippets,5,unless promoted,4,in repo,5,when needed,4,eyes mode,4
branch main,5,to avoid,4,them as,5,most of,4,a one,4
perfect recall,5,you need,4,with links,5,the time,4,structured memory,4
e g,5,hard constraints,4,user invoked,5,what you,4,constraints and,4
pinned context,5,staleness is,4,adr lite,5,want the,4,for exact,4
lock in,5,why it,4,a small,4,is usually,4,what was,4
to do,4,for it,4,tends to,4,so the,4,isn t,4
we tried,4,click mark,4,want continuity,4,the right,4,high capacity,4
the key,4,outdated supersede,4,to a,4,debugging transcripts,4,vector keyword,4
and ask,4,chat evidence,4,architecture and,4,the user,4,tickets docs,4
last updated,4,long term,4,session memory,4,is real,4,read path,4
when memory,4,retrieval with,4,error handling,4,and the,4,risk is,4
current code,4,time to,4,when the,4,constraints glossary,4,is what,4
and staleness,4,project truth,4,the codebase,4,links to,4,propose a,4
curated project,4,tied to,4,retrieval can,4,failed attempts,4,repo branch,4
store raw,4,branch commit,4,user team,4,the project,4,first class,4
raw history,4,user asks,4,make the,4,changes the,4,per request,4
with receipts,4,end of,4,so users,4,tends to,4,the summary,4
how to,4,is it,4,assistant is,4,rut risk,4,vs chat,4
from chat,4,if not,4,is allowed,4,more likely,4,the architecture,4
decisions adr,4,t use,4,summary vs,4,vector recall,4,you ve,4
memory if,4,to the,4,vs vector,4,isn t,4,but only,4
implement feature,4,t steer,4,vector store,4,default to,4,memory not,4
which is,4,to keep,4,typed memory,4,version scoring,4,and c,4
a strong,4,optional evidence,4,memory curated,4,it as,4,whether you,4
to be,4,evidence with,4,explicit user,4,cross session,4,retrieval policy,4
store everything,4,over months,4,evidence memory,4,that can,4,the same,4
everything forever,4,it becomes,4,to durable,4,it happens,4,is not,4
a concrete,4,instead of,4,stack traces,4,repo service,4,asks what,4
adr lite,4,links to,4,but only,4,version proximity,4,what i,4
promote to,4,for the,4,ephemeral working,4,memory as,4,that makes,4
save as,4,but you,4,working set,4,is it,4,the default,4
new session,4,devmate proposes,4,low trust,4,harder to,4,for a,4
you have,4,you get,4,to make,4,you need,4,than a,4
when it,4,the memory,4,time aware,4,the cost,4,the re,4
vector backed,4,tends to,4,unless reaffirmed,4,vectors are,4,with a,4
backed evidence,4,can still,4,opt in,4,editable versioned,4,should not,4
looks like,4,decaying cited,4,what to,4,vectors as,4,session start,4
where the,4,net positive,4,influenced the,4,that users,4,to be,4
devmate should,4,with clear,4,a b,4,docs adrs,4,do we,4
entry points,4,convention constraint,4,high signal,4,with citations,4,into the,4
safe if,4,approval for,4,t do,4,as an,4,you add,4
debugging forensics,4,memory as,4,for evidence,4,source of,4,like a,4
if it,4,as truth,4,want i,4,of truth,4,small editable,4
the minute,4,and the,4,can propose,4,what to,4,to avoid,4
services modules,4,worth doing,4,and the,4,context but,4,authority ranking,4
shouldn t,4,memory with,4,what you,4,assert we,4,retrieved items,4
t be,4,what s,4,for the,4,pin mark,4,more likely,4
last session,4,and stale,4,it does,4,retrieval with,4,is worth,4
from the,4,promote to,4,curated project,4,the exact,4,but the,4
a small,4,eyes toggle,4,repro steps,4,time branch,4,editable canonical,4
they can,4,s a,4,raw attempts,4,signal sources,4,not as,4
and how,4,still true,4,prior attempts,4,prs incidents,4,they re,4
summary memory,4,depends on,4,this into,4,you don,4,is real,4
it becomes,4,when it,4,an adr,4,hard to,4,status active,4
more likely,4,code signals,4,make it,4,via pr,4,for canonical,4
t have,4,with a,4,always on,4,to add,4,superseded by,4
then you,4,link to,4,brief accepted,4,evidence index,4,can make,4
summary structured,4,label as,4,runbook items,4,the fresh,3,the product,4
loaded by,4,scope status,4,re brief,4,you have,3,only deep,4
raw artifacts,4,ttl by,4,not auto,4,mode is,3,recall no,4
continuity becomes,4,what it,4,you keep,4,under change,3,devmate memory,4
tend to,4,confidently wrong,4,inspectable and,4,confident wrongness,3,source of,4
truth and,4,it doesn,4,share your,4,architecture decisions,3,of truth,4
repo conflict,4,but it,4,whether you,4,layering rules,3,a pr,4
gated evidence,4,they can,4,changes the,4,we do,3,citations and,4
memory schema,4,with vectors,4,s a,4,attempts speculative,3,when needed,4
treated as,4,export delete,4,the same,4,speculative hypotheses,3,even if,4
depends on,4,vector recall,4,rut risk,4,a b,3,the cost,4
as default,4,recall is,4,link to,4,at all,3,irrelevant outdated,4
against the,4,ai memory,4,commit hash,4,user controls,3,session devmate,4
may be,4,shouldn t,4,perfect recall,4,long horizon,3,or explicit,4
repo reality,4,commit doc,4,worth it,4,where the,3,cost and,4
s the,4,proposes a,4,with ttl,4,is opaque,3,manual context,4
users stop,4,last confirmed,4,it as,4,they want,3,keyword vectors,4
point to,4,build continuity,4,risk and,4,stable artifacts,3,a single,3
repo docs,4,likely to,4,postmortems selected,4,volatile memory,3,remember everything,3
won t,4,trust it,4,selected logs,4,superseded by,3,kind of,3
behave like,4,users want,4,cited and,4,first class,3,of information,3
memory item,4,if your,4,but it,4,a spine,3,should persist,3
use vectors,4,records as,4,and more,4,assistant is,3,to do,3
on the,4,not just,4,today s,4,risk of,3,the fresh,3
repo artifacts,4,top k,4,and vectors,4,user editable,3,we do,3
s no,4,commit branch,4,becomes a,4,repo or,3,memory into,3
to avoid,4,memory and,4,to the,4,or managed,3,decisions rationale,3
risk of,4,long retention,4,risk is,4,managed store,3,search history,3
memory with,4,rbac aware,4,status accepted,4,past chats,3,speculative debugging,3
to save,4,should we,3,n days,4,debug transcripts,3,work without,3
must be,4,invariants conventions,3,against current,4,timestamp repo,3,while still,3
low authority,4,so the,3,way to,4,repo branch,3,repo project,3
how you,4,become durable,3,the developer,4,only when,3,as instruction,3
repo truth,4,raw transcript,3,the tool,4,is low,3,you get,3
links pr,4,senior colleague,3,a high,4,current branch,3,code adrs,3
repo signals,4,vector store,3,remembering wrong,4,unless explicitly,3,adrs tickets,3
a decision,4,items can,3,timestamps status,4,memory items,3,expire unless,3
continuum notebook,4,the only,3,makes the,4,from a,3,unless reaffirmed,3
notebook summaries,4,user governed,3,i m,4,hidden bias,3,be marked,3
per project,4,citations and,3,even if,4,review by,3,is usually,3
as an,4,raw history,3,use vectors,4,especially for,3,summary layer,3
governance and,4,a concrete,3,one click,4,of session,3,decisions and,3
g days,4,memory structured,3,if your,4,add convention,3,t want,3
even if,4,handling logging,3,project s,4,user accepts,3,want to,3
manual context,4,confidence user,3,repo docs,4,accepts edits,3,and you,3
files snippets,4,approved vs,3,ai memory,4,repo spine,3,tier canonical,3
the notebook,4,session end,3,context and,4,may be,3,memory structured,3
convention constraint,4,edits supersedes,3,repo artifacts,4,be outdated,3,adr like,3
users want,3,default to,3,adr pr,4,should we,3,curated summary,3
want the,3,retrieval must,3,and b,4,the two,3,what we,3
decisions and,3,module prefer,3,to persist,4,time to,3,tier evidence,3
memory it,3,t need,3,docs not,4,spine items,3,index over,3
do we,3,prior attempts,3,keep raw,4,spine evidence,3,over chat,3
make it,3,t do,3,it doesn,4,retrieval must,3,links to,3
knows the,3,do x,3,user approved,4,pii secrets,3,resolves the,3
the codebase,3,becomes durable,3,with provenance,4,in answers,3,it helps,3
not to,3,to change,3,remember everything,4,spine is,3,it matters,3
do x,3,retention controls,3,with hard,4,incident postmortems,3,opt in,3
prior attempts,3,to first,3,hard filters,4,bottom line,3,write path,3
memory should,3,of user,3,at least,4,memory not,3,stored as,3
long term,3,user auditable,3,chat history,4,evidence with,3,memory update,3
default memory,3,a specific,3,canonical memory,4,a clean,3,a diff,3
memory citations,3,kind of,3,runbook outcomes,4,is high,3,team policy,3
whenever memory,3,is to,3,links pr,4,high noise,3,stale irrelevant,3
based on,3,ephemeral evidence,3,review after,4,ai to,3,and authority,3
memory conflicts,3,ttl e,3,artifacts with,4,the mess,3,if available,3
conflicts with,3,asks what,3,branch filters,4,but the,3,a first,3
trust and,3,or the,3,editable time,4,the key,3,summary only,3
with different,3,gives you,3,id type,4,only auto,3,summaries as,3
a curated,3,the key,3,type text,4,constraints conventions,3,until confirmed,3
user editable,3,of a,3,text status,4,chat transcripts,3,derived from,3
we do,3,if they,3,draft accepted,4,keep the,3,retrieved snippets,3
at least,3,use only,3,issue doc,4,repo state,3,code docs,3
a specific,3,a practical,3,not raw,4,should not,3,a concrete,3
why do,3,down rank,3,used context,4,the main,3,staleness handling,3
memory when,3,to remember,3,pin exclude,4,marketing a,3,from exploration,3
when needed,3,the mess,3,when it,4,continuity where,3,not just,3
to keep,3,it is,3,unit economics,4,devmate s,3,a new,3
keep it,3,a project,3,infinite memory,4,per repo,3,by recency,3
it from,3,users are,3,deletion audit,4,re brief,3,recency authority,3
memory retrieval,3,s not,3,auto loaded,4,stable context,3,always cited,3
chat on,3,the team,3,full vector,4,and should,3,can propose,3
hybrid is,3,s wrong,3,because memory,3,it should,3,and ux,3
summary only,3,like a,3,bias the,3,in chat,3,that matches,3
vector only,3,evidence layer,3,s concern,3,chat recall,3,the failure,3
gives you,3,re not,3,and decisions,3,a concrete,3,it will,3
deep recall,3,that makes,3,opaque retrieval,3,current focus,3,high value,3
your memory,3,user team,3,project continuum,3,the same,3,value low,3
more than,3,team approves,3,off by,3,you tell,3,a clean,3
memory types,3,low risk,3,admin gated,3,tell me,3,as an,3
x and,3,brief active,3,decisions only,3,the architecture,3,evidence archive,3
didn t,3,by keeping,3,decisions evidence,3,continuity from,3,raw chat,3
in evidence,3,and decaying,3,allowed to,3,it tends,3,user asks,3
make the,3,and correctable,3,a session,3,than the,3,session end,3
start with,3,yes continuity,3,good when,3,especially if,3,proposes a,3
look up,3,change the,3,we tried,3,truth vector,3,you implement,3
that error,3,the rut,3,recall is,3,risk unless,3,and the,3
and cited,3,scoped time,3,long lived,3,last time,3,it to,3
which memory,3,how it,3,sensitive material,3,which is,3,you used,3
outdated supersede,3,we decided,3,memory not,3,still be,3,so you,3
we use,3,when you,3,not everything,3,version status,3,want a,3
memory only,3,time stamped,3,adr like,3,retrieve evidence,3,you tell,3
is debugging,3,make it,3,accepted deprecated,3,show citations,3,tell me,3
that preserves,3,easy to,3,pr descriptions,3,what loads,3,and ui,3
raw evidence,3,lots of,3,timestamps and,3,discussions incidents,3,is it,3
conventions system,3,retrieval policy,3,not the,3,failed superseded,3,eliminate the,3
stack traces,3,on demand,3,for convenience,3,unless user,3,every time,3
traces diffs,3,durable memory,3,default this,3,what did,3,and is,3
with repo,3,conventions confirmed,3,where it,3,we try,3,is easy,3
decision save,3,is net,3,conventions and,3,strong recency,3,time scoped,3
default context,3,time and,3,net positive,3,based on,3,not auto,3
debugging what,3,memory item,3,retrieval and,3,whether continuity,3,today s,3
you should,3,the source,3,file paths,3,the re,3,an archive,3
time to,3,of session,3,still exist,3,briefing tax,3,a summary,3
to first,3,impact items,3,older than,3,tax is,3,it becomes,3
first useful,3,as historical,3,items and,3,and reduces,3,will be,3
useful answer,3,correctness and,3,a quick,3,it doesn,3,be a,3
a new,3,scoping and,3,decision is,3,does the,3,a user,3
or user,3,summaries as,3,still valid,3,the answer,3,user visible,3
start over,3,risk is,3,user sovereignty,3,curated durable,3,automatically injected,3
want i,3,and what,3,non negotiable,3,auto retrieval,3,and treated,3
constraints and,3,ship continuity,3,store as,3,the worst,3,a useful,3
what was,3,continuity as,3,as structured,3,in enterprise,3,ask a,3
and treat,3,source of,3,memory with,3,it and,3,exploration exhaust,3
at all,3,of truth,3,vector lexical,3,as truth,3,load by,3
you store,3,editable versioned,3,metadata filters,3,every memory,3,root causes,3
vector evidence,3,constraints only,3,retrieved context,3,service module,3,over raw,3
did it,3,do continuity,3,see what,3,module branch,3,off on,3
what changed,3,it so,3,what influenced,3,items that,3,traces snippets,3
current repo,3,ai can,3,an a,3,depends on,3,snippets diffs,3
chat history,3,to summaries,3,b c,3,show provenance,3,task gating,3
eyes mode,3,old items,3,no memory,3,t see,3,user is,3
while still,3,in the,3,time to,3,a bounded,3,choose a,3
stable context,3,confirmed in,3,t provide,3,t ship,3,to become,3
what the,3,when a,3,curated summaries,3,session memory,3,you share,3
to cause,3,vector retrieval,3,small editable,3,memory that,3,worth doing,3
not the,3,are used,3,most of,3,wrong memory,3,the answer,3
what memory,3,enough to,3,t want,3,in current,3,net positive,3
without dragging,3,feature that,3,you do,3,is a,3,and trust,3
memory small,3,can suggest,3,clean slate,3,when memory,3,provenance recency,3
small curated,3,or a,3,failed attempts,3,checks against,3,disable memory,3
this eliminates,3,code changes,3,low risk,3,t be,3,enterprise trust,3
eliminates most,3,be the,3,decisions constraints,3,trust and,3,why did,3
most re,3,won t,3,we can,3,need a,3,did it,3
rely on,3,vectors but,3,chat logs,3,do continuity,3,for devmate,3
a simple,3,structured records,3,root cause,3,not worth,3,as canonical,3
architecture constraints,3,with summaries,3,keep the,3,worth it,3,s the,3
it in,3,whether you,3,as an,3,be the,3,staleness is,3
whether continuity,3,the decision,3,optional evidence,3,to memory,3,that doesn,3
wrong and,3,always show,3,and then,3,source link,3,handbook rot,3
and sticky,3,not authority,3,cite what,3,authoritative memory,3,code state,3
it tends,3,authority the,3,apply ttl,3,users stop,3,at sha,3
tends to,3,ask the,3,unless the,3,happens if,3,file paths,3
s buggy,3,the repo,3,you avoid,3,assistant s,3,matches the,3
it can,3,repo files,3,they re,3,with the,3,commit aware,3
you add,3,code review,3,not in,3,architecture md,3,a strong,3
evidence memory,3,it shouldn,3,the default,3,create adr,3,this turns,3
but more,3,to adr,3,default context,3,conventions md,3,memory items,3
them as,3,adr pr,3,you still,3,the risk,3,code changes,3
have to,3,a decision,3,persist only,3,you share,3,age sha,3
evidence why,3,implemented as,3,ephemeral or,3,make memory,3,and b,3
you get,3,memory it,3,you tell,3,you ship,3,that gives,3
what architecture,3,but make,3,tell me,3,that are,3,and can,3
reduces the,3,the current,3,me your,3,easy to,3,a few,3
a single,3,behaves like,3,who can,3,where you,3,safer than,3
the architecture,3,first memory,3,is to,3,isolation is,3,be worse,3
bad summaries,3,evidence and,3,without importing,3,misleading mechanism,3,with provenance,3
to preserve,3,least misleading,3,instead of,3,and provenance,3,a clarifying,3
and vectors,3,with provenance,3,outcomes runbook,3,you must,3,clarifying question,3
evidence with,3,gated and,3,session start,3,are not,3,transparency is,3
with clear,3,in a,3,memory loaded,3,a single,3,the ai,3
worth doing,3,curated editable,3,loaded brief,3,existence checks,3,you risk,3
memory not,3,vector evidence,3,toggle fresh,3,without a,3,do continuity,3
does the,3,remember everything,3,you share,3,spine or,3,and a,3
auto retrieved,3,can propose,3,continuity it,3,from becoming,3,with transparency,3
gating filtering,3,but they,3,you get,3,this into,3,they can,3
not worth,3,is low,3,architecture changes,3,a memory,3,down rank,3
it if,3,your memory,3,low level,3,allowed to,3,make the,3
for resume,3,here s,3,that makes,3,demand for,3,brief adrs,3
forensics or,3,so users,3,less likely,3,users want,3,default loaded,3
always cited,3,and governance,3,but the,3,memory over,3,hidden context,3
day to,3,and cited,3,can canonize,3,memory user,3,memory item,3
to day,3,prs docs,3,relevant but,3,versioned artifacts,3,decision constraint,3
full vector,3,match the,3,what gets,3,recall as,3,policy controls,3
after the,3,challenge set,3,is high,3,evidence not,3,via pr,3
and treated,3,the most,3,constraints verified,3,not truth,3,can suggest,3
is used,3,your survey,3,see edit,3,t let,3,a wrong,3
and or,3,self bias,3,a practical,3,aligns with,3,branch time,3
module tags,3,for specifics,3,messy attempts,3,memory but,3,i m,3
staleness scoring,3,stack trace,3,timestamp repo,3,but they,3,trust it,3
t just,3,we do,3,when applicable,3,the curated,3,it over,3
hard constraints,3,memory apm,3,memory must,3,controls and,3,in your,3
if devmate,3,deprecated created_at,3,with time,3,model s,3,what becomes,3
if summaries,3,a diff,3,still true,3,retrieved items,3,adr docs,3
versioned supersedable,3,require explicit,3,make continuity,3,allow exclude,3,outdated never,3
and c,3,pr workflow,3,whether continuity,3,to spine,3,never use,3
not default,3,evidence index,3,default retrieval,3,strict layering,3,use again,3
and users,3,from apm,3,project truth,3,shouldn t,3,promote to,3
i ll,3,ei retrieval,3,staleness and,3,an adr,3,a hidden,3
verify against,3,per answer,3,governance risk,3,find the,3,a tiered,3
do continuity,3,you still,3,small curated,3,how to,3,are the,3
devmate remembers,3,vectors only,3,user visible,3,scope status,3,used on,3
users need,3,evidence lookup,3,memory project,3,pin supersede,3,a minimal,3
does not,3,cost and,3,is opaque,3,what is,3,b evidence,3
can we,3,for chats,3,t see,3,auto loaded,3,demand search,3
vectors can,3,long lived,3,results are,3,stored as,3,decisions adr,3
be the,3,the competitor,3,demand only,3,projectbrief md,3,adr style,3
index if,3,infinite memory,3,decisions brief,3,treat as,3,links constraints,3
timestamps commit,3,retention ttl,3,user re,3,stop re,3,verified learnings,3
citations if,3,more than,3,real and,3,code spine,3,each item,3
ship continuity,3,your own,3,and why,3,evidence items,3,session or,3
influenced answers,3,context ux,3,summaries and,3,source date,3,diff to,3
per session,3,the mvp,3,vectors can,3,date link,3,approves edits,3
the primary,3,pin files,3,deprecated needs,3,can see,3,evidence index,3
that prevents,3,add vectors,3,mark needs,3,two years,3,pasted logs,3
not an,3,short ttl,3,if checks,3,you still,3,traces referenced,3
architecture md,3,lock in,3,checks fail,3,the value,3,keyword bm25,3
label it,3,convention confirmedfix,3,be shown,3,add on,3,as evidence,3
create adr,3,start with,3,shown as,3,selective vectors,3,working set,3
links to,3,what memory,2,but must,3,competitive pressure,3,session context,3
to adr,3,project knowledge,2,likely stale,3,embed everything,3,when relevant,3
with no,3,architecture decisions,2,memory over,3,reliable project,3,on a,3
your docs,3,and speed,2,is what,3,lead with,3,with keyword,3
the cost,3,partial hypotheses,2,is worse,3,extended recall,3,for errors,3
isolation is,3,the real,2,they can,3,g days,3,keyword first,3
bias and,3,do it,2,a single,3,raw text,3,to ship,3
make memory,3,is selective,2,provenance and,3,s the,3,as governed,3
of misleading,3,and typed,2,and to,3,staleness and,3,competitor s,3
snippets with,3,can inspect,2,what i,3,up in,3,retention limits,3
exclude superseded,3,edit and,2,staleness is,3,used ui,3,dump everything,3
retrieved evidence,3,task fresh,2,repo validity,3,manual context,3,retention for,3
recall is,3,colleague continuity,2,broken suggestions,3,constraint convention,3,the mvp,3
memory into,3,continuity without,2,failure is,3,retention deletion,3,lock in,3
want memory,3,dead end,2,harder to,3,context packs,3,vectors later,3
trust it,3,summaries vs,2,security compliance,3,pin to,3,the philosophy,3
it over,3,vs vectors,2,not just,3,with ttl,3,vector storage,3
trust is,3,and governable,2,worse than,3,type scope,3,without turning,2
build first,3,aligns with,2,item is,3,from day,3,key is,2
confirm to,3,memory small,2,wrong is,3,with no,3,and instead,2
continuity but,3,small structured,2,the memory,3,provenance links,3,way to,2
and always,3,project s,2,evidence this,3,determines whether,2,whether to,2
let the,3,s current,2,s failure,3,frictionless flow,2,do it,2
filters first,3,current beliefs,2,t know,3,summary vs,2,it and,2
current branch,3,needed this,2,as claims,3,vs vector,2,vs flow,2
me what,3,this directly,2,time scoped,3,the failure,2,memory quality,2
for high,3,continuity helps,2,freshness controls,3,probability of,2,and control,2
to reduce,3,layer is,2,a fast,3,increases speed,2,should we,2
so users,3,is curated,2,stale if,3,but also,2,do this,2
chats logs,3,when raw,2,feedback loop,3,also increases,2,team knowledge,2
s what,3,to store,2,t be,3,repeated dead,2,architectural decisions,2
a memory,3,and why,2,the only,3,net negative,2,rationale adrs,2
index with,3,low volume,2,can make,3,memory types,2,and conventions,2
with strict,3,items as,2,doc pr,3,high value,2,folder structure,2
with provenance,3,g decision,2,what was,3,bias risk,2,domain vocabulary,2
snippets docs,3,rationale constraints,2,type status,3,decisions adrs,2,and mappings,2
notebook evidence,3,constraints alternatives,2,do continuity,3,do x,2,not automatically,2
title status,3,convention patterns,2,hard to,3,x here,2,high anchoring,2
pr adr,3,patterns error,2,with a,3,want continuity,2,hypotheses failed,2
doc scope,3,compliance infra,2,editable project,3,eyes is,2,attempts speculative,2
tags service,3,pii can,2,the source,3,but can,2,we tried,2
modules owners,3,t leave,2,evidence to,3,performance constraints,2,x and,2
pr doc,3,leave region,2,that creates,3,integration quirks,2,it didn,2
it sets,3,fix conditions,2,s not,3,checks and,2,didn t,2
vs continuum,3,should include,2,are the,3,and retirement,2,t work,2
s also,3,module status,2,runbook entry,3,debugging attempts,2,noisy exploration,2
prs issues,3,prs commits,2,ttl user,3,back and,2,eyes argument,2
add on,3,commits docs,2,memory items,3,and forth,2,is bad,2
for years,3,proposes memory,2,decision outcome,3,didn t,2,exploration as,2
competitive pressure,3,memory updates,2,and what,3,anchor the,2,knowledge is,2
infinite memory,3,pr merge,2,constraints conventions,3,you probably,2,is sticky,2
of memory,3,user or,2,summaries curated,3,build project,2,do project,2
verified project,3,or team,2,isolation s,3,continuum but,2,and only,2
notebook decisions,3,team policy,2,issues docs,3,not as,2,user control,2
vector storage,3,require approval,2,freshness checks,3,remembers everything,2,inspect edit,2
a few,3,the senior,2,to mislead,3,keep stable,2,edit disable,2
low friction,3,linked docs,2,institutional knowledge,3,stable truths,2,t do,2
canonical project,3,relevant code,2,require user,3,make volatile,2,create a,2
notebook entries,3,code excerpts,2,user confirmation,3,history opt,2,helpful but,2
add vectors,3,be gated,2,a user,3,in on,2,why fresh,2
vectors later,3,by scope,2,context with,3,do it,2,s usually,2
allowed to,2,and confirmed,2,branch time,3,modes and,2,one or,2
carry forward,2,ttl for,2,always show,3,enterprise reality,2,on prior,2
the fresh,2,for raw,2,as evidence,3,incident follow,2,constraints patterns,2
eyes vs,2,days unless,2,as truth,3,like a,2,the codebase,2
frictionless flow,2,into layer,2,users want,3,is right,2,dominate the,2
you treat,2,need to,2,docs adrs,3,and design,2,but not,2
as typed,2,avoid memory,2,and provenance,3,old context,2,question becomes,2
and permissioned,2,constraints from,2,where did,3,context can,2,becomes can,2
across sessions,2,from layer,2,i d,3,opaque users,2,senior colleague,2
ai to,2,continuity default,2,yes you,3,users won,2,without the,2
repo conventions,2,default use,2,retention and,3,t know,2,mitigations that,2
issues and,2,aggressively and,2,always shown,3,product level,2,that should,2
transient exploration,2,as history,2,raw chats,3,continuum with,2,be designed,2
that were,2,retrieval scoring,2,when possible,3,both camps,2,remembered item,2
memory or,2,memory evidence,2,paths symbols,3,continuity by,2,adr merged,2
no memory,2,something like,2,and evidence,3,for stable,2,docs merged,2
s how,2,like score,2,your survey,3,show what,2,can expire,2
while keeping,2,score relevance,2,staleness governance,3,adr updated,2,or be,2
keeping the,2,scope_match status_weight,2,canonical project,3,incident postmortem,2,marked superseded,2
the ability,2,approved inferred,2,status draft,3,so users,2,it used,2
ability to,2,items fade,2,created_at last_validated_at,3,be a,2,memory for,2
to audit,2,it failed,2,last_validated_at repo,3,a first,2,use constraints,2
when project,2,change for,2,design docs,3,because you,2,enterprise coding,2
re onboarding,2,it to,2,adrs outcomes,3,summary layer,2,project knowledge,2
behaves like,2,b and,2,low cost,3,vector store,2,demand vector,2
a teammate,2,memory type,2,store everything,3,architecture why,2,retrieval over,2
teammate who,2,type practical,2,competitive pressure,3,alone fail,2,over artifacts,2
who knows,2,conventions constraints,2,governance and,3,t support,2,is best,2
suggestions that,2,logs transcripts,2,and audit,3,show me,2,best for,2
error handling,2,why is,2,not infinite,3,why the,2,for decisions,2
old context,2,is this,2,cited evidence,3,high risk,2,error messages,2
semantic similarity,2,prs when,2,trusted project,3,retrieval unless,2,code snippets,2
can amplify,2,this avoids,2,filters keep,3,weighting and,2,where did,2
design the,2,only summaries,2,system managed,3,date owners,2,talk about,2
assistant to,2,summaries and,2,enterprise policy,3,key flows,2,about x,2
the team,2,opaque vector,2,manual context,3,known constraints,2,and what,2
but still,2,vector driven,2,context tools,3,domain terms,2,in practice,2
re evaluate,2,and how,2,retention deletion,3,do don,2,retrieval can,2
is that,2,with links,2,token capped,3,t guardrails,2,you still,2
term memory,2,retention policy,2,loaded at,3,guardrails security,2,ranking filters,2
unless explicitly,2,evidence ttl,2,canonical items,3,versioned reviewable,2,so it,2
citations whenever,2,only curated,2,after n,3,chats debug,2,capacity not,2
an answer,2,curated layer,2,days sprints,3,vector keyword,2,perfect recall,2
updated timestamps,2,phase layer,2,branch links,3,keyword hybrid,2,editable small,2
code or,2,a only,2,vector storage,3,search with,2,like entries,2
docs if,2,prompts per,2,can you,3,metadata timestamp,2,sourced from,2
t provide,2,use vectors,2,phase weeks,3,paths environment,2,docs behavior,2
is right,2,assisted promotion,2,we depends,2,author team,2,always eligible,2
memory will,2,to promote,2,on what,2,hypothesis confirmed,2,tier session,2
summary vs,2,promote into,2,what kind,2,superseded retrieval,2,outcomes curated,2
vs vector,2,approval required,2,kind of,2,evidence only,2,confidence markers,2
layer a,2,required for,2,of memory,2,confidence is,2,chat transcripts,2
truth for,2,per new,2,memory the,2,compatibility scoring,2,to tickets,2
durable context,2,rate of,2,is raw,2,status aware,2,provenance and,2
a lightweight,2,ignore this,2,model toward,2,failed attempt,2,continuity where,2
wiki adr,2,implement it,2,toward prior,2,explicitly requested,2,and freshness,2
decisions constraints,2,as governed,2,prior framings,2,diversity retrieval,2,in retrieval,2
points how,2,governed time,2,concern if,2,debugging retrieve,2,not always,2
how we,2,aware user,2,small set,2,most similar,2,on conditioning,2
enough to,2,auditable project,2,set of,2,similar past,2,path must,2
or at,2,a clean,2,in yesterday,2,click to,2,gated read,2
editable and,2,eyes is,2,attempts and,2,turns memory,2,on retrieval,2
not just,2,the design,2,a hybrid,2,how this,2,as memory,2
just prose,2,s trail,2,hybrid architecture,2,the entanglement,2,memory a,2
prose decision,2,be idempotent,2,and product,2,is primarily,2,memory write,2
decision rationale,2,logging error,2,for it,2,primarily about,2,rules prevent,2
rationale status,2,these are,2,in code,2,memory being,2,to memory,2
avoids rut,2,stable and,2,results can,2,stable memory,2,observed in,2
bias you,2,be versioned,2,expensive investigations,2,type adr,2,unverified claims,2
can mark,2,versioned superseded,2,confirmation bias,2,scope repo,2,at end,2
as superseded,2,transcript of,2,codebase changed,2,module service,2,user approval,2
can require,2,of debugging,2,the truth,2,for constraints,2,or team,2
layer b,2,we tried,2,of a,2,chat log,2,irrelevant recall,2
b evidence,2,didn t,2,but wrong,2,model inferred,2,retrieval should,2
we believe,2,small typed,2,enterprise reality,2,t auto,2,prefer newer,2
believe this,2,typed records,2,continuity must,2,this avoids,2,marked canonical,2
the curated,2,records decision,2,scoped and,2,avoids the,2,higher authority,2
and attributed,2,confirmed fix,2,t have,2,canonizing mistakes,2,authority sources,2
the clean,2,ideally user,2,have to,2,on off,2,injection budget,2
only fails,2,or at,2,every morning,2,anti rut,2,to preserve,2
fails on,2,visible and,2,memory off,2,user is,2,preserve fresh,2
outdated context,2,recency weighting,2,for generation,2,retrieve prior,2,memory scopes,2
write policy,2,unless the,2,only curated,2,only as,2,only safe,2
what gets,2,try yesterday,2,memory decisions,2,a collapsible,2,canonical decisions,2
adr like,2,model detects,2,and in,2,previously tried,2,memory evidence,2
confirm save,2,cites it,2,it how,2,tried may,2,backed by,2
save to,2,you a,2,the real,2,at least,2,previously rejected,2
to project,2,re onboarding,2,real axis,2,least one,2,a controlled,2
written when,2,control promote,2,transparency and,2,approach that,2,to get,2
in code,2,from the,2,conventions constraints,2,that is,2,opacity and,2
open threads,2,attempt trail,2,constraints we,2,past attempts,2,and enterprise,2
anti pattern,2,high signal,2,tried x,2,tied to,2,what to,2
t work,2,library x,2,because y,2,to first,2,official truth,2
not in,2,make fresh,2,cost and,2,cite spine,2,over trust,2
on commit,2,a philosophical,2,and low,2,user trust,2,trust the,2
commit abc123,2,add a,2,show me,2,only vs,2,links derived,2
due to,2,a visible,2,where we,2,eyes default,2,from session,2
a senior,2,eyes ignore,2,across large,2,memory must,2,something stale,2
paste the,2,authoritative constraints,2,decision memory,2,retention compliance,2,and allow,2
into every,2,use authoritative,2,decision rationale,2,retention policies,2,separate indexes,2
standards and,2,of the,2,date owner,2,allow forget,2,docs vs,2
and constraints,2,that prevents,2,owner links,2,or block,2,chat chat,2
retrieval with,2,prevents yesterday,2,links to,2,secrets logs,2,chat retention,2
the task,2,gate it,2,code prs,2,to code,2,devmate is,2
task is,2,it by,2,always eligible,2,code versions,2,t meet,2
this error,2,as guidance,2,pointers to,2,otherwise it,2,edit delete,2
branch service,2,the same,2,and repo,2,citations in,2,can devmate,2
recency windows,2,commit range,2,repo refs,2,is mostly,2,where a,2
include older,2,when requested,2,whole chat,2,phase evidence,2,came from,2
by memory,2,and to,2,assistant s,2,store for,2,how old,2
user can,2,keep the,2,brainstorming and,2,for narrow,2,memories expire,2
staleness and,2,the messy,2,back and,2,start with,2,memory helps,2
and conflict,2,as optional,2,and forth,2,than raw,2,yes ship,2
says we,2,with decay,2,hours days,2,later but,2,ship a,2
assistant should,2,context at,2,days for,2,per project,2,once you,2
touched files,2,at enterprise,2,resolves the,2,decay status,2,relevance filtering,2
lower its,2,is exactly,2,and enforce,2,continuum as,2,and compliance,2
and prompt,2,exactly the,2,treat memory,2,spine summaries,2,classes of,2
eyes by,2,remove the,2,paths still,2,structured artifacts,2,over weeks,2
can still,2,the re,2,than n,2,layer and,2,new session,2
strong compromise,2,briefing without,2,become needs,2,add vector,2,repeated re,2
default to,2,without importing,2,item can,2,metadata recency,2,re explain,2
only decisions,2,s mess,2,retrieval should,2,want a,2,to restate,2
not automatically,2,brief authoritative,2,deprecated items,2,clean slate,2,ignore memory,2
raw past,2,user editable,2,that preserves,2,slate from,2,run a,2
attempts unless,2,that auto,2,is from,2,that material,2,only vs,2
preserves fresh,2,logging testing,2,valid after,2,material is,2,canonical constraints,2
problem solving,2,to adrs,2,after the,2,usually not,2,and always,2
and enterprise,2,adrs runbooks,2,per project,2,is what,2,mode not,2
what will,2,is what,2,project opt,2,what causes,2,to repo,2
you in,2,it like,2,forget this,2,the rut,2,branch i,2
pii security,2,memory add,2,to build,2,behind a,2,policy and,2
chat logs,2,add memory,2,curated decision,2,a practical,2,the engineers,2
logs in,2,memory that,2,panel with,2,architectural decisions,2,as authoritative,2
easier to,2,why did,2,search and,2,adrs constraints,2,at least,2
enterprises will,2,in an,2,confirmation to,2,security perf,2,dead ends,2
with security,2,an evidence,2,to become,2,facts that,2,auto injected,2
memory notebook,2,layer that,2,and links,2,do not,2,verified outcomes,2
notebook curated,2,always cited,2,with minimal,2,step by,2,cause confirmed,2
optional configurable,2,mode so,2,selective retrieval,2,by step,2,failing test,2
configurable retention,2,anchored by,2,retrieval only,2,hypotheses partial,2,a constraint,2
timestamps and,2,low friction,2,approved artifact,2,not steering,2,you do,2
superseded by,2,each session,2,episodic memory,2,of a,2,stable project,2
auto suggest,2,proposes diffs,2,gated limited,2,assistant can,2,this should,2
but user,2,add convention,2,investigations where,2,can propose,2,regardless of,2
user confirms,2,we use,2,run an,2,ruled out,2,slate from,2
teams that,2,or policy,2,enterprise projects,2,product behavior,2,it hurts,2
dependency graph,2,policy auto,2,a no,2,behavior that,2,slate should,2
explicitly requested,2,auto approves,2,b decisions,2,spine adrs,2,should mean,2
an enterprise,2,approves low,2,c decisions,2,does not,2,an evidence,2
on off,2,only the,2,how often,2,prior debugging,2,curated user,2
asks to,2,active decisions,2,review flags,2,transcripts hypotheses,2,in other,2
and citation,2,the compounding,2,staleness incidents,2,in yesterday,2,other words,2
onboarding friction,2,versioned and,2,outdated decision,2,time stamped,2,default behavior,2
curated and,2,so yes,2,to re,2,not be,2,if they,2
do it,2,re paying,2,add a,2,main plan,2,auto load,2
as selective,2,the right,2,when users,2,user opts,2,patch attempts,2
user governed,2,s an,2,eyes mode,2,opts in,2,unless the,2
governed project,2,the prompt,2,an edge,2,toggle that,2,try yesterday,2
not auto,2,different memory,2,edge case,2,and stale,2,at session,2
summary adr,2,ll get,2,or a,2,it matters,2,update the,2
adr layer,2,architecture changes,2,yes if,2,when it,2,constraint decision,2
canonical truth,2,the more,2,is constrained,2,what exact,2,it doesn,2
gated vector,2,memory re,2,constrained to,2,we see,2,here s,2
for deep,2,re injection,2,then don,2,vs web,2,believe is,2
recall and,2,injection is,2,for enterprise,2,repo vs,2,is true,2
a first,2,and user,2,enterprise risk,2,propose a,2,offer a,2
first class,2,but can,2,for decisions,2,default memory,2,eyes constraints,2
require citations,2,it tends,2,high leverage,2,is to,2,over time,2
citations staleness,2,x because,2,selective vector,2,to re,2,time the,2
handling to,2,summary is,2,retrieval for,2,briefing and,2,s mess,2
memory from,2,is wrong,2,cited filtered,2,first minutes,2,is exactly,2
from becoming,2,wrong or,2,short lived,2,error handling,2,exactly the,2
silent bias,2,x when,2,working context,2,out of,2,the kind,2
retrieval routing,2,only on,2,term bias,2,of scope,2,answer to,2
and a,2,single free,2,propose a,2,s stable,2,to your,2
team wide,2,free text,2,data model,2,in an,2,you probably,2
s not,2,text blob,2,recency status,2,editable project,2,to remember,2
buggy code,2,b vector,2,that keep,2,briefing without,2,remember the,2
no re,2,high coverage,2,ai to,2,default small,2,confirmed and,2
and what,2,risk unless,2,to remember,2,glossary current,2,not want,2
was that,2,vectors make,2,the mess,2,working set,2,want it,2
clean slate,2,t have,2,be stale,2,files modules,2,how you,2
persistent baseline,2,have to,2,stale what,2,derived from,2,vs explicit,2
baseline for,2,from retrieval,2,is for,2,transcripts failed,2,explicit action,2
low risk,2,of embeddings,2,the end,2,old plans,2,and whether,2
high value,2,safe and,2,only as,2,the shape,2,write read,2
bias risk,2,raw evidence,2,only under,2,shape of,2,flow that,2
code drafts,2,evidence to,2,stack trace,2,over months,2,real continuity,2
dead ends,2,to make,2,upgrade library,2,the brief,2,per session,2
a good,2,make continuity,2,new session,2,pr reviewed,2,minutes hours,2
session start,2,explicit user,2,not automatically,2,architecture changes,2,more than,2
load only,2,optional if,2,those are,2,make the,2,s time,2
curated baseline,2,implement only,2,save verified,2,time savings,2,errors because,2
cold storage,2,vectors you,2,cause repro,2,context establishment,2,that is,2
resume yesterday,2,architecture is,2,hours of,2,establishment turns,2,small and,2
s thread,2,hybrid with,2,not used,2,minutes of,2,t need,2
will be,2,whether continuity,2,user action,2,a session,2,to eliminate,2
only retrieve,2,every memory,2,search yesterday,2,if a,2,the minute,2
for debugging,2,recency decay,2,days unless,2,devmate remembers,2,you need,2
forensics intents,2,decay and,2,avoid the,2,you d,2,need a,2
merged code,2,and status,2,because they,2,what fields,2,a stable,2
state over,2,truth changes,2,root causes,2,user owned,2,to correct,2
over chat,2,keep it,2,be marked,2,yes the,2,adrs in,2
down rank,2,small and,2,items that,2,a net,2,hard constraints,2
want to,2,failure mode,2,into an,2,to a,2,code conventions,2
s something,2,retrieved chunks,2,if not,2,is most,2,handling layering,2
something you,2,into every,2,it stays,2,most likely,2,layering rules,2
you d,2,every prompt,2,your typical,2,and with,2,optional time,2
default if,2,only retrieve,2,can approve,2,with what,2,you keep,2
without losing,2,try last,2,it compounds,2,bias toward,2,what should,2
one click,2,last time,2,over months,2,toward intent,2,devmate injects,2
and avoids,2,missing detail,2,and that,2,to preserve,2,injects only,2
enterprise value,2,detail and,2,material the,2,how that,2,only the,2
mean by,2,ttl this,2,eliminate re,2,that affects,2,the project,2
the value,2,only current,2,briefing without,2,affects ruts,2,only on,2
t no,2,implement memory,2,s noise,2,risk because,2,provide one,2
stop making,2,is more,2,briefing with,2,it introduces,2,click fresh,2
restate stable,2,more likely,2,auto attached,2,introduces a,2,no anchoring,2
most of,2,and drift,2,whole sessions,2,different failure,2,and governable,2
non negotiable,2,as cited,2,keep a,2,summary can,2,is visible,2
it prevents,2,is how,2,every time,2,can become,2,visible and,2
suggestions and,2,validity and,2,architecture snapshot,2,narrative and,2,an opaque,2
saves time,2,is worth,2,current focus,2,future work,2,memory if,2
curated editable,2,explicit and,2,what we,2,net continuity,2,and sufficient,2
code config,2,recall you,2,docs adr,2,is more,2,to answer,2
build test,2,as curated,2,it user,2,if summaries,2,is mostly,2
test commands,2,with time,2,by design,2,and treated,2,summaries vs,2
t rely,2,yes because,2,evidence search,2,as current,2,vs vectors,2
s flailing,2,briefing and,2,past attempts,2,high rut,2,change the,2
it will,2,re deriving,2,the minute,2,unless governed,2,layer continuity,2
will not,2,and because,2,minute re,2,how you,2,until it,2
you ask,2,does the,2,while preserving,2,a rut,2,intent decisions,2
can propose,2,depend on,2,shows memory,2,increases staleness,2,s flailing,2
minimal baseline,2,not default,2,decisions runbook,2,content that,2,injected often,2
net positive,2,being used,2,evidence history,2,an older,2,design implication,2
today s,2,net negative,2,update brief,2,similar and,2,summaries must,2
changes whether,2,history and,2,outcomes why,2,opaque and,2,provenance tagged,2
is good,2,opaque and,2,propose the,2,vs vectors,2,tagged and,2
good when,2,and not,2,and which,2,rut prone,2,continuity can,2
high signal,2,disable memory,2,yes the,2,retrieve top,2,a rut,2
as guidance,2,memory the,2,t just,2,top k,2,back the,2
different default,2,clear authority,2,continuity you,2,to curated,2,the exact,2
memory continuity,2,versioned scoped,2,determines whether,2,to make,2,stack trace,2
do well,2,stamped vector,2,you create,2,vector evidence,2,snippet or,2
why and,2,with scope,2,back into,2,old items,2,s wrong,2
can correct,2,scope recency,2,summaries can,2,require provenance,2,semantically similar,2
correct it,2,recency gating,2,canonize a,2,from chat,2,that creates,2
it how,2,eyes this,2,is in,2,only can,2,vector memory,2
create ruts,2,as project,2,a different,2,can make,2,by authority,2
summaries can,2,brief decision,2,details but,2,continuity mostly,2,on the,2
dead end,2,log that,2,a strong,2,rut staleness,2,architecture changes,2
we decided,2,every session,2,a vector,2,and time,2,whether continuity,2
decided x,2,to memory,2,the most,2,messy history,2,is good,2
a bad,2,uses code,2,semantically similar,2,want i,2,good because,2
every session,2,strict gating,2,after refactors,2,loads only,2,it sets,2
net effect,2,gating citations,2,feel like,2,but only,2,default context,2
and lets,2,erode trust,2,the key,2,you implement,2,to retrieve,2
lets you,2,for staleness,2,the question,2,implement it,2,and automatically,2
you retrieve,2,this risk,2,s what,2,governed project,2,true by,2
prior context,2,go stale,2,when persistent,2,not blanket,2,can cause,2
great for,2,stale because,2,stamped and,2,recall where,2,is summaries,2
happened what,2,t mean,2,and statused,2,because enterprise,2,are like,2
can surface,2,because they,2,statused accepted,2,enterprise work,2,s a,2
the most,2,be superseded,2,last validated,2,work is,2,truth from,2
semantically similar,2,can omit,2,inspectable user,2,is long,2,if your,2
the suggestion,2,the difference,2,edit what,2,horizon and,2,no matter,2
unless heavily,2,so staleness,2,addresses the,2,constraints and,2,default decisions,2
prompt for,2,not an,2,outcome runbook,2,and decisions,2,glossary confirmed,2
for general,2,the default,2,replaying messy,2,waste and,2,be stored,2
general coding,2,code snippets,2,user asks,2,things the,2,should devmate,2
best as,2,supersession workflow,2,attempts or,2,condition continuity,2,of both,2
memory so,2,memory to,2,model is,2,be selective,2,while preventing,2
so your,2,summary record,2,ttl and,2,inspectable and,2,authority always,2
bias toward,2,retrieved chunk,2,makes continuity,2,depend on,2,user team,2
toward path,2,t treat,2,continuity mostly,2,continuity becomes,2,time stamped,2
path continuity,2,code grounded,2,mostly about,2,if what,2,tickets retrieved,2
caused by,2,truth over,2,how you,2,what persists,2,retrieved only,2
to make,2,the touched,2,you retrieve,2,persists is,2,branch authority,2
resume or,2,ask a,2,on retrieval,2,injected by,2,this architecture,2
or the,2,updated approach,2,postmortems rather,2,architectures make,2,what persists,2
intent is,2,with current,2,require provenance,2,continuity more,2,these are,2
get the,2,the core,2,carry timestamp,2,be net,2,are non,2
recall without,2,the codebase,2,file path,2,net positive,2,non negotiable,2
without the,2,so old,2,path commit,2,because they,2,negotiable to,2
architecture makes,2,old uncertain,2,with metadata,2,store only,2,ticket chat,2
makes continuity,2,recently confirmed,2,cite and,2,metadata decay,2,snippets user,2
where each,2,last month,2,adr accepted,2,provenance and,2,user controls,2
a authoritative,2,especially for,2,accepted may,2,tentative failed,2,memory use,2
non authoritative,2,summaries for,2,or be,2,superseded and,2,show retrieved,2
over raw,2,allow supersede,2,rises with,2,version gating,2,this memory,2
artifacts chat,2,this convention,2,time because,2,provide fresh,2,everything and,2
not loaded,2,convention hasn,2,unstable categories,2,mode that,2,retrieve automatically,2
retrieved only,2,hasn t,2,hypotheses or,2,that uses,2,is more,2
only with,2,t been,2,or revalidation,2,no volatile,2,summary structured,2
always shown,2,been confirmed,2,tend to,2,history so,2,can recommend,2
is more,2,in days,2,but can,2,architecture that,2,recommend the,2
to create,2,a memory,2,lock in,2,in that,2,set of,2
only is,2,retrieval as,2,unless you,2,becomes a,2,over engineering,2
cause ruts,2,outdated don,2,decisions and,2,staleness is,2,tax is,2
default because,2,to convention,2,or yesterday,2,is very,2,s exactly,2
is less,2,dependency version,2,memory object,2,it fails,2,teams will,2
from messy,2,to catch,2,on the,2,plausible confident,2,depend on,2
create a,2,worried enough,2,you should,2,introduce regressions,2,make continuity,2
t make,2,to design,2,it when,2,go stale,2,loads by,2
make summaries,2,from day,2,curated user,2,then becomes,2,not authoritative,2
scoped and,2,ll ship,2,like decisions,2,an authoritative,2,authoritative and,2
typed memory,2,a feature,2,verified runbook,2,risk profile,2,has provenance,2
into canonical,2,code grounding,2,as time,2,because summaries,2,controls what,2
intent gated,2,the risk,2,ttl or,2,time travel,2,from where,2
where this,2,what i,2,with clear,2,the underlying,2,memory enterprise,2
staleness conflict,2,i d,2,not worth,2,memory has,2,how architecture,2
yes the,2,status timestamps,2,and retrieving,2,module ownership,2,changes the,2
good or,2,default e,2,into generation,2,they can,2,you pick,2
summaries tend,2,older than,2,without strong,2,the question,2,store everything,2
intent and,2,it explicitly,2,controls memory,2,and scope,2,continuity becomes,2
unless retrieval,2,to confirm,2,it but,2,metadata repo,2,high risk,2
summaries as,2,confirm if,2,as typed,2,default branch,2,risk frequent,2
as optional,2,you tell,2,and staleness,2,commit sha,2,frequent retrieval,2
clear authority,2,tell me,2,hybrid typed,2,time window,2,retrieval of,2
yes continuity,2,and whether,2,brief short,2,prod stage,2,s hard,2
is worth,2,devmate can,2,lexical search,2,compatibility scored,2,opaque why,2
doing for,2,worse it,2,search over,2,past context,2,it say,2
briefing is,2,is usually,2,timestamps repo,2,decay version,2,say that,2
positioning but,2,the developer,2,episodic attempts,2,files symbols,2,may be,2
but continuity,2,isolation is,2,default keep,2,downrank or,2,memory continuity,2
load the,2,t know,2,product policy,2,checks before,2,risk less,2
last n,2,can correct,2,eyes suppress,2,code that,2,this can,2
the answer,2,to sources,2,history retrieval,2,environment when,2,hybrid typed,2
depend on,2,how fast,2,unless user,2,when tooling,2,memory default,2
helpful baseline,2,fast you,2,to de,2,as historical,2,on small,2
anchoring on,2,memory can,2,de risk,2,longer matches,2,exact details,2
implement continuity,2,can look,2,brief only,2,for curated,2,details stack,2
continuity as,2,blast radius,2,correction rate,2,summaries adrs,2,recency branch,2
of everything,2,can cause,2,incidents and,2,add last,2,it preserves,2
high risk,2,forgetting is,2,briefing time,2,reviewed review,2,vectors behind,2
context more,2,willingness to,2,cost is,2,when related,2,an explicit,2
and trust,2,to rely,2,and team,2,related files,2,as always,2
usually not,2,rely on,2,governed continuity,2,files change,2,include a,2
worth it,2,is hard,2,the decision,2,auth adrs,2,only with,2
because you,2,higher risk,2,in practice,2,always show,2,with an,2
enterprise trust,2,log pii,2,memory can,2,retrieved context,2,architecture that,2
is wrong,2,t change,2,s code,2,t correct,2,one of,2
hybrid with,2,that are,2,code this,2,require citations,2,memory and,2
debug forensics,2,which failure,2,both summaries,2,it in,2,it affects,2
on explicit,2,failure you,2,wrong conclusion,2,lose trust,2,summaries and,2
one line,2,constraints invariants,2,no longer,2,trust in,2,and vectors,2
line ship,2,severity prefer,2,the current,2,them staleness,2,last month,2
but define,2,stored as,2,not an,2,staleness becomes,2,t design,2
define it,2,authoritative records,2,you store,2,can influence,2,code that,2
answer drops,2,old transcripts,2,store and,2,can a,2,t compile,2
drops materially,2,default ttl,2,it to,2,and c,2,we use,2
the minimal,2,retrieve only,2,is low,2,items superseded,2,long lived,2
the baseline,2,a non,2,is we,2,remembering wrong,2,branch or,2
on full,2,scope and,2,pattern is,2,wrong is,2,no longer,2
memory artifacts,2,checks against,2,x debugging,2,trust it,2,changed why,2
an old,2,against current,2,attach provenance,2,show up,2,vectors fail,2
old but,2,staleness isn,2,every memory,2,on it,2,fail by,2
no longer,2,t optional,2,memory item,2,usually less,2,impact is,2
are high,2,a liability,2,minimum viable,2,visible and,2,because they,2
used if,2,the primary,2,this turns,2,and bounded,2,similarity search,2
used as,2,and adoption,2,auto mark,2,cost is,2,old but,2
outranks memory,2,developers can,2,than a,2,safe the,2,but semantically,2
make a,2,t see,2,current head,2,to ask,2,and subtle,2
a hard,2,answer where,2,do referenced,2,worse than,2,the risk,2
did the,2,where did,2,referenced symbols,2,when the,2,the good,2
the target,2,come from,2,can still,2,this service,2,you treat,2
memory was,2,fix it,2,still be,2,no memory,2,the core,2
should not,2,editable summary,2,memory if,2,is practical,2,to make,2
commit sha,2,box memory,2,or linked,2,fail safe,2,every remembered,2
retrieval and,2,mark deprecated,2,linked to,2,safe default,2,source type,2
files modules,2,new decision,2,last month,2,than to,2,aware retrieval,2
existence checks,2,and audit,2,which is,2,the product,2,to current,2
in retrieval,2,an explicit,2,stale injections,2,load only,2,same branch,2
be outdated,2,explicit memory,2,can become,2,explicit user,2,t reliably,2
needs the,2,memory layer,2,become a,2,user intent,2,verify against,2
this prevents,2,harder to,2,constraint that,2,intent and,2,against the,2
old truth,2,support burden,2,that steers,2,version checks,2,before injecting,2
similarity apply,2,team can,2,steers everything,2,against the,2,code patterns,2
module service,2,does this,2,unless filtered,2,making the,2,referenced symbols,2
exclude items,2,layer continuity,2,filtered validated,2,transparency is,2,still exist,2
linked to,2,is high,2,easier to,2,they ll,2,language server,2
chat only,2,may not,2,a reason,2,users and,2,if a,2
code snippets,2,continuity becomes,2,reason to,2,memory will,2,an api,2
if not,2,and more,2,freshness validity,2,fix it,2,stale memory,2
not it,2,still be,2,raw past,2,it immediately,2,and supersession,2
your architecture,2,provenance for,2,is inevitable,2,that becomes,2,a quick,2
architecture choice,2,keep vectors,2,inevitable the,2,a fast,2,last verified,2
only can,2,the authority,2,is whether,2,continuity at,2,verified at,2
be safe,2,summaries structured,2,t ship,2,very likely,2,sha date,2
are a,2,vector memory,2,ship provenance,2,continuity that,2,contradict the,2
against repo,2,index for,2,decay and,2,retrieval without,2,vector recall,2
module and,2,continuity that,2,and erode,2,without strong,2,docs code,2
baseline and,2,the practical,2,erode trust,2,visibility citations,2,make staleness,2
drift aware,2,yes if,2,trust if,2,for enterprise,2,staleness visible,2
repo validated,2,ai remembers,2,because you,2,cost of,2,warning if,2
staleness is,2,remembers everything,2,the best,2,s less,2,t match,2
memory without,2,teams will,2,a lot,2,vectors you,2,current branch,2
without provenance,2,treat the,2,lot of,2,can keep,2,high severity,2
you will,2,the fastest,2,to unwind,2,keep vector,2,trust damage,2
and then,2,and let,2,impact probability,2,show which,2,ship canonical,2
repo memory,2,s opaque,2,in your,2,title date,2,summaries only,2
wrong memory,2,prone to,2,broken code,2,a simple,2,medium severity,2
and low,2,architecture team,2,wrong memory,2,make summaries,2,vector retrieval,2
stop trusting,2,aren t,2,net effect,2,docs the,2,without strong,2
the tool,2,ai is,2,hours and,2,the authoritative,2,hybrid with,2
missing context,2,it increases,2,the primary,2,readable editable,2,and correctable,2
adr or,2,documentation not,2,truth when,2,as supporting,2,requirement not,2
a doc,2,durable artifacts,2,forgetting can,2,recall without,2,devmate should,2
relying on,2,docs the,2,continuity when,2,a black,2,when it,2
the important,2,docs as,2,and fast,2,black box,2,current repo,2
forgetting can,2,mirrored to,2,developer can,2,on what,2,minimum viable,2
to restate,2,to repo,2,high automation,2,when ai,2,the biggest,2
this service,2,as an,2,a good,2,outcome it,2,engineering effort,2
to behave,2,an artifact,2,default behavior,2,s memory,2,wrong memory,2
if i,2,can review,2,before acting,2,it just,2,than no,2
ask or,2,review in,2,acting on,2,just knows,2,memory because,2
stale memory,2,in code,2,on old,2,to docs,2,it fails,2
memory i,2,section ticket,2,old context,2,adrs code,2,it misleads,2
citations timestamps,2,if no,2,memory vs,2,to update,2,devmate forgets,2
being wrong,2,and suggest,2,curated evidence,2,embeddings as,2,and team,2
with high,2,this prevents,2,i don,2,memory increases,2,but doesn,2
capture and,2,prevents the,2,a persistent,2,update architecture,2,when confidence,2
and make,2,from becoming,2,to treat,2,md with,2,confidence is,2
it does,2,becoming an,2,check not,2,citations memory,2,forgetting can,2
continuity at,2,a pr,2,not truth,2,and keeping,2,so users,2
and is,2,adr update,2,line if,2,keeping them,2,way the,2
a fast,2,readme section,2,you must,2,them current,2,the worst,2
where did,2,runbook entry,2,must pick,2,ai as,2,it asks,2
come from,2,memory this,2,pick one,2,and update,2,asks a,2
that still,2,keep raw,2,obvious and,2,into truth,2,not it,2
a readable,2,authoritative and,2,artifacts and,2,doc updates,2,can point,2
memory page,2,of chats,2,and treat,2,architectural claims,2,point to,2
makes this,2,backed by,2,evidence with,2,a hypothesis,2,expose retrieval,2
caused this,2,by repo,2,with freshness,2,hypothesis and,2,correction loop,2
t reliably,2,repo artifacts,2,is wrong,2,create update,2,be wrong,2
can edit,2,to build,2,becomes stale,2,adr from,2,can correct,2
memory artifact,2,it should,2,it confidently,2,from this,2,correct it,2
does this,2,if continuum,2,outdated assumptions,2,this thread,2,memory or,2
at the,2,continuum is,2,to delete,2,remember everything,2,and accountability,2
with timestamps,2,is implemented,2,delete it,2,opaque recall,2,harder to,2
mark stale,2,a black,2,a black,2,suggest the,2,does it,2
a black,2,long run,2,that can,2,the minimal,2,continuity at,2
changes the,2,citation backed,2,and deletion,2,strongest argument,2,at all,2
the continuity,2,replacement for,2,does this,2,argument for,2,continuity without,2
make vector,2,strongest argument,2,no continuity,2,architecture interaction,2,trust and,2
without transparency,2,argument for,2,continuity not,2,stale history,2,continuity with,2
silent wrongness,2,less likely,2,not necessarily,2,opaque memory,2,can see,2
that users,2,easier to,2,and they,2,for continuity,2,continuity because,2
vectors only,2,and correct,2,issue file,2,continuity project,2,only add,2
cited and,2,onboarding tax,2,window branch,2,memory continuity,2,make them,2
without turning,2,tax and,2,downrank old,2,enterprise projects,2,them auditable,2
real risk,2,and correctness,2,old items,2,be reviewed,2,a black,2
easier than,2,with the,2,validate symbols,2,versioned and,2,retrieved context,2
than docs,2,architecture summary,2,symbols paths,2,helps continuity,2,t use,2
anchored to,2,memory weakens,2,and continuity,2,auto summarize,2,use this,2
ai memory,2,weakens the,2,continuity at,2,detailed recall,2,again delete,2
truth when,2,memory strengthens,2,at all,2,version metadata,2,mark superseded,2
only in,2,strengthens the,2,ship continuity,2,and visible,2,at that,2
adr the,2,the isolation,2,an inspectable,2,visible citations,2,that point,2
aren t,2,isolation argument,2,user governed,2,is best,2,point vectors,2
design principle,2,argument because,2,governed memory,2,best as,2,vectors become,2
docs adrs,2,the safer,2,decisions outcomes,2,history continuity,2,editable project,2
system of,2,structured memory,2,opaque or,2,is spine,2,auditable retrieval,2
of record,2,the continuity,2,or hard,2,as canonical,2,never as,2
an index,2,continuity argument,2,delete audit,2,optional evidence,2,while keeping,2
an authority,2,and staleness,2,this aligns,2,and transparency,2,keeping the,2
by making,2,are treated,2,aligns with,2,can turn,2,to store,2
the easiest,2,not authoritative,2,a human,2,detectability high,2,store the,2
docs first,2,records with,2,be auditable,2,are readable,2,and then,2
when possible,2,as decaying,2,practical recommendation,2,safe only,2,write it,2
docs architecture,2,to mislead,2,the canonical,2,user confirmed,2,linked and,2
if there,2,commission risk,2,canonical editable,2,that no,2,the source,2
a pr,2,decided x,2,vectors only,2,vector memory,2,docs and,2
this decision,2,time scope,2,only for,2,institutional knowledge,2,doc decay,2
prompt to,2,validity gating,2,never silently,2,is least,2,adr file,2
forever as,2,what becomes,2,provide a,2,least likely,2,pr a,2
back to,2,curated authoritative,2,a visible,2,to silently,2,in chat,2
as devmate,2,superseded as,2,session header,2,to mislead,2,adr pr,2
not devmate,2,the code,2,with one,2,pick one,2,to docs,2
cost of,2,the lowest,2,enterprise settings,2,summaries with,2,click generate,2
strongest argument,2,allowed to,2,it often,2,less misleading,2,org setting,2
argument for,2,summary hallucination,2,s more,2,choose a,2,unless promoted,2
architecture interaction,2,one of,2,more likely,2,spine docs,2,pr doc,2
interaction summary,2,as unconfirmed,2,your memory,2,to an,2,answer with,2
memory isolation,2,treat as,2,a temporal,2,non canonical,2,but it,2
isolation avoids,2,authority vectors,2,temporal failure,2,canonical evidence,2,continuity as,2
staleness risk,2,show source,2,out of,2,shown with,2,as ai,2
is strongest,2,and scope,2,of durable,2,timestamp branch,2,everything you,2
strongest when,2,not to,2,may not,2,proximity existence,2,risk if,2
provenance editability,2,s true,2,policy can,2,still present,2,and decisions,2
editability staleness,2,want i,2,make project,2,t get,2,suggest the,2
for continuity,2,propose a,2,a replacement,2,to assert,2,strongest argument,2
repeated onboarding,2,memory types,2,as authoritative,2,assistant may,2,argument for,2
over long,2,would trust,2,there s,2,cite the,2,isolation is,2
long projects,2,their notes,2,s no,2,it must,2,the safest,2
enterprise teams,2,a strong,2,the stable,2,that still,2,but they,2
is real,2,memory users,2,m not,2,misleading behavior,2,outdated apis,2
of continuity,2,they want,2,that prevent,2,it prevents,2,for continuity,2
memory supports,2,repo docs,2,index not,2,retrieval from,2,preserves high,2
supports continuity,2,is being,2,as repo,2,current truth,2,senior teammate,2
flow if,2,is trust,2,md docs,2,truth if,2,isolation session,2
citations and,2,like an,2,the loop,2,is allowed,2,session only,2
shift continuity,2,will be,2,no uncited,2,your survey,2,choose continuity,2
continuity toward,2,memory like,2,issue or,2,means re,2,continuity via,2
because they,2,what changed,2,status if,2,over their,2,helps continuity,2
but you,2,changed since,2,no source,2,their notes,2,continuity argument,2
review supersede,2,this matches,2,a pr,2,convenient but,2,small reviewable,2
gated and,2,the exact,2,pr that,2,it means,2,low level,2
as cited,2,pr adr,2,updates a,2,what i,2,feeds isolation,2
cited on,2,make memory,2,team memory,2,and allow,2,isolation argument,2
in v1,2,the relevant,2,memory should,2,in a,2,argument risk,2
restate them,2,or user,2,become the,2,a system,2,snippets when,2
you do,2,into durable,2,confirm supersede,2,supporting context,2,can create,2
least misleading,2,makes the,2,everything in,2,a canonical,2,create ruts,2
misleading risk,2,t let,2,the risk,2,with links,2,was retrieved,2
guardrails summaries,2,curated versioned,2,risk of,2,the source,2,box and,2
when they,2,regardless of,2,of becoming,2,the retrieval,2,is strongest,2
no silent,2,doc adr,2,truth and,2,retrieval query,2,strongest when,2
source cited,2,if available,2,default continuum,2,to retrieve,2,t guarantee,2
because a,2,support set,2,have a,2,items to,2,and auditable,2
module scope,2,set items,2,knowledge base,2,more confident,2,brief on,2
scope exclude,2,newer versions,2,interface to,2,itself using,2,decision rule,2
uncited assertions,2,deprecated notices,2,we are,2,and reviewable,2,misleading risk,2
to an,2,alternative adrs,2,strongest argument,2,and keep,2,to mislead,2
artifact adr,2,to reconcile,2,argument for,2,and citations,2,summaries canonical,2
uncited and,2,or ask,2,codebase evolves,2,this reduces,2,low authority,2
continuity mechanism,2,gating so,2,plausible but,2,reduces the,2,are on,2
before suggesting,2,make retrieval,2,waste hours,2,raw history,2,demand what,2
and stale,2,gating rules,2,keeps the,2,hard filters,2,try last,2
over their,2,the loop,2,state and,2,current workspace,2,last week,2
says users,2,panel with,2,missing context,2,likely stale,2,commit branch,2
they re,2,this lets,2,architecture interaction,2,add a,2,ranked and,2
asking for,2,only promoted,2,isolation is,2,a second,2,shown to,2
should behave,2,ideally with,2,is most,2,context make,2,m using,2
a hidden,2,retrieval inertia,2,most compelling,2,panel show,2,using these,2
the gating,2,policy if,2,compelling when,2,show retrieved,2,these excerpts,2
constraint not,2,want a,2,to validate,2,link allow,2,not memory,2
permission to,2,always include,2,provenance controls,2,time range,2,provenance vectors,2
memory but,2,memory for,2,every session,2,query from,2,default always,2
but not,2,diversified top,2,and re,2,the task,2,when uncertain,2
you ship,2,item challenge,2,knows the,2,service x,2,than asserting,2
your survey,2,challenge item,2,so it,2,debugging exploration,2,institutional knowledge,2
is memory,2,ide vs,2,time without,2,history unless,2,system s,2
low trust,2,vs web,2,architecture choice,2,s a,2,it forgot,2
wins when,2,combine them,2,helps continuity,2,the system,2,confidently remembered,2
with vectors,2,failure modes,2,main risk,2,let the,2,remembered wrong,2
used only,2,you design,2,summary can,2,for memory,2,it would,2
cited evidence,2,design the,2,editable statused,2,of what,2,trust is,2
editable source,2,when hybrid,2,statused vectors,2,user controllable,2,over notes,2
do you,2,a clear,2,lookup with,2,it only,2,cost of,2
continuity must,2,durable summaries,2,citations prs,2,is canonical,2,want memory,2
not be,2,what can,2,rut staleness,2,scoped and,2,memory with,2
and correctable,2,can mislead,2,you ve,2,try last,2,verification hooks,2
the generator,2,this keeps,2,keep default,2,time find,2,as oracle,2
or a,2,both layers,2,default on,2,error message,2,brief adr,2
this reduces,2,what was,2,curated artifacts,2,being too,2,adr layer,2
the loop,2,was used,2,artifacts project,2,metadata discipline,2,code doc,2
the same,2,if summary,2,retrieval with,2,to use,2,doc pr,2
define memory,2,retrieval gating,2,and freshness,2,adrs pr,2,core requirement,2
adrs conventions,2,click actions,2,visible fresh,2,most robust,2,an optional,2
retrieval only,2,ignore promote,2,continuum mode,2,with strict,2,the main,2
debug resume,2,they answer,2,they want,2,loaded every,2,it by,2
that don,2,but do,2,wrong and,2,durable truths,2,let the,2
vs chat,2,and provenance,2,for a,2,md or,2,to reduce,2
only this,2,we build,2,least misleading,2,map key,2,with different,2
retrieve a,2,continuity yes,2,misleading why,2,non negotiable,2,or heavily,2
receipts and,2,but we,2,stale or,2,human readable,2,down ranked,2
relies on,2,do not,2,context is,2,approval flow,2,this prevents,2
memory must,2,not ship,2,trust is,2,only layer,2,s code,2
symbol existence,2,ship remember,2,strong provenance,2,x without,2,instead of,2
to what,2,with explicit,2,approved and,2,the prior,2,near duplicates,2
becomes the,2,architecture specific,2,claims with,2,typed labeled,2,and code,2
give users,2,record types,2,links timestamps,2,metadata required,2,with branch,2
controls that,2,adr like,2,most likely,2,paths symbols,2,a retrieved,2
canonical only,2,and optionally,2,easy to,2,confirmed finding,2,search lsp,2
for this,2,types decision,2,symbols against,2,superseded failed,2,the loop,2
this session,2,index ei,2,s the,2,failed tentative,2,click actions,2
ignore this,2,vector index,2,decay review,2,how the,2,to canonical,2
this memory,2,repo scope,2,only when,2,the pieces,2,toggle per,2
before you,2,longer retention,2,invisible memory,2,pieces connect,2,request brief,2
add a,2,use apm,2,visible and,2,default context,2,turns the,2
pass challenge,2,prompt constraints,2,and editable,2,devmate loads,2,should ask,2
with canonical,2,ignore ei,2,your target,2,open files,2,if old,2
self bias,2,memory becomes,2,continuum and,2,spine artifacts,2,which is,2
hybrid becomes,2,be treated,2,and your,2,per user,2,re not,2
when hybrid,2,conflicts with,2,constraints retention,2,spine for,2,self bias,2
how teams,2,with apm,2,can recommend,2,is opt,2,incidents where,2
history prs,2,apm or,2,policy and,2,or the,2,changing models,2
logs and,2,where possible,2,which memory,2,is inherently,2,retrieval so,2
are auto,2,symbol import,2,memory types,2,commit proximity,2,combine them,2
conflict resolution,2,for enterprise,2,their own,2,if not,2,treat it,2
explicit authority,2,enterprise trust,2,own notes,2,must cite,2,when hybrid,2
authority hierarchy,2,apm records,2,what that,2,adr brief,2,modes the,2
define a,2,human readable,2,tells you,2,update adr,2,version hybrid,2
vector retrieval,2,debug lookup,2,a hidden,2,keep continuity,2,when summaries,2
we choose,2,authoritative editable,2,is it,2,blocks volatile,2,editable source,2
this to,2,versioned summaries,2,upkeep not,2,items influenced,2,a second,2
to show,2,with an,2,for architecture,2,influenced the,2,a retrieval,2
show receipts,2,eyes escape,2,and ux,2,user can,2,retrieval tool,2
you remove,2,escape hatch,2,repo or,2,supersede retire,2,find the,2
with memory,2,perfect recall,2,and filters,2,adr or,2,the vector,2
doing continuity,2,staleness opacity,2,type not,2,plan to,2,hybrid becomes,2
devmate s,2,a small,2,what memory,2,projectbrief adrs,2,clear authority,2
s enterprise,2,curated records,2,everything you,2,optional chat,2,snippets tickets,2
value is,2,t make,2,you prevent,2,gives you,2,but keep,2
designed to,2,re brief,2,a governed,2,perfect recall,2,not inherently,2
to fail,2,short lived,2,and keep,2,vector storage,2,tool not,2
fail safe,2,lookup not,2,should not,2,even then,2,memory stream,2
architecture hybrid,2,term memory,2,retrieval plan,2,then you,2,tiered hybrid,2
truth layer,2,find that,2,status and,2,everything you,2,memory architecture,2
small editable,2,days for,2,and diversity,2,memory at,2,a canonical,2
repo notebook,2,scope gating,2,diversity rules,2,discussions incident,2,memory store,2
that can,2,higher signal,2,this reduces,2,pr threads,2,decision rationale,2
superseded date,2,for long,2,i retrieved,2,vectors can,2,superseded links,2
adr doc,2,years of,2,superseding deprecating,2,if your,2,compliance slo,2
compliance perf,2,decision rule,2,deprecating items,2,your plan,2,slo platform,2
linked docs,2,s high,2,supersedes adr,2,plan is,2,glossary domain,2
source type,2,high detail,2,least one,2,it if,2,causes fixes,2
superseded ignored,2,vector retention,2,item to,2,evidence vectors,2,fixes optional,2
path how,2,the staleness,2,to carry,2,explicit retention,2,a repo,2
a session,2,lookup workflows,2,freshness weighting,2,risk and,2,human readable,2
a convention,2,should change,2,weighting and,2,and trust,2,doc ticket,2
structured notebook,2,a credible,2,steer generation,2,noise but,2,path how,2
notebook item,2,change your,2,exists symbol,2,across projects,2,during a,2
or per,2,and cost,2,downranked or,2,citations and,2,a session,2
into the,2,likely means,2,non authoritative,2,control pii,2,does not,2
the evidence,2,rbac retention,2,always include,2,doing because,2,optionally via,2
not truth,2,bias loops,2,x accepted,2,message parity,2,on continuity,2
truth it,2,the hard,2,treat them,2,how it,2,governance and,2
convention decision,2,t fully,2,add an,2,a credible,2,generate update,2
draft a,2,fully trust,2,an explicit,2,you into,2,optional chat,2
a notebook,2,vs infinite,2,user to,2,everything forever,2,enterprise policy,2
user request,2,staleness risk,2,is retrieved,2,governed memory,2,pointers to,2
intents like,2,memory not,2,chat only,2,than infinite,2,service module,2
code review,2,everything forever,2,and latency,2,retention controls,2,default invoked,2
notebook items,2,competitive parity,2,retrieval contract,2,tier with,2,user selects,2
scoped to,2,retrieval retention,2,without making,2,bounded retention,2,a bounded,2
try what,2,ttl policies,2,as two,2,supersede forget,2,and optionally,2
first repo,2,memory or,2,with different,2,enterprise controls,2,in ui,2
main module,2,trustworthy memory,2,more context,2,controls acl,2,c session,2
tags recency,2,time scoping,2,vectors are,2,and a,2,session memory,2
recency window,2,not infinite,2,excel at,2,not infinite,2,memory ephemeral,2
evidence as,2,admin configurable,2,recall of,2,that enterprises,2,context window,2
never as,2,and controls,2,shouldn t,2,more context,2,scratch notes,2
dependency present,2,and retrieval,2,so hybrid,2,dump everything,2,promoted into,2
citations to,2,large context,2,deep recall,2,years of,2,a or,2
ids and,2,context windows,2,explicit authority,2,you pay,2,or stored,2
eyes notebook,2,recent work,2,branch commit,2,so you,2,evidence in,2
notebook repo,2,dump everything,2,can reduce,2,not better,2,in b,2
repo only,2,cost latency,2,for users,2,t reliably,2,b under,2
only vs,2,two years,2,and visible,2,metadata and,2,under policy,2
notebook gated,2,everything is,2,here are,2,include a,2,org policy,2
notebook is,2,you ve,2,eyes continuum,2,include the,2,whether chat,2
orders service,2,enterprise governance,2,checks when,2,the minimum,2,chat can,2
we are,2,auditability what,2,possible paths,2,the core,2,retention windows,2
index but,2,influenced this,2,symbols exist,2,in control,2,relevant files,2
can turn,2,just more,2,was used,2,control pros,2,modules change,2
optional and,2,for a,2,exclude pin,2,maintain it,2,retrieval is,2
the big,2,a curated,2,if evidence,2,system managed,2,old items,2
low cost,2,of curated,2,editable and,2,memory system,2,items are,2
forensics what,2,and keep,2,retrieval vectors,2,human governed,2,or asks,2
what i,2,cons higher,2,vectors over,2,evidence pr,2,source links,2
i d,2,reduces re,2,phase optional,2,shows up,2,value per,2
t buy,2,it think,2,once you,2,into an,2,per complexity,2
it by,2,shared control,2,that keeps,2,adr update,2,great for,2
by retention,2,explicit approval,2,it should,2,update conventions,2,errors logs,2
incident debug,2,workflow recommended,2,are we,2,becomes canonical,2,brief a,2
all chats,2,user can,2,want to,2,mode toggle,2,recall or,2
issues runbooks,2,answer memory,2,not doing,2,creates a,2,sha filters,2
this preserves,2,editable project,2,inject it,2,who can,2,pr diff,2
very large,2,status supersession,2,policy controls,2,look like,2,echo chamber,2
you still,2,auto injected,2,a canonical,2,for mvp,2,a blanket,2
ways to,2,editable artifact,2,projectbrief adr,2,summaries curated,2,paying for,2
confidently wrong,2,evidence link,2,adr decision,2,better manual,2,more misleading,2
if your,2,user approves,2,owner created_at,2,context tools,2,glossary current,2
your goal,2,files folders,2,ideally in,2,not vectors,2,current goals,2
goal is,2,pack builder,2,evidence index,2,briefing with,2,two years,2
reduce re,2,from pr,2,did we,2,brief auto,2,years of,2
recall vectors,2,pr oct,2,do this,2,devmate projectbrief,2,and source,2
scope and,2,mvp goal,2,this before,2,human owned,2,vectors only,2
years is,2,goal is,2,issues adrs,2,status superseded,2,only for,2
must answer,2,is forensics,2,adrs runbooks,2,links and,2,for selected,2
answer the,2,ttl vectors,2,logs stack,2,chat action,2,selected corpora,2
the safety,2,vectors later,2,chats by,2,to brief,2,exclude or,2
it may,2,later if,2,end to,2,baked into,2,incident debug,2
as verified,2,a minimal,2,to end,2,is editable,2,debug artifacts,2
marketing parity,2,your mvp,2,pipeline what,2,reviewed fields,2,index only,2
addresses the,2,into an,2,when and,2,over time,2,if vectors,2
core memory,2,storage retrieval,2,create update,2,vectors first,2,is hard,2
memory story,2,evidence links,2,policy dependent,2,is hard,2,and make,2
s safe,2,not confirmed,2,artifacts prs,2,to justify,2,add on,2
policy that,2,memory diffs,2,into store,2,trust cliff,2,retrieval for,2
enterprise governance,2,first useful,2,audit log,2,acl enforcement,2,docs tickets,2
this gives,2,useful answer,2,continuum evidence,2,phase mvp,2,cost risk,2
what not,2,and a,2,find prior,2,incidents with,2,the highest,2
default on,2,yes you,2,type time,2,phase optional,2,architecture what,2
win the,2,later but,2,window status,2,vectors with,2,what the,2
and lose,2,raw text,2,guardrails that,2,controls exclude,2,you already,2
means you,2,records later,2,self reinforcing,2,the goal,2,enterprises will,2
context window,2,if ui,2,reinforcing retrieval,2,goal is,2,long term,2
you pay,2,is truth,2,retrieval loops,2,with minimal,2,to match,2
scale with,2,define a,2,and can,2,the mvp,2,than being,2
anchor on,2,memory schema,2,phase store,2,adr template,2,the calculus,2
what data,2,inferred evidence_refs,2,only brief,2,template conventions,2,you should,2
this answer,2,evidence_refs pr,2,adrs are,2,test if,2,memory provenance,2
data classes,2,records store,2,are evidence,2,feels like,2,infinite memory,2
audit and,2,text metadata,2,paying for,2,i d,2,governed project,2
always show,2,you start,2,what summaries,2,yes you,2,retention and,2
implementation it,2,own data,2,cost when,2,provenance from,2,the competitor,2
becomes an,2,make what,2,given cost,2,day one,2,s headline,2
user curated,2,session by,2,adrs runbook,2,stable ids,2,a credible,2
users won,2,a fresh,2,pain re,2,memory object,2,memory feature,2
t do,2,pack tools,2,recency weighting,2,ids metadata,2,for edit,2
memory coverage,2,docs save,2,at a,2,vectors later,2,search keyword,2
harder to,2,save as,2,chat by,2,later keep,2,the durable,2
and correct,2,a mistake,2,or user,2,to fix,2,naive as,2
s true,2,mistake the,2,tiered retention,2,creates the,2,diff and,2
org policy,2,commit to,2,retrieval over,2,staleness controls,2,i e,2
link to,2,make curated,2,default and,2,id type,2,worse than,2
silent truth,2,phase headline,2,and priced,2,status timestamps,2,small canonical,2
the product,2,resolve q1,1,priced retained,2,timestamps provenance,2,brief plus,2
where it,2,q1 should,1,timeline and,2,instead if,2,latency and,2
to update,2,we by,1,everything forever,2,memory a,2,chat logs,2
decide what,2,by redefining,1,and enterprise,2,a mistake,2,large context,2
this matters,2,redefining what,1,the competitor,2,ship full,2,context windows,2
team shared,2,the split,1,with your,2,full vector,2,inside a,2
retention redaction,2,split exists,1,is now,2,default e,2,need for,2
memory and,2,exists because,1,ship a,2,gives marketing,2,oracle and,2
context tools,2,because you,1,lower risk,2,default retention,2,users won,2
pair it,2,re debating,1,control and,2,think about,1,t maintain,2
it with,2,debating two,1,policy controlled,2,about both,1,maintain it,2
baseline notebook,2,two different,1,controlled memory,2,both questions,1,it consistently,2
set of,2,different things,1,infinite recall,2,questions together,1,session pr,2
examples scope,2,things under,1,move weeks,2,together what,1,flag items,2
non goals,2,under one,1,or at,2,what memory,1,becomes canonical,2
owners entry,2,one name,1,brief vn,2,is determines,1,artifacts logs,2
even a,2,name durable,1,show used,2,whether it,1,chat this,2
policy mvp,2,durable project,1,links dates,2,it helps,1,artifact file,2
no link,2,knowledge architecture,1,the core,2,helps or,1,this matters,2
it uncited,2,conventions usually,1,keep unit,2,or hurts,1,what do,2
lower confidence,2,usually improves,1,economics sane,2,hurts the,1,we believe,2
pinned files,2,improves code,1,memory you,2,eyes vs,1,not vectors,2
context panel,2,code quality,1,controls retention,2,vs frictionless,1,retrieval keyword,2
import from,2,quality and,1,access deletion,2,flow debate,1,brief default,2
from repo,2,speed conversation,1,in parallel,2,debate usually,1,project scoped,2
session kickoff,2,conversation residue,1,and a,2,usually stalls,1,file or,2
trust memory,2,residue trial,1,to ship,2,stalls because,1,or managed,2
staleness controls,2,trial and,1,is often,2,because remembering,1,managed doc,2
basic repo,2,and error,1,s practical,2,remembering is,1,editable diffable,2
file path,2,error partial,1,recent working,2,is treated,1,diffable source,2
the roadmap,2,hypotheses outdated,1,naive as,2,as one,1,write flow,2
map lite,2,outdated states,1,s naive,2,one thing,1,user approves,2
session debugging,2,states often,1,t reliably,2,thing in,1,only no,2
recency module,2,often reduces,1,staleness gets,2,practice you,1,have a,2
verbatim citations,2,reduces quality,1,gets worse,2,have multiple,1,find that,2
citations retention,2,quality by,1,has no,2,multiple memory,1,and retention,2
retention defaults,2,by anchoring,1,exactly the,2,memory categories,1,ranking staleness,2
defaults e,2,anchoring so,1,that are,2,categories with,1,even a,2
the biggest,2,real decision,1,drift is,2,with different,1,items when,2
biggest risk,2,decision is,1,minimal and,2,different half,1,embedding model,2
you may,2,not memory,1,to do,2,half lives,1,models or,2
the whole,2,memory vs,1,runbooks with,2,lives and,1,or moving,2
and decisions,2,vs no,1,a way,2,and risk,1,moving from,2
t trust,2,no memory,1,memory high,2,risk profiles,1,item schema,2
not later,2,but which,1,silent wrongness,2,profiles the,1,type decision,2
codeowners like,2,which classes,1,is system,2,the architectural,1,constraint convention,2
supersede if,2,classes of,1,becomes durable,2,architectural choice,1,convention glossary,2
symbols referenced,2,of information,1,admins set,2,choice summary,1,glossary learning,2
needs verification,2,information become,1,control system,2,vector should,1,learning status,2
before using,2,durable and,1,devmate proposes,2,should follow,1,scope repo,2
api class,2,and under,1,only accepted,2,follow the,1,repo service,2
class path,2,under what,1,accepted becomes,2,the category,1,what memory,2
yes you,2,what validity,1,memory used,2,category because,1,vectors a,2
can switch,2,validity rules,1,time decay,2,is different,1,source refs,2
switch later,2,rules recommendation,1,any user,2,different for,1,an index,2
a replaceable,2,recommendation on,1,export delete,2,for each,1,ll need,2
only memory,2,on q1,1,the mvp,2,each a,1,and not,2
stable ids,2,q1 yes,1,vectors later,2,a useful,1,pr time,2
stored as,2,yes do,1,canonical artifacts,2,useful frame,1,time a,2
with ids,2,it but,1,scoped to,2,frame is,1,timestamps and,2
with stable,2,selective and,1,to evidence,2,is memory,1,this matches,2
a canonical,2,typed not,1,capped editable,2,memory should,1,philosophy it,2
event log,2,a raw,1,devmate drafts,2,should increase,1,filters diversity,2
starting with,2,transcript brain,1,hidden memory,2,increase the,1,diversity never,2
typed sourced,2,brain memory,1,session starter,2,the probability,1,adr lite,2
you tell,2,is time,1,starter template,2,of correct,1,ve proven,2
tell me,2,aware decays,1,vectors as,2,correct action,1,and users,2
as decision,2,decays gets,1,year retention,2,action under,1,a mistake,2
this matches,2,gets superseded,1,retrieval not,2,change if,1,full vector,2
matches the,2,superseded is,1,everything index,2,it increases,1,we ll,2
the philosophy,2,is reconfirmed,1,be phase,2,speed but,1,staleness later,2
metadata repo,2,reconfirmed users,1,biggest risk,2,increases confident,1,users want,2
commit time,2,inspect edit,1,without a,2,wrongness stale,1,behind a,2
filters branch,2,and disable,1,items are,2,stale decisions,1,before you,2
main recency,2,disable it,1,metrics to,2,decisions repeated,1,not infinite,2
before recommending,2,it per,1,say memory,2,ends it,1,v2 weeks,2
context packs,2,per task,1,summaries first,2,s net,1,can support,1
editable cited,2,mode this,1,a specific,2,negative a,1,support project,1
a mistake,2,gives senior,1,typed artifacts,2,a split,1,continuum without,1
and we,2,without turning,1,convention outcome,2,split project,1,turning every,1
but don,2,turning yesterday,1,outcome runbookitem,2,continuum into,1,every past,1
for the,2,s dead,1,model upgrades,2,into memory,1,past interaction,1
retention controls,2,end into,1,over multi,2,types with,1,interaction into,1
influenced this,2,into tomorrow,1,lite decisions,2,explicit time,1,a gravitational,1
think about,1,tomorrow s,1,how it,2,time dynamics,1,gravitational field,1
about q1,1,s bias,1,exactly what,2,dynamics stable,1,field the,1
q1 and,1,bias treat,1,decay items,2,stable slow,1,is to,1
and q2,1,treat summaries,1,sprints unless,2,slow changing,1,to stop,1
q2 as,1,as complementary,1,lookup selective,2,changing high,1,stop treating,1
as one,1,complementary layers,1,memory this,2,value low,1,treating memory,1
one design,1,layers not,1,later is,2,low bias,1,single blob,1
design problem,1,not competing,1,it in,2,risk architecture,1,blob remember,1
problem what,1,competing architectures,1,auto inject,2,adrs key,1,everything vs,1
what kinds,1,architectures vector,1,trust and,2,key tradeoffs,1,vs remember,1
kinds of,1,store lossless,1,vs mvp,2,tradeoffs accepted,1,remember nothing,1
of past,1,lossless is,1,think about,1,accepted constraints,1,nothing and,1
past should,1,is misleading,1,about both,1,constraints code,1,instead model,1
should the,1,misleading in,1,both questions,1,code conventions,1,model what,1
ai be,1,practice retrieval,1,questions together,1,conventions layering,1,what kind,1
be allowed,1,is probabilistic,1,together should,1,rules how,1,information should,1
to carry,1,probabilistic stale,1,the disagreement,1,how we,1,persist for,1
forward the,1,stale items,1,disagreement is,1,here public,1,for how,1
vs frictionless,1,can rank,1,real because,1,public apis,1,how long,1
flow debate,1,rank highly,1,memory isn,1,apis contracts,1,long with,1
debate disappears,1,highly and,1,t one,1,contracts domain,1,with what,1
disappears if,1,s hard,1,one thing,1,domain vocabulary,1,what authority,1
treat memory,1,to explain,1,thing if,1,vocabulary invariants,1,be applied,1
typed and,1,explain summary,1,raw conversational,1,invariants these,1,applied at,1
permissioned not,1,summary lossy,1,conversational residue,1,these want,1,at generation,1
a monolith,1,lossy is,1,residue it,1,continuity fresh,1,generation time,1
monolith across,1,is true,1,it will,1,is rarely,1,time below,1
sessions users,1,true but,1,will bias,1,rarely helped,1,below is,1
to remember,1,but summaries,1,framings including,1,helped by,1,a joined,1
remember durable,1,summaries are,1,including failed,1,by forgetting,1,joined up,1
durable identity,1,only form,1,failed approaches,1,forgetting invariants,1,up way,1
identity defining,1,form that,1,approaches engineering,1,invariants medium,1,to decide,1
defining context,1,s auditable,1,engineering s,1,medium stability,1,decide whether,1
context architectural,1,auditable diffable,1,of explicit,1,stability valuable,1,it because,1
architectural decisions,1,diffable and,1,explicit reviewed,1,valuable but,1,eyes vs,1
and their,1,governable the,1,reviewed project,1,can rot,1,flow debate,1
their rationale,1,the hybrid,1,project facts,1,rot known,1,debate is,1
rationale repo,1,hybrid that,1,facts and,1,known issues,1,is really,1
conventions lint,1,that aligns,1,decisions it,1,issues incident,1,really a,1
lint rules,1,with both,1,it tends,1,incident learnings,1,a debate,1
rules patterns,1,both camps,1,reduce wasted,1,learnings performance,1,debate about,1
patterns layering,1,camps authoritative,1,wasted re,1,constraints gotchas,1,about memory,1
layering apis,1,structured user,1,re derivation,1,gotchas integration,1,quality and,1
apis contracts,1,governed the,1,derivation without,1,quirks environment,1,control not,1
contracts and,1,beliefs evidence,1,without trapping,1,environment assumptions,1,not about,1
and invariants,1,store large,1,trapping users,1,assumptions these,1,about persistence,1
invariants environment,1,large retrievable,1,users in,1,these need,1,persistence itself,1
environment tooling,1,retrievable decaying,1,s mistakes,1,need timestamps,1,itself decide,1
tooling setup,1,decaying citations,1,mistakes users,1,timestamps validity,1,decide should,1
setup test,1,and details,1,users demand,1,validity checks,1,this by,1
test strategy,1,details when,1,demand so,1,retirement mechanisms,1,by splitting,1
strategy known,1,directly links,1,right combined,1,mechanisms highly,1,splitting memory,1
known constraints,1,links q2,1,combined framing,1,highly volatile,1,into types,1
constraints compliance,1,q2 to,1,framing is,1,volatile high,1,types not,1
compliance performance,1,to q1,1,is do,1,high bias,1,a binary,1
performance budgets,1,q1 continuity,1,do we,1,risk ongoing,1,binary the,1
budgets open,1,helps when,1,we want,1,ongoing debugging,1,the strongest,1
open issues,1,curated it,1,continuity of,1,hypotheses back,1,strongest reconciliation,1
and todos,1,it hurts,1,of project,1,forth explorations,1,reconciliation is,1
todos with,1,hurts when,1,project truths,1,explorations we,1,is persist,1
with ownership,1,history drives,1,truths and,1,we tried,1,persist team,1
ownership they,1,drives behavior,1,decisions while,1,tried a,1,knowledge high,1
they generally,1,behavior a,1,while allowing,1,b c,1,signal slow,1
generally do,1,concrete project,1,allowing intentional,1,c and,1,slow changing,1
not want,1,continuum model,1,intentional discontinuity,1,it didn,1,changing architectural,1
to fossilize,1,model what,1,discontinuity of,1,t work,1,compliance latency,1
fossilize transient,1,store where,1,of attempts,1,work without,1,latency deployment,1
exploration failed,1,where and,1,and vibes,1,without context,1,deployment topology,1
failed approaches,1,why layer,1,vibes that,1,context of,1,topology established,1
approaches taken,1,structured low,1,that leads,1,of why,1,established patterns,1
taken while,1,volume store,1,leads directly,1,is where,1,patterns and,1
while debugging,1,store items,1,directly to,1,where fresh,1,conventions folder,1
debugging speculative,1,as records,1,product affordances,1,is correct,1,structure logging,1
speculative hypotheses,1,records think,1,affordances should,1,correct naïvely,1,handling known,1
hypotheses partial,1,think mini,1,should devmate,1,naïvely replaying,1,known invariants,1
partial refactors,1,mini adr,1,devmate have,1,replaying it,1,invariants and,1
refactors that,1,adr system,1,have cross,1,can anchor,1,and don,1
were abandoned,1,system e,1,memory benefits,1,model user,1,t break,1
abandoned one,1,decision choice,1,benefits why,1,user to,1,break these,1
one off,1,choice rationale,1,why enterprises,1,to yesterday,1,these contracts,1
off workarounds,1,alternatives rejected,1,enterprises ask,1,s path,1,contracts domain,1
workarounds that,1,rejected date,1,ask for,1,path conclusion,1,vocabulary and,1
were later,1,date convention,1,it rationale,1,conclusion for,1,mappings entities,1
later reverted,1,logging folder,1,rationale continuity,1,for q1,1,entities event,1
reverted so,1,folder structure,1,continuity why,1,q1 you,1,event names,1
right question,1,structure examples,1,this pattern,1,probably should,1,names do,1
question isn,1,examples constraint,1,pattern exists,1,should build,1,automatically persist,1
t memory,1,constraint compliance,1,exists compliance,1,ai remembers,1,persist search,1
or no,1,infra limits,1,compliance historical,1,everything build,1,history high,1
how do,1,limits pii,1,historical constraints,1,build governed,1,risk fast,1
we promote,1,region x,1,constraints performance,1,governed typed,1,fast changing,1
promote stable,1,x interface,1,performance vendor,1,typed memory,1,changing half,1
stable knowledge,1,interface contract,1,vendor contracts,1,memory keep,1,half baked,1
knowledge and,1,contract schemas,1,contracts rarely,1,truths always,1,baked hypotheses,1
and demote,1,schemas api,1,rarely lives,1,on make,1,debugging paths,1
demote volatile,1,api invariants,1,lives in,1,demand decaying,1,paths temporary,1
volatile exploration,1,invariants known,1,code team,1,decaying q1,1,temporary workarounds,1
exploration while,1,known issue,1,team alignment,1,q1 should,1,workarounds we,1
audit a,1,issue fix,1,alignment new,1,should you,1,tried x,1
a practical,1,conditions resolution,1,new engineers,1,you do,1,without a,1
practical product,1,resolution versions,1,engineers and,1,it at,1,a verified,1
product stance,1,versions env,1,and ai,1,all decide,1,verified root,1
stance on,1,env scope,1,ai both,1,decide by,1,cause emotional,1
on q1,1,scope open,1,both need,1,by failure,1,emotional argumentative,1
q1 yes,1,open question,1,a stable,1,controls not,1,argumentative back,1
yes but,1,question explicitly,1,stable map,1,not ideology,1,back and,1
but make,1,explicitly unresolved,1,map of,1,ideology when,1,and forth,1
it controllable,1,unresolved items,1,of conventions,1,when continuity,1,forth noisy,1
controllable and,1,items each,1,conventions linting,1,continuity clearly,1,exploration this,1
and non,1,each record,1,linting layering,1,clearly wins,1,this reframes,1
non authoritarian,1,record should,1,layering error,1,wins enterprise,1,reframes the,1
authoritarian when,1,include scope,1,handling migration,1,reality onboarding,1,argument it,1
memory improves,1,deprecated timestamps,1,migration strategy,1,onboarding costs,1,not that,1
improves outcomes,1,timestamps created_at,1,strategy debugging,1,costs are,1,that continuity,1
outcomes reduced,1,vs assistant,1,debugging efficiency,1,are real,1,bad it,1
reduced re,1,assistant proposed,1,efficiency remembering,1,real explaining,1,s that,1
onboarding the,1,proposed evidence_refs,1,remembering prior,1,explaining architecture,1,that persisting,1
assistant behaves,1,evidence_refs prs,1,prior hypotheses,1,architecture naming,1,persisting low,1
codebase norms,1,docs incident,1,hypotheses and,1,naming security,1,low confidence,1
norms consistency,1,incident ids,1,and results,1,security boundaries,1,confidence exploration,1
consistency fewer,1,ids chat,1,can prevent,1,boundaries deployment,1,as if,1
fewer suggestions,1,chat links,1,prevent repeating,1,deployment shape,1,it were,1
that violate,1,links creation,1,repeating expensive,1,shape legacy,1,were ground,1
violate layering,1,creation flow,1,investigations if,1,legacy compromises,1,ground truth,1
layering naming,1,flow important,1,if stored,1,compromises many,1,truth is,1
naming error,1,important for,1,stored as,1,many tasks,1,bad you,1
handling patterns,1,for trust,1,as outcomes,1,tasks are,1,can keep,1
patterns less,1,trust assistant,1,outcomes not,1,are long,1,keep freshness,1
less repeated,1,updates at,1,not rambling,1,horizon migrations,1,freshness by,1
repeated decision,1,at session,1,rambling real,1,migrations refactors,1,by ensuring,1
decision debt,1,end pr,1,real risks,1,refactors incident,1,ensuring only,1
debt we,1,merge sprint,1,risks why,1,follow ups,1,only vetted,1
we already,1,sprint boundary,1,why fresh,1,ups compliance,1,vetted knowledge,1
already decided,1,boundary user,1,eyes can,1,compliance changes,1,sticky while,1
decided not,1,policy approves,1,can yield,1,changes teams,1,still eliminating,1
x because,1,supersedes high,1,yield better,1,teams expect,1,eliminating re,1
because y,1,types decisions,1,better code,1,expect an,1,re onboarding,1
y when,1,constraints default,1,code anchoring,1,an assistant,1,onboarding friction,1
memory degrades,1,to require,1,anchoring confirmation,1,assistant to,1,friction practical,1
degrades outcomes,1,approval this,1,model may,1,to behave,1,practical product,1
outcomes rut,1,colleague layer,1,may reuse,1,behave like,1,product stance,1
bias the,1,layer layer,1,reuse prior,1,a colleague,1,stance yes,1
ai treats,1,store vector,1,prior assumptions,1,colleague with,1,yes do,1
treats prior,1,vector metadata,1,assumptions even,1,with situational,1,continuum if,1
attempts as,1,metadata higher,1,even when,1,situational awareness,1,if and,1
as constraints,1,higher volume,1,changed staleness,1,awareness when,1,can enforce,1
constraints we,1,volume decays,1,staleness the,1,when isolation,1,enforce typed,1
tried that,1,decays store,1,truth of,1,isolation wins,1,memory decision,1
that already,1,store chunks,1,a decision,1,wins where,1,decision vs,1
already even,1,chunks of,1,decision decays,1,eyes camp,1,vs exploration,1
even when,1,of prior,1,decays as,1,camp is,1,exploration vs,1
when conditions,1,prior chats,1,as dependencies,1,right debugging,1,vs facts,1
conditions changed,1,chats linked,1,dependencies requirements,1,debugging and,1,facts vs,1
changed old,1,docs relevant,1,requirements and,1,design exploration,1,vs preferences,1
context wins,1,excerpts or,1,and architecture,1,exploration are,1,preferences confidence,1
wins over,1,or code,1,architecture evolve,1,are path,1,confidence provenance,1
over new,1,code summaries,1,evolve overreach,1,path dependent,1,provenance what,1
new context,1,summaries incident,1,overreach opaque,1,dependent retrieving,1,s verified,1
context especially,1,incident debug,1,can inject,1,retrieving old,1,verified by,1
especially if,1,debug logs,1,inject irrelevant,1,old dead,1,by whom,1
if retrieved,1,logs but,1,irrelevant context,1,ends can,1,whom what,1
retrieved strongly,1,but retrieval,1,context making,1,can create,1,what source,1
strongly semantic,1,gated filter,1,making outputs,1,create anchoring,1,source time,1
similarity can,1,filter by,1,outputs look,1,anchoring old,1,time awareness,1
amplify the,1,scope first,1,look confident,1,be factually,1,awareness recency,1
the wrong,1,first service,1,confident but,1,factually wrong,1,recency deprecation,1
wrong thing,1,prefer recent,1,wrong governance,1,wrong now,1,deprecation versioning,1
thing the,1,recent and,1,governance enterprise,1,now code,1,versioning user,1
assistant becomes,1,confirmed sources,1,reality cross,1,code moved,1,control inspect,1
becomes confidently,1,sources respect,1,session persistence,1,moved constraints,1,disable per,1
confidently consistent,1,respect repo,1,persistence raises,1,constraints changed,1,per repo,1
consistent rather,1,repo permissions,1,raises stakes,1,changed if,1,project if,1
than correct,1,permissions rbac,1,stakes for,1,know they,1,do those,1
correct the,1,rbac ttl,1,for pii,1,re being,1,those engineering,1
key insight,1,chat chunks,1,pii secrets,1,being biased,1,engineering s,1
insight memory,1,chunks e,1,secrets access,1,biased a,1,s concern,1
should inform,1,promoted into,1,control retention,1,a product,1,concern is,1
inform not,1,a this,1,retention auditability,1,level synthesis,1,is valid,1
not constrain,1,the show,1,auditability product,1,synthesis ship,1,valid you,1
constrain design,1,show your,1,product resolution,1,ship continuum,1,ll create,1
to surface,1,your work,1,resolution continuity,1,explicit modes,1,a system,1
surface relevant,1,work layer,1,be optional,1,and guardrails,1,system that,1
relevant prior,1,layer how,1,optional scoped,1,guardrails so,1,that feels,1
prior decisions,1,to prevent,1,and inspectable,1,so both,1,feels helpful,1
decisions fyi,1,prevent stuck,1,inspectable you,1,camps get,1,but quietly,1
fyi the,1,stuck in,1,to choose,1,get what,1,quietly degrades,1
team chose,1,in past,1,choose between,1,what they,1,degrades outcomes,1
chose kafka,1,past mistakes,1,between contractor,1,artifacts decisions,1,outcomes why,1
kafka because,1,mistakes make,1,contractor every,1,decisions conventions,1,eyes failures,1
because but,1,make freshness,1,morning and,1,conventions architecture,1,failures happen,1
still re,1,freshness a,1,and colleague,1,map fresh,1,happen and,1
evaluate and,1,class feature,1,colleague who,1,mode or,1,to prevent,1
ask confirmation,1,feature you,1,who never,1,or clean,1,prevent them,1
confirmation when,1,need controlled,1,never forgets,1,clean room,1,them when,1
when uncertainty,1,controlled forgetting,1,forgets you,1,room that,1,when teams,1
uncertainty is,1,forgetting and,1,can offer,1,that temporarily,1,teams report,1
high is,1,and explicit,1,offer project,1,temporarily disables,1,report the,1
that decision,1,explicit reset,1,continuum modes,1,disables volatile,1,model gets,1
decision still,1,reset modes,1,modes user,1,and uses,1,gets stuck,1
still current,1,modes users,1,team sovereign,1,code stable,1,stuck it,1
current given,1,can understand,1,sovereign choice,1,artifacts memory,1,usually one,1
given the,1,understand clean,1,choice fresh,1,is always,1,or more,1
the new,1,slate use,1,eyes memory,1,always citable,1,more of,1
new requirement,1,use current,1,default for,1,citable show,1,of these,1
requirement ux,1,code user,1,generation can,1,it used,1,these anchoring,1
ux patterns,1,user prompt,1,be consulted,1,used adr,1,prior conclusions,1
patterns that,1,prompt optional,1,consulted on,1,updated incident,1,conclusions retrieved,1
that keep,1,optional only,1,demand guided,1,postmortem so,1,retrieved content,1
keep fresh,1,only hard,1,guided continuum,1,can contest,1,content is,1
eyes alive,1,a continuity,1,continuum only,1,contest it,1,is treated,1
alive session,1,use layer,1,curated approved,1,it retire,1,instruction not,1
session stance,1,a limited,1,approved memory,1,retire override,1,not evidence,1
stance toggle,1,limited layer,1,conventions full,1,override ux,1,evidence stale,1
toggle per,1,b citations,1,full continuum,1,ux this,1,stale context,1
per chat,1,citations investigation,1,continuum admin,1,is no,1,context old,1
chat not,1,investigation pull,1,gated includes,1,longer true,1,old constraints,1
not buried,1,pull layer,1,includes retrievable,1,true superseded,1,patterns are,1
buried in,1,b aggressively,1,retrievable evidence,1,by should,1,are applied,1
in settings,1,and surface,1,and selective,1,class action,1,applied after,1
settings fresh,1,surface prior,1,selective episode,1,action not,1,after the,1
eyes ignore,1,attempts as,1,episode history,1,a hack,1,codebase evolved,1
ignore long,1,history clearly,1,history crucially,1,hack if,1,evolved wrong,1
memory unless,1,clearly labeled,1,crucially make,1,t provide,1,wrong granularity,1
explicitly asked,1,labeled time,1,the mode,1,provide provenance,1,granularity giant,1
asked project,1,scoring staleness,1,mode visible,1,provenance retirement,1,giant summaries,1
continuum use,1,a product,1,visible in,1,retirement the,1,summaries or,1
use project,1,product requirement,1,the ui,1,eyes argument,1,or huge,1
memory by,1,requirement when,1,ui and,1,argument becomes,1,huge chunks,1
memory materially,1,when retrieving,1,the prompt,1,becomes much,1,chunks dominate,1
materially affects,1,retrieving memory,1,prompt contract,1,much stronger,1,prompt authority,1
affects an,1,evidence weight,1,contract memory,1,stronger because,1,authority confusion,1
answer based,1,weight items,1,off decisions,1,ll accumulate,1,confusion a,1
on adr,1,items by,1,only decisions,1,accumulate plausible,1,a past,1
adr and,1,by something,1,evidence so,1,plausible sounding,1,past chat,1
the error,1,relevance status_weight,1,users understand,1,sounding stale,1,chat guess,1
handling convention,1,status_weight confirmation_weight,1,understand what,1,guidance q2,1,guess has,1
convention memory,1,confirmation_weight recency_decay,1,to use,1,q2 summary,1,has equal,1
memory challenge,1,recency_decay scope_match,1,use if,1,layer vs,1,equal weight,1
challenge mode,1,status_weight active,1,if we,1,store is,1,weight to,1
mode prompt,1,superseded near,1,how summary,1,the wrong,1,a merged,1
prompt affordance,1,near zero,1,vector isn,1,wrong binary,1,pr or,1
affordance re,1,zero confirmation_weight,1,t the,1,binary use,1,or adr,1
evaluate this,1,confirmation_weight user,1,axis the,1,use a,1,adr retrieval,1
this without,1,inferred recency_decay,1,axis is,1,spine and,1,retrieval mismatch,1
without prior,1,recency_decay older,1,is artifact,1,and evidence,1,mismatch embedding,1
prior assumptions,1,older items,1,artifact quality,1,evidence architecture,1,embedding similarity,1
assumptions confidence,1,fade unless,1,quality provenance,1,why summaries,1,similarity finds,1
confidence staleness,1,unless reconfirmed,1,provenance option,1,summaries alone,1,finds related,1
staleness signals,1,reconfirmed this,1,option a,1,fail great,1,related but,1
signals show,1,this encodes,1,end summary,1,great for,1,not relevant,1
show last,1,encodes the,1,summary lossy,1,artifacts terrible,1,relevant so,1
timestamps on,1,the temporal,1,lossy is,1,terrible for,1,right question,1
on remembered,1,temporal reality,1,want transparency,1,for deep,1,can continuum,1
remembered items,1,reality that,1,user editability,1,deep forensic,1,continuum enforce,1
items warn,1,that truth,1,editability you,1,forensic detail,1,enforce epistemic,1
warn when,1,truth expires,1,you mainly,1,detail compression,1,epistemic hygiene,1
with current,1,expires in,1,mainly need,1,compression errors,1,hygiene if,1
or docs,1,in codebases,1,need stable,1,errors become,1,yes you,1
provide controls,1,codebases store,1,stable abstractions,1,become institutionalized,1,get senior,1
controls visibility,1,store failures,1,abstractions architectural,1,institutionalized if,1,colleague behavior,1
visibility and,1,failures only,1,architectural decisions,1,the summary,1,behavior without,1
handling the,1,as structured,1,x and,1,summary becomes,1,rut concrete,1
eyes camp,1,structured lessons,1,it failed,1,becomes the,1,concrete mitigations,1
camp is,1,lessons not,1,failed because,1,only remembered,1,designed in,1
right memory,1,not raw,1,y you,1,remembered truth,1,in from,1
will harm,1,raw don,1,want predictable,1,truth summaries,1,from day,1
harm trust,1,x a,1,predictable cost,1,summaries don,1,day one,1
and sometimes,1,a failure,1,low latency,1,support show,1,one provenance,1
sometimes code,1,failure becomes,1,latency failure,1,me that,1,provenance tags,1
code quality,1,durable only,1,modes compression,1,that exact,1,tags on,1
quality q2,1,s captured,1,compression errors,1,exact log,1,on any,1
q2 summary,1,captured as,1,errors wrong,1,log error,1,any remembered,1
store is,1,as what,1,wrong takeaway,1,error output,1,item source,1
a false,1,what failed,1,takeaway becomes,1,output from,1,source adr,1
false binary,1,failed why,1,becomes truth,1,from two,1,pr chat,1
binary use,1,failed under,1,truth missing,1,two weeks,1,chat ticket,1
use a,1,under which,1,missing rare,1,weeks ago,1,ticket readme,1
a two,1,which conditions,1,rare details,1,ago why,1,readme timestamp,1
two tier,1,conditions what,1,details that,1,why vectors,1,timestamp repo,1
tier model,1,what would,1,that matter,1,vectors alone,1,branch author,1
model with,1,would need,1,matter later,1,fail lossless,1,author confidence,1
with explicit,1,to succeed,1,later option,1,lossless is,1,confidence explicit,1
explicit roles,1,succeed otherwise,1,option b,1,is misleading,1,explicit instruction,1
roles treat,1,otherwise it,1,b vector,1,misleading embeddings,1,instruction hierarchy,1
treat these,1,it stays,1,store lossless,1,embeddings are,1,hierarchy verified,1
these as,1,stays in,1,lossless recall,1,are lossy,1,verified project,1
as two,1,in layer,1,need traceable,1,lossy representations,1,project docs,1
two layers,1,and decays,1,traceable evidence,1,representations retrieval,1,tickets chat,1
layers with,1,decays choosing,1,evidence show,1,is heuristic,1,chat decay,1
different jobs,1,choosing summary,1,me where,1,heuristic opaque,1,decay deprecation,1
jobs layer,1,summary vs,1,we decided,1,t easily,1,deprecation memories,1
memory canonical,1,vs vector,1,decided this,1,easily see,1,memories can,1
canonical small,1,vector by,1,this which,1,see why,1,reaffirmed or,1
small user,1,by memory,1,which file,1,is confident,1,superseded two,1
editable this,1,practical mapping,1,file had,1,confident high,1,two pass,1
is your,1,mapping architecture,1,had that,1,of outdated,1,pass generation,1
your source,1,constraints layer,1,that workaround,1,outdated retrieval,1,generation a,1
for durable,1,a structured,1,workaround you,1,add time,1,a retrieve,1
context it,1,summaries debug,1,can tolerate,1,version weighting,1,retrieve evidence,1
should look,1,debug history,1,tolerate retrieval,1,and invalidation,1,evidence b,1
look like,1,history layer,1,retrieval noise,1,invalidation cost,1,b produce,1
lightweight internal,1,a conditioned,1,noise and,1,and security,1,produce answer,1
internal wiki,1,conditioned fix,1,and will,1,security posture,1,answer that,1
adr digest,1,fix layer,1,will invest,1,posture are,1,that cites,1
digest what,1,b logs,1,invest in,1,are harder,1,cites which,1
what goes,1,transcripts as,1,in ranking,1,harder retention,1,which memories,1
goes here,1,evidence detailed,1,ranking filters,1,retention pii,1,memories it,1
here decisions,1,detailed conversational,1,filters grounding,1,pii access,1,used and,1
conventions glossary,1,conversational context,1,grounding you,1,control multi,1,and why,1
glossary key,1,context layer,1,need recall,1,multi repo,1,mode a,1
key components,1,b only,1,recall across,1,repo recommended,1,click ignore,1
components integration,1,only ttl,1,large projects,1,recommended hybrid,1,ignore project,1
integration points,1,ttl why,1,projects where,1,hybrid curated,1,for this,1
x here,1,this like,1,where summaries,1,spine retrieval,1,this session,1
here playbooks,1,like that,1,summaries won,1,retrieval evidence,1,session this,1
playbooks current,1,that answer,1,t cover,1,evidence memory,1,this request,1
current roadmap,1,answer from,1,cover edge,1,spine authoritative,1,request plus,1
roadmap level,1,a cite,1,edge cases,1,authoritative user,1,plus use,1
level intent,1,cite layer,1,cases failure,1,editable small,1,only question,1
intent migrating,1,b prs,1,modes opacity,1,small adrs,1,question how,1
migrating from,1,avoids both,1,opacity why,1,adrs decision,1,how summary,1
from rest,1,both extremes,1,why was,1,decision log,1,summary vs,1
rest to,1,extremes lossy,1,was this,1,log problem,1,vs vector,1
to grpc,1,lossy only,1,this retrieved,1,problem options,1,store is,1
grpc in,1,and opaque,1,retrieved staleness,1,options decision,1,a false,1
in q4,1,driven behavior,1,staleness retrieving,1,decision rationale,1,false dichotomy,1
q4 properties,1,behavior enterprise,1,retrieving pre,1,rationale date,1,dichotomy for,1
properties small,1,enterprise feasibility,1,pre refactor,1,owners valid,1,for enterprise,1
small enough,1,feasibility costs,1,refactor guidance,1,valid until,1,coding the,1
to load,1,costs governance,1,guidance cost,1,until review,1,best architecture,1
load frequently,1,governance security,1,cost storage,1,review date,1,architecture is,1
frequently or,1,security key,1,storage embedding,1,date conventions,1,usually hybrid,1
least cheaply,1,key friction,1,embedding rerank,1,conventions patterns,1,hybrid because,1
cheaply retrieve,1,friction points,1,rerank latency,1,patterns repository,1,because you,1
retrieve explicitly,1,points and,1,latency security,1,repository uses,1,have two,1
explicitly editable,1,to address,1,security long,1,uses hexagonal,1,two different,1
and reviewable,1,address them,1,lived storage,1,hexagonal boundaries,1,different jobs,1
reviewable structured,1,them early,1,storage of,1,boundaries domain,1,jobs job,1
structured not,1,early trust,1,of sensitive,1,domain has,1,job a,1
status date,1,trust auditability,1,material synthesis,1,has no,1,a provide,1
date owners,1,auditability show,1,synthesis a,1,no db,1,provide stable,1
owners links,1,show memory,1,a layer,1,db imports,1,stable human,1
links how,1,used with,1,layer memory,1,imports architecture,1,human auditable,1
it avoids,1,links allow,1,memory model,1,map components,1,auditable project,1
you only,1,allow one,1,model recommended,1,components responsibilities,1,knowledge summaries,1
only write,1,supersede security,1,recommended implement,1,responsibilities key,1,summaries structured,1
write stable,1,security rbac,1,implement typed,1,flows known,1,memory job,1
stable items,1,rbac retrieval,1,everything gets,1,constraints slos,1,job b,1
items you,1,be permission,1,gets embedded,1,slos compliance,1,b retrieve,1
mark items,1,permission aware,1,embedded decision,1,compliance platform,1,retrieve specific,1
items as,1,aware isolate,1,curated small,1,platform limits,1,specific details,1
superseded you,1,isolate tenant,1,small high,1,limits glossary,1,details on,1
require confirmation,1,tenant indices,1,high trust,1,glossary domain,1,vector symbolic,1
confirmation before,1,indices encrypt,1,trust format,1,terms do,1,symbolic retrieval,1
before adding,1,encrypt at,1,format lightweight,1,security performance,1,artifacts what,1
adding altering,1,at rest,1,lightweight adr,1,performance storage,1,what each,1
altering high,1,rest admin,1,like objects,1,storage structured,1,each approach,1
impact rules,1,admin retention,1,objects decision,1,docs markdown,1,approach is,1
rules layer,1,controls latency,1,rationale alternatives,1,markdown json,1,is actually,1
history via,1,latency cost,1,alternatives considered,1,json in,1,actually good,1
via embeddings,1,cost layer,1,considered date,1,store versioned,1,good at,1
embeddings filters,1,a is,1,to code,1,reviewable in,1,at summary,1
filters this,1,is tiny,1,prs confidence,1,in prs,1,layer lossy,1
not memory,1,tiny cheap,1,confidence status,1,prs evidence,1,lossy is,1
memory in,1,cheap only,1,status proposed,1,store supporting,1,and rationale,1
the human,1,only hit,1,proposed accepted,1,supporting queriable,1,rationale why,1
human sense,1,hit layer,1,deprecated source,1,queriable time,1,why constraints,1
sense it,1,b when,1,source session,1,time weighted,1,conventions canonical,1
s an,1,needed cache,1,end capture,1,weighted past,1,canonical patterns,1
an audit,1,cache per,1,capture explicit,1,transcripts stack,1,patterns this,1
audit trail,1,per module,1,approval edit,1,stack traces,1,this repo,1
trail and,1,module task,1,edit save,1,traces incident,1,repo uses,1
and evidence,1,task strict,1,memory retrieval,1,incident threads,1,uses hexagonal,1
evidence base,1,strict scope,1,retrieval always,1,threads pr,1,hexagonal architecture,1
base what,1,scope filters,1,eligible high,1,discussions build,1,architecture domain,1
s for,1,filters before,1,high priority,1,build logs,1,domain layer,1
for retrieving,1,before embedding,1,priority shown,1,logs where,1,layer must,1
retrieving exact,1,embedding search,1,shown to,1,where allowed,1,must not,1
exact details,1,search data,1,to user,1,allowed storage,1,not import,1
details a,1,data retention,1,user evidence,1,storage vector,1,import infra,1
a stack,1,policy make,1,memory retrievable,1,branch file,1,infra north,1
stack trace,1,make raw,1,retrievable grounded,1,environment author,1,north star,1
trace a,1,ttl configurable,1,grounded medium,1,team tags,1,star guidance,1
a prior,1,configurable keep,1,medium trust,1,tags like,1,guidance that,1
prior investigation,1,keep only,1,trust stores,1,like hypothesis,1,should reliably,1
investigation a,1,a long,1,stores pointers,1,confirmed superseded,1,reliably appear,1
specific snippet,1,term rollout,1,artifacts pr,1,policy that,1,appear vector,1
snippet what,1,rollout plan,1,descriptions issue,1,that reduces,1,store raw,1
try answering,1,plan that,1,issue threads,1,reduces anchoring,1,raw recall,1
answering why,1,that answers,1,threads snippets,1,anchoring default,1,recall is,1
this with,1,answers q1,1,snippets stack,1,default retrieval,1,exact prior,1
receipts backfilling,1,q1 with,1,traces runbooks,1,retrieval favors,1,prior error,1
backfilling the,1,with measurement,1,runbooks test,1,favors spine,1,messages and,1
needed how,1,measurement not,1,test failures,1,first then,1,and stack,1
from poisoning,1,not philosophy,1,failures with,1,then evidence,1,traces specific,1
poisoning answers,1,philosophy phase,1,refs vector,1,when asked,1,specific code,1
answers never,1,memory ship,1,vector search,1,asked or,1,snippets previously,1
never allow,1,ship decisions,1,search can,1,or when,1,previously discussed,1
allow raw,1,constraints approval,1,can live,1,when confidence,1,discussed where,1
raw retrieval,1,approval workflow,1,live here,1,low recency,1,we talk,1
retrieval to,1,workflow clean,1,here but,1,recency compatibility,1,was the,1
to silently,1,slate toggle,1,only over,1,scoring boost,1,the workaround,1
silently override,1,toggle measure,1,over evidence,1,boost items,1,workaround long,1
override curated,1,measure reduced,1,evidence artifacts,1,items matching,1,long tail,1
retrieval should,1,reduced re,1,the whole,1,matching current,1,tail details,1
be gated,1,re explain,1,chat stream,1,branch version,1,details you,1
gated see,1,explain why,1,stream ephemeral,1,version and,1,to compress,1
see below,1,why turns,1,set short,1,and recent,1,compress but,1
below and,1,turns fewer,1,short half,1,recent timeframe,1,but vector,1
attributed from,1,fewer onboarding,1,half life,1,timeframe downrank,1,store lossless,1
on apply,1,onboarding prompts,1,life low,1,downrank older,1,lossless isn,1
apply recency,1,per session,1,trust the,1,older status,1,t really,1
recency repository,1,session phase,1,s intermediate,1,aware filtering,1,really lossless,1
repository version,1,ttl use,1,intermediate attempts,1,filtering failed,1,lossless in,1
version and,1,as citations,1,attempts brainstorming,1,attempt superseded,1,practice embeddings,1
and status,1,citations detail,1,and back,1,superseded tentative,1,embeddings drop,1
status filters,1,detail fetch,1,forth keep,1,tentative should,1,drop nuance,1
filters why,1,fetch not,1,keep for,1,should downrank,1,nuance chunking,1
why hybrid,1,not primary,1,for hours,1,downrank unless,1,chunking loses,1
clean resolution,1,primary guidance,1,convenience then,1,requested diversity,1,loses structure,1
resolution summary,1,guidance measure,1,then decay,1,retrieve two,1,structure retrieval,1
on precision,1,measure debug,1,decay expire,1,two contrasting,1,can miss,1
precision and,1,debug time,1,expire this,1,contrasting hypotheses,1,miss the,1
can encode,1,time reduction,1,is where,1,hypotheses approaches,1,right chunk,1
encode mistakes,1,reduction without,1,where fresh,1,approaches not,1,chunk and,1
mistakes as,1,without increased,1,eyes matters,1,just the,1,still need,1
as truth,1,increased anchored,1,matters most,1,past attempt,1,need ranking,1
truth vector,1,anchored to,1,most don,1,attempt provenance,1,filters so,1
on opacity,1,to old,1,t immortalize,1,provenance first,1,s high,1
opacity irrelevance,1,old approach,1,immortalize it,1,first generation,1,not perfect,1
irrelevance and,1,approach reports,1,it by,1,generation responses,1,recall recommended,1
can resurrect,1,reports phase,1,this structure,1,responses cite,1,recommended a,1
resurrect outdated,1,phase assisted,1,structure directly,1,cite memory,1,a tier,1
context hybrid,1,promotion assistant,1,directly resolves,1,items users,1,tier memory,1
hybrid gives,1,assistant suggests,1,the entanglement,1,can click,1,memory model,1
you stable,1,suggests candidates,1,entanglement you,1,to open,1,model simple,1
stable defaults,1,candidates to,1,can give,1,open edit,1,simple but,1
defaults deep,1,a approval,1,give continuity,1,edit the,1,but robust,1
recall on,1,types metrics,1,continuity where,1,assistant distinguishes,1,robust tier,1
demand the,1,metrics to,1,it helps,1,distinguishes current,1,structured editable,1
the critical,1,to track,1,helps decisions,1,code shows,1,small format,1
critical architecture,1,track re,1,enforce forgetting,1,shows x,1,format adr,1
architecture decision,1,re explanation,1,forgetting where,1,x vs,1,entries conventions,1
decision your,1,explanation turns,1,it hurts,1,vs memory,1,conventions constraints,1
memory write,1,turns per,1,hurts failed,1,memory says,1,constraints glossary,1
policy matters,1,session time,1,failed lines,1,says we,1,glossary sourced,1
matters more,1,first acceptable,1,lines of,1,decided y,1,from user,1
than your,1,acceptable answer,1,of attack,1,y on,1,user confirmations,1
your storage,1,answer rate,1,attack guardrails,1,on date,1,confirmations merged,1
storage most,1,user corrections,1,guardrails to,1,date z,1,pr metadata,1
most teams,1,corrections that,1,to prevent,1,z this,1,metadata docs,1
teams fixate,1,s outdated,1,prevent stuck,1,this turns,1,behavior always,1
fixate on,1,this incidence,1,stuck in,1,memory from,1,eligible low,1
on retrieval,1,incidence of,1,in past,1,a hidden,1,low token,1
retrieval the,1,of repeated,1,past mistakes,1,bias source,1,token footprint,1
the real,1,repeated dead,1,mistakes to,1,source into,1,footprint high,1
real determinant,1,end suggestions,1,make continuum,1,a visible,1,authority ui,1
determinant of,1,suggestions memory,1,continuum net,1,visible collaborator,1,ui a,1
of quality,1,memory interaction,1,positive add,1,collaborator how,1,memory page,1
quality is,1,interaction rate,1,add mechanisms,1,this resolves,1,page with,1
is what,1,rate edits,1,mechanisms that,1,resolves the,1,with diff,1
gets written,1,supersedes clean,1,that treat,1,entanglement architecture,1,diff history,1
written into,1,slate usage,1,as hypotheses,1,architecture determines,1,history and,1
into long,1,usage bottom,1,hypotheses with,1,determines cognitive,1,and owners,1
when and,1,line do,1,timestamps not,1,cognitive behavior,1,owners tier,1
and with,1,do project,1,not gospel,1,behavior fresh,1,summary medium,1
with what,1,continuum if,1,gospel time,1,eyes concern,1,medium format,1
what validation,1,knowledge layer,1,aware retrieval,1,concern is,1,format what,1
validation recommended,1,a plus,1,and decay,1,about volatile,1,we changed,1
recommended memory,1,plus decaying,1,decay weight,1,being injected,1,changed what,1
types and,1,decaying evidence,1,weight by,1,injected implicitly,1,we learned,1
and write,1,retrieval layer,1,by recency,1,implicitly frictionless,1,learned what,1
write rules,1,slate workflow,1,recency and,1,flow is,1,s next,1
rules decisions,1,workflow so,1,and by,1,about stable,1,next with,1
like written,1,so fresh,1,by codebase,1,being missing,1,with confidence,1
written only,1,a supported,1,codebase alignment,1,missing so,1,markers sourced,1
user explicitly,1,supported mode,1,alignment e,1,so keep,1,from end,1
explicitly decides,1,mode rather,1,g file,1,memory always,1,session commit,1
decides something,1,than an,1,exist apis,1,always available,1,commit action,1
something or,1,an argument,1,apis unchanged,1,available and,1,action behavior,1
or merges,1,argument against,1,unchanged add,1,and explicit,1,behavior eligible,1
merges a,1,against memory,1,add ttl,1,explicit make,1,eligible but,1
a change,1,memory yes,1,ttl review,1,memory gated,1,but lower,1
change require,1,yes engineers,1,review cadence,1,gated time,1,lower authority,1
require a,1,engineers are,1,cadence decisions,1,time decayed,1,authority than,1
a confirm,1,are right,1,decisions older,1,decayed and,1,than tier,1
memory step,1,right about,1,n months,1,and clearly,1,tier decays,1
step conventions,1,about a,1,months become,1,clearly labeled,1,decays faster,1
conventions written,1,specific kind,1,review unless,1,labeled concrete,1,faster tier,1
when observed,1,memory persisting,1,reaffirmed status,1,concrete product,1,evidence store,1
observed in,1,persisting uncurated,1,status deprecation,1,product mechanics,1,store retrievable,1
code verified,1,uncurated attempt,1,deprecation every,1,mechanics practical,1,retrievable artifacts,1
verified by,1,history hours,1,every saved,1,practical implementable,1,artifacts high,1
by repo,1,hours of,1,saved item,1,implementable memory,1,capacity format,1
repo scan,1,of buggy,1,be accepted,1,memory objects,1,format vector,1
scan lint,1,buggy code,1,deprecated unknown,1,objects with,1,keyword index,1
lint configs,1,code partial,1,unknown retrieval,1,with lifecycle,1,transcripts optionally,1
configs style,1,hypotheses wrong,1,should down,1,lifecycle each,1,optionally code,1
style guides,1,wrong assumptions,1,down rank,1,each memory,1,code diffs,1
guides repeated,1,assumptions often,1,rank deprecated,1,item should,1,diffs referenced,1
repeated patterns,1,often makes,1,and explicitly,1,should have,1,referenced logs,1
patterns facts,1,makes today,1,explicitly label,1,have type,1,traces pasted,1
facts tooling,1,today worse,1,label them,1,adr convention,1,pasted links,1
tooling environments,1,worse the,1,them when,1,convention constraint,1,behavior never,1
environments endpoints,1,design move,1,when shown,1,constraint hypothesis,1,never injected,1
endpoints written,1,move is,1,shown outcome,1,hypothesis incident,1,injected blindly,1
when confirmed,1,to separate,1,outcome based,1,incident learning,1,blindly only,1
confirmed by,1,separate project,1,based logging,1,learning debugging,1,only retrieved,1
by config,1,truth from,1,logging for,1,debugging attempt,1,retrieved when,1
config files,1,from yesterday,1,for debugging,1,attempt scope,1,when query,1
files or,1,trail what,1,debugging store,1,service team,1,query requires,1
or documentation,1,what you,1,store we,1,team timestamp,1,requires it,1
documentation in,1,want remembered,1,x observed,1,timestamp review,1,it must,1
repo open,1,remembered vs,1,observed y,1,by especially,1,must cite,1
threads saved,1,vs forgotten,1,y conclusion,1,constraints status,1,cite provenance,1
saved as,1,forgotten keep,1,conclusion z,1,active tentative,1,and timestamp,1
as working,1,keep helps,1,z rather,1,tentative superseded,1,timestamp must,1
working notes,1,helps today,1,than we,1,retired source,1,must pass,1
notes with,1,today even,1,we talked,1,source links,1,pass freshness,1
with expiration,1,if yesterday,1,talked about,1,links commit,1,freshness filters,1
expiration decay,1,yesterday was,1,about x,1,commit pr,1,filters this,1
decay unless,1,was messy,1,x that,1,pr chat,1,this hybrid,1
unless promoted,1,messy decisions,1,preserves learning,1,log confidence,1,hybrid resolves,1
promoted anti,1,invariants constraints,1,learning without,1,confidence user,1,the entanglement,1
pattern auto,1,constraints must,1,without preserving,1,user asserted,1,entanglement you,1
auto saving,1,idempotent pii,1,preserving meandering,1,asserted vs,1,get continuity,1
saving we,1,region use,1,meandering challenge,1,vs model,1,helps tier,1
it didn,1,use hexagonal,1,challenge memory,1,inferred keep,1,tier and,1
work that,1,hexagonal confirmed,1,memory behavior,1,keep model,1,freshness where,1
that belongs,1,fixes with,1,behavior when,1,inferred labeled,1,matters tier,1
belongs in,1,with conditions,1,is used,1,labeled end,1,tier is,1
in curated,1,conditions race,1,used the,1,session commit,1,is opt,1
if captured,1,race fixed,1,should internally,1,commit memory,1,retrieval not,1
captured it,1,fixed by,1,internally and,1,memory flow,1,conditioning the,1
be recorded,1,by adding,1,and optionally,1,flow don,1,the critical,1
recorded as,1,adding db,1,optionally ui,1,auto write,1,critical design,1
as time,1,db constraint,1,ui visible,1,write truth,1,design choice,1
time bound,1,constraint only,1,visible perform,1,truth at,1,choice write,1
bound and,1,only affects,1,perform a,1,session end,1,be gated,1
and conditional,1,affects v2,1,quick check,1,end propose,1,be filtered,1
conditional tried,1,v2 api,1,check does,1,propose candidates,1,filtered most,1
x on,1,api conventions,1,does current,1,candidates propose,1,most systems,1
abc123 failed,1,conventions logging,1,state still,1,propose adr,1,systems focus,1
failed due,1,handling module,1,still support,1,adr draft,1,focus on,1
to y,1,module boundaries,1,support this,1,draft add,1,retrieval the,1
y may,1,boundaries these,1,decision if,1,convention tag,1,the bigger,1
may change,1,are relatively,1,if uncertain,1,tag this,1,bigger risk,1
change after,1,relatively stable,1,uncertain it,1,this as,1,gets stored,1
after migration,1,superseded default,1,it asks,1,as failed,1,write rules,1
migration z,1,default forget,1,asks this,1,failed hypothesis,1,prevent bias,1
z retrieval,1,forget or,1,from march,1,hypothesis user,1,bias introduce,1
retrieval strategy,1,or quarantine,1,march still,1,edits this,1,introduce a,1
strategy make,1,quarantine causes,1,the auth,1,assistant silently,1,a commit,1
assistant consult,1,causes anchoring,1,auth refactor,1,silently canonizing,1,commit to,1
consult memory,1,anchoring raw,1,refactor user,1,mistakes two,1,memory gate,1
memory like,1,chat transcript,1,sovereignty controls,1,two toggles,1,gate with,1
senior engineer,1,debugging we,1,controls non,1,toggles users,1,with defaults,1
engineer would,1,tried x,1,negotiable in,1,users will,1,defaults that,1
would senior,1,x and,1,enterprise per,1,will actually,1,that protect,1
senior engineers,1,it didn,1,in per,1,actually use,1,protect freshness,1
engineers don,1,t work,1,per workspace,1,use use,1,freshness default,1
t paste,1,work without,1,workspace policy,1,use project,1,default store,1
the entire,1,without why,1,policy per,1,memory on,1,store decisions,1
entire history,1,why when,1,per user,1,off with,1,decisions that,1
history into,1,when half,1,user override,1,with sub,1,that were,1
every conversation,1,half baked,1,override where,1,sub toggles,1,were explicitly,1
conversation they,1,baked plans,1,where allowed,1,toggles by,1,explicitly agreed,1
they start,1,plans speculative,1,allowed forget,1,by type,1,agreed we,1
with known,1,speculative root,1,this thread,1,type fresh,1,we will,1
known standards,1,root causes,1,thread forget,1,mode ignores,1,will use,1
constraints look,1,causes code,1,decision export,1,ignores volatile,1,use outbox,1
up specifics,1,code states,1,export memory,1,evidence uses,1,outbox pattern,1
specifics only,1,states tied,1,memory memory,1,spine debugging,1,pattern constraints,1
needed question,1,to an,1,memory diff,1,debugging specific,1,constraints verified,1
question stale,1,an old,1,diff history,1,specific guardrail,1,verified pci,1
stale assumptions,1,old branch,1,history what,1,guardrail anti,1,pci prohibits,1
assumptions implement,1,commit product,1,build first,1,rut retrieval,1,prohibits storing,1
implement retrieval,1,product answer,1,first practical,1,retrieval when,1,storing pan,1
with intent,1,answer clean,1,practical sequencing,1,when user,1,pan in,1
intent based,1,slate for,1,sequencing phase,1,is debugging,1,in logs,1
based routing,1,for attempts,1,phase fastest,1,attempts only,1,logs conventions,1
routing if,1,attempts continuity,1,fastest highest,1,collapsible section,1,conventions observed,1
is implement,1,continuity for,1,highest trust,1,section previously,1,in code,1
feature pull,1,for truth,1,trust curated,1,outdated always,1,code all,1
pull curated,1,truth implement,1,memory ui,1,always propose,1,all services,1
curated conventions,1,implement two,1,ui save,1,propose at,1,services use,1
conventions relevant,1,two memory,1,memory button,1,one approach,1,use zap,1
relevant component,1,memory lanes,1,button project,1,not nearest,1,zap logger,1
component map,1,lanes authoritative,1,memory panel,1,nearest neighbor,1,logger wrapper,1
map if,1,memory durable,1,with search,1,neighbor to,1,wrapper default,1
is debug,1,durable curated,1,and edit,1,to past,1,default do,1
debug this,1,curated small,1,edit auto,1,attempts diversity,1,not store,1
error pull,1,convention confirmed,1,auto draft,1,diversity ask,1,store speculative,1
pull recent,1,fix ideally,1,draft at,1,ask a,1,debugging failed,1
recent evidence,1,approved or,1,end but,1,a discriminating,1,attempts unverified,1
evidence about,1,least user,1,but requires,1,discriminating question,1,claims mechanically,1
about that,1,user visible,1,requires confirmation,1,question early,1,mechanically at,1
error signature,1,and editable,1,become durable,1,early if,1,session propose,1
signature environment,1,editable ephemeral,1,durable store,1,if past,1,update as,1
environment facts,1,evidence decaying,1,structured records,1,attempts failed,1,diff add,1
facts if,1,decaying optional,1,records json,1,failed due,1,add decision,1
asks why,1,optional vector,1,json with,1,due to,1,decision add,1
why pull,1,vector retrievable,1,links this,1,to missing,1,add constraint,1
pull adrs,1,retrievable past,1,this alone,1,missing environment,1,constraint mark,1
adrs and,1,past sessions,1,alone addresses,1,environment facts,1,mark x,1
cited discussions,1,sessions notes,1,addresses a,1,facts evaluation,1,x as,1
discussions and,1,notes with,1,a big,1,evaluation decide,1,as rejected,1
and apply,1,days recency,1,big chunk,1,decide should,1,rejected and,1
filters before,1,weighting scope,1,chunk of,1,we with,1,and require,1
before similarity,1,scope branch,1,of re,1,with experiments,1,require user,1
similarity repo,1,commit metadata,1,re explaining,1,experiments tied,1,approval or,1
service boundaries,1,metadata off,1,explaining the,1,two risks,1,policy automation,1
boundaries recency,1,off by,1,the why,1,risks run,1,automation b,1
windows with,1,default retrieval,1,why with,1,run a,1,b memory,1
with include,1,retrieval unless,1,minimal bias,1,a staged,1,memory read,1
older option,1,yesterday or,1,bias risk,1,staged rollout,1,read rules,1
option status,1,detects it,1,risk phase,1,rollout with,1,prevent stale,1
superseded environment,1,s necessary,1,phase evidence,1,with measurable,1,recall retrieval,1
environment prod,1,necessary and,1,with selective,1,measurable outcomes,1,be time,1
prod vs,1,and cites,1,only ingest,1,outcomes success,1,authority aware,1
vs staging,1,it this,1,ingest approved,1,success metrics,1,aware filter,1
staging guardrails,1,slate experience,1,types prds,1,metrics flow,1,filter by,1
guardrails that,1,experience while,1,prds adrs,1,flow time,1,by repo,1
that address,1,while still,1,postmortems stack,1,first useful,1,sha proximity,1
address both,1,still avoiding,1,traces retrieval,1,useful answer,1,proximity if,1
both camps,1,avoiding re,1,retrieval pipeline,1,answer on,1,available prefer,1
camps quality,1,onboarding the,1,pipeline vector,1,on recurring,1,newer over,1
quality continuity,1,key control,1,lexical metadata,1,recurring tasks,1,over older,1
continuity memory,1,promote don,1,branch timeframe,1,tasks onboarding,1,older unless,1
memory transparency,1,t persist,1,timeframe reranker,1,onboarding refactor,1,unless older,1
transparency contract,1,persist at,1,reranker always,1,refactor feature,1,older is,1
contract every,1,at the,1,always display,1,feature continuation,1,is marked,1
every answer,1,the end,1,display retrieved,1,continuation reduction,1,canonical boost,1
answer influenced,1,a messy,1,context citations,1,reduction in,1,boost higher,1
influenced by,1,messy session,1,citations so,1,in repeated,1,sources require,1
memory provides,1,session devmate,1,answer phase,1,repeated explanations,1,require topical,1
provides citations,1,devmate should,1,phase controlled,1,explanations why,1,topical match,1
citations which,1,should propose,1,controlled episodic,1,why re,1,match task,1
items last,1,propose nothing,1,memory optional,1,re typing,1,task match,1
updated user,1,nothing is,1,optional admin,1,typing fewer,1,match debugging,1
can click,1,is remembered,1,limited retention,1,fewer back,1,debugging vs,1
click forget,1,remembered by,1,retention strict,1,forth turns,1,vs architecture,1
forget edit,1,default from,1,strict redaction,1,turns to,1,architecture cap,1
edit mark,1,the attempt,1,redaction explicit,1,to establish,1,cap injection,1
supersede staleness,1,trail a,1,explicit governance,1,establish context,1,budget prefer,1
conflict detection,1,a short,1,governance primarily,1,context safety,1,prefer multiple,1
detection if,1,short list,1,primarily for,1,safety quality,1,multiple small,1
memory says,1,list of,1,for long,1,quality metrics,1,small cited,1
use library,1,of promotion,1,long running,1,metrics fresh,1,cited snippets,1
library a,1,promotion candidates,1,running investigations,1,eyes rate,1,snippets over,1
a but,1,candidates only,1,where outcome,1,rate of,1,over one,1
but package,1,re high,1,outcome tracking,1,of stale,1,one big,1
package json,1,signal e,1,tracking matters,1,guidance incidents,1,big blob,1
json shows,1,decision we,1,matters how,1,incidents user,1,blob how,1
shows library,1,we rejected,1,to decide,1,user flags,1,eyes as,1
library b,1,rejected library,1,decide with,1,flags not,1,class interaction,1
b the,1,x due,1,with data,1,not true,1,interaction pattern,1
should flag,1,due to,1,data tests,1,true anymore,1,pattern don,1
flag the,1,to license,1,tests that,1,anymore debugging,1,t fight,1
the discrepancy,1,license constraint,1,that adjudicate,1,debugging success,1,fight the,1
discrepancy and,1,constraint service,1,adjudicate the,1,success rate,1,argument productize,1
ask which,1,service must,1,the debate,1,rate vs,1,productize it,1
is correct,1,must remain,1,debate run,1,vs control,1,it memory,1
correct if,1,remain backward,1,c across,1,control do,1,scopes per,1
if adr,1,backward compatible,1,across real,1,do users,1,request constraints,1
adr is,1,compatible with,1,real enterprise,1,users converge,1,safe baseline,1
is older,1,with schema,1,projects a,1,converge faster,1,baseline canonical,1
older than,1,schema y,1,memory current,1,faster or,1,constraints full,1
than n,1,y fix,1,current b,1,or get,1,full project,1
n months,1,fix added,1,only phase,1,get stuck,1,retrieval no,1
months and,1,added retry,1,phase c,1,stuck citation,1,memory blank,1
and touched,1,retry with,1,retrieval phase,1,citation usefulness,1,blank slate,1
files changed,1,with jitter,1,phase measure,1,usefulness of,1,slate stuckness,1
changed significantly,1,jitter solved,1,measure time,1,of answers,1,stuckness breaker,1
significantly lower,1,solved incident,1,to first,1,answers that,1,breaker when,1
its priority,1,incident verified,1,first acceptable,1,that cite,1,user says,1
priority and,1,verified everything,1,acceptable answer,1,items user,1,says we,1
prompt a,1,everything else,1,answer minutes,1,trust override,1,we re,1
a re,1,else stays,1,minutes turns,1,override rate,1,re going,1
re check,1,stays ephemeral,1,turns revision,1,rate experiment,1,going in,1
check fresh,1,ephemeral and,1,revision churn,1,experiment design,1,in circles,1
default can,1,and expires,1,churn how,1,design a,1,circles devmate,1
still coexist,1,expires make,1,often users,1,b spine,1,can automatically,1
coexist with,1,eyes a,1,users correct,1,vs spine,1,automatically switch,1
with project,1,class button,1,correct the,1,retrieval a,1,switch to,1
memory a,1,button not,1,assistant bug,1,b for,1,to no,1
compromise default,1,philosophical stance,1,bug introducing,1,debugging fresh,1,no tier,1
to curated,1,stance add,1,introducing suggestions,1,default vs,1,evidence only,1
conventions facts,1,visible mode,1,suggestions proxy,1,vs volatile,1,only tier,1
facts do,1,mode switch,1,proxy e,1,volatile retrieval,1,tier constraints,1
automatically retrieve,1,switch per,1,g ci,1,retrieval default,1,constraints propose,1
retrieve raw,1,session task,1,ci failures,1,default measure,1,propose alternative,1
past chat,1,ignore ephemeral,1,failures after,1,measure by,1,alternative hypotheses,1
chat attempts,1,evidence use,1,after applying,1,by task,1,hypotheses counterfactual,1
unless the,1,only code,1,applying suggestions,1,task class,1,counterfactual prompting,1
user is,1,prompt authoritative,1,suggestions or,1,class architecture,1,prompting backed,1
debugging or,1,constraints continue,1,or human,1,architecture qs,1,by memory,1
or asks,1,continue use,1,human review,1,qs vs,1,memory given,1
asks for,1,memory plus,1,flags staleness,1,vs debugging,1,given we,1
for history,1,plus limited,1,incidents assistant,1,debugging vs,1,we previously,1
history that,1,limited evidence,1,assistant cites,1,vs implementation,1,rejected x,1
eyes on,1,citations review,1,cites outdated,1,implementation if,1,x here,1
on problem,1,review yesterday,1,decision user,1,the evidence,1,here are,1
solving while,1,yesterday explicitly,1,user sentiment,1,store increases,1,are two,1
the don,1,explicitly pull,1,sentiment specifically,1,increases stale,1,two approaches,1
t re,1,pull yesterday,1,specifically about,1,guidance without,1,approaches that,1
re onboard,1,trail and,1,about having,1,without improving,1,that intentionally,1
onboard me,1,and summarize,1,having to,1,improving resolution,1,intentionally avoid,1
me benefits,1,summarize what,1,re explain,1,resolution time,1,avoid that,1
benefits cost,1,what happened,1,explain vs,1,time keep,1,that design,1
cost compliance,1,happened users,1,vs feels,1,it on,1,design confirm,1
compliance and,1,users will,1,feels biased,1,demand only,1,confirm if,1
enterprise realities,1,will self,1,biased stuck,1,only cost,1,if rejection,1
realities what,1,self select,1,stuck add,1,cost security,1,rejection still,1
will kill,1,select correctly,1,a qualitative,1,security and,1,still holds,1
kill you,1,correctly most,1,qualitative tag,1,and enterprise,1,holds this,1
in rollout,1,most of,1,tag when,1,enterprise constraints,1,this creates,1
rollout pii,1,the time,1,users hit,1,constraints you,1,creates a,1
security raw,1,time a,1,hit fresh,1,ll hit,1,controlled way,1
raw chat,1,practical heuristic,1,mode this,1,hit plan,1,get novelty,1
in vector,1,heuristic time,1,this will,1,plan for,1,novelty without,1
vector stores,1,aware that,1,will tell,1,for them,1,without deleting,1
stores create,1,yesterday from,1,you whether,1,them early,1,deleting continuity,1
create governance,1,from poisoning,1,whether it,1,early access,1,continuity cost,1
governance burdens,1,poisoning today,1,s an,1,control memory,1,cost opacity,1
burdens you,1,today when,1,case escape,1,must respect,1,enterprise risk,1
ll need,1,model considers,1,escape hatch,1,respect repo,1,risk what,1
need tenant,1,considers pulling,1,hatch or,1,repo team,1,to surface,1
tenant isolation,1,pulling prior,1,a primary,1,team boundaries,1,surface explicitly,1
isolation encryption,1,prior context,1,primary workflow,1,boundaries retrieval,1,explicitly summary,1
encryption retention,1,context gate,1,workflow direct,1,must enforce,1,only risks,1
retention policies,1,by is,1,direct answers,1,enforce acl,1,risks silent,1
policies and,1,it user,1,answers to,1,acl at,1,silent compression,1
and redaction,1,approved marked,1,to your,1,at query,1,compression errors,1
redaction right,1,marked active,1,your two,1,query time,1,errors become,1
right to,1,active if,1,two questions,1,time retention,1,become official,1
be forgotten,1,not don,1,questions q1,1,compliance define,1,truth users,1
forgotten legal,1,use it,1,q1 should,1,define retention,1,users over,1
legal holds,1,guidance is,1,it yes,1,policies per,1,summary because,1
holds summaries,1,it tied,1,to high,1,per memory,1,s concise,1
are easier,1,same module,1,signal inspectable,1,memory type,1,concise mitigation,1
to scrub,1,module recent,1,inspectable time,1,type allow,1,mitigation treat,1
scrub raw,1,recent commit,1,aware artifacts,1,forget and,1,treat summaries,1
evidence needs,1,range if,1,artifacts decisions,1,and legal,1,as proposals,1
needs tooling,1,not down,1,and users,1,legal hold,1,proposals until,1
tooling data,1,rank heavily,1,can intentionally,1,hold pii,1,confirmed keep,1
data minimization,1,heavily is,1,intentionally reset,1,secrets scrub,1,keep provenance,1
minimization enterprises,1,it a,1,reset if,1,scrub or,1,session on,1
will prefer,1,a confirmed,1,provide transparency,1,block ingestion,1,on date,1
prefer curated,1,confirmed result,1,transparency decay,1,ingestion of,1,date vector,1
memory opt,1,result or,1,decay controls,1,of secrets,1,store risks,1
evidence retention,1,or just,1,controls and,1,logs provide,1,risks opaque,1
retention over,1,just an,1,governance then,1,provide redaction,1,opaque retrieval,1
over we,1,an attempt,1,is defensible,1,redaction consider,1,retrieval hard,1
we store,1,attempt attempts,1,defensible for,1,consider on,1,to debug,1
forever explainability,1,attempts don,1,risk reasons,1,on prem,1,debug why,1
explainability citations,1,steer they,1,reasons q2,1,prem options,1,why model,1
citations editable,1,re only,1,q2 how,1,options versioning,1,model said,1
editable curated,1,only shown,1,how neither,1,versioning memory,1,said something,1
strong trust,1,shown when,1,neither pure,1,must attach,1,stale or,1
trust lever,1,requested bottom,1,pure summaries,1,attach to,1,or irrelevant,1
lever with,1,line you,1,summaries nor,1,versions branches,1,recall compliance,1
security reviewers,1,t want,1,nor pure,1,branches otherwise,1,compliance security,1
reviewers a,1,want the,1,pure vector,1,will rot,1,security storing,1
concrete recommended,1,ai to,1,vector on,1,rot fast,1,storing chats,1
recommended design,1,remember the,1,on everything,1,fast these,1,chats may,1
design project,1,mess you,1,everything build,1,these constraints,1,may capture,1
continuum data,1,want it,1,build typed,1,constraints also,1,capture secrets,1
data model,1,remember what,1,summaries for,1,also favor,1,secrets mitigation,1
model project,1,what remained,1,conventions small,1,favor the,1,mitigation show,1
curated decisions,1,remained true,1,editable high,1,spine approach,1,show your,1
lite objects,1,true after,1,leverage selective,1,approach because,1,your receipts,1
objects conventions,1,after the,1,evidence grounded,1,s reviewable,1,receipts display,1
map services,1,mess and,1,grounded cited,1,reviewable and,1,display retrieved,1
services owners,1,messy trail,1,filtered short,1,and auditable,1,snippets and,1
owners key,1,trail available,1,lived ephemeral,1,auditable recommended,1,allow one,1
key modules,1,available only,1,context supports,1,recommended path,1,click removal,1
modules constraints,1,decay that,1,supports flow,1,path incremental,1,removal retention,1
constraints slos,1,that resolves,1,flow without,1,incremental roadmap,1,retention policies,1
slos compliance,1,resolves the,1,without long,1,roadmap phase,1,policies redaction,1
compliance budgets,1,the clean,1,bias if,1,phase memory,1,redaction encryption,1
budgets glossary,1,slate need,1,concrete data,1,only adr,1,encryption tenant,1
glossary open,1,need without,1,model adr,1,constraints ui,1,tenant isolation,1
threads time,1,without forcing,1,adr schema,1,ui to,1,isolation separate,1
time boxed,1,forcing daily,1,schema evidence,1,to view,1,indexes code,1
boxed evidence,1,daily re,1,evidence schema,1,view edit,1,retention opt,1
store optional,1,onboarding it,1,schema retrieval,1,edit citations,1,in data,1
retention indexed,1,is wasted,1,retrieval ranking,1,answers fresh,1,data classification,1
indexed chat,1,wasted energy,1,ranking formula,1,mostly irrelevant,1,classification prevent,1
chat snippets,1,energy and,1,formula recency,1,irrelevant here,1,prevent storing,1
snippets stack,1,and over,1,status semantic,1,here because,1,storing secrets,1
diffs user,1,months it,1,semantic repo,1,because spine,1,secrets by,1
user provided,1,becomes material,1,repo alignment,1,is truthy,1,by policy,1
provided docs,1,material if,1,alignment and,1,truthy and,1,policy scanners,1
docs tagged,1,you assume,1,exact ux,1,and curated,1,scanners if,1
tagged with,1,assume minutes,1,ux prompts,1,curated phase,1,is enterprise,1
service timestamps,1,minutes session,1,prompts buttons,1,narrow domains,1,enterprise facing,1
and superseded,1,session sessions,1,buttons that,1,domains start,1,facing the,1
by links,1,sessions week,1,keep fresh,1,with pr,1,the compliance,1
links write,1,week weeks,1,eyes and,1,discussions and,1,compliance story,1
write flow,1,weeks that,1,and continuum,1,and incident,1,story often,1
flow auto,1,s minutes,1,continuum from,1,postmortems higher,1,often decides,1
suggest memory,1,minutes hours,1,from fighting,1,higher signal,1,decides the,1
memory updates,1,hours per,1,fighting each,1,signal than,1,architecture as,1
updates but,1,per person,1,each other,1,chat add,1,as much,1
confirms provide,1,person before,1,other most,1,add chat,1,much as,1
provide promote,1,before you,1,the time,1,chat logs,1,as model,1
to decision,1,you count,1,time you,1,logs later,1,model quality,1
as convention,1,count rework,1,want the,1,but typed,1,quality does,1
convention buttons,1,rework caused,1,remember the,1,typed and,1,does a,1
buttons periodic,1,caused by,1,mess as,1,and status,1,concrete decision,1
periodic memory,1,by missing,1,as active,1,status labeled,1,decision framework,1
review prompts,1,missing context,1,active guidance,1,labeled phase,1,framework ties,1
prompts weekly,1,enterprise team,1,guidance because,1,phase volatile,1,ties both,1
weekly for,1,team scale,1,because that,1,volatile debugging,1,both questions,1
for teams,1,scale this,1,that mess,1,debugging history,1,questions together,1
that want,1,the kind,1,mess is,1,history carefully,1,together use,1
want governance,1,of drag,1,is largely,1,carefully opt,1,use these,1
governance read,1,drag tools,1,largely unverified,1,in per,1,these acceptance,1
read flow,1,tools should,1,unverified hypotheses,1,project strong,1,acceptance tests,1
flow default,1,should remove,1,hypotheses local,1,strong decay,1,tests if,1
context curated,1,the trick,1,local minima,1,status collapsible,1,meet them,1
memory lightweight,1,trick is,1,minima and,1,collapsible presentation,1,them don,1
lightweight repo,1,to remove,1,and context,1,presentation debugging,1,t ship,1
repo derived,1,importing yesterday,1,context that,1,debugging retrieval,1,ship continuum,1
derived signals,1,mess what,1,that may,1,retrieval diversity,1,continuum yet,1
signals dependency,1,remember so,1,may already,1,diversity superseded,1,yet controllability,1
graph style,1,so re,1,already be,1,superseded ux,1,controllability can,1
style configs,1,briefing drops,1,do want,1,ux bottom,1,can users,1
configs evidence,1,drops to,1,want is,1,line do,1,users see,1
is task,1,to seconds,1,remember what,1,it but,1,see edit,1
task triggered,1,seconds instead,1,what became,1,but define,1,delete what,1
triggered debugging,1,of persistent,1,became true,1,define project,1,s remembered,1
happened regression,1,persistent conversation,1,true by,1,as curated,1,remembered attribution,1
regression analysis,1,conversation persist,1,by the,1,curated time,1,attribution can,1
analysis or,1,persist a,1,mess a,1,time aware,1,devmate cite,1
or explicitly,1,authoritative small,1,a clean,1,aware inspectable,1,cite where,1
requested how,1,small user,1,slate is,1,inspectable memory,1,memory came,1
to decide,1,editable that,1,good for,1,model remembers,1,from and,1
decide if,1,auto injects,1,generation not,1,everything implement,1,old it,1
should ship,1,injects into,1,not for,1,implement spine,1,is staleness,1
ship it,1,into new,1,for knowledge,1,artifacts as,1,handling can,1
it measure,1,new sessions,1,knowledge if,1,default truth,1,can memories,1
measure the,1,sessions system,1,you come,1,truth layer,1,expire or,1
right things,1,system overview,1,come back,1,and add,1,superseded separation,1
things run,1,overview services,1,back today,1,retrieval as,1,separation of,1
run an,1,services modules,1,today there,1,recency weighting,1,of concerns,1
enterprise beta,1,modules owners,1,there are,1,retirement plus,1,concerns are,1
beta with,1,owners key,1,are three,1,plus fresh,1,are decisions,1
with two,1,key flows,1,three different,1,mode to,1,decisions stored,1
two toggles,1,flows non,1,different yesterdays,1,to intentionally,1,stored separately,1
toggles curated,1,non negotiables,1,yesterdays failed,1,intentionally break,1,separately from,1
memory on,1,negotiables constraints,1,attempts we,1,break ruts,1,exploration evaluation,1
off evidence,1,compliance latency,1,tried patch,1,ruts when,1,evaluation can,1
store on,1,latency regions,1,patch a,1,needed yes,1,can you,1
off track,1,regions architecture,1,c all,1,yes most,1,you measure,1
track time,1,architecture patterns,1,all broke,1,time you,1,measure whether,1
answer in,1,patterns used,1,broke tests,1,from yesterday,1,whether memory,1
session number,1,used major,1,tests useful,1,s messy,1,helps vs,1
number of,1,major tradeoffs,1,useful only,1,messy debugging,1,vs hurts,1
of clarification,1,tradeoffs conventions,1,as negative,1,debugging because,1,hurts if,1
clarification turns,1,conventions error,1,negative evidence,1,because that,1,a scoped,1
turns what,1,testing folder,1,and only,1,noise and,1,scoped version,1
what framework,1,folder layout,1,s accurate,1,and highly,1,version start,1
framework are,1,layout current,1,accurate and,1,highly anchoring,1,with tier,1
are you,1,current focus,1,and still,1,anchoring what,1,memory end,1
you using,1,focus active,1,still relevant,1,to remember,1,session curated,1
using bug,1,active epic,1,relevant verified,1,remember is,1,curated tier,1
bug fix,1,epic s,1,verified findings,1,mess but,1,tier add,1
fix success,1,s near,1,findings failure,1,the few,1,add tier,1
success rate,1,near term,1,failure occurs,1,few validated,1,tier retrieval,1
rate pr,1,term goals,1,occurs only,1,validated outcomes,1,retrieval later,1
pr acceptance,1,goals pointers,1,under load,1,outcomes that,1,later behind,1
acceptance rate,1,pointers links,1,load stack,1,that emerged,1,behind feature,1
rate stuck,1,runbooks main,1,trace points,1,emerged from,1,feature flags,1
stuck in,1,main docs,1,points to,1,from it,1,flags once,1
in rut,1,docs this,1,to x,1,it the,1,ve validated,1
rut signals,1,what users,1,x reproducer,1,key distinction,1,validated relevance,1
signals repeated,1,are retyping,1,reproducer script,1,distinction remembering,1,filtering and,1
repeated suggestions,1,retyping today,1,script exists,1,remembering vs,1,compliance measurement,1
suggestions the,1,today why,1,exists high,1,vs injecting,1,measurement how,1
user rejects,1,avoids bias,1,high value,1,injecting remembering,1,to know,1
rejects or,1,bias because,1,value low,1,remembering stored,1,know if,1
to start,1,a transcript,1,risk decisions,1,stored somewhere,1,s helping,1
over trust,1,of attempts,1,t upgrade,1,somewhere is,1,helping not,1
trust metrics,1,attempts it,1,library api,1,is fine,1,just feeling,1
metrics memory,1,team s,1,api must,1,fine injecting,1,feeling helpful,1
memory edits,1,current agreed,1,must remain,1,injecting into,1,helpful track,1
edits forget,1,agreed context,1,remain compatible,1,into today,1,track two,1
forget actions,1,context if,1,compatible use,1,today s,1,two classes,1
actions and,1,wrong you,1,use pattern,1,s context,1,of metrics,1
citation click,1,can edit,1,pattern p,1,context by,1,metrics over,1
click throughs,1,edit it,1,p highest,1,default is,1,weeks temporal,1
throughs if,1,a readme,1,highest value,1,causes the,1,temporal impact,1
if curated,1,readme adr,1,value so,1,rut so,1,impact matters,1
memory reduces,1,adr not,1,right default,1,right question,1,matters here,1
reduces onboarding,1,a spooky,1,default is,1,question becomes,1,here flow,1
friction without,1,spooky memory,1,is clean,1,becomes what,1,flow gains,1
without increasing,1,that doesn,1,slate for,1,what gets,1,gains time,1
increasing start,1,steer unless,1,for brainstorming,1,gets automatically,1,time to,1
over behaviors,1,unless confirmed,1,and coding,1,automatically loaded,1,to first,1
behaviors you,1,confirmed for,1,coding suggestions,1,loaded vs,1,first useful,1
have your,1,the remaining,1,suggestions don,1,vs kept,1,useful answer,1
your answer,1,remaining minutes,1,t preload,1,kept behind,1,answer in,1
answer memory,1,minutes of,1,preload yesterday,1,a door,1,session reduction,1
memory helps,1,of what,1,s meandering,1,door a,1,reduction in,1
helps when,1,try why,1,meandering persistent,1,practical rule,1,in repeated,1
s curated,1,we reject,1,memory for,1,rule only,1,explain repo,1
and visible,1,reject x,1,outcomes so,1,load stable,1,repo prompts,1
visible summary,1,x keep,1,so you,1,stable validated,1,prompts fewer,1
summary recommendation,1,keep that,1,t rediscover,1,validated memory,1,fewer user,1
recommendation do,1,that in,1,rediscover facts,1,memory auto,1,user edits,1
it but,1,that decays,1,facts practical,1,load good,1,edits to,1
selective user,1,decays ttl,1,practical product,1,good continuity,1,restate constraints,1
by not,1,ttl is,1,product behavior,1,continuity architectural,1,constraints quality,1
auto replaying,1,is only,1,behavior fresh,1,conventions confirmed,1,quality risks,1
replaying exploratory,1,only pulled,1,eyes by,1,confirmed root,1,risks regression,1
exploratory attempts,1,pulled when,1,default continuity,1,root causes,1,regression rate,1
attempts implement,1,when relevant,1,continuity on,1,causes confirmed,1,rate suggestions,1
implement a,1,relevant is,1,on tap,1,confirmed fixes,1,suggestions contradict,1
a hybrid,1,is always,1,tap a,1,fixes do,1,contradict current,1
hybrid curated,1,cited pulled,1,a workable,1,perf invariants,1,current codebase,1
layer as,1,pulled from,1,workable compromise,1,invariants facts,1,codebase anchoring,1
the canonical,1,from session,1,compromise that,1,that remain,1,anchoring incidents,1
truth with,1,session on,1,that honors,1,remain true,1,incidents repeats,1
a gated,1,on oct,1,honors the,1,true across,1,repeats previously,1
store for,1,oct can,1,the engineers,1,across time,1,rejected approach,1
and audits,1,be ignored,1,engineers point,1,time do,1,approach user,1
audits make,1,ignored with,1,point default,1,load fresh,1,user ignore,1
make fresh,1,with fresh,1,default each,1,eyes raw,1,memory frequency,1
eyes a,1,so day,1,each new,1,transcripts step,1,frequency memory,1
class mode,1,day to,1,session to,1,step failed,1,memory correction,1
mode and,1,to day,1,to fresh,1,failed debugging,1,correction rate,1
and require,1,day work,1,mode the,1,partial plans,1,rate edits,1
to prevent,1,work starts,1,model does,1,plans unmerged,1,edits deletions,1
prevent memory,1,starts fast,1,does not,1,unmerged code,1,deletions run,1
becoming silent,1,fast but,1,automatically ingest,1,code ideas,1,a b,1
bias if,1,not anchored,1,ingest prior,1,ideas that,1,b tests,1
can sketch,1,by old,1,prior chat,1,that hours,1,tests with,1
sketch a,1,old dead,1,logs or,1,hours of,1,with memory,1
concrete spec,1,dead ends,1,or failed,1,of buggy,1,scopes constraints,1
spec memory,1,ends practical,1,attempts it,1,buggy code,1,vs canonical,1
memory object,1,practical workflow,1,does see,1,code should,1,constraints vs,1
object schema,1,workflow that,1,see curated,1,be treated,1,vs full,1
schema retrieval,1,makes this,1,conventions because,1,as volatile,1,full and,1
routing rules,1,this low,1,because those,1,evidence available,1,and look,1
rules and,1,friction on,1,are supposed,1,available if,1,look for,1
a phased,1,on first,1,supposed to,1,you ask,1,the curve,1
phased rollout,1,first use,1,be stable,1,ask but,1,curve where,1
rollout plan,1,use devmate,1,stable end,1,steering the,1,where value,1
plan beta,1,devmate builds,1,session capture,1,assistant by,1,value peaks,1
beta team,1,builds a,1,capture that,1,default the,1,peaks before,1
wide org,1,a draft,1,that forces,1,the middle,1,before bias,1
org wide,1,draft project,1,forces distillation,1,middle ground,1,bias rises,1
wide with,1,brief from,1,distillation present,1,ground you,1,rises bottom,1
compliance checkpoints,1,from repo,1,present a,1,you actually,1,line recommendation,1
checkpoints yes,1,repo signals,1,quick save,1,actually want,1,recommendation do,1
yes engineers,1,signals structure,1,save learnings,1,want keep,1,continuum but,1
engineers are,1,structure dependencies,1,learnings panel,1,the outcomes,1,only as,1
are right,1,dependencies ci,1,with two,1,outcomes not,1,as typed,1
right if,1,ci docs,1,two checkboxes,1,the process,1,typed governed,1
memory means,1,docs each,1,checkboxes save,1,process at,1,governed time,1
means automatically,1,end devmate,1,outcomes root,1,at the,1,aware memory,1
automatically replay,1,diffs add,1,steps constraints,1,the end,1,on recall,1
replay everything,1,convention we,1,constraints discovered,1,a messy,1,recall implement,1
everything i,1,use zod,1,discovered links,1,messy session,1,implement a,1
i did,1,zod for,1,to files,1,session the,1,a hybrid,1
did yesterday,1,for validation,1,files prs,1,propose converting,1,hybrid structured,1
yesterday that,1,validation user,1,prs discard,1,converting the,1,structured canonical,1
not project,1,approves or,1,discard expire,1,the chaos,1,summaries tier,1
s anchoring,1,risk items,1,expire raw,1,chaos into,1,tier for,1
anchoring what,1,items like,1,attempts default,1,into small,1,patterns high,1
you actually,1,like conventions,1,this converts,1,small structured,1,high trust,1
actually want,1,conventions next,1,converts hours,1,artifacts each,1,trust editable,1
want in,1,next session,1,of mess,1,each with,1,small curated,1
in that,1,session start,1,mess into,1,a status,1,curated session,1
that scenario,1,start devmate,1,into durable,1,status confirmed,1,outcomes tier,1
scenario when,1,devmate loads,1,durable bullets,1,confirmed race,1,tier with,1
you return,1,loads only,1,bullets keep,1,race condition,1,with user,1
return after,1,the brief,1,the raw,1,condition occurs,1,approval selective,1
after hours,1,decisions not,1,raw transcript,1,occurs when,1,selective evidence,1
hours of,1,not yesterday,1,transcript only,1,when x,1,retrieval tier,1
of buggy,1,s exploratory,1,an optional,1,x and,1,tier vector,1
code you,1,exploratory transcript,1,evidence archive,1,and y,1,keyword filtered,1
want a,1,transcript product,1,archive not,1,y overlap,1,cited make,1
a clean,1,product outcome,1,used automatically,1,overlap reproduced,1,make fresh,1
clean problem,1,outcome you,1,automatically for,1,reproduced with,1,eyes a,1
solving stance,1,get the,1,for future,1,with test,1,a mode,1
stance fresh,1,compounding time,1,future answers,1,test z,1,an accident,1
eyes reasoning,1,time savings,1,answers available,1,z ruled,1,accident of,1
reasoning but,1,savings the,1,available via,1,out not,1,of tab,1
but no,1,the hours,1,via explicit,1,not caused,1,tab closure,1
onboarding tax,1,hours person,1,action search,1,caused by,1,closure if,1
tax the,1,person effect,1,s work,1,by caching,1,want share,1
ai still,1,effect you,1,work show,1,caching layer,1,share a,1
still knows,1,you preserve,1,show prior,1,layer disabling,1,a your,1
repo norms,1,preserve fresh,1,then cite,1,disabling cache,1,your current,1
norms constraints,1,eyes for,1,it pulled,1,cache didn,1,current session,1
what good,1,for problem,1,pulled apply,1,t change,1,session transcript,1
good looks,1,problem solving,1,ttl by,1,change behavior,1,transcript sizes,1
like the,1,solving by,1,default e,1,behavior tentative,1,sizes b,1
to pull,1,keeping attempt,1,g days,1,tentative suspect,1,b typical,1
pull yesterday,1,history optional,1,team opts,1,suspect timeout,1,typical enterprise,1
s details,1,optional and,1,opts in,1,timeout settings,1,enterprise repo,1
details only,1,decaying you,1,in why,1,settings needs,1,repo size,1
if helpful,1,you gain,1,this resolves,1,needs confirmation,1,size and,1
helpful what,1,gain trust,1,the concern,1,confirmation this,1,c whether,1
error message,1,trust because,1,concern you,1,this preserves,1,can bind,1
message so,1,is inspectable,1,ai getting,1,preserves value,1,bind retrieval,1
right product,1,inspectable versioned,1,getting anchored,1,value while,1,retrieval to,1
product behavior,1,correctable so,1,anchored on,1,while preventing,1,concrete storage,1
behavior is,1,yes without,1,on yesterday,1,preventing the,1,storage schema,1
is clean,1,without memory,1,s bad,1,model from,1,schema retrieval,1
slate for,1,paying an,1,bad patches,1,from re,1,ux wire,1
for reasoning,1,an ongoing,1,patches because,1,re enacting,1,wire outline,1
reasoning persistent,1,ongoing tax,1,re not,1,enacting the,1,outline that,1
for facts,1,tax the,1,context you,1,the whole,1,matches your,1
facts separate,1,right response,1,still get,1,whole failure,1,your constraints,1
separate baseline,1,response is,1,get the,1,failure trajectory,1,constraints the,1
from attempt,1,is scoped,1,the senior,1,trajectory product,1,engineers are,1
history keep,1,scoped governed,1,senior colleague,1,that satisfies,1,are right,1
keep across,1,that eliminates,1,colleague benefit,1,satisfies both,1,right about,1
sessions by,1,eliminates re,1,benefit because,1,camps default,1,about the,1
default low,1,briefing while,1,ai retains,1,default start,1,mode if,1
risk high,1,while preventing,1,retains the,1,start clean,1,system treats,1
value architecture,1,preventing bias,1,end state,1,clean operational,1,treats yesterday,1
architecture map,1,bias yes,1,state knowledge,1,operational context,1,s exploratory,1
map module,1,continuity being,1,knowledge constraints,1,context new,1,exploratory garbage,1
module ownership,1,being good,1,constraints decisions,1,new session,1,garbage as,1
ownership invariants,1,good or,1,decisions root,1,session loads,1,authoritative context,1
invariants coding,1,or bad,1,causes runbooks,1,loads repo,1,context it,1
coding conventions,1,bad is,1,runbooks it,1,state memory,1,will anchor,1
conventions linting,1,not inherent,1,s robust,1,constraints does,1,anchor it,1
linting testing,1,inherent it,1,robust over,1,not load,1,will keep,1
testing norms,1,an emergent,1,time old,1,load prior,1,keep reusing,1
norms chosen,1,emergent property,1,old findings,1,hypotheses a,1,reusing the,1
chosen libraries,1,property of,1,findings can,1,a deliberate,1,same flawed,1
libraries frameworks,1,a what,1,marked needs,1,deliberate bring,1,flawed framing,1
frameworks and,1,what gets,1,needs re,1,bring in,1,framing helpfully,1
constraints confirmed,1,gets persisted,1,re validation,1,yesterday action,1,helpfully recreating,1
confirmed decisions,1,persisted and,1,validation if,1,action button,1,recreating the,1
decisions rationale,1,and b,1,changed a,1,button command,1,rut you,1
rationale adrs,1,b how,1,concrete rule,1,command show,1,re trying,1
adrs do,1,how persisted,1,rule of,1,show last,1,trying to,1
not carry,1,persisted data,1,of thumb,1,last session,1,to escape,1
forward by,1,data is,1,thumb to,1,session s,1,escape but,1
default high,1,is reintroduced,1,to align,1,s investigation,1,but clean,1
high bias,1,reintroduced into,1,align the,1,investigation retrieve,1,slate isn,1
risk step,1,into the,1,team persist,1,attempts presented,1,t one,1
step by,1,prompt different,1,only items,1,presented as,1,one thing,1
by step,1,memory architectures,1,that answer,1,as collapsible,1,thing there,1
step debugging,1,architectures change,1,answer would,1,collapsible labeled,1,there are,1
debugging transcripts,1,the probability,1,would a,1,labeled time,1,are at,1
transcripts partial,1,probability you,1,a competent,1,stamped previously,1,least three,1
partial code,1,get rut,1,competent engineer,1,outdated that,1,three categories,1
drafts the,1,rut behavior,1,engineer write,1,that content,1,categories mixed,1
user didn,1,behavior why,1,write this,1,content should,1,mixed together,1
t merge,1,why architecture,1,adr runbook,1,be silently,1,together exploration,1
merge hypotheses,1,changes the,1,runbook postmortem,1,silently blended,1,exploration attempts,1
hypotheses and,1,rut outcome,1,postmortem if,1,blended into,1,attempts high,1
and dead,1,outcome the,1,not it,1,plan unless,1,high noise,1
ends we,1,model is,1,stays ephemeral,1,unless the,1,noise high,1
it failed,1,is path,1,or retrievable,1,in fresh,1,risk half,1
failed long,1,path dependent,1,retrievable only,1,real not,1,half working,1
long back,1,dependent the,1,typical enterprise,1,not marketing,1,working patches,1
back and,1,more you,1,enterprise workflow,1,a toggle,1,patches wrong,1
and forth,1,you feed,1,workflow prs,1,that guarantees,1,wrong hypotheses,1
forth where,1,feed it,1,prs jira,1,guarantees ignore,1,hypotheses dead,1
model was,1,it prior,1,jira incidents,1,ignore volatile,1,ends this,1
was confused,1,prior content,1,incidents adrs,1,history use,1,want auto,1
confused those,1,content the,1,adrs i,1,use only,1,injected tomorrow,1
those belong,1,more it,1,can sketch,1,code curated,1,tomorrow verified,1
belong in,1,will reuse,1,sketch exactly,1,curated decisions,1,outcomes high,1
in an,1,reuse frames,1,exactly where,1,decisions why,1,low anchoring,1
an evidence,1,frames assumptions,1,where these,1,this works,1,risk root,1
evidence history,1,assumptions and,1,these artifacts,1,works engineers,1,confirmed a,1
history lane,1,and partial,1,artifacts live,1,engineers get,1,a failing,1
lane not,1,partial solutions,1,live and,1,get protection,1,test that,1
assistant s,1,solutions so,1,and who,1,protection against,1,that reproduces,1
s default,1,so if,1,approve them,1,against anchoring,1,reproduces a,1
default mind,1,is broad,1,them so,1,anchoring and,1,constraint discovered,1
mind a,1,broad frequent,1,so clean,1,stale context,1,discovered a,1
good default,1,frequent and,1,slate and,1,context no,1,a decision,1
default fresh,1,and unvetted,1,and project,1,no automatic,1,decision made,1
eyes baseline,1,unvetted you,1,memory don,1,automatic replay,1,made this,1
baseline on,1,you increase,1,t fight,1,replay of,1,do want,1
on new,1,increase anchoring,1,fight in,1,of failure,1,want tomorrow,1
start devmate,1,anchoring risk,1,in daily,1,failure users,1,tomorrow because,1
should load,1,risk if,1,daily use,1,users get,1,it prevents,1
only the,1,selective scoped,1,use it,1,get continuity,1,prevents re,1
baseline decisions,1,aware and,1,is wasted,1,matters decisions,1,re learning,1
treat everything,1,governed you,1,wasted energy,1,decisions constraints,1,learning the,1
everything else,1,get flow,1,energy and,1,constraints confirmed,1,same truth,1
else as,1,flow with,1,compounds minutes,1,confirmed learnings,1,truth stable,1
as cold,1,with minimal,1,minutes session,1,learnings and,1,project context,1
storage then,1,minimal rut,1,session sessions,1,still pull,1,context high,1
then offer,1,rut that,1,sessions week,1,pull yesterday,1,low change,1
offer explicit,1,an engineering,1,week weeks,1,s details,1,change rate,1
explicit entry,1,engineering control,1,weeks hours,1,details when,1,rate architecture,1
points resume,1,control problem,1,hours per,1,s genuinely,1,architecture rules,1
thread opt,1,problem not,1,per engineer,1,genuinely helpful,1,rules conventions,1
in shows,1,philosophical one,1,engineer over,1,helpful e,1,conventions compliance,1
shows what,1,one summaries,1,months and,1,g what,1,compliance constraints,1
be pulled,1,vectors how,1,s conservative,1,error did,1,constraints domain,1
pulled look,1,how each,1,conservative across,1,see if,1,vocabulary this,1
up prior,1,each tends,1,across a,1,want describe,1,persist regardless,1
attempts on,1,to create,1,a team,1,describe devmate,1,of yesterday,1
demand retrieval,1,create or,1,team this,1,s typical,1,yesterday being,1
retrieval summarize,1,or avoid,1,this becomes,1,typical workflow,1,being messy,1
summarize what,1,avoid ruts,1,becomes material,1,workflow ide,1,messy so,1
happened yesterday,1,ruts a,1,the trick,1,ide plugin,1,the question,1
yesterday a,1,a summary,1,trick is,1,plugin vs,1,devmate remember,1
a neutral,1,summary layer,1,to eliminate,1,web per,1,remember in,1
neutral recap,1,layer lossy,1,importing yesterday,1,vs per,1,a way,1
recap with,1,lossy usually,1,noise replace,1,per branch,1,way that,1
with uncertainty,1,usually reduces,1,replace re,1,branch debug,1,that keeps,1
uncertainty make,1,reduces rut,1,with an,1,debug heavy,1,keeps and,1
make mess,1,risk but,1,an auto,1,heavy vs,1,and while,1
mess memory,1,can institutionalize,1,attached curated,1,vs feature,1,while giving,1
memory safe,1,institutionalize wrong,1,brief instead,1,feature heavy,1,giving you,1
you keep,1,wrong intent,1,of remembering,1,heavy and,1,you a,1
it at,1,intent why,1,remembering whole,1,mess you,1,from if,1
all if,1,it helps,1,sessions keep,1,re most,1,yes continuum,1
raw interactions,1,helps it,1,editable artifact,1,most worried,1,continuum helps,1
interactions vector,1,to retain,1,artifact that,1,worried about,1,helps if,1
store prevent,1,retain stable,1,that loads,1,about and,1,if no,1
prevent it,1,stable intent,1,loads every,1,and i,1,no it,1
from biasing,1,intent we,1,time project,1,i ll,1,hurts what,1
biasing today,1,we chose,1,brief minutes,1,ll propose,1,what clean,1
today by,1,chose x,1,minutes to,1,a default,1,mean in,1
by adding,1,because y,1,to skim,1,memory loading,1,in product,1
adding three,1,y not,1,skim architecture,1,loading policy,1,product terms,1
three gates,1,messy attempt,1,snapshot services,1,policy and,1,terms a,1
gates intent,1,trail fewer,1,services modules,1,and ux,1,mean the,1
intent gate,1,fewer tokens,1,modules boundaries,1,ux that,1,assistant is,1
gate only,1,tokens of,1,boundaries non,1,that matches,1,not conditioned,1
retrieve attempt,1,of bad,1,negotiable constraints,1,matches it,1,conditioned by,1
history for,1,bad path,1,constraints compliance,1,it it,1,prior unverified,1
intents why,1,path get,1,compliance versions,1,it is,1,unverified attempts,1
it fail,1,get repeated,1,versions perf,1,is wasted,1,attempts prior,1
fail what,1,repeated how,1,perf budgets,1,wasted energy,1,prior sessions,1
changed not,1,still cause,1,budgets conventions,1,energy and,1,sessions are,1
not for,1,cause ruts,1,conventions error,1,it compounds,1,are treated,1
for implement,1,ruts if,1,handling logging,1,compounds the,1,archive not,1
feature status,1,the summary,1,logging testing,1,the fix,1,a steering,1
status gate,1,or overconfident,1,testing current,1,fix is,1,steering wheel,1
gate prioritize,1,overconfident it,1,focus what,1,to ensure,1,wheel only,1
prioritize merged,1,a high,1,we re,1,ensure you,1,only curated,1
code adrs,1,high authority,1,re doing,1,you never,1,user confirmed,1
adrs current,1,authority false,1,doing this,1,never have,1,confirmed knowledge,1
history down,1,false belief,1,this sprint,1,have to,1,sticky in,1
rank anything,1,belief that,1,sprint links,1,brief stable,1,words remember,1
anything not,1,s repeatedly,1,links repo,1,context while,1,remember facts,1
not tied,1,repeatedly injected,1,repo key,1,while still,1,facts not,1
tied to,1,injected we,1,key docs,1,still getting,1,not flailing,1
a commit,1,decided to,1,adr index,1,getting a,1,flailing a,1
commit pr,1,you didn,1,index make,1,from transient,1,concrete policy,1
pr presentation,1,t summaries,1,team editable,1,transient mess,1,policy that,1
presentation gate,1,summaries can,1,editable like,1,mess what,1,that resolves,1
gate when,1,can also,1,a readme,1,re actually,1,the concern,1
when retrieved,1,also omit,1,readme for,1,actually re,1,concern default,1
retrieved show,1,omit the,1,ai time,1,should stop,1,behavior safe,1
show it,1,the conditions,1,stamped with,1,stop most,1,safe always,1
not instruction,1,conditions x,1,with last,1,most first,1,always load,1
instruction yesterday,1,x failed,1,last confirmed,1,minutes briefings,1,load canonical,1
yesterday you,1,failed only,1,confirmed date,1,briefings are,1,memory decisions,1
you tried,1,on ios,1,date short,1,are system,1,conventions load,1
and hit,1,ios and,1,short by,1,system boundaries,1,load optionally,1
hit error,1,and turn,1,design e,1,boundaries architecture,1,optionally last,1
error y,1,turn nuance,1,g hard,1,architecture style,1,last session,1
y unconfirmed,1,nuance into,1,hard cap,1,style constraints,1,outcomes only,1
unconfirmed if,1,into dogma,1,cap tokens,1,constraints no,1,they were,1
if still,1,dogma engineering,1,tokens this,1,no blocking,1,were committed,1
still relevant,1,engineering implication,1,this removes,1,blocking i,1,committed approved,1
relevant want,1,implication summaries,1,removes the,1,i o,1,approved never,1
to reuse,1,summaries must,1,the every,1,o must,1,never auto,1
reuse or,1,be editable,1,morning onboarding,1,be fips,1,load raw,1
or restart,1,editable typed,1,onboarding without,1,fips multi,1,chat history,1
restart practical,1,typed time,1,without dragging,1,multi tenant,1,history previous,1
practical rule,1,stamped and,1,dragging in,1,tenant conventions,1,previous patch,1
rule of,1,and supersedable,1,in messy,1,conventions service,1,debugging unless,1
of thumb,1,supersedable not,1,messy transcripts,1,service layer,1,yesterday end,1
thumb if,1,blob b,1,transcripts keep,1,layer owns,1,session capture,1
d put,1,store high,1,keep memory,1,owns validation,1,capture prevents,1
put in,1,coverage increases,1,memory layered,1,validation use,1,prevents remembering,1
a team,1,increases rut,1,layered so,1,use repository,1,remembering the,1
team wiki,1,unless retrieval,1,so speed,1,repository pattern,1,the mess,1
adr remember,1,is tightly,1,speed doesn,1,pattern error,1,mess at,1
remember by,1,tightly governed,1,t harm,1,handling policy,1,end devmate,1
d only,1,governed why,1,harm quality,1,policy current,1,small structured,1
only keep,1,can hurt,1,quality always,1,current milestone,1,user can,1
keep in,1,hurt vectors,1,on project,1,milestone what,1,can accept,1
a scratchpad,1,it easy,1,decisions high,1,s in,1,accept edit,1
scratchpad or,1,to repeatedly,1,signal low,1,in out,1,edit confirmed,1
or slack,1,repeatedly retrieve,1,low bias,1,scope known,1,cause constraint,1
slack thread,1,retrieve old,1,bias often,1,known landmines,1,decision invariant,1
thread don,1,old failed,1,often on,1,landmines this,1,invariant repro,1
t preload,1,failed attempts,1,on verified,1,this endpoint,1,repro steps,1
preload make,1,attempts that,1,items debug,1,endpoint is,1,steps minimal,1
it retrievable,1,that feel,1,debug conclusions,1,is legacy,1,minimal failing,1
retrievable the,1,feel semantically,1,conclusions reproducible,1,legacy don,1,test or,1
slate experience,1,semantically relevant,1,reproducible facts,1,t touch,1,or command,1
experience without,1,relevant outdated,1,facts on,1,touch that,1,command rejected,1
losing value,1,outdated environment,1,demand raw,1,stable it,1,rejected approaches,1
value a,1,environment assumptions,1,raw prior,1,should live,1,approaches optional,1
compromise ux,1,assumptions long,1,prior sessions,1,live in,1,optional only,1
ux new,1,long transcripts,1,sessions vector,1,an always,1,the rejection,1
session starts,1,transcripts containing,1,vector evidence,1,on human,1,rejection is,1
starts in,1,containing lots,1,search past,1,human editable,1,is definitive,1
in fresh,1,of misleading,1,attempts when,1,brief plus,1,definitive doesn,1
mode automatically,1,misleading intermediate,1,you choose,1,plus adrs,1,work because,1
automatically a,1,intermediate states,1,choose that,1,adrs not,1,because x,1
a banner,1,states that,1,that gives,1,not in,1,x not,1
banner says,1,s exactly,1,gives you,1,recall a,1,not we,1
says project,1,the yesterday,1,you continuity,1,concrete approach,1,tried and,1
baseline loaded,1,mess problem,1,continuity for,1,that kills,1,t if,1
loaded decisions,1,problem mechanized,1,brief while,1,kills re,1,not confirmed,1
conventions attempt,1,mechanized but,1,preserving the,1,without importing,1,confirmed it,1
history is,1,but vectors,1,the option,1,importing bias,1,t become,1
is available,1,vectors don,1,option to,1,bias auto,1,become sticky,1
available if,1,be harmful,1,to start,1,load by,1,sticky memory,1
if needed,1,harmful rut,1,start fresh,1,small curated,1,memory next,1
needed one,1,risk comes,1,fresh for,1,curated fast,1,next day,1
click bring,1,comes from,1,for solution,1,fast project,1,day experience,1
bring in,1,policy not,1,solution exploration,1,brief pages,1,experience preserves,1
in yesterday,1,the existence,1,exploration practical,1,pages architecture,1,preserves freshness,1
s attempts,1,existence of,1,practical ux,1,map conventions,1,freshness when,1
attempts last,1,embeddings if,1,ux knobs,1,focus recent,1,you return,1
last 24h,1,you treat,1,knobs that,1,recent adrs,1,return devmate,1
24h that,1,treat vectors,1,that resolve,1,adrs active,1,devmate starts,1
preserves creativity,1,evidence on,1,resolve the,1,active constraints,1,starts with,1
creativity and,1,demand rather,1,the tension,1,constraints optional,1,with here,1
bias while,1,than default,1,tension session,1,optional working,1,s what,1
still delivering,1,default steering,1,start shows,1,set links,1,i believe,1
delivering the,1,steering context,1,items click,1,the files,1,true with,1
the enterprise,1,context they,1,click to,1,modules touched,1,with sources,1
value users,1,they become,1,to view,1,touched recently,1,sources want,1
users actually,1,become safe,1,view a,1,recently derived,1,to use,1
actually mean,1,and useful,1,a toggle,1,from git,1,use yesterday,1
is wasted,1,useful the,1,eyes don,1,git opt,1,s exploration,1
wasted energy,1,key design,1,t use,1,demand prior,1,as reference,1
energy and,1,design choice,1,use evidence,1,attempts long,1,reference or,1
s exactly,1,choice authoritative,1,history vs,1,long chat,1,or start,1
exactly the,1,authoritative beliefs,1,continuum use,1,history old,1,start fresh,1
value proposition,1,beliefs vs,1,use approved,1,plans partial,1,fresh offer,1
proposition for,1,vs raw,1,approved evidence,1,partial explorations,1,click mode,1
for project,1,continuity good,1,evidence end,1,explorations this,1,mode fresh,1
memory just,1,good you,1,session prompt,1,this removes,1,only why,1
just not,1,need two,1,prompt update,1,removes re,1,this works,1
not undifferentiated,1,two distinct,1,brief save,1,briefing because,1,works over,1
undifferentiated memory,1,distinct memory,1,verified learnings,1,assistant starts,1,the temporal,1
memory the,1,memory semantics,1,learnings defaults,1,starts every,1,temporal part,1
the fix,1,semantics authoritative,1,defaults to,1,session already,1,part yesterday,1
fix isn,1,authoritative durable,1,to saving,1,already knowing,1,mess is,1
memory vs,1,memory beliefs,1,saving only,1,knowing the,1,information whose,1
vs all,1,beliefs curated,1,only outcomes,1,the world,1,whose usefulness,1
all memory,1,curated decisions,1,the efficient,1,world but,1,usefulness decays,1
s stop,1,fixes small,1,efficient middle,1,but still,1,decays fast,1
making users,1,small explicit,1,middle you,1,still avoids,1,fast verified,1
users restate,1,auditable versioned,1,you stop,1,avoids anchoring,1,outcomes decay,1
context most,1,versioned evidence,1,stop paying,1,anchoring on,1,decay slowly,1
brief is,1,evidence memory,1,paying the,1,on yesterday,1,slowly decisions,1
is repeating,1,memory history,1,the daily,1,s dead,1,and constraints,1
repeating durable,1,history raw,1,daily tax,1,ends why,1,constraints decay,1
durable facts,1,raw chats,1,tax brief,1,this scales,1,decay slowest,1
facts what,1,chats logs,1,brief auto,1,scales over,1,slowest if,1
system is,1,transcripts intermediate,1,auto attaches,1,months the,1,implement time,1
is services,1,intermediate tries,1,attaches you,1,brief is,1,aware retention,1
modules boundaries,1,tries large,1,avoid anchoring,1,is versioned,1,retention exploration,1
boundaries tech,1,large decaying,1,anchoring on,1,versioned pr,1,exploration expires,1
tech stack,1,cited and,1,on junk,1,reviewed so,1,expires quickly,1
stack and,1,and optional,1,junk transcripts,1,it stays,1,quickly outcomes,1
conventions non,1,only vectors,1,transcripts not,1,stays true,1,outcomes persist,1
negotiable constraints,1,you blur,1,auto fed,1,true as,1,persist canonical,1
security latency,1,blur these,1,fed you,1,project evolves,1,canonical persists,1
latency deployment,1,these and,1,keep correctness,1,evolves it,1,persists until,1
deployment why,1,and ruts,1,correctness controllable,1,it supports,1,until superseded,1
why certain,1,ruts become,1,controllable everything,1,supports team,1,superseded you,1
certain patterns,1,become likely,1,everything persistent,1,team consistency,1,you match,1
patterns were,1,likely if,1,persistent is,1,consistency the,1,match how,1
were chosen,1,summaries you,1,is inspectable,1,same baseline,1,how engineering,1
chosen that,1,you risk,1,and dated,1,baseline context,1,engineering work,1
that information,1,risk missing,1,dated if,1,context for,1,work actually,1
information is,1,missing details,1,typical re,1,for everyone,1,actually evolves,1
is unlikely,1,details and,1,brief content,1,everyone it,1,evolves across,1
unlikely to,1,and creating,1,content what,1,it decays,1,across days,1
cause rut,1,creating brittle,1,you find,1,decays correctly,1,days weeks,1
bias it,1,brittle false,1,find yourself,1,correctly when,1,weeks practical,1
prevents dumb,1,false certainty,1,yourself retyping,1,when architecture,1,practical answer,1
dumb suggestions,1,certainty the,1,retyping i,1,the pr,1,your example,1
and speeds,1,the net,1,exact brief,1,pr updates,1,example if,1
speeds alignment,1,positive architecture,1,brief template,1,updates the,1,you spent,1
alignment the,1,is hybrid,1,template and,1,adrs no,1,spent hours,1
the part,1,clear roles,1,which fields,1,no hidden,1,hours writing,1
part that,1,roles concrete,1,fields should,1,hidden stale,1,writing buggy,1
that shouldn,1,concrete mechanisms,1,be enforced,1,stale memories,1,buggy code,1
be remembered,1,mechanisms that,1,enforced vs,1,memories make,1,code yesterday,1
remembered by,1,that determine,1,vs optional,1,savings measurable,1,yesterday you,1
default what,1,determine whether,1,optional yes,1,measurable so,1,probably want,1
what causes,1,positive time,1,architecture doesn,1,not philosophical,1,want devmate,1
causes bias,1,and validity,1,just implement,1,philosophical track,1,devmate tomorrow,1
bias is,1,validity metadata,1,implement continuity,1,track context,1,tomorrow to,1
usually yesterday,1,metadata prevents,1,it defines,1,turns in,1,the constraint,1
s path,1,prevents stale,1,defines what,1,in first,1,constraint you,1
path not,1,stale anchoring,1,of continuity,1,session time,1,you discovered,1
the project,1,anchoring attach,1,get and,1,first accepted,1,discovered e,1
baseline half,1,attach to,1,that largely,1,accepted suggestion,1,g must,1
half baked,1,to every,1,largely determines,1,suggestion frequency,1,must remain,1
baked code,1,item created_at,1,create flow,1,frequency of,1,remain idempotent,1
drafts failed,1,last_confirmed_at status,1,flow or,1,of users,1,idempotent the,1
failed refactors,1,deprecated scope,1,a rut,1,users pasting,1,the reproduction,1
refactors debugging,1,module optionally,1,rut why,1,pasting the,1,reproduction test,1
debugging rabbit,1,optionally branch,1,why architecture,1,same project,1,test log,1
rabbit holes,1,range confidence,1,rut dynamics,1,project overview,1,log the,1
holes so,1,vs model,1,dynamics summaries,1,overview blob,1,the confirmed,1
so persist,1,model suggested,1,summaries bias,1,blob if,1,cause if,1
persist baseline,1,suggested then,1,bias toward,1,curated brief,1,if confirmed,1
baseline gate,1,then retrieval,1,toward abstractions,1,brief cuts,1,the decision,1
gate exploration,1,retrieval uses,1,abstractions often,1,cuts that,1,decision you,1
exploration what,1,uses recency,1,often good,1,that by,1,you made,1
that saves,1,status gating,1,good a,1,by even,1,made you,1
time without,1,gating this,1,session summary,1,even minutes,1,probably do,1
dragging baggage,1,directly addresses,1,summary naturally,1,minutes day,1,the three,1
baggage looks,1,addresses over,1,naturally compresses,1,day person,1,three wrong,1
like always,1,over weeks,1,compresses what,1,person it,1,wrong patches,1
on baseline,1,weeks of,1,the goal,1,s material,1,patches the,1
editable architecture,1,of work,1,goal was,1,material over,1,the speculative,1
architecture hexagonal,1,work truth,1,was what,1,months without,1,speculative theory,1
hexagonal inbound,1,changes default,1,what constraints,1,without needing,1,theory you,1
inbound adapters,1,default injection,1,constraints mattered,1,needing blanket,1,you later,1
adapters in,1,injection budget,1,mattered what,1,blanket chat,1,later disproved,1
in x,1,budget keep,1,what decision,1,recall the,1,disproved the,1
x domain,1,it small,1,decision was,1,key product,1,the temporary,1
domain is,1,and high,1,was made,1,product promise,1,temporary hack,1
is pure,1,signal a,1,made what,1,promise devmate,1,hack you,1
pure conventions,1,a common,1,what outcome,1,remembers the,1,used to,1
conventions errors,1,common failure,1,outcome was,1,project not,1,get unstuck,1
errors use,1,mode is,1,was observed,1,not your,1,unstuck so,1
use result,1,is dumping,1,observed this,1,your yesterday,1,slate for,1
result t,1,dumping retrieved,1,this tends,1,yesterday if,1,for attempts,1
no exceptions,1,chunks into,1,to discard,1,me what,1,attempts not,1
exceptions across,1,prompt instead,1,discard the,1,d put,1,not for,1
across boundaries,1,instead always,1,the low,1,put in,1,for truth,1
boundaries decisions,1,always inject,1,level churn,1,in your,1,truth if,1
decisions chose,1,inject only,1,churn failed,1,your typical,1,me how,1
chose postgres,1,the small,1,failed diffs,1,typical re,1,you currently,1
postgres over,1,small authoritative,1,diffs partially,1,brief bullets,1,currently define,1
over dynamo,1,authoritative set,1,partially correct,1,bullets you,1,define session,1
dynamo due,1,set layer,1,correct code,1,you paste,1,end tab,1
to transactional,1,retrieve vectors,1,code transient,1,paste today,1,tab close,1
transactional needs,1,vectors when,1,transient hypotheses,1,today i,1,close vs,1
needs this,1,time or,1,hypotheses that,1,suggest an,1,action and,1
briefing on,1,detects a,1,makes it,1,an exact,1,can detect,1
demand attempt,1,specific missing,1,it less,1,exact project,1,detect confirmed,1
history resume,1,can cite,1,to drag,1,brief template,1,confirmed signals,1
session show,1,cite the,1,drag the,1,template and,1,signals merged,1
show recent,1,source promotion,1,model back,1,fields should,1,pr test,1
recent debugging,1,promotion workflow,1,into yesterday,1,be auto,1,test passing,1
debugging notes,1,workflow nothing,1,s exact,1,auto filled,1,passing user,1
notes only,1,nothing becomes,1,exact failure,1,filled vs,1,user confirmation,1
user wants,1,durable unless,1,mode but,1,vs user,1,confirmation i,1
wants continuity,1,promoted end,1,the failure,1,owned yes,1,a crisp,1
continuity of,1,session propose,1,mode shifts,1,architecture can,1,crisp write,1
of investigation,1,propose candidates,1,shifts summaries,1,can flip,1,read policy,1
investigation auto,1,candidates decision,1,wrong abstraction,1,flip continuity,1,ui flow,1
auto refresh,1,constraint confirmed,1,abstraction the,1,net win,1,makes fresh,1
refresh from,1,fix require,1,the bug,1,win to,1,eyes the,1
repo recompute,1,require user,1,bug is,1,net loss,1,default while,1
recompute key,1,items keep,1,in x,1,loss because,1,still delivering,1
key facts,1,the rest,1,x if,1,it controls,1,delivering real,1
facts from,1,rest as,1,the summary,1,controls selection,1,continuity it,1
from code,1,as ephemeral,1,summary is,1,selection pressure,1,s wasted,1
config deps,1,this preserves,1,is mistaken,1,pressure what,1,wasted energy,1
deps services,1,preserves fresh,1,mistaken that,1,what information,1,energy and,1
services build,1,eyes by,1,different rut,1,information is,1,it compounds,1
commands so,1,default while,1,rut fewer,1,be reintroduced,1,compounds how,1
so memory,1,while eliminating,1,fewer details,1,reintroduced how,1,how big,1
memory stays,1,eliminating re,1,but potentially,1,how confidently,1,big is,1
stays current,1,briefing modes,1,potentially a,1,confidently and,1,it realistically,1
current and,1,modes make,1,strong incorrect,1,what framing,1,realistically if,1
and doesn,1,eyes explicit,1,incorrect narrative,1,framing why,1,you lose,1
on chat,1,explicit not,1,narrative vector,1,why architecture,1,lose minutes,1
chat recollection,1,not accidental,1,recall biases,1,rut outcome,1,minutes per,1
recollection why,1,accidental fresh,1,biases toward,1,outcome summaries,1,session sessions,1
this scales,1,ignore evidence,1,toward salient,1,summaries bias,1,sessions week,1
scales over,1,store use,1,salient episodes,1,intent usually,1,week min,1
months baseline,1,code authoritative,1,episodes can,1,usually anti,1,min week,1
memory amortizes,1,constraints continuity,1,be bad,1,rut but,1,week over,1
amortizes once,1,continuity use,1,bad a,1,can canonize,1,weeks minutes,1
once written,1,memory limited,1,store over,1,canonize mistakes,1,hours per,1
written confirmed,1,limited cited,1,over everything,1,mistakes what,1,per person,1
confirmed it,1,evidence forensics,1,everything is,1,preserve the,1,person for,1
it saves,1,forensics pull,1,is effectively,1,the why,1,a person,1
time every,1,pull evidence,1,effectively an,1,why rationale,1,person team,1
every day,1,evidence aggressively,1,an episode,1,rationale constraints,1,team hours,1
day attempt,1,and label,1,episode replay,1,constraints decisions,1,hours more,1
history decays,1,label it,1,replay machine,1,decisions current,1,a month,1
decays last,1,historical this,1,machine it,1,current goal,1,month of,1
last week,1,this turns,1,s good,1,goal the,1,of one,1
week s,1,turns the,1,good at,1,the problem,1,one engineer,1
flailing shouldn,1,rut concern,1,at pulling,1,problem rather,1,engineer s,1
t keep,1,concern into,1,pulling specific,1,the noisy,1,and that,1
keep influencing,1,into a,1,specific snippets,1,noisy path,1,s just,1
influencing today,1,a user,1,snippets prior,1,path how,1,just the,1
today unless,1,user controlled,1,attempts error,1,ruts often,1,the setup,1
requested governance,1,controlled dial,1,error messages,1,often reduces,1,setup cost,1
governance is,1,dial direct,1,messages the,1,reduces rut,1,cost it,1
is feasible,1,direct answer,1,most semantically,1,it omits,1,it also,1
feasible teams,1,answer to,1,similar discussions,1,omits the,1,also increases,1
teams can,1,to your,1,discussions which,1,the step,1,increases errors,1
can review,1,your insight,1,which may,1,step dead,1,because people,1
review curate,1,insight if,1,may include,1,ends that,1,people omit,1
curate a,1,as summary,1,include wrong,1,that cause,1,omit one,1
small memory,1,summary only,1,wrong assumptions,1,cause anchoring,1,one crucial,1
notebook they,1,only continuity,1,assumptions if,1,anchoring but,1,crucial constraint,1
t realistically,1,likely good,1,t control,1,a different,1,constraint in,1
realistically review,1,good less,1,control it,1,mode a,1,brief the,1
review everything,1,less rut,1,it it,1,a bad,1,key move,1
everything the,1,rut but,1,can re,1,bad summary,1,move replace,1
ai stored,1,must manage,1,re introduce,1,become an,1,replace re,1
stored a,1,manage summary,1,introduce the,1,an official,1,briefing with,1
simple product,1,summary correctness,1,same framing,1,official narrative,1,brief that,1
product promise,1,drift if,1,framing that,1,and steer,1,is small,1
promise that,1,as vector,1,that caused,1,steer future,1,and trusted,1
that resolves,1,first continuity,1,caused the,1,work incorrectly,1,trusted you,1
resolves the,1,likely bad,1,rut outdated,1,incorrectly especially,1,need broad,1
the concern,1,bad more,1,outdated details,1,s auto,1,broad memory,1
concern devmate,1,more rut,1,details after,1,auto written,1,minute tax,1
devmate will,1,rut unless,1,refactors misleading,1,written and,1,tax you,1
will never,1,add strong,1,misleading close,1,and never,1,stable briefing,1
never make,1,strong gating,1,close matches,1,never reviewed,1,briefing artifact,1
make you,1,gating decay,1,matches that,1,reviewed net,1,artifact that,1
re explain,1,decay scoping,1,that feel,1,be good,1,that loads,1
explain who,1,and ui,1,feel relevant,1,good if,1,loads every,1
who you,1,ui transparency,1,but aren,1,are user,1,correct default,1
you are,1,transparency if,1,aren t,1,user reviewed,1,default persistent,1
are and,1,implement structured,1,t so,1,reviewed traceable,1,persistent brief,1
how your,1,truth vectors,1,so vectors,1,traceable and,1,brief high,1
your system,1,evidence continuity,1,vectors don,1,current working,1,low bias,1
system works,1,is predictably,1,t inherently,1,working brief,1,bias architecture,1
works it,1,predictably net,1,inherently cause,1,brief not,1,architecture decisions,1
automatically carry,1,positive and,1,cause ruts,1,not infallible,1,in mini,1
carry your,1,is controllable,1,ruts but,1,infallible truth,1,mini form,1
your unfinished,1,controllable so,1,but unscoped,1,recall biases,1,form hard,1
unfinished attempts,1,yes architecture,1,unscoped retrieval,1,biases toward,1,compliance slos,1
attempts into,1,changes whether,1,retrieval does,1,toward whatever,1,slos platform,1
new day,1,helps or,1,does because,1,whatever is,1,platform code,1
day unless,1,or hurts,1,it makes,1,most retrievable,1,conventions logging,1
ask if,1,hurts because,1,makes yesterday,1,retrievable high,1,rules domain,1
want share,1,because architecture,1,noise feel,1,governed what,1,domain glossary,1
share what,1,how you,1,like evidence,1,preserve everything,1,glossary terms,1
the typical,1,you encode,1,evidence the,1,everything failed,1,terms key,1
typical minute,1,encode forgetting,1,key design,1,hypotheses half,1,key entities,1
brief contains,1,forgetting validity,1,design insight,1,half baked,1,entities current,1
contains stack,1,and authority,1,insight the,1,baked code,1,current project,1
stack architecture,1,authority yes,1,question isn,1,code frustration,1,project objectives,1
constraints team,1,doing but,1,t summary,1,frustration incorrect,1,objectives milestones,1
team conventions,1,only under,1,vector it,1,incorrect assumptions,1,milestones optional,1
conventions and,1,under an,1,gets default,1,assumptions how,1,scoped known,1
and i,1,an architecture,1,default authority,1,ruts if,1,known truths,1
propose a,1,architecture that,1,authority continuity,1,is similarity,1,truths from,1
a minimal,1,makes what,1,signal decisions,1,similarity based,1,from debugging,1
memory template,1,what persists,1,outcomes time,1,based it,1,debugging only,1
template that,1,persists and,1,superseded last,1,will often,1,when confirmed,1
that captures,1,what steers,1,validated inspectable,1,often surface,1,confirmed this,1
captures of,1,steers explicit,1,answer continuity,1,surface the,1,the stuff,1
of it,1,and controllable,1,is harmful,1,the last,1,stuff you,1
a page,1,controllable if,1,harmful when,1,time we,1,keep retyping,1
page yes,1,as raw,1,attempts treated,1,we were,1,retyping today,1
yes implementation,1,transcript vector,1,as guidance,1,were stuck,1,today what,1
implementation can,1,driven recall,1,guidance stale,1,stuck on,1,load to,1
can flip,1,ll likely,1,stale but,1,on something,1,eyes raw,1
flip continuity,1,likely validate,1,but unmarked,1,something like,1,raw prior,1
continuity from,1,validate the,1,unmarked opaque,1,like this,1,prior chat,1
from net,1,the engineers,1,retrieval that,1,this which,1,chat speculative,1
positive to,1,engineers fear,1,that silently,1,is exactly,1,speculative hypotheses,1
to net,1,fear if,1,silently steers,1,exactly how,1,failed patch,1
net negative,1,ship it,1,steers generation,1,re enter,1,attempts anything,1
negative because,1,curated inspectable,1,generation a,1,enter a,1,anything unconfirmed,1
it changes,1,inspectable project,1,practical hybrid,1,rut it,1,unconfirmed so,1
changes what,1,aware evidence,1,hybrid that,1,it also,1,you save,1
gets carried,1,retrieval you,1,that directly,1,risk content,1,save the,1
carried forward,1,get compounding,1,directly addresses,1,that was,1,the minutes,1
forward how,1,compounding productivity,1,rut concern,1,was true,1,minutes without,1
how confidently,1,productivity gains,1,concern instead,1,true for,1,without dragging,1
confidently and,1,gains with,1,of choosing,1,for an,1,dragging yesterday,1
how often,1,with manageable,1,choosing one,1,older code,1,mess into,1
often it,1,manageable rut,1,one store,1,code state,1,into today,1
s injected,1,risk where,1,store choose,1,state can,1,s reasoning,1
injected into,1,where you,1,choose layers,1,be semantically,1,reasoning practical,1
into today,1,you stand,1,layers rules,1,semantically similar,1,practical workflow,1
s reasoning,1,stand decision,1,rules decision,1,and get,1,workflow that,1
reasoning why,1,decision statement,1,decision intent,1,get pulled,1,that removes,1
why architecture,1,statement is,1,intent layer,1,pulled in,1,removes friction,1
architecture changes,1,is continuity,1,layer summary,1,in net,1,friction without,1
continuity helps,1,continuity worth,1,summary like,1,continuity can,1,without anchoring,1
helps or,1,doing yes,1,like curated,1,become bad,1,on session,1
or hurts,1,the cumulative,1,curated always,1,bad if,1,start devmate,1
hurts continuity,1,cumulative cost,1,eligible adrs,1,if vector,1,brief small,1
system mostly,1,cost of,1,adrs conventions,1,is automatic,1,small token,1
mostly recalls,1,of re,1,conventions we,1,automatic opaque,1,token budget,1
recalls stable,1,and re,1,we chose,1,and not,1,budget high,1
stable high,1,deriving project,1,chose x,1,not time,1,authority if,1
signal constraints,1,project context,1,x because,1,aware the,1,yesterday devmate,1
constraints it,1,context over,1,y constraints,1,the real,1,can retrieve,1
s bad,1,months is,1,constraints definitions,1,real determinant,1,retrieve details,1
bad when,1,is large,1,definitions low,1,determinant isn,1,details from,1
it frequently,1,large and,1,low rut,1,t summary,1,from an,1
frequently recalls,1,because stable,1,risk high,1,vectors it,1,archive but,1
recalls volatile,1,stable project,1,high re,1,s default,1,demand and,1
volatile low,1,project truths,1,briefing savings,1,default injection,1,and with,1
low signal,1,truths decisions,1,savings outcome,1,injection policy,1,with timestamps,1
signal exploration,1,conventions genuinely,1,runbook layer,1,policy two,1,timestamps provenance,1
exploration and,1,genuinely improve,1,layer semi,1,two systems,1,provenance provide,1
and presents,1,improve correctness,1,semi summary,1,systems can,1,eyes brief,1
presents it,1,speed does,1,summary evidence,1,can both,1,vs deep,1
guidance different,1,the answer,1,evidence linked,1,both use,1,recall include,1
different memory,1,answer depend,1,linked eligible,1,vectors one,1,include evidence,1
memory architectures,1,on architecture,1,eligible with,1,one creates,1,retrieval why,1
architectures have,1,architecture also,1,with high,1,creates ruts,1,this resolves,1
have different,1,also yes,1,high weight,1,ruts and,1,the argument,1
default failure,1,positive when,1,weight root,1,and one,1,argument engineers,1
modes summary,1,when durable,1,cause race,1,one doesn,1,engineers get,1
usually helpful,1,curated and,1,race in,1,t rut,1,get their,1
helpful but,1,typed decisions,1,in cache,1,prone always,1,their clean,1
but can,1,conventions memory,1,cache invalidation,1,always retrieve,1,from exploratory,1
can become,1,memory has,1,invalidation with,1,k similar,1,exploratory noise,1
become wrong,1,has validity,1,with link,1,chats and,1,noise no,1
sticky what,1,validity over,1,to pr,1,and prepend,1,anchoring users,1
well captures,1,time supersede,1,issue logs,1,prepend them,1,users stop,1
captures why,1,supersede confirm,1,logs prevents,1,them rut,1,stop paying,1
and intent,1,confirm decay,1,prevents repeating,1,rut resistant,1,paying the,1
intent decisions,1,decay raw,1,repeating investigations,1,resistant default,1,tax continuity,1
conventions naturally,1,history is,1,investigations without,1,memory retrieve,1,matters the,1
naturally filters,1,is optional,1,without replaying,1,needed downrank,1,system stays,1
filters noise,1,default guidance,1,attempts episodic,1,downrank stale,1,stays debuggable,1
noise yesterday,1,guidance users,1,episodic attempt,1,stale failed,1,debuggable and,1
code often,1,can see,1,attempt layer,1,failed items,1,governable because,1
often doesn,1,see override,1,layer vectorized,1,items and,1,brief is,1
t survive,1,override what,1,vectorized transcripts,1,and show,1,and editable,1
survive compression,1,s being,1,transcripts diffs,1,citations so,1,editable not,1
compression easy,1,used trust,1,diffs back,1,so architecture,1,opaque latent,1
easy to,1,trust continuity,1,forth not,1,architecture matters,1,latent memory,1
to present,1,negative when,1,used by,1,matters because,1,a sharp,1
present edit,1,system persistently,1,default only,1,it constrains,1,sharp product,1
edit govern,1,persistently re,1,only pulled,1,constrains or,1,product spec,1
govern users,1,re injects,1,pulled when,1,or enables,1,spec target,1
can create,1,injects attempt,1,when user,1,enables those,1,target aim,1
ruts summaries,1,stale transcripts,1,asks search,1,those policies,1,aim for,1
can canonize,1,transcripts retrieval,1,search my,1,policies summaries,1,brief to,1
canonize a,1,is opaque,1,my prior,1,summaries naturally,1,be readable,1
a mistaken,1,not time,1,or when,1,naturally push,1,readable in,1
mistaken conclusion,1,scoped gated,1,is stuck,1,push you,1,in under,1
conclusion a,1,gated users,1,stuck and,1,you toward,1,under seconds,1
a dead,1,t easily,1,and requests,1,toward curation,1,seconds and,1
end becomes,1,easily correct,1,requests permission,1,curation vectors,1,sufficient to,1
becomes we,1,correct or,1,permission apply,1,vectors tempt,1,answer what,1
x doesn,1,or disable,1,and strong,1,tempt teams,1,what are,1
work a,1,the recommended,1,strong downranking,1,teams toward,1,are we,1
bad summary,1,recommended architecture,1,downranking unless,1,toward automatic,1,we building,1
summary is,1,architecture choice,1,unless corroborated,1,automatic recall,1,building what,1
high leverage,1,choice tie,1,corroborated by,1,recall unless,1,what constraints,1
leverage it,1,tie breaker,1,by repo,1,you deliberately,1,constraints matter,1
it gets,1,breaker adopt,1,state this,1,deliberately add,1,matter how,1
gets loaded,1,adopt a,1,about what,1,add governance,1,how do,1
loaded every,1,a hybrid,1,team knows,1,governance a,1,do things,1
session and,1,authority authoritative,1,knows not,1,practical synthesis,1,things here,1
and biases,1,records source,1,not what,1,synthesis spine,1,here without,1
biases everything,1,truth user,1,team struggled,1,evidence and,1,without any,1
everything net,1,store evidence,1,struggled through,1,spine decides,1,any re,1
effect often,1,layer supporting,1,through make,1,decides what,1,briefing yes,1
often improves,1,supporting detail,1,make vectors,1,loads to,1,yes the,1
improves continuity,1,detail decays,1,vectors safe,1,continuity predictably,1,architecture can,1
continuity because,1,decays cited,1,safe by,1,predictably good,1,can flip,1
s selective,1,cited retrieved,1,by changing,1,good curated,1,flip continuity,1
selective but,1,retrieved sparingly,1,changing what,1,spine default,1,continuity from,1
but when,1,sparingly with,1,you embed,1,small editable,1,from good,1
s wrong,1,gating easily,1,embed and,1,glossary vector,1,good to,1
wrong it,1,easily disabled,1,retrieve if,1,evidence optional,1,to bad,1
a persistent,1,disabled via,1,do use,1,optional large,1,bad because,1
persistent high,1,via fresh,1,use a,1,large chats,1,it implicitly,1
authority bias,1,this resolves,1,store the,1,debug logs,1,implicitly answers,1
bias unless,1,resolves both,1,rut outcome,1,logs pr,1,answers two,1
add correction,1,both debates,1,outcome depends,1,incidents but,1,two questions,1
correction workflows,1,debates simultaneously,1,retrieval policy,1,but with,1,questions every,1
workflows and,1,simultaneously you,1,policy embed,1,commit file,1,model responds,1
and provenance,1,get continuity,1,embed artifacts,1,environment status,1,responds what,1
provenance vector,1,without rut,1,not chats,1,status tentative,1,gets written,1
continuity can,1,rut by,1,chats prs,1,tentative confirmed,1,written as,1
be powerful,1,default what,1,prs adrs,1,confirmed failed,1,memory selection,1
powerful but,1,to greenlight,1,adrs issues,1,retrieval rules,1,selection compression,1
to reintroduce,1,greenlight as,1,than every,1,rules that,1,compression what,1
reintroduce the,1,continuum v1,1,every conversational,1,that directly,1,gets read,1
the mess,1,v1 a,1,conversational turn,1,directly target,1,read back,1
mess what,1,constraint log,1,turn require,1,target rut,1,back into,1
well preserves,1,that loads,1,provenance every,1,risk don,1,prompt by,1
preserves detail,1,loads every,1,every retrieved,1,auto retrieve,1,default retrieval,1
detail and,1,session promote,1,retrieved chunk,1,retrieve failed,1,retrieval ranking,1
retrieve exact,1,memory suggestions,1,chunk must,1,attempt items,1,ranking injection,1
exact prior,1,suggestions approval,1,must carry,1,items unless,1,injection the,1
context errors,1,impact fresh,1,repo ref,1,user requests,1,rut problem,1
errors snippets,1,toggle uses,1,ref branch,1,requests what,1,problem is,1
snippets discussions,1,prompt hard,1,branch file,1,try already,1,mostly a,1
discussions great,1,only evidence,1,hash when,1,already strong,1,a read,1
for what,1,retrieval behind,1,applicable recency,1,scoring match,1,path defaulting,1
try and,1,behind an,1,recency validity,1,match current,1,defaulting problem,1
and debugging,1,an explain,1,checks downrank,1,commit decay,1,problem amplified,1
forensics how,1,explain recall,1,downrank if,1,decay old,1,amplified by,1
it creates,1,recall prior,1,if files,1,items present,1,by bad,1
creates ruts,1,attempts affordance,1,files moved,1,present volatile,1,bad write,1
ruts retrieval,1,affordance or,1,moved deleted,1,history as,1,path hygiene,1
retrieval can,1,or strict,1,deleted apis,1,collapsible prior,1,hygiene summaries,1
surface the,1,citations that,1,apis changed,1,attempts may,1,vectors change,1
most semantically,1,a coherent,1,changed or,1,outdated section,1,just cost,1
similar past,1,coherent stance,1,or decision,1,section not,1,cost a,1
past attempt,1,stance do,1,is marked,1,plan require,1,continuity tends,1
attempt which,1,but architect,1,marked superseded,1,provenance in,1,tends to,1
is often,1,architect it,1,superseded two,1,answers based,1,be good,1
often a,1,it mostly,1,two stage,1,on adr,1,good until,1
a near,1,mostly remembers,1,stage retrieval,1,updated oct,1,confidently compresses,1
near duplicate,1,remembers the,1,retrieval broad,1,oct vs,1,compresses wrong,1
duplicate of,1,project not,1,broad retrieve,1,vs from,1,wrong why,1
of yesterday,1,mess it,1,retrieve rerank,1,chat on,1,helps summaries,1
buggy path,1,s serious,1,rerank with,1,on aug,1,summaries bias,1
path opaque,1,serious in,1,metadata decision,1,aug so,1,bias toward,1
opaque relevance,1,in two,1,decision status,1,so does,1,toward intent,1
relevance users,1,two ways,1,status current,1,does architecture,1,rationale constraints,1
users may,1,ways it,1,current task,1,architecture change,1,and naturally,1
may not,1,will happen,1,task intent,1,change whether,1,naturally discard,1
not realize,1,happen routinely,1,intent cite,1,is good,1,discard noisy,1
realize old,1,routinely in,1,and preview,1,good or,1,noisy attempts,1
context drove,1,in active,1,preview show,1,or bad,1,attempts that,1
drove the,1,active repos,1,show using,1,bad yes,1,that reduces,1
suggestion outdated,1,repos dependencies,1,using adr,1,yes summary,1,reduces anchoring,1
context can,1,dependencies apis,1,may so,1,summary only,1,on yesterday,1
can outrank,1,apis patterns,1,can spot,1,mostly good,1,flailing how,1
outrank current,1,patterns evolve,1,spot stale,1,good low,1,can hurt,1
current reality,1,evolve and,1,stale pulls,1,low rut,1,hurt if,1
reality unless,1,can erode,1,pulls immediately,1,risk but,1,summary is,1
heavily filtered,1,trust quickly,1,immediately temporal,1,but risks,1,is wrong,1
filtered net,1,quickly because,1,temporal reality,1,risks wrong,1,wrong it,1
effect can,1,can sound,1,reality memory,1,wrong canon,1,a high,1
can harm,1,sound confident,1,must decay,1,canon vector,1,authority lie,1
harm continuity,1,confident while,1,decay or,1,vector only,1,lie because,1
continuity if,1,while being,1,be revalidated,1,mostly bad,1,s compact,1
you let,1,being subtly,1,revalidated the,1,bad high,1,compact it,1
let it,1,subtly outdated,1,risk rises,1,add explicit,1,be injected,1
it feed,1,outdated the,1,because projects,1,explicit governance,1,often and,1
feed the,1,right conclusion,1,projects drift,1,governance and,1,and steer,1
default prompt,1,conclusion isn,1,drift any,1,status controls,1,steer everything,1
coding tasks,1,t avoid,1,any persistent,1,controls hybrid,1,everything so,1
tasks it,1,but engineer,1,memory needs,1,hybrid with,1,so summaries,1
s best,1,engineer for,1,needs either,1,with governed,1,summaries produce,1
evidence on,1,staleness as,1,either expiration,1,governed defaults,1,produce low,1
demand not,1,class constraint,1,expiration ttl,1,defaults is,1,low frequency,1
as always,1,constraint why,1,ttl for,1,the path,1,frequency high,1
your intuition,1,is inherent,1,for unstable,1,path where,1,high impact,1
intuition is,1,inherent not,1,categories attempts,1,where continuity,1,impact errors,1
right summaries,1,not specific,1,attempts hypotheses,1,is robust,1,errors design,1
summaries bias,1,specific to,1,revalidation for,1,robust stable,1,implication summaries,1
toward intent,1,summaries or,1,for stable,1,context always,1,visible editable,1
intent continuity,1,or vectors,1,stable categories,1,on messy,1,editable b,1
continuity vectors,1,vectors vectors,1,categories still,1,history available,1,b provenance,1
vectors bias,1,vectors go,1,true as,1,available but,1,c treated,1
continuity rut,1,because retrieval,1,as of,1,steering if,1,as proposed,1
rut is,1,is similarity,1,of last,1,concrete default,1,proposed until,1
is mostly,1,similarity based,1,last sprint,1,memory load,1,confirmed b,1
mostly a,1,based looks,1,sprint without,1,load spec,1,b vector,1
a path,1,looks relevant,1,without this,1,spec what,1,store continuity,1
continuity problem,1,relevant doesn,1,this even,1,loads at,1,be amazing,1
problem the,1,mean still,1,even perfect,1,start what,1,amazing or,1
the crucial,1,true summaries,1,recall becomes,1,only on,1,or a,1
crucial point,1,summaries go,1,becomes perfectly,1,demand and,1,rut engine,1
point rut,1,they encode,1,perfectly wrong,1,what decays,1,engine depending,1
rut isn,1,encode beliefs,1,wrong bottom,1,decays for,1,depending on,1
t caused,1,beliefs that,1,line summaries,1,for three,1,policy why,1
by storing,1,that may,1,summaries tend,1,three modes,1,helps it,1
storing bugs,1,may be,1,continuity safer,1,modes feature,1,can pull,1
bugs it,1,superseded and,1,safer less,1,feature dev,1,pull back,1
s caused,1,omit conditions,1,less rut,1,dev refactor,1,exact stack,1
by auto,1,conditions time,1,rut via,1,refactor and,1,trace code,1
auto retrieving,1,time bounds,1,via forgetting,1,and debugging,1,code snippet,1
retrieving them,1,bounds even,1,forgetting details,1,debugging yes,1,or earlier,1
guidance a,1,even human,1,can lock,1,yes continuity,1,earlier conclusion,1
a vector,1,human teammates,1,wrong story,1,doing but,1,conclusion when,1
store doesn,1,teammates suffer,1,story vectors,1,as governed,1,need it,1
make continuity,1,suffer this,1,vectors tend,1,blanket cross,1,it why,1
continuity bad,1,this the,1,continuity riskier,1,session recall,1,hurts it,1
bad uncontrolled,1,difference is,1,riskier unless,1,where we,1,can also,1
uncontrolled retrieval,1,can reintroduce,1,you strongly,1,we stand,1,also retrieve,1
retrieval does,1,reintroduce stale,1,strongly constrain,1,stand decision,1,retrieve yesterday,1
does if,1,stale context,1,constrain retrieval,1,decision is,1,wrong hypothesis,1
if vectors,1,at scale,1,and separate,1,is continuity,1,hypothesis or,1
are only,1,scale unless,1,separate evidence,1,continuity worth,1,or broken,1
only consulted,1,you gate,1,evidence from,1,doing recommendation,1,broken patch,1
consulted when,1,an edge,1,from attempts,1,recommendation yes,1,patch discussion,1
to resume,1,edge case,1,attempts the,1,yes because,1,discussion because,1
the intent,1,case it,1,architecture absolutely,1,real forgetting,1,s semantically,1
debugging postmortem,1,default trajectory,1,absolutely changes,1,forgetting stable,1,similar that,1
postmortem or,1,trajectory over,1,changes whether,1,stable constraints,1,creates high,1
model needs,1,time how,1,good or,1,decisions repeatedly,1,high frequency,1
needs evidence,1,how serious,1,or bad,1,repeatedly is,1,frequency medium,1
this then,1,serious depends,1,bad because,1,is pure,1,medium impact,1
the upside,1,on what,1,it determines,1,pure waste,1,impact anchoring,1
upside no,1,what type,1,whether the,1,reduces quality,1,anchoring constant,1
briefing strong,1,type of,1,ai remembers,1,quality the,1,constant nudges,1
strong recall,1,you persist,1,remembers decisions,1,assistant will,1,nudges back,1
the rut,1,persist highest,1,and verified,1,will keep,1,back toward,1
rut what,1,highest risk,1,verified facts,1,keep proposing,1,toward prior,1
continuity reliably,1,risk should,1,facts or,1,proposing things,1,prior failure,1
reliably good,1,should decay,1,s cognitive,1,project can,1,failure so,1
good a,1,decay be,1,cognitive grooves,1,t accept,1,so vectors,1
a layered,1,gated hard,1,grooves if,1,accept condition,1,vectors produce,1
layered design,1,hard prior,1,can translate,1,continuity must,1,produce frequent,1
design where,1,attempts debugging,1,translate this,1,selective inspectable,1,frequent subtle,1
each layer,1,debugging transcripts,1,concrete spec,1,and revocable,1,subtle bias,1
layer has,1,transcripts code,1,spec memory,1,revocable so,1,bias unless,1
has a,1,snippets copied,1,object types,1,t trap,1,unless controlled,1
a clear,1,copied from,1,types required,1,trap users,1,controlled design,1
clear job,1,from old,1,required metadata,1,users in,1,implication vector,1
job and,1,old states,1,metadata fields,1,s thinking,1,memory must,1
and authority,1,states how,1,fields default,1,thinking does,1,a filtered,1
authority layer,1,x in,1,retrieval allowlist,1,answer depend,1,by time,1
authoritative curated,1,in our,1,allowlist denylist,1,on architecture,1,time branch,1
memory summary,1,our codebase,1,denylist ttls,1,architecture also,1,branch provenance,1
structured adr,1,codebase when,1,ttls per,1,also yes,1,provenance b,1
like decisions,1,it references,1,per type,1,architecture largely,1,b ranked,1
conventions invariants,1,references internal,1,type and,1,largely determines,1,ranked by,1
invariants system,1,internal apis,1,exact fresh,1,becomes helpful,1,c rarely,1
map constraints,1,apis moderate,1,continuum rules,1,helpful safe,1,rarely injected,1
constraints user,1,moderate risk,1,rules that,1,safe if,1,injected always,1
confirmed writes,1,risk needs,1,keep vectors,1,mostly curated,1,changes whether,1
writes editable,1,needs supersession,1,vectors from,1,durable truth,1,sets default,1
editable timestamped,1,workflow conventions,1,from replaying,1,truth harmful,1,context gravity,1
timestamped can,1,conventions we,1,replaying bugs,1,harmful rut,1,gravity the,1
be superseded,1,use library,1,bugs yes,1,prone if,1,rut emerges,1
superseded loaded,1,the library,1,yes continuity,1,is raw,1,emerges when,1
default reduces,1,library migrates,1,doing but,1,raw high,1,when old,1
brief layer,1,migrates architectural,1,under an,1,noise history,1,old material,1
b non,1,architectural guidance,1,an architecture,1,history injected,1,material is,1
authoritative evidence,1,guidance that,1,architecture that,1,default concretely,1,retrieve and,1
store vectors,1,that changes,1,about stable,1,concretely summary,1,injected and,1
vectors over,1,changes via,1,stable project,1,summary structured,1,instruction rather,1
history stack,1,via refactors,1,truth decisions,1,structured spine,1,than evidence,1
diffs links,1,refactors lower,1,outcomes rather,1,first architectures,1,evidence vector,1
links investigation,1,lower risk,1,than about,1,positive because,1,vector stores,1
investigation notes,1,risk still,1,about rehydrating,1,they naturally,1,stores make,1
notes not,1,still needs,1,rehydrating prior,1,naturally bias,1,make easy,1
default retrieved,1,needs governance,1,prior conversational,1,intent constraints,1,retrieve true,1
with gating,1,governance but,1,conversational mess,1,decisions vector,1,default summary,1
gating always,1,but changes,1,mess and,1,retrieval architectures,1,summary layers,1
shown with,1,changes less,1,and yes,1,negative unless,1,layers make,1
citations time,1,less compliance,1,answer materially,1,add strong,1,make automatically,1
time branch,1,compliance constraints,1,materially depends,1,strong governance,1,injected true,1
commit this,1,security policies,1,architecture some,1,governance time,1,default either,1
this architecture,1,policies high,1,some designs,1,status metadata,1,either can,1
continuity good,1,high level,1,designs make,1,decay provenance,1,cause ruts,1
good because,1,level invariants,1,continuity net,1,and opt,1,ruts just,1
it preserves,1,invariants though,1,positive others,1,in retrieval,1,just in,1
preserves stable,1,though even,1,others reliably,1,retrieval the,1,in different,1
stable alignment,1,even these,1,reliably create,1,the integrated,1,different ways,1
alignment without,1,these can,1,create ruts,1,integrated position,1,ways unless,1
dragging exploration,1,can change,1,ruts staleness,1,position build,1,add control,1
exploration inertia,1,the mitigations,1,risk where,1,continuum v1,1,control planes,1
inertia into,1,mitigations that,1,where you,1,v1 as,1,planes a,1
every new,1,that make,1,should land,1,spine project,1,useful mental,1
session if,1,continuity safe,1,land clear,1,glossary that,1,mental model,1
you pick,1,safe practical,1,clear stance,1,that auto,1,model is,1
pick only,1,practical controls,1,stance continuity,1,auto loads,1,project handbook,1
only one,1,controls bind,1,you persist,1,loads every,1,handbook great,1
one which,1,bind memory,1,persist small,1,session add,1,great if,1
ruts vector,1,to time,1,visible memory,1,retrieval only,1,if correct,1
ruts by,1,and code,1,runbook debug,1,a secondary,1,correct dangerous,1
to rehydrate,1,code state,1,debug outcomes,1,secondary layer,1,dangerous if,1
rehydrate prior,1,state every,1,outcomes you,1,and mostly,1,if wrong,1
you invest,1,item summary,1,you treat,1,mostly on,1,wrong vectors,1
invest in,1,record or,1,stamped statused,1,demand with,1,like an,1
in strong,1,or retrieved,1,statused artifacts,1,explicit labeling,1,archive search,1
strong routing,1,chunk should,1,artifacts accepted,1,labeling tentative,1,search great,1
routing filtering,1,should carry,1,superseded needs,1,and recency,1,great when,1
filtering summary,1,carry created_at,1,review with,1,gating provide,1,you ask,1
less likely,1,last_confirmed_at scope,1,revalidation you,1,spine no,1,a specific,1
ruts from,1,module ideally,1,you provide,1,so teams,1,specific question,1
messy details,1,ideally commit_range,1,provide mode,1,teams can,1,question distracting,1
details but,1,commit_range or,1,mode control,1,can intentionally,1,distracting if,1
single wrong,1,least repo_version,1,control fresh,1,intentionally reset,1,s always,1
wrong narrative,1,repo_version release,1,continuum with,1,reset when,1,always shouting,1
narrative if,1,release train,1,clear ui,1,when they,1,shouting related,1
summaries reviewable,1,train status,1,ui indication,1,re stuck,1,related things,1
reviewable scoped,1,deprecated then,1,indication and,1,stuck if,1,things that,1
and reversible,1,then enforce,1,and easy,1,you choose,1,a metaphor,1
reversible design,1,enforce don,1,easy overrides,1,choose an,1,metaphor for,1
design requirements,1,treat unbounded,1,overrides continuity,1,an architecture,1,for intuition,1
requirements that,1,unbounded old,1,you default,1,support provenance,1,intuition only,1
that decide,1,authoritative prefer,1,default to,1,provenance decay,1,the actual,1
decide the,1,prefer code,1,to vectorizing,1,decay retirement,1,actual control,1
the outcome,1,grounded truth,1,vectorizing and,1,retirement and,1,control is,1
outcome more,1,over memory,1,retrieving whole,1,and selective,1,is in,1
than summary,1,memory truth,1,sessions or,1,selective loading,1,in policies,1
vector regardless,1,truth before,1,or whole,1,loading then,1,policies below,1
regardless of,1,before using,1,logs into,1,then the,1,below the,1
of storage,1,using retrieved,1,generation without,1,the engineers,1,the decisive,1
storage continuity,1,retrieved memory,1,strong controls,1,engineers are,1,decisive factor,1
becomes net,1,to suggest,1,opaque users,1,are right,1,factor separate,1
net good,1,suggest code,1,see repair,1,right to,1,separate durable,1
implement typed,1,code check,1,repair what,1,to worry,1,exhaust if,1
memory authority,1,check current,1,assistant believes,1,worry in,1,your system,1
authority levels,1,signals imports,1,believes you,1,that case,1,system doesn,1
levels decision,1,imports package,1,t meet,1,case continuity,1,t separate,1
convention fact,1,package versions,1,meet enterprise,1,a liability,1,separate these,1
fact working,1,versions existing,1,enterprise requirements,1,liability staleness,1,these continuity,1
working note,1,existing patterns,1,requirements retention,1,very serious,1,continuity will,1
note raw,1,patterns in,1,control auditability,1,serious not,1,will eventually,1
evidence write,1,touched module,1,auditability secret,1,not because,1,eventually go,1
write controls,1,module if,1,secret handling,1,happens rarely,1,go bad,1
controls don,1,memory contradicts,1,handling so,1,rarely but,1,bad no,1
t auto,1,contradicts code,1,so do,1,but because,1,matter the,1
auto promote,1,code e,1,but do,1,because when,1,the storage,1
promote we,1,g references,1,typed governed,1,happens it,1,storage technology,1
x into,1,references removed,1,governed project,1,fails in,1,technology durable,1
memory read,1,removed class,1,not persistent,1,worst way,1,truth should,1
read controls,1,class downgrade,1,persistent chat,1,way plausible,1,persist should,1
controls default,1,downgrade it,1,chat why,1,confident wrong,1,should load,1
default reads,1,it and,1,why the,1,wrong suggestions,1,causes and,1
reads curated,1,and either,1,answer summary,1,suggestions that,1,and confirmed,1
only evidence,1,either ask,1,summary only,1,that waste,1,confirmed fixes,1
evidence reads,1,a clarifying,1,curated tends,1,waste time,1,fixes stable,1
reads intent,1,clarifying question,1,reduce rut,1,time or,1,stable patterns,1
gated filtered,1,question or,1,risk forgets,1,or introduce,1,patterns observed,1
filtered recency,1,or propose,1,forgets noisy,1,regressions in,1,in merged,1
recency branch,1,propose an,1,noisy attempts,1,enterprise codebases,1,docs exploration,1
commit status,1,an updated,1,attempts but,1,codebases with,1,exhaust can,1
status provenance,1,approach consistent,1,canonize wrong,1,with steady,1,stored should,1
provenance show,1,consistent with,1,wrong conclusions,1,steady refactoring,1,not load,1
show where,1,code this,1,conclusions if,1,refactoring last,1,default wrong,1
this came,1,core safety,1,not reviewable,1,last month,1,wrong attempts,1
came from,1,safety valve,1,reviewable editable,1,month can,1,attempts dead,1
from and,1,valve the,1,editable vector,1,can easily,1,ends maybe,1
and last,1,codebase is,1,vector everything,1,easily mean,1,maybe it,1
updated staleness,1,truth recency,1,everything tends,1,mean renamed,1,s x,1
checks if,1,decay confirmation,1,to increase,1,renamed apis,1,x partial,1
repo config,1,confirmation weighting,1,increase rut,1,apis moved,1,partial patches,1
config ask,1,weighting implement,1,staleness unless,1,moved packages,1,patches scratch,1
ask bottom,1,implement retrieval,1,you aggressively,1,packages changed,1,scratch reasoning,1
line yes,1,scoring so,1,aggressively constrain,1,changed auth,1,reasoning unverified,1
architecture materially,1,uncertain items,1,constrain what,1,auth flows,1,claims summaries,1
materially changes,1,fade user,1,what s,1,flows retired,1,summaries naturally,1
or bad,1,approved explicit,1,s embedded,1,retired services,1,naturally lean,1
preserve intent,1,explicit records,1,embedded how,1,services new,1,lean durable,1
and dampen,1,records model,1,how retrieval,1,new lint,1,durable but,1
dampen ruts,1,model inferred,1,is filtered,1,lint rules,1,but can,1
ruts vectors,1,inferred raw,1,filtered and,1,rules new,1,can mis,1
vectors tend,1,transcript recently,1,how results,1,new constraints,1,mis summarize,1
preserve path,1,confirmed old,1,are presented,1,constraints why,1,summarize vectors,1
path and,1,old active,1,presented cited,1,why both,1,vectors naturally,1
amplify ruts,1,active deprecated,1,cited hybrid,1,both summaries,1,naturally include,1
ruts unless,1,deprecated superseded,1,memory captures,1,summaries and,1,include exhaust,1
is tightly,1,superseded hard,1,captures the,1,and vectors,1,exhaust unless,1
tightly gated,1,hard filter,1,the upside,1,vectors go,1,you gate,1
gated the,1,filter this,1,upside of,1,stale different,1,gate writing,1
most robust,1,this makes,1,of both,1,modes summaries,1,writing or,1
robust approach,1,makes last,1,both while,1,summaries failure,1,or gate,1
approach is,1,month context,1,while containing,1,mode canonized,1,gate reading,1
not choosing,1,context available,1,containing failure,1,canonized wrongness,1,reading so,1
choosing one,1,available but,1,modes recommended,1,wrongness a,1,so what,1
one it,1,but not,1,recommended architecture,1,a summary,1,devmate do,1
s using,1,not driving,1,architecture practical,1,can outlive,1,do a,1
using summaries,1,driving explicit,1,practical always,1,outlive the,1,a typed,1
default project,1,explicit supersession,1,on curated,1,the code,1,memory scoped,1
project truth,1,workflow especially,1,curated layer,1,code change,1,scoped retrieval,1
authority and,1,for summaries,1,layer cheap,1,change that,1,retrieval architecture,1
and controls,1,the curated,1,cheap transparent,1,that invalidated,1,architecture you,1
controls where,1,layer allow,1,transparent project,1,invalidated it,1,can get,1
where you,1,supersede decision,1,short adr,1,and then,1,get the,1
you stand,1,convention with,1,conventions evidence,1,becomes an,1,best of,1
stand yes,1,a link,1,evidence layer,1,authoritative sounding,1,both while,1
for an,1,the new,1,layer retrieval,1,sounding constraint,1,preventing ruts,1
enterprise assistant,1,new one,1,retrieval powerful,1,constraint risk,1,ruts tier,1
assistant because,1,one periodic,1,powerful controlled,1,profile fewer,1,structured summary,1
because repeated,1,periodic prompts,1,controlled vector,1,fewer but,1,summary small,1
repeated re,1,prompts this,1,over approved,1,but higher,1,editable default,1
is measurable,1,days still,1,approved artifacts,1,higher impact,1,on adr,1
measurable productivity,1,true when,1,logs with,1,impact errors,1,entries constraints,1
productivity loss,1,a big,1,refs citations,1,errors we,1,glossary high,1
loss and,1,big change,1,citations episodic,1,we use,1,always injected,1
and undermines,1,change lands,1,attempts dangerous,1,use pattern,1,injected must,1
undermines teammate,1,lands framework,1,dangerous by,1,pattern x,1,be user,1
teammate positioning,1,framework upgrade,1,keep ephemeral,1,x because,1,team governed,1
is only,1,upgrade module,1,ephemeral ttl,1,are treated,1,governed approve,1
only net,1,module rewrite,1,or on,1,retrieval failure,1,approve edit,1
positive if,1,rewrite trigger,1,only search,1,mode accidental,1,edit tier,1
implement it,1,trigger a,1,s attempts,1,accidental time,1,summary default,1
selective controllable,1,memory review,1,attempts not,1,travel similarity,1,on if,1
controllable memory,1,review for,1,automatically injected,1,similarity retrieval,1,if approved,1
as load,1,for affected,1,injected product,1,retrieval will,1,approved what,1
the last,1,affected scopes,1,policy that,1,will surface,1,we concluded,1
n sessions,1,scopes treat,1,that resolves,1,surface old,1,concluded decided,1
sessions does,1,treat vector,1,resolves fresh,1,old snippets,1,decided verified,1
answer depend,1,citations when,1,vs flow,1,snippets discussions,1,verified not,1
on architecture,1,when vectors,1,flow default,1,discussions that,1,not everything,1
architecture yes,1,used show,1,default new,1,that match,1,everything we,1
architecture largely,1,show retrieved,1,new sessions,1,match semantically,1,we did,1
largely determines,1,retrieved from,1,sessions to,1,semantically even,1,did time,1
determines whether,1,from oct,1,to brief,1,underlying code,1,stamped can,1
continuity behaves,1,oct session,1,decisions loaded,1,code has,1,reaffirmed tier,1
like helpful,1,session commit,1,loaded attempts,1,has changed,1,archive vector,1
baseline context,1,commit abc123,1,attempts history,1,changed risk,1,keyword over,1
context good,1,abc123 label,1,history not,1,profile more,1,raw default,1
or invisible,1,historical and,1,not loaded,1,more frequent,1,demand chats,1
invisible anchoring,1,and avoid,1,loaded add,1,frequent often,1,chats stack,1
on past,1,avoid using,1,add toggles,1,often subtle,1,diffs tickets,1
past attempts,1,using it,1,toggles fresh,1,subtle import,1,the task,1
attempts bad,1,a hard,1,suppress evidence,1,import path,1,task needs,1
bad concretely,1,hard constraint,1,retrieval unless,1,path changed,1,needs it,1
concretely if,1,constraint unless,1,user requests,1,changed method,1,it continue,1
as vector,1,unless it,1,requests it,1,method signature,1,continue debugging,1
store of,1,s promoted,1,it continuum,1,signature changed,1,debugging x,1
everything auto,1,promoted confirmed,1,continuum allow,1,changed this,1,x what,1
retrieved continuity,1,confirmed let,1,allow evidence,1,this workaround,1,try always,1
becomes high,1,let users,1,retrieval still,1,workaround was,1,always shown,1
risk more,1,users one,1,still cited,1,was for,1,shown cited,1
more rut,1,click outdated,1,time filtered,1,for a,1,cited filtered,1
rut anchoring,1,use again,1,filtered how,1,a bug,1,recency repo,1
anchoring more,1,again promote,1,risk with,1,bug that,1,authority this,1
more stale,1,convention opacity,1,with proof,1,s fixed,1,architecture directly,1
stale context,1,opacity is,1,proof engineering,1,fixed now,1,directly answers,1
more opaque,1,what makes,1,engineering friendly,1,now the,1,answers your,1
opaque behavior,1,makes staleness,1,friendly run,1,right mental,1,your realization,1
behavior and,1,staleness feel,1,c over,1,mental model,1,realization continuity,1
trust issues,1,feel dangerous,1,over real,1,model memory,1,good when,1
issues you,1,dangerous provenance,1,real teams,1,has a,1,when what,1
can make,1,provenance reduces,1,teams a,1,a half,1,persists by,1
make this,1,reduces that,1,memory b,1,half life,1,default is,1
this work,1,that add,1,only c,1,life different,1,is intent,1
work but,1,add cheap,1,brief evidence,1,different memory,1,intent constraints,1
with heavy,1,cheap automatic,1,retrieval track,1,types decay,1,s detailed,1
heavy gating,1,automatic breakage,1,track time,1,decay at,1,detailed is,1
filtering provenance,1,breakage checks,1,to useful,1,at different,1,is only,1
provenance so,1,checks where,1,useful answer,1,different rates,1,only fetched,1
the simple,1,where feasible,1,answer correction,1,rates high,1,fetched when,1
simple vector,1,feasible gate,1,rate ci,1,high decay,1,when requested,1
memory version,1,gate high,1,ci test,1,decay debugging,1,requested concrete,1
version is,1,impact suggestions,1,test failure,1,transcripts workaround,1,concrete knobs,1
as curated,1,suggestions with,1,failure correlation,1,workaround notes,1,knobs that,1
memory summaries,1,with compile,1,correlation stale,1,notes try,1,that determine,1
structured continuity,1,compile typecheck,1,stale memory,1,try this,1,determine rut,1
usually worth,1,typecheck test,1,memory incidents,1,this fix,1,rut vs,1
it big,1,test even,1,time decide,1,fix medium,1,flow regardless,1
big reduction,1,even partial,1,decide rollout,1,medium decay,1,of summary,1
reduction in,1,partial lint,1,rollout thresholds,1,decay conventions,1,summary vector,1
in re,1,lint formatter,1,thresholds up,1,conventions module,1,vector if,1
briefing lower,1,formatter dependency,1,up front,1,ownership integration,1,implement vectors,1
lower bias,1,version aware,1,front bottom,1,quirks lower,1,vectors these,1
risk because,1,aware templates,1,line continuity,1,lower decay,1,avoid ruts,1
store intent,1,templates you,1,doing for,1,decay but,1,ruts authority,1
intent not,1,need perfect,1,enterprise teams,1,not zero,1,ranking merged,1
not every,1,perfect verification,1,teams because,1,zero architectural,1,docs adr,1
every dead,1,verification just,1,because re,1,decisions they,1,adr ticket,1
end governance,1,just enough,1,briefing cost,1,be superseded,1,chat recency,1
governance editability,1,catch this,1,and scales,1,superseded so,1,recency supersession,1
editability supports,1,this api,1,scales with,1,question isn,1,supersession prefer,1
supports enterprise,1,api doesn,1,team size,1,t will,1,newer block,1
trust main,1,t exist,1,size but,1,will it,1,block superseded,1
main risk,1,exist anymore,1,s only,1,it go,1,superseded items,1
sticky which,1,anymore net,1,only worth,1,stale it,1,items task,1
which you,1,net how,1,doing if,1,will the,1,gating only,1
you mitigate,1,how worried,1,architecture enforces,1,question is,1,only retrieve,1
mitigate with,1,worried should,1,enforces selective,1,is can,1,retrieve debugging,1
citations edit,1,should you,1,selective governed,1,can we,1,debugging history,1
supersede and,1,you be,1,continuity otherwise,1,we detect,1,history when,1
checks best,1,be worried,1,otherwise you,1,detect bound,1,is debugging,1
best stance,1,design for,1,ll trade,1,bound and,1,debugging that,1
stance hybrid,1,it from,1,trade minutes,1,and recover,1,that component,1
authority default,1,day if,1,minutes of,1,recover from,1,component error,1
default curated,1,t you,1,of onboarding,1,from staleness,1,error injection,1
memory decisions,1,that initially,1,onboarding for,1,staleness cheaply,1,budget don,1
map optional,1,initially delights,1,for recurring,1,cheaply mitigations,1,t dump,1
optional vector,1,delights and,1,recurring wrong,1,mitigations that,1,dump cite,1
memory retrieved,1,and then,1,wrong biased,1,that make,1,cite small,1
resume debug,1,then quietly,1,biased stale,1,make staleness,1,small snippets,1
or on,1,quietly undermines,1,stale suggestions,1,staleness manageable,1,controls ignore,1
explicit request,1,undermines trust,1,suggestions therefore,1,manageable and,1,only show,1
request always,1,trust not,1,therefore the,1,be design,1,items remove,1
cited product,1,not worried,1,decision should,1,design requirements,1,remove this,1
product decision,1,avoid continuity,1,architecture how,1,requirements attach,1,implement summaries,1
decision in,1,continuity with,1,how choose,1,attach memory,1,summaries these,1
in one,1,with versioning,1,choose the,1,memory to,1,avoid handbook,1
ship project,1,versioning decay,1,the hybrid,1,versions and,1,handbook lies,1
continuum but,1,decay code,1,memory approach,1,scope every,1,lies review,1
as persistent,1,grounding and,1,approach and,1,item summary,1,review approval,1
baseline gated,1,and supersession,1,and ship,1,summary or,1,approval flow,1
not persistent,1,supersession the,1,ship in,1,or vector,1,flow provenance,1
persistent chat,1,risk becomes,1,in phases,1,vector chunk,1,session x,1
chat replay,1,becomes manageable,1,phases it,1,chunk should,1,x pr,1
replay success,1,manageable and,1,s serious,1,should carry,1,pr y,1
success criteria,1,and predictable,1,serious in,1,carry metadata,1,y doc,1
criteria what,1,predictable what,1,practice less,1,branch or,1,doc z,1
to verify,1,d implement,1,less because,1,or default,1,z diffable,1
verify in,1,implement as,1,memory exists,1,branch and,1,diffable edits,1
in pilot,1,as policy,1,exists and,1,and commit,1,edits ownership,1
pilot time,1,policy defaults,1,more because,1,sha time,1,ownership confidence,1
materially your,1,defaults curated,1,can look,1,window file,1,markers confirmed,1
your minutes,1,memory items,1,look authoritative,1,paths referenced,1,confirmed vs,1
minutes becomes,1,items require,1,authoritative while,1,referenced environment,1,vs hypothesis,1
becomes start,1,require scope,1,while being,1,environment prod,1,hypothesis direct,1
over ignore,1,timestamps minimum,1,being silently,1,stage language,1,direct answer,1
ignore prior,1,minimum raw,1,silently mismatched,1,language runtime,1,your question,1
context requests,1,raw session,1,mismatched to,1,runtime versions,1,question yes,1
requests do,1,session vectors,1,to today,1,versions where,1,yes if,1
not rise,1,vectors have,1,same class,1,where relevant,1,a pure,1
rise users,1,have a,1,class of,1,relevant this,1,pure vector,1
users edit,1,a ttl,1,of risk,1,this enables,1,vector remember,1
supersede memory,1,promoted retrieval,1,risk as,1,enables don,1,and retrieve,1
items rather,1,must always,1,as outdated,1,t trust,1,automatically approach,1
than distrusting,1,always be,1,outdated internal,1,trust old,1,approach continuity,1
distrusting the,1,be scope,1,internal wiki,1,old memory,1,become bad,1
system debug,1,scope filtered,1,wiki pages,1,memory against,1,bad rut,1
debug workflows,1,filtered and,1,pages except,1,against new,1,rut anchoring,1
workflows benefit,1,and recency,1,except faster,1,new code,1,anchoring over,1
benefit from,1,recency weighted,1,faster and,1,code behavior,1,time if,1
from evidence,1,weighted if,1,more persuasive,1,behavior retrieval,1,a curated,1
retrieval without,1,if retrieved,1,persuasive because,1,be compatibility,1,for durable,1
without contaminating,1,retrieved info,1,s injected,1,scored not,1,durable knowledge,1
contaminating day,1,info is,1,injected into,1,just similarity,1,knowledge and,1
day coding,1,is older,1,generation why,1,similarity scored,1,and keep,1
coding if,1,than a,1,it happens,1,scored when,1,keep vectors,1
propose the,1,a threshold,1,happens and,1,when retrieving,1,an on,1
minimal v1,1,threshold and,1,s unavoidable,1,retrieving past,1,evidence layer,1
v1 scope,1,and affects,1,unavoidable without,1,context score,1,is much,1
scope memory,1,affects code,1,without controls,1,score it,1,much more,1
schema ux,1,code generation,1,controls code,1,it by,1,to stay,1
ux controls,1,generation the,1,code changes,1,by recency,1,stay good,1
controls retrieval,1,assistant either,1,changes invalidate,1,recency time,1,good and,1
retrieval gating,1,either cites,1,invalidate assumptions,1,time decay,1,and feel,1
gating rules,1,explicitly or,1,assumptions apis,1,proximity same,1,feel like,1
rules that,1,or asks,1,apis renamed,1,same branch,1,like senior,1
that gets,1,asks to,1,renamed modules,1,branch ancestry,1,colleague rather,1
gets the,1,me your,1,modules moved,1,ancestry close,1,than stuck,1
baseline benefit,1,your typical,1,moved patterns,1,close commit,1,stuck collaborator,1
benefit without,1,typical repo,1,patterns deprecated,1,commit distance,1,collaborator if,1
without taking,1,repo size,1,deprecated dependencies,1,distance if,1,share your,1
taking on,1,size branching,1,dependencies upgraded,1,if available,1,your intended,1
memory risk,1,branching model,1,upgraded feature,1,available path,1,intended ux,1
risk it,1,model monorepo,1,feature flags,1,path validity,1,ux for,1
s serious,1,monorepo vs,1,flags flipped,1,validity do,1,for session,1
serious enough,1,vs polyrepo,1,flipped both,1,do referenced,1,end implicit,1
enough that,1,polyrepo and,1,vectors drift,1,referenced files,1,implicit vs,1
that without,1,whether devmate,1,drift summaries,1,symbols still,1,explicit and,1
without explicit,1,can run,1,can preserve,1,still exist,1,can associate,1
explicit drift,1,run local,1,preserve an,1,exist status,1,associate interactions,1
drift handling,1,local builds,1,an outdated,1,active vs,1,interactions with,1
handling project,1,builds tests,1,decision after,1,vs superseded,1,with repo,1
will eventually,1,tests i,1,after it,1,retired then,1,the simplest,1
eventually degrade,1,suggest concrete,1,s reversed,1,then downrank,1,simplest set,1
degrade trust,1,concrete defaults,1,reversed or,1,block items,1,of write,1
trust because,1,defaults ttl,1,or encode,1,that fail,1,read policies,1
because codebases,1,ttl recency,1,encode a,1,fail compatibility,1,policies that,1
codebases change,1,recency curves,1,conclusion permanently,1,checks ground,1,that achieve,1
change continuously,1,curves and,1,permanently vectors,1,ground suggestions,1,achieve this,1
continuously while,1,to bind,1,can retrieve,1,suggestions in,1,this without,1
while memory,1,bind to,1,retrieve an,1,state cheap,1,without over,1
artifacts don,1,to commits,1,an older,1,cheap automated,1,engineering where,1
t why,1,commits vs,1,older semantically,1,automated checks,1,where you,1
this problem,1,vs releases,1,similar snippet,1,before emitting,1,you stand,1
problem is,1,releases neither,1,snippet that,1,emitting code,1,stand yes,1
is inevitable,1,neither is,1,that no,1,that depends,1,yes continuity,1
inevitable and,1,is universally,1,longer compiles,1,on remembered,1,doing for,1
and different,1,universally worse,1,compiles or,1,remembered context,1,for an,1
different for,1,it depends,1,or violates,1,context have,1,an enterprise,1
for summaries,1,on impact,1,violates new,1,have the,1,coding assistant,1
summaries vs,1,impact detectability,1,new conventions,1,assistant verify,1,assistant because,1
vs vectors,1,detectability and,1,conventions relevance,1,verify against,1,the cumulative,1
vectors summaries,1,and recoverability,1,relevance validity,1,code does,1,cumulative re,1
summaries failure,1,recoverability but,1,validity retrieval,1,the referenced,1,brief onboarding,1
mode a,1,but as,1,be topically,1,referenced symbol,1,onboarding tax,1
a summary,1,a default,1,topically relevant,1,symbol import,1,is large,1
summary becomes,1,default product,1,but structurally,1,import exist,1,large and,1
becomes canonical,1,product stance,1,structurally incompatible,1,exist does,1,of friction,1
truth even,1,stance wrong,1,incompatible with,1,the signature,1,friction teams,1
even after,1,memory staleness,1,with the,1,signature match,1,will pay,1
the code,1,usually worse,1,state so,1,match do,1,pay to,1
code decision,1,worse because,1,so yes,1,do tests,1,eliminate but,1
decision changes,1,is often,1,you add,1,tests build,1,answer does,1
changes impact,1,often plausible,1,add cross,1,build lint,1,does depend,1
impact high,1,plausible hard,1,memory staleness,1,lint pass,1,on architecture,1
high because,1,to notice,1,staleness becomes,1,pass in,1,architecture some,1
because summaries,1,notice quickly,1,a core,1,the target,1,some implementations,1
be loaded,1,quickly and,1,core reliability,1,target environment,1,implementations make,1
loaded often,1,can send,1,reliability concern,1,tooling allows,1,continuity net,1
often and,1,send the,1,concern not,1,allows if,1,positive others,1
as authoritative,1,developer down,1,case how,1,if checks,1,others predictably,1
authoritative vectors,1,down a,1,how serious,1,checks fail,1,predictably create,1
vectors raw,1,a false,1,serious depends,1,fail the,1,create anchoring,1
history failure,1,false path,1,you bind,1,assistant must,1,anchoring rut,1
mode retrieval,1,path with,1,bind it,1,must treat,1,rut behavior,1
retrieval surfaces,1,with high,1,the repo,1,treat the,1,behavior and,1
surfaces an,1,high confidence,1,repo staleness,1,the memory,1,trust issues,1
but semantically,1,confidence forgetting,1,low when,1,historical this,1,issues the,1
similar snippet,1,forgetting isolation,1,we use,1,this used,1,the conditional,1
snippet api,1,usually cheaper,1,use adrs,1,used to,1,conditional yes,1
api that,1,cheaper because,1,adrs current,1,be true,1,yes when,1
that no,1,is immediately,1,current db,1,true it,1,when continuity,1
longer exists,1,immediately visible,1,db is,1,it no,1,is net,1
exists impact,1,visible the,1,is postgres,1,matches current,1,positive continuity,1
impact frequent,1,ai doesn,1,postgres error,1,code make,1,worth shipping,1
frequent especially,1,know and,1,handling pattern,1,make superseded,1,shipping if,1
especially in,1,developer can,1,is result,1,retired first,1,can guarantee,1
in fast,1,correct it,1,result t,1,class especially,1,guarantee these,1
fast moving,1,by restating,1,t and,1,for summaries,1,these product,1
moving repos,1,restating context,1,and high,1,summaries for,1,product properties,1
repos also,1,context or,1,high when,1,curated summaries,1,properties only,1
also opaque,1,or pointing,1,is code,1,adrs add,1,only durable,1
opaque unless,1,pointing to,1,code snippets,1,by allow,1,durable high,1
you cite,1,sources a,1,snippets function,1,allow superseded,1,signal knowledge,1
cite sources,1,a developer,1,function signatures,1,by adr,1,knowledge loads,1
sources so,1,developer centered,1,signatures config,1,adr xx,1,confirmed outcomes,1
so yes,1,centered comparison,1,config keys,1,xx links,1,outcomes exploration,1
yes both,1,comparison what,1,keys the,1,links prompt,1,exploration history,1
both can,1,it feels,1,the fix,1,prompt review,1,history is,1
can go,1,feels like,1,fix is,1,review when,1,injected everything,1
go stale,1,like in,1,to call,1,change e,1,everything remembered,1
stale summaries,1,practice detectability,1,call method,1,g if,1,remembered has,1
authority stale,1,detectability how,1,method x,1,if auth,1,recency controls,1
stale vectors,1,you realize,1,debugging hypotheses,1,auth changed,1,what when,1
high frequency,1,realize it,1,or anything,1,changed significantly,1,when from,1
frequency stale,1,wrong forgetting,1,anything referencing,1,significantly surface,1,where superseded,1
stale how,1,forgetting obvious,1,referencing precise,1,surface auth,1,superseded users,1
how serious,1,obvious within,1,precise symbols,1,adrs may,1,can inspect,1
serious depends,1,within turns,1,symbols in,1,may need,1,trust requirement,1
on two,1,turns it,1,in other,1,need review,1,requirement if,1
two factors,1,s asking,1,other words,1,review always,1,meet those,1
factors rate,1,asking basic,1,words memory,1,provenance for,1,those the,1
rate of,1,basic questions,1,memory expresses,1,for retrieved,1,engineers fresh,1
of change,1,questions again,1,expresses different,1,context users,1,eyes concern,1
change monorepo,1,again wrong,1,different risk,1,correct staleness,1,concern will,1
monorepo with,1,look correct,1,risk depending,1,staleness they,1,will show,1
with weekly,1,correct until,1,depending on,1,see require,1,show up,1
weekly refactors,1,until you,1,on context,1,citations like,1,up as,1
refactors vs,1,you hit,1,context high,1,like from,1,as real,1
vs stable,1,hit a,1,level intent,1,from adr,1,real quality,1
stable backend,1,a build,1,intent survives,1,adr last,1,quality regressions,1
backend where,1,build failure,1,survives change,1,reviewed from,1,regressions how,1
default guidance,1,failure a,1,change low,1,log referencing,1,answer if,1
guidance for,1,a subtle,1,level implementation,1,referencing commit,1,pick vectors,1
for implementation,1,subtle behavior,1,implementation details,1,commit abc123,1,vectors everywhere,1
implementation drift,1,behavior bug,1,details rot,1,abc123 this,1,everywhere store,1
drift is,1,bug or,1,rot quickly,1,this converts,1,everything retrieve,1
risk if,1,a production,1,quickly practical,1,converts silent,1,automatically continuity,1
as fyi,1,production constraint,1,practical mitigations,1,silent bias,1,becomes high,1
fyi evidence,1,constraint violation,1,mitigations make,1,bias into,1,of irrelevant,1
verification risk,1,violation lower,1,make staleness,1,into debuggable,1,irrelevant stale,1
risk drops,1,lower detectability,1,staleness manageable,1,debuggable input,1,stale failed,1
drops sharply,1,detectability makes,1,manageable attach,1,input how,1,attempts subtle,1
sharply the,1,makes wrong,1,provenance to,1,how serious,1,subtle anchoring,1
core mitigation,1,memory more,1,to every,1,serious is,1,anchoring that,1
mitigation repo,1,more damaging,1,item minimum,1,practice without,1,to notice,1
state outranks,1,damaging blast,1,viable store,1,without the,1,notice and,1
memory make,1,radius how,1,store with,1,the mitigations,1,and debug,1
hard product,1,how much,1,with each,1,mitigations above,1,debug opaque,1
product rule,1,much damage,1,each memory,1,above staleness,1,that incidents,1
rule current,1,damage it,1,memory entry,1,staleness will,1,incidents so,1
current repository,1,cause forgetting,1,entry timestamp,1,will become,1,the value,1
repository facts,1,forgetting mostly,1,branch environment,1,become the,1,value may,1
facts override,1,mostly time,1,environment commit,1,main reason,1,be outweighed,1
override remembered,1,time tax,1,hash or,1,reason teams,1,outweighed by,1
remembered context,1,tax re,1,or tag,1,teams lose,1,by ruts,1
context practically,1,briefing re,1,tag release,1,in project,1,ruts unless,1
practically that,1,deriving context,1,release when,1,with them,1,you invest,1
that means,1,context wrong,1,when captured,1,bounded observable,1,invest heavily,1
means whenever,1,cause incorrect,1,captured links,1,observable issue,1,heavily in,1
memory would,1,incorrect code,1,links files,1,issue more,1,in filtering,1
would influence,1,changes wasted,1,files pr,1,more like,1,filtering authority,1
influence code,1,wasted refactors,1,issue adr,1,a linter,1,ranking and,1
code level,1,refactors bad,1,adr status,1,linter warning,1,ui transparency,1
level advice,1,bad architectural,1,review this,1,warning than,1,transparency if,1
advice devmate,1,architectural direction,1,turns memory,1,than a,1,pick summary,1
should try,1,direction or,1,memory into,1,a silent,1,only compressed,1
try to,1,or broken,1,a claim,1,silent failure,1,compressed memory,1
to validate,1,broken operational,1,claim you,1,failure if,1,becomes moderate,1
validate against,1,operational assumptions,1,can evaluate,1,a crisp,1,moderate risk,1
repo does,1,assumptions higher,1,evaluate against,1,crisp internal,1,less anchoring,1
the symbol,1,higher blast,1,against time,1,internal bar,1,on messy,1
symbol class,1,radius again,1,and code,1,bar don,1,messy details,1
class function,1,again favors,1,code state,1,ship cross,1,details but,1
function still,1,favors forgetting,1,state add,1,influence answers,1,but risk,1
still exist,1,is less,1,add freshness,1,answers unless,1,risk of,1
exist does,1,less bad,1,freshness scoring,1,a attach,1,of a,1
the dependency,1,bad trust,1,scoring decay,1,attach version,1,a compact,1
dependency exist,1,trust impact,1,decay rules,1,version time,1,compact wrong,1
exist in,1,impact future,1,rules downrank,1,time metadata,1,wrong summary,1
in lockfiles,1,future willingness,1,downrank items,1,metadata b,1,summary becoming,1
lockfiles did,1,on devmate,1,items older,1,b perform,1,becoming official,1
the directory,1,devmate forgetting,1,reaffirmed auto,1,perform at,1,truth this,1
directory module,1,forgetting annoying,1,review when,1,one compatibility,1,can work,1
module move,1,annoying but,1,when older,1,compatibility check,1,work if,1
move did,1,but predictable,1,a sprint,1,check against,1,if summaries,1
the interface,1,predictable wrong,1,sprint release,1,code and,1,are reviewable,1
interface signature,1,memory feels,1,release boundary,1,c let,1,reviewable provenance,1
signature change,1,feels deceptive,1,boundary apply,1,let users,1,as draft,1
change is,1,deceptive i,1,apply short,1,users mark,1,draft until,1
target file,1,i trusted,1,short ttl,1,mark items,1,confirmed best,1
file touched,1,trusted you,1,ttl to,1,superseded in,1,best answer,1
touched heavily,1,you and,1,to unstable,1,in general,1,answer for,1
heavily since,1,you were,1,categories debug,1,general staleness,1,devmate hybrid,1
since the,1,were confidently,1,debug hypotheses,1,staleness remembering,1,structured summaries,1
was written,1,wrong trust,1,hypotheses partial,1,is worse,1,summaries of,1
written if,1,trust loss,1,partial patches,1,worse but,1,of decisions,1
if validation,1,loss is,1,patches validate,1,the true,1,conventions confirmed,1
validation fails,1,to recover,1,validate retrieved,1,true answer,1,confirmed learnings,1
fails the,1,recover and,1,context against,1,answer depends,1,learnings default,1
not present,1,and will,1,head before,1,on blast,1,keyword evidence,1
present the,1,will reduce,1,before using,1,radius and,1,archive for,1
as instruction,1,reduce adoption,1,using it,1,and detectability,1,snippets past,1
instruction concrete,1,adoption the,1,it before,1,detectability why,1,past discussions,1
concrete design,1,the important,1,before the,1,why remembering,1,discussions filtered,1
design patterns,1,important exception,1,model acts,1,usually worse,1,cited this,1
patterns to,1,exception sometimes,1,acts on,1,worse it,1,architecture makes,1
to handle,1,sometimes forgetting,1,on retrieved,1,s harder,1,makes continuity,1
handle drift,1,is worse,1,retrieved content,1,to detect,1,continuity dependably,1
drift works,1,worse for,1,content run,1,detect the,1,dependably good,1
works for,1,for certain,1,run cheap,1,can sound,1,preserves what,1
for both,1,certain categories,1,cheap checks,1,sound confident,1,what users,1
both approaches,1,categories forgetting,1,checks do,1,confident and,1,users hate,1
approaches attach,1,forgetting can,1,referenced files,1,and consistent,1,hate retyping,1
attach provenance,1,the higher,1,files paths,1,consistent with,1,retyping while,1
provenance to,1,risk failure,1,exist do,1,with project,1,preventing yesterday,1
to memory,1,failure hard,1,symbols resolve,1,project history,1,flailing from,1
items every,1,compliance rules,1,resolve language,1,so developers,1,from steering,1
every memory,1,rules data,1,language server,1,developers trust,1,steering today,1
memory entry,1,data residency,1,server tags,1,it failures,1,today recommendation,1
entry should,1,residency don,1,tags ripgrep,1,failures show,1,recommendation actionable,1
should carry,1,t log,1,ripgrep parser,1,up later,1,actionable ship,1
carry timestamp,1,pii licensing,1,parser if,1,later subtle,1,ship project,1
timestamp repo,1,licensing constraints,1,a snippet,1,subtle bugs,1,continuum v1,1
repo identifier,1,constraints critical,1,snippet does,1,bugs broken,1,v1 as,1
identifier branch,1,critical invariants,1,does it,1,broken edge,1,brief session,1
branch and,1,invariants payments,1,it typecheck,1,edge cases,1,outcomes approved,1
or commit,1,payments must,1,typecheck compile,1,cases security,1,approved add,1
sha range,1,idempotent don,1,compile in,1,security regressions,1,add evidence,1
range file,1,change schema,1,a sandbox,1,regressions wasted,1,retrieval vectors,1
file module,1,schema contract,1,sandbox even,1,wasted debugging,1,behind an,1
tags what,1,contract for,1,even partial,1,debugging it,1,explicit dig,1
what area,1,for client,1,partial checks,1,it has,1,dig up,1
area it,1,client x,1,checks help,1,has higher,1,up past,1
it applies,1,x if,1,help if,1,higher downside,1,past details,1
applies to,1,ai forgets,1,fail retrieval,1,downside can,1,details affordance,1
to status,1,forgets these,1,as history,1,can introduce,1,affordance not,1
superseded unknown,1,these it,1,history but,1,regressions into,1,conditioning include,1
unknown this,1,it may,1,be labeled,1,into shared,1,only mode,1
this alone,1,may propose,1,labeled likely,1,shared code,1,mode that,1
alone enables,1,propose changes,1,stale and,1,code not,1,the stable,1
enables safer,1,changes that,1,and not,1,just waste,1,stable stance,1
safer retrieval,1,are unacceptable,1,not treated,1,waste the,1,stance continuity,1
and better,1,unacceptable even,1,as instruction,1,current developer,1,doing but,1
better ux,1,they compile,1,instruction prefer,1,developer s,1,an architecture,1
ux this,1,compile so,1,prefer evidence,1,s time,1,that separates,1
this convention,1,the worst,1,over chat,1,time can,1,separates durable,1
convention was,1,worst failure,1,chat memory,1,can reinforce,1,exhaust and,1
was last,1,failure depends,1,do vectors,1,reinforce incorrect,1,and controls,1
last verified,1,on memory,1,vectors embed,1,incorrect architecture,1,s loaded,1
verified on,1,practical product,1,embed durable,1,architecture constraints,1,loaded by,1
abc123 staleness,1,product conclusion,1,issues rather,1,constraints we,1,default yes,1
scoring decay,1,conclusion choose,1,than raw,1,we can,1,yes staleness,1
decay compute,1,choose which,1,raw sessions,1,t do,1,is one,1
compute a,1,you prefer,1,sessions artifacts,1,here that,1,the top,1
a staleness,1,prefer per,1,artifacts naturally,1,that steer,1,top risks,1
staleness score,1,per tier,1,naturally get,1,steer design,1,risks in,1
score from,1,tier design,1,get updated,1,design for,1,in project,1
from signals,1,design memory,1,updated closed,1,for weeks,1,affects both,1
signals like,1,memory so,1,closed superseded,1,weeks it,1,both summaries,1
like time,1,so that,1,superseded or,1,it creates,1,vectors in,1
time since,1,that constraints,1,to commits,1,creates negative,1,enterprise repos,1
since last,1,invariants highest,1,commits making,1,negative compounding,1,repos that,1
last verification,1,highest severity,1,making drift,1,compounding wrong,1,that change,1
verification churn,1,prefer never,1,drift detectable,1,memory begets,1,change daily,1
churn in,1,never forget,1,detectable make,1,begets more,1,daily last,1
in referenced,1,forget but,1,assistant cite,1,more wrong,1,month can,1
referenced files,1,but require,1,it used,1,memory future,1,can mean,1
modules existence,1,require confirmation,1,used always,1,future sessions,1,mean different,1
checks failing,1,confirmation versioning,1,always expose,1,sessions build,1,different apis,1
failing symbols,1,versioning stored,1,expose used,1,build on,1,apis different,1
symbols missing,1,records scoped,1,used memory,1,it why,1,different conventions,1
missing dependency,1,scoped dated,1,memory adr,1,why forgetting,1,conventions and,1
dependency changes,1,dated statused,1,adr may,1,forgetting is,1,and different,1
changes then,1,statused active,1,may accepted,1,less bad,1,different constraints,1
then down,1,superseded ideally,1,accepted issue,1,bad it,1,constraints if,1
rank stale,1,approved if,1,issue feb,1,s visible,1,design for,1
stale items,1,if uncertain,1,feb closed,1,bounded the,1,for drift,1
items in,1,uncertain the,1,closed so,1,the dev,1,drift you,1
retrieval display,1,assistant asks,1,can catch,1,dev immediately,1,ll see,1
display warnings,1,asks rather,1,catch that,1,immediately notices,1,see a,1
warnings may,1,than assumes,1,that was,1,notices it,1,a steady,1
outdated prompt,1,assumes decisions,1,was last,1,know our,1,steady stream,1
for revalidation,1,conventions medium,1,month instantly,1,our conventions,1,stream of,1
revalidation or,1,medium severity,1,instantly opaqueness,1,conventions cost,1,of why,1
or update,1,prefer remember,1,opaqueness is,1,is typically,1,why is,1
update supersede,1,remember but,1,what makes,1,typically minutes,1,is devmate,1
supersede workflow,1,but with,1,makes staleness,1,of re,1,devmate suggesting,1
workflow don,1,decay supersession,1,staleness dangerous,1,briefing not,1,suggesting code,1
just overwrite,1,supersession easy,1,dangerous summary,1,not latent,1,compile anymore,1
overwrite memory,1,to mark,1,vector which,1,latent defects,1,anymore incidents,1
memory needs,1,outdated periodically,1,worse for,1,defects it,1,incidents that,1
the concept,1,periodically reconfirm,1,for staleness,1,fails safe,1,that erode,1
concept of,1,reconfirm attempt,1,staleness summaries,1,ask clarifying,1,erode trust,1
of evolution,1,history old,1,summaries fewer,1,clarifying questions,1,trust why,1
evolution adr,1,transcripts low,1,fewer stale,1,questions and,1,s serious,1
adr superseded,1,low negative,1,injections but,1,and ground,1,serious and,1
by adr,1,negative value,1,but when,1,ground in,1,it shows,1
adr convention,1,value prefer,1,when wrong,1,code rather,1,shows up,1
convention v1,1,prefer forget,1,wrong they,1,than resurrect,1,up typical,1
v1 replaced,1,forget by,1,single high,1,resurrect old,1,typical failure,1
replaced by,1,ttl retrieve,1,level wrong,1,old assumptions,1,modes api,1
by v2,1,on request,1,wrong constraint,1,assumptions when,1,api drift,1
v2 this,1,request this,1,everything vectors,1,when forgetting,1,drift methods,1
prevents old,1,this minimizes,1,vectors more,1,forgetting becomes,1,methods renamed,1
truth from,1,minimizes rut,1,more frequent,1,becomes worse,1,renamed removed,1
from lingering,1,rut anchoring,1,frequent stale,1,than staleness,1,removed call,1
lingering and,1,anchoring and,1,injections unless,1,staleness forgetting,1,call patterns,1
and being,1,stale pull,1,validated but,1,forgetting can,1,patterns changed,1
being retrieved,1,pull through,1,but easier,1,be worse,1,changed architectural,1
retrieved retrieval,1,through what,1,to attach,1,worse when,1,architectural supersession,1
retrieval filters,1,what this,1,to downrank,1,the forgotten,1,supersession we,1
filters for,1,this implies,1,downrank by,1,forgotten item,1,use kafka,1
for vectors,1,implies for,1,by time,1,item is,1,kafka becomes,1
vectors before,1,for devmate,1,time commit,1,a hard,1,becomes we,1
before semantic,1,devmate s,1,commit alignment,1,hard constraint,1,we migrated,1
constraints prefer,1,s architecture,1,alignment so,1,constraint that,1,migrated to,1
prefer same,1,architecture make,1,the staleness,1,that prevents,1,to pulsar,1
same branch,1,make authoritative,1,avoid continuity,1,prevents catastrophic,1,pulsar but,1
branch or,1,typed versioned,1,to engineer,1,catastrophic mistakes,1,but memory,1
or main,1,and auditable,1,engineer explicit,1,mistakes e,1,memory keeps,1
main and,1,auditable so,1,explicit freshness,1,g security,1,keeps pushing,1
and recent,1,so wrong,1,validity mechanisms,1,security compliance,1,pushing kafka,1
recent commit,1,is rarer,1,mechanisms and,1,compliance requirements,1,kafka convention,1
commit window,1,rarer and,1,avoid default,1,requirements data,1,convention drift,1
window restrict,1,correctable make,1,default replay,1,data migration,1,drift error,1
restrict by,1,make vector,1,replay of,1,migration invariants,1,handling logging,1
by module,1,vector history,1,of raw,1,invariants never,1,logging rules,1
service tag,1,history memory,1,past sessions,1,never call,1,rules changed,1
tag exclude,1,memory decaying,1,sessions what,1,call this,1,changed model,1
items marked,1,decaying and,1,i would,1,service synchronously,1,model suggests,1
marked superseded,1,and non,1,would tell,1,synchronously performance,1,suggests old,1
superseded outdated,1,authoritative so,1,tell the,1,constraints tenancy,1,old style,1
outdated prefer,1,staleness doesn,1,team plainly,1,tenancy isolation,1,style context,1
prefer items,1,steer add,1,plainly staleness,1,isolation rules,1,context drift,1
items linked,1,add fresh,1,question is,1,rules if,1,drift across,1
to merged,1,mode to,1,you make,1,assistant forgets,1,across branches,1
merged prs,1,to intentionally,1,it visible,1,forgets those,1,branches memory,1
prs over,1,intentionally choose,1,visible bounded,1,those it,1,memory from,1
only artifacts,1,choose forgetting,1,bounded and,1,can generate,1,from main,1
artifacts verification,1,forgetting when,1,and correctable,1,generate dangerous,1,main applied,1
before suggestion,1,when exploring,1,correctable if,1,dangerous code,1,applied to,1
suggestion especially,1,exploring as,1,provenance decay,1,code quickly,1,a long,1
especially for,1,non human,1,and basic,1,quickly that,1,lived release,1
for code,1,human compute,1,basic repo,1,s why,1,release branch,1
snippets if,1,compute bound,1,checks then,1,why no,1,or vice,1
devmate is,1,bound system,1,then persistent,1,memory isn,1,vice versa,1
is about,1,system devmate,1,memory will,1,t automatically,1,versa partial,1
about to,1,devmate won,1,will predictably,1,automatically safer,1,partial truth,1
to suggest,1,t notice,1,predictably cause,1,safer selective,1,truth memory,1
suggest using,1,notice staleness,1,cause broken,1,selective memory,1,is still,1
using fooclient,1,staleness unless,1,suggestions and,1,practical conclusion,1,still true,1
fooclient it,1,you give,1,can continuity,1,conclusion optimize,1,true but,1
should check,1,give it,1,continuity remains,1,optimize for,1,but no,1
check quickly,1,it timestamps,1,remains net,1,for fail,1,longer optimal,1
quickly whether,1,timestamps scope,1,positive because,1,default posture,1,optimal e,1
whether fooclient,1,and checks,1,re preserving,1,posture should,1,g performance,1
fooclient exists,1,code so,1,preserving durable,1,be better,1,performance constraints,1
exists or,1,so engineering,1,durable project,1,better to,1,constraints changed,1
or whether,1,engineering for,1,truth while,1,to forget,1,why summaries,1
whether the,1,optional it,1,while resisting,1,forget than,1,fail differently,1
the import,1,the mechanism,1,resisting outdated,1,to confidently,1,differently summaries,1
import path,1,mechanism that,1,outdated implementation,1,confidently remember,1,summaries fail,1
path resolves,1,that decides,1,implementation detail,1,remember wrong,1,by becoming,1
resolves or,1,decides which,1,detail if,1,wrong exception,1,becoming authoritative,1
least search,1,mode dominates,1,want share,1,exception curated,1,authoritative but,1
search the,1,dominates yes,1,your primary,1,durable constraints,1,but outdated,1
repo if,1,yes transparency,1,primary languages,1,constraints should,1,outdated handbook,1
should pivot,1,transparency is,1,languages tooling,1,be remembered,1,rot impact,1
pivot i,1,is central,1,tooling e,1,remembered because,1,is broad,1
i don,1,central and,1,g typescript,1,because forgetting,1,broad because,1
t see,1,and in,1,typescript tsserver,1,forgetting them,1,re injected,1
see fooclient,1,enterprise it,1,tsserver java,1,them is,1,often vectors,1
fooclient in,1,difference between,1,java jdt,1,risk a,1,by retrieving,1
in current,1,between memory,1,jdt python,1,a workable,1,retrieving stale,1
current main,1,a superpower,1,python pyright,1,workable rule,1,stale snippets,1
main did,1,superpower and,1,pyright the,1,rule to,1,snippets frequently,1
it get,1,and memory,1,best validity,1,to encode,1,frequently especially,1
get renamed,1,liability it,1,checks are,1,encode in,1,especially if,1
renamed i,1,mean you,1,are stack,1,product auto,1,if similarity,1
i found,1,must avoid,1,stack specific,1,only high,1,search finds,1
found barclient,1,avoid vectors,1,specific and,1,high confidence,1,finds old,1
barclient instead,1,it strongly,1,can get,1,confidence versioned,1,semantically close,1
instead periodic,1,strongly implies,1,get a,1,versioned reviewed,1,close discussions,1
periodic reindex,1,implies vectors,1,of safety,1,reviewed memory,1,discussions impact,1
reindex re,1,vectors cannot,1,safety with,1,memory adrs,1,is frequent,1
re summarize,1,cannot be,1,with relatively,1,conventions gate,1,frequent and,1
summarize triggers,1,primary authoritative,1,relatively little,1,gate everything,1,subtle so,1
triggers don,1,authoritative form,1,little engineering,1,everything else,1,real the,1
on time,1,form of,1,engineering in,1,else debug,1,good news,1
time based,1,memory why,1,in general,1,hypotheses old,1,news is,1
based refresh,1,why transparency,1,general the,1,plans behind,1,s manageable,1
refresh alone,1,transparency matters,1,the worse,1,behind explicit,1,manageable if,1
alone use,1,matters developer,1,worse failure,1,and strong,1,treat memory,1
use repo,1,developer enterprise,1,ai remembering,1,checks when,1,as time,1
repo events,1,enterprise reality,1,remembering something,1,is used,1,time bound,1
events after,1,reality trust,1,something wrong,1,used require,1,bound and,1
after large,1,adoption if,1,wrong because,1,provenance compatibility,1,and verifiable,1
large dependency,1,if developers,1,s harder,1,branch if,1,verifiable the,1
dependency upgrades,1,see what,1,to detect,1,be validated,1,core mitigation,1
upgrades after,1,assistant is,1,detect more,1,validated treat,1,mitigation bind,1
after directory,1,is using,1,more expensive,1,treat it,1,bind memory,1
directory restructures,1,using then,1,expensive to,1,historical context,1,to time,1
restructures after,1,then when,1,unwind and,1,context not,1,time provenance,1
after framework,1,wrong they,1,and damages,1,not instruction,1,provenance code,1
framework migrations,1,t quickly,1,damages trust,1,instruction this,1,state to,1
migrations after,1,quickly answer,1,trust but,1,gives developers,1,continuity safe,1
after major,1,did that,1,it depends,1,developers the,1,safe every,1
major version,1,that assumption,1,on impact,1,the productivity,1,item summary,1
version bumps,1,assumption come,1,probability and,1,productivity win,1,summary entry,1
bumps trigger,1,from is,1,and detectability,1,win of,1,entry or,1
trigger memory,1,is that,1,detectability in,1,of continuity,1,or vector,1
review or,1,that still,1,your environment,1,s safe,1,vector chunk,1
or automated,1,true how,1,environment a,1,safe while,1,chunk should,1
automated re,1,how do,1,practical way,1,while making,1,should carry,1
re verification,1,do i,1,to compare,1,default failure,1,carry metadata,1
verification what,1,i fix,1,compare impact,1,mode closer,1,metadata like,1
what this,1,it stops,1,probability detectability,1,closer to,1,like repo,1
this implies,1,stops happening,1,detectability remembers,1,to forgetting,1,or environment,1
implies for,1,happening a,1,remembers wrong,1,forgetting than,1,environment commit,1
for your,1,a readable,1,wrong staleness,1,than stale,1,commit sha,1
choice summary,1,readable editable,1,staleness incorrect,1,stale anchoring,1,sha range,1
a editable,1,summary or,1,incorrect memory,1,anchoring yes,1,range or,1
editable b,1,or structured,1,memory impact,1,yes transparency,1,or observed,1
b versioned,1,records makes,1,impact can,1,transparency matters,1,observed at,1
supersedable and,1,makes memory,1,can produce,1,matters a,1,sha file,1
c checked,1,memory debuggable,1,produce broken,1,a lot,1,paths referenced,1
checked against,1,debuggable black,1,code subtle,1,lot and,1,referenced timestamp,1
reality vector,1,memory makes,1,subtle bugs,1,it directly,1,timestamp source,1
if retrieval,1,makes mistakes,1,bugs regressions,1,directly affects,1,type authority,1
a strongly,1,mistakes feel,1,regressions security,1,affects whether,1,authority adr,1
strongly filtered,1,feel arbitrary,1,compliance mistakes,1,is net,1,pr docs,1
filtered by,1,arbitrary staleness,1,mistakes we,1,positive why,1,docs chat,1
by branch,1,staleness management,1,can log,1,why transparency,1,chat status,1
commit module,1,management requires,1,log x,1,is decisive,1,deprecated confidence,1
and b,1,requires inspectability,1,x or,1,decisive for,1,confidence level,1
b treated,1,inspectability your,1,or architectural,1,for cross,1,level then,1
default truth,1,your earlier,1,architectural drift,1,memory trust,1,then the,1
truth hybrid,1,earlier concern,1,drift these,1,and adoption,1,the runtime,1
is safest,1,concern code,1,these can,1,adoption if,1,runtime policy,1
safest because,1,changes is,1,can survive,1,if developers,1,policy is,1
because curated,1,exactly where,1,survive review,1,developers can,1,is prefer,1
memory gives,1,where transparency,1,review if,1,see what,1,prefer memory,1
gives stable,1,transparency pays,1,if they,1,assistant remembers,1,memory that,1
stable baseline,1,pays off,1,they look,1,remembers they,1,state distrust,1
vectors provide,1,off with,1,look plausible,1,ll attribute,1,distrust anything,1
provide traceability,1,records mark,1,plausible probability,1,attribute odd,1,anything that,1
traceability but,1,deprecated update,1,probability rises,1,odd suggestions,1,t concrete,1
if both,1,update rationale,1,with project,1,suggestions to,1,concrete guardrails,1
both are,1,rationale supersede,1,project age,1,to magic,1,guardrails that,1
are drift,1,supersede with,1,age refactors,1,magic and,1,that reduce,1
aware and,1,a new,1,refactors dependency,1,and stop,1,reduce stale,1
validated severity,1,decision with,1,dependency upgrades,1,stop relying,1,stale suggestions,1
severity takeaway,1,vectors alone,1,upgrades and,1,relying on,1,suggestions drastically,1
takeaway staleness,1,alone you,1,and broad,1,it editable,1,drastically commit,1
a corner,1,t edit,1,broad opaque,1,editable text,1,retrieval most,1
corner case,1,edit the,1,retrieval detectability,1,text artifacts,1,most important,1
case it,1,the past,1,detectability often,1,artifacts brief,1,important when,1
default state,1,past only,1,often low,1,conventions fit,1,when retrieving,1
months if,1,only hope,1,low wrong,1,fit normal,1,retrieving any,1
implement project,1,hope retrieval,1,can steer,1,normal engineering,1,any memory,1
provenance decay,1,retrieval changes,1,steer design,1,engineering workflows,1,memory filter,1
decay and,1,changes which,1,design choices,1,workflows review,1,filter boost,1
repo reconciliation,1,which is,1,choices not,1,review diff,1,boost by,1
reconciliation you,1,is brittle,1,just compilation,1,diff ownership,1,by proximity,1
will ship,1,brittle governance,1,compilation outcomes,1,ownership debuggability,1,proximity to,1
ship a,1,governance compliance,1,outcomes it,1,debuggability for,1,current head,1
a feature,1,compliance and,1,can also,1,for users,1,head same,1
feature that,1,audit enterprises,1,also consume,1,and your,1,branch same,1
that initially,1,enterprises often,1,consume time,1,your team,1,same repo,1
initially delights,1,often need,1,developer must,1,team memory,1,repo different,1
delights and,1,need retention,1,must first,1,will be,1,different branch,1
then gradually,1,controls the,1,first notice,1,be wrong,1,branch older,1
gradually becomes,1,the ability,1,notice the,1,wrong sometimes,1,older commits,1
becomes untrusted,1,ability to,1,the mismatch,1,sometimes if,1,commits within,1
untrusted the,1,to export,1,mismatch net,1,s readable,1,within last,1
the good,1,delete knowledge,1,effect developers,1,readable users,1,last n,1
good news,1,knowledge to,1,developers may,1,can fix,1,n commits,1
news drift,1,to understand,1,may lose,1,immediately if,1,commits days,1
drift can,1,understand what,1,lose hours,1,s opaque,1,days gets,1
be managed,1,what information,1,then stop,1,opaque embeddings,1,gets a,1
managed with,1,information influenced,1,stop trusting,1,embeddings diagnosing,1,strong boost,1
clear repo,1,influenced an,1,trusting the,1,diagnosing why,1,boost unknown,1
memory rules,1,an output,1,tool forgets,1,why did,1,unknown sha,1
rules versioned,1,output especially,1,forgets session,1,did it,1,sha gets,1
versioned memory,1,for regulated,1,session isolation,1,it say,1,gets demoted,1
memory objects,1,regulated environments,1,isolation impact,1,say that,1,demoted if,1
objects and,1,environments an,1,impact mostly,1,becomes expensive,1,reliably get,1
and validation,1,layer files,1,mostly time,1,expensive and,1,get sha,1
validation driven,1,files records,1,time tax,1,and frustrating,1,branch some,1
driven retrieval,1,records supports,1,tax re,1,frustrating safety,1,some ide,1
retrieval in,1,supports policy,1,briefing duplicated,1,safety under,1,ide contexts,1
in most,1,policy and,1,duplicated investigation,1,change since,1,contexts fall,1
most day,1,audit pure,1,investigation and,1,since staleness,1,fall back,1
day development,1,pure vector,1,and annoyance,1,is inevitable,1,back to,1
development stale,1,is much,1,annoyance probability,1,inevitable you,1,to timestamp,1
stale wrong,1,much harder,1,probability certain,1,fast correction,1,timestamp file,1
the worse,1,to justify,1,certain predictable,1,correction loop,1,file existence,1
worse failure,1,justify product,1,predictable detectability,1,loop transparency,1,existence checks,1
failure because,1,product operability,1,detectability high,1,is that,1,checks verify,1
impact and,1,operability transparency,1,high you,1,that loop,1,current tree,1
low detectability,1,transparency reduces,1,you immediately,1,loop without,1,tree before,1
detectability the,1,reduces support,1,immediately see,1,without it,1,before using,1
ai sounds,1,burden users,1,see the,1,it wrong,1,using as,1
sounds confident,1,can self,1,ai lacks,1,memory persists,1,instruction before,1
confident the,1,self correct,1,lacks context,1,persists and,1,injecting retrieved,1
suggestion compiles,1,correct memory,1,context net,1,and silently,1,retrieved code,1
compiles almost,1,memory instead,1,effect slower,1,silently biases,1,patterns as,1
almost reviewers,1,of filing,1,slower flow,1,biases future,1,as guidance,1
reviewers may,1,filing tickets,1,flow but,1,work does,1,guidance cheaply,1
may miss,1,tickets your,1,developer remains,1,does this,1,cheaply validate,1
miss subtle,1,your team,1,remains the,1,this change,1,validate referenced,1
subtle regressions,1,can reproduce,1,primary source,1,change should,1,symbols still,1
regressions and,1,reproduce issues,1,when forgetting,1,all it,1,exist ripgrep,1
trusting the,1,issues memory,1,be worse,1,it changes,1,ripgrep language,1
tool isolation,1,memory record,1,worse forgetting,1,the condition,1,server file,1
isolation forgetting,1,record said,1,forgetting becomes,1,continuity with,1,paths still,1
forgetting is,1,said x,1,becomes worse,1,a transparent,1,exist moved,1
usually less,1,x does,1,than staleness,1,transparent curated,1,moved git,1
less harmful,1,this affect,1,staleness when,1,curated layer,1,git rename,1
harmful because,1,affect whether,1,the forgotten,1,layer very,1,rename detection,1
is obvious,1,you should,1,forgotten item,1,likely worth,1,detection if,1
obvious and,1,should do,1,a hard,1,doing continuity,1,available imports,1
and recoverable,1,continuity at,1,hard constraint,1,that relies,1,imports compile,1
recoverable the,1,at all,1,constraint regulatory,1,relies on,1,compile where,1
user notices,1,all it,1,regulatory rule,1,on opaque,1,where tooling,1
notices missing,1,it affects,1,rule backward,1,opaque retrieval,1,tooling allows,1
context immediately,1,affects the,1,backward compatibility,1,strong visibility,1,allows if,1
immediately and,1,decision like,1,compatibility requirement,1,citations often,1,a snippet,1
can re,1,like this,1,requirement cannot,1,often not,1,snippet uses,1
brief paste,1,this if,1,cannot upgrade,1,it for,1,uses an,1
the relevant,1,t provide,1,library a,1,enterprise teams,1,api confirm,1
relevant file,1,provide a,1,a non,1,teams because,1,confirm signature,1
file adr,1,a transparent,1,non obvious,1,of mistrust,1,signature in,1
or point,1,transparent user,1,obvious landmine,1,mistrust stale,1,in current,1
doc a,1,high risk,1,landmine known,1,guidance can,1,code this,1
a useful,1,risk and,1,known flaky,1,can exceed,1,turns stale,1
useful way,1,and may,1,flaky test,1,exceed the,1,into maybe,1
to judge,1,not be,1,test critical,1,time saved,1,maybe rather,1
judge worse,1,be worth,1,critical race,1,saved so,1,than do,1
worse impact,1,worth shipping,1,race condition,1,less vectors,1,this deprecation,1
impact detectability,1,shipping broadly,1,condition incident,1,are bad,1,deprecation and,1
detectability reversibility,1,broadly it,1,incident workaround,1,bad than,1,supersession workflow,1
reversibility wrong,1,will erode,1,workaround a,1,than vectors,1,workflow for,1
memory staleness,1,trust as,1,high cost,1,vectors must,1,for summaries,1
staleness impact,1,as soon,1,cost rediscovery,1,must not,1,summaries stop,1
impact can,1,soon as,1,rediscovery repro,1,only interface,1,stop handbook,1
can cause,1,as it,1,steps that,1,interface to,1,rot for,1
cause incorrect,1,it goes,1,that took,1,memory practical,1,items decisions,1
incorrect implementations,1,goes stale,1,took days,1,practical requirement,1,decisions conventions,1
implementations security,1,stale if,1,days in,1,requirement if,1,conventions add,1
compliance violations,1,can provide,1,in these,1,you use,1,add superseded,1
violations production,1,provide that,1,these cases,1,retrieval and,1,by links,1
production incidents,1,that layer,1,cases forgetting,1,and still,1,links like,1
incidents architectural,1,becomes much,1,can repeatedly,1,be transparent,1,like adrs,1
architectural backsliding,1,much safer,1,repeatedly trigger,1,transparent if,1,adrs require,1
backsliding detectability,1,safer and,1,trigger expensive,1,you enforce,1,require a,1
detectability often,1,more valuable,1,expensive mistakes,1,enforce citations,1,quick confirmation,1
often low,1,valuable because,1,mistakes that,1,citations show,1,confirmation when,1
low the,1,because users,1,s why,1,which items,1,when signals,1
model doesn,1,can continuously,1,why teams,1,items were,1,signals suggest,1
t announce,1,continuously repair,1,teams want,1,were retrieved,1,suggest drift,1
announce it,1,repair the,1,when remembering,1,retrieved title,1,drift e,1
s relying,1,project evolves,1,is categorically,1,date source,1,g prs,1
on old,1,evolves so,1,categorically worse,1,link user,1,prs touching,1
truth reversibility,1,so don,1,worse remembering,1,user actions,1,touching key,1
reversibility expensive,1,do black,1,worse when,1,actions pin,1,key modules,1
expensive if,1,box continuity,1,the domain,1,pin downrank,1,modules show,1
it lands,1,the main,1,domain is,1,downrank mark,1,show last,1
lands in,1,main feature,1,is safety,1,superseded don,1,date optionally,1
in merged,1,feature do,1,safety security,1,t use,1,optionally auto,1
or misguides,1,do transparent,1,compliance sensitive,1,use this,1,auto open,1
misguides a,1,transparent continuity,1,sensitive the,1,this again,1,open a,1
a multi,1,continuity optionally,1,level and,1,again explainability,1,update suggestion,1
multi day,1,optionally assisted,1,fast rotating,1,explainability ui,1,suggestion when,1
day effort,1,assisted by,1,rotating apis,1,ui a,1,when code,1
effort secondary,1,by vectors,1,apis configs,1,simple used,1,changes contradict,1
secondary cost,1,vectors what,1,configs file,1,used project,1,summary time,1
cost trust,1,do with,1,paths retrieval,1,items panel,1,time decay,1
trust collapse,1,vectors then,1,opaque the,1,panel the,1,decay and,1
collapse it,1,then without,1,answer the,1,the likely,1,and task,1
it keeps,1,without losing,1,ai s,1,likely best,1,gating for,1
keeps insisting,1,losing transparency,1,s suggestions,1,best stance,1,for vector,1
insisting on,1,transparency vectors,1,suggestions are,1,stance make,1,recall stop,1
on outdated,1,vectors can,1,are applied,1,memory readable,1,stop stale,1
outdated patterns,1,be useful,1,applied quickly,1,versioned use,1,stale chat,1
patterns forgetting,1,useful if,1,quickly copy,1,supporting evidence,1,chat reuse,1
forgetting isolation,1,you make,1,copy paste,1,retrieval always,1,reuse decay,1
isolation impact,1,make them,1,paste culture,1,always surfaced,1,decay old,1
impact mostly,1,them explainable,1,culture high,1,surfaced to,1,old chat,1
mostly time,1,explainable in,1,automation product,1,user with,1,chat derived,1
time flow,1,practice always,1,product implication,1,with provenance,1,derived chunks,1
flow cost,1,show citations,1,implication bias,1,provenance that,1,chunks aggressively,1
cost occasionally,1,citations provenance,1,system toward,1,that combo,1,aggressively unless,1
occasionally missed,1,for retrieved,1,toward safe,1,combo preserves,1,reaffirmed don,1
missed constraints,1,chunks date,1,safe forgetting,1,preserves the,1,t retrieve,1
constraints if,1,date source,1,forgetting while,1,the power,1,retrieve old,1
user forgets,1,source link,1,preserving important,1,power of,1,old debugging,1
forgets to,1,link provide,1,important remembering,1,of recall,1,debugging threads,1
to mention,1,provide controls,1,remembering a,1,without turning,1,threads unless,1
mention them,1,controls don,1,good default,1,turning project,1,is explicitly,1
them detectability,1,use this,1,default stance,1,memory into,1,explicitly continuing,1
detectability high,1,this source,1,stance is,1,box that,1,continuing that,1
high the,1,source again,1,is default,1,correct this,1,that incident,1
ai asks,1,again expire,1,behavior forget,1,a legitimate,1,incident component,1
asks basic,1,expire this,1,forget messy,1,legitimate concern,1,component separate,1
basic questions,1,this promote,1,messy low,1,concern but,1,indexes canonical,1
questions or,1,convention decision,1,trust details,1,not inevitable,1,canonical docs,1
or suggests,1,decision keep,1,details unless,1,inevitable whether,1,code vs,1
suggests generic,1,the editable,1,unless explicitly,1,whether users,1,chat should,1
generic patterns,1,record layer,1,explicitly requested,1,stop documenting,1,be lowest,1
patterns reversibility,1,the architecture,1,requested persist,1,documenting depends,1,lowest authority,1
reversibility easy,1,architecture implication,1,only vetted,1,you make,1,authority by,1
easy provide,1,implication clear,1,vetted decisions,1,make canonical,1,default make,1
provide context,1,clear stance,1,outcomes stable,1,canonical and,1,visible in,1
context once,1,stance authoritative,1,stable constraints,1,what workflows,1,in ux,1
once pin,1,memory editable,1,constraints make,1,workflows you,1,ux trust,1
pin it,1,editable summaries,1,make memory,1,you reward,1,trust whenever,1
it point,1,records versioned,1,memory visible,1,reward when,1,whenever memory,1
docs the,1,versioned diffable,1,visible citations,1,will displace,1,memory influences,1
important exception,1,diffable scoped,1,citations timestamps,1,displace documentation,1,influences output,1
exception forgetting,1,memory retrieval,1,superseded add,1,documentation bad,1,output show,1
be worse,1,retrieval index,1,add validity,1,bad outcome,1,was used,1
worse when,1,for supporting,1,checks confirm,1,opaque it,1,used its,1
the forgotten,1,supporting evidence,1,confirm referenced,1,knows answers,1,its age,1
forgotten thing,1,evidence decay,1,symbols files,1,answers are,1,sha a,1
thing is,1,decay citations,1,files still,1,are uncited,1,a warning,1
hard constraint,1,citations user,1,exist before,1,uncited no,1,s older,1
constraint the,1,user controls,1,context offer,1,no links,1,older than,1
the developer,1,controls that,1,offer modes,1,code it,1,a threshold,1
developer won,1,that combination,1,modes fresh,1,s easier,1,threshold or,1
t think,1,combination gives,1,eyes min,1,easier to,1,or doesn,1
think to,1,you continuity,1,min memory,1,ask the,1,match current,1
restate security,1,that enterprises,1,continuum curated,1,ai than,1,branch an,1
security rules,1,enterprises can,1,mode closer,1,update docs,1,an easy,1
rules regulatory,1,trust developers,1,closer to,1,docs and,1,easy mark,1
regulatory requirements,1,can debug,1,to i,1,and there,1,mark as,1
requirements never,1,debug and,1,know please,1,there s,1,as outdated,1
never call,1,and teams,1,please confirm,1,s no,1,outdated supersede,1
call this,1,teams can,1,confirm rather,1,no friction,1,supersede action,1
service from,1,can govern,1,than confidently,1,friction or,1,action severity,1
from that,1,govern without,1,confidently wrong,1,or prompt,1,severity assessment,1
that zone,1,without giving,1,wrong since,1,prompt to,1,assessment how,1
zone data,1,giving up,1,since i,1,to externalize,1,how worried,1
data residency,1,up the,1,m a,1,externalize decisions,1,worried to,1
residency in,1,practical benefits,1,a tool,1,decisions teams,1,be if,1
in those,1,benefits of,1,tool running,1,teams start,1,ship memory,1
those domains,1,of deep,1,running on,1,start treating,1,memory without,1
domains forgetting,1,deep recall,1,on computation,1,treating chat,1,without sha,1
can produce,1,recall yes,1,computation not,1,history or,1,sha provenance,1
produce dangerous,1,implement continuity,1,persistent teammate,1,or embeddings,1,provenance verification,1
dangerous suggestions,1,everything many,1,teammate the,1,the truth,1,verification high,1
suggestions too,1,many teams,1,the safest,1,truth result,1,severity you,1
too just,1,will gradually,1,safest posture,1,result architecture,1,ll get,1
just via,1,gradually treat,1,posture is,1,architecture knowledge,1,get persistent,1
via omission,1,ai as,1,treat long,1,knowledge becomes,1,persistent trust,1
omission rather,1,fastest path,1,lived memory,1,becomes non,1,damage if,1
than staleness,1,path to,1,claims to,1,non auditable,1,with review,1
staleness product,1,to answers,1,re check,1,auditable harder,1,review supersession,1
product implication,1,answers and,1,truth bottom,1,to onboard,1,supersession medium,1
implication choose,1,let documentation,1,one forgetting,1,onboard and,1,severity manageable,1
choose safe,1,documentation decay,1,forgetting is,1,and brittle,1,manageable with,1
safe degradation,1,decay over,1,is usually,1,brittle when,1,with process,1
degradation you,1,time that,1,usually the,1,tooling changes,1,process if,1
want devmate,1,that creates,1,the less,1,changes or,1,ship vector,1
devmate to,1,creates a,1,less harmful,1,or access,1,retrieval always,1
like if,1,single point,1,harmful failure,1,access is,1,on without,1
i might,1,point of,1,failure because,1,is restricted,1,strong filters,1
might be,1,of failure,1,s obvious,1,restricted when,1,filters high,1
be wrong,1,failure knowledge,1,and bounded,1,increases documentation,1,severity frequent,1
wrong i,1,knowledge that,1,bounded but,1,documentation good,1,frequent stale,1
ll ask,1,opaque hard,1,but you,1,good outcome,1,stale nudges,1
or verify,1,to audit,1,should engineer,1,s durable,1,nudges if,1
repo prefer,1,audit and,1,engineer to,1,durable memory,1,ship hybrid,1
prefer forgetting,1,and prone,1,the tradeoff,1,is documentation,1,with commit,1
forgetting over,1,to staleness,1,tradeoff persist,1,documentation markdown,1,retrieval verification,1
over asserting,1,staleness why,1,only high,1,markdown adrs,1,verification low,1
asserting stale,1,this happens,1,signal time,1,conventions stored,1,low to,1
i m,1,happens incentives,1,scoped reviewable,1,stored with,1,to medium,1
m using,1,incentives time,1,reviewable artifacts,1,the repo,1,severity issues,1
using memory,1,time documentation,1,treat everything,1,repo and,1,issues become,1
ll show,1,documentation has,1,everything else,1,and reviewed,1,become catchable,1
show you,1,has immediate,1,else as,1,reviewed the,1,catchable and,1
you what,1,immediate cost,1,as optional,1,is optimized,1,correctable bottom,1
what and,1,cost delayed,1,controls yes,1,optimized to,1,line staleness,1
and from,1,delayed payoff,1,yes transparency,1,to produce,1,is serious,1
from when,1,payoff ai,1,transparency is,1,produce prs,1,serious enough,1
when citations,1,ai answers,1,a first,1,prs to,1,enough that,1
timestamps status,1,answers have,1,first order,1,docs update,1,that it,1
status hard,1,have immediate,1,order design,1,md based,1,be treated,1
constraints should,1,immediate payoff,1,design variable,1,on this,1,class design,1
be curated,1,payoff truth,1,variable not,1,this decision,1,design requirement,1
curated versioned,1,changes over,1,a ux,1,decision answers,1,an edge,1
versioned and,1,time dependencies,1,ux nicety,1,answers default,1,edge case,1
and validated,1,dependencies architecture,1,nicety and,1,to according,1,case the,1
validated so,1,team decisions,1,does affect,1,according to,1,right stance,1
t forget,1,decisions if,1,affect whether,1,to adr,1,stance is,1
forget the,1,if docs,1,worth shipping,1,adr architecture,1,is memory,1
important stuff,1,docs aren,1,shipping why,1,is framed,1,not truth,1
stuff so,1,t refreshed,1,why transparency,1,framed as,1,truth it,1
so optimize,1,refreshed the,1,transparency matters,1,an index,1,stamped evidence,1
optimize for,1,ai will,1,matters developer,1,index assistant,1,evidence and,1
for not,1,will start,1,developer enterprise,1,assistant for,1,and devmate,1
not being,1,start remembering,1,reality when,1,for docs,1,should only,1
wrong with,1,remembering outdated,1,wrong you,1,docs not,1,only promote,1
high confidence,1,outdated context,1,fast repair,1,a replacement,1,promote it,1
confidence make,1,context and,1,repair loop,1,replacement result,1,to guidance,1
make forgetting,1,and nobody,1,loop projects,1,result docs,1,guidance when,1
forgetting cheap,1,nobody will,1,projects change,1,docs improve,1,it aligns,1
cheap templates,1,will notice,1,change over,1,improve because,1,aligns with,1
templates baseline,1,notice until,1,time stored,1,the hardest,1,with the,1
memory capture,1,until it,1,stored context,1,hardest part,1,repo state,1
make remembering,1,it bites,1,context inevitably,1,part writing,1,state or,1
remembering cautious,1,bites in,1,inevitably becomes,1,writing and,1,or is,1
cautious provenance,1,in enterprises,1,assistant relied,1,current is,1,is re,1
provenance repo,1,enterprises ask,1,relied on,1,is offloaded,1,re verified,1
repo checks,1,an auditable,1,on they,1,offloaded product,1,verified if,1
checks staleness,1,auditable substitute,1,t efficiently,1,level guardrails,1,me whether,1
handling yes,1,substitute for,1,efficiently diagnose,1,guardrails to,1,whether devmate,1
yes transparency,1,s in,1,diagnose why,1,to prevent,1,can access,1
transparency is,1,repo how,1,it suggested,1,prevent ai,1,access a,1
first order,1,design continuum,1,suggested something,1,only source,1,a current,1
order factor,1,continuum so,1,something broken,1,truth documentation,1,sha and,1
factor and,1,increases documentation,1,broken editable,1,documentation first,1,b language,1
does affect,1,not replaces,1,editable summaries,1,first canonical,1,server or,1
affect whether,1,replaces it,1,adrs create,1,canonical policy,1,or build,1
whether you,1,it the,1,create a,1,policy declare,1,build tooling,1
should do,1,key is,1,a tight,1,declare project,1,tooling i,1
all why,1,make ai,1,tight feedback,1,code are,1,the minimum,1
why transparency,1,memory derive,1,loop read,1,are canonical,1,viable verification,1
transparency matters,1,derive from,1,read fix,1,canonical ai,1,verification pipeline,1
matters for,1,from and,1,fix future,1,is derived,1,pipeline that,1
for developers,1,and reinforce,1,future behavior,1,derived the,1,gives the,1
developers and,1,reinforce durable,1,behavior changes,1,assistant should,1,biggest staleness,1
and enterprises,1,artifacts rather,1,changes trust,1,should preferentially,1,staleness reduction,1
enterprises trust,1,than competing,1,trust calibration,1,preferentially cite,1,reduction for,1
trust calibration,1,competing with,1,calibration developers,1,cite and,1,the least,1
calibration if,1,with them,1,developers will,1,update these,1,least engineering,1
remembers something,1,them make,1,will accept,1,these artifacts,1,effort in,1
something and,1,make the,1,accept occasional,1,artifacts no,1,practice wrong,1
wrong users,1,repo and,1,occasional i,1,no silent,1,memory usually,1
need a,1,and its,1,know confirm,1,silent canonization,1,usually hurts,1
fast way,1,its docs,1,confirm behavior,1,canonization the,1,hurts more,1
to answer,1,layer treat,1,behavior they,1,model should,1,fails in,1
answer where,1,treat adrs,1,they ll,1,auto promote,1,a more,1
did that,1,adrs readme,1,ll stop,1,promote chat,1,more dangerous,1
that come,1,readme runbooks,1,stop using,1,chat into,1,dangerous way,1
from is,1,runbooks architecture,1,using the,1,truth it,1,way it,1
still true,1,architecture docs,1,tool if,1,suggest doc,1,misleads why,1
true a,1,truth continuum,1,confidently injects,1,updates but,1,why remembering,1
readable summary,1,continuum s,1,injects invisible,1,but users,1,remembering wrong,1
summary or,1,s curated,1,invisible outdated,1,users approve,1,wrong is,1
or structured,1,memory should,1,assumptions opaqueness,1,approve citations,1,is typically,1
page makes,1,should be,1,opaqueness makes,1,citations required,1,typically worse,1
this immediately,1,be either,1,makes remembering,1,required for,1,worse lower,1
immediately actionable,1,either stored,1,wrong more,1,for architectural,1,lower detectability,1
actionable a,1,as repo,1,more damaging,1,claims if,1,detectability if,1
a pure,1,files preferred,1,damaging governance,1,ai can,1,forgets the,1
pure vector,1,preferred or,1,governance retention,1,t cite,1,user notices,1
store does,1,or mirrored,1,access audit,1,cite a,1,notices immediately,1
not debuggability,1,files with,1,audit deletion,1,a doc,1,immediately it,1
debuggability of,1,visible sync,1,deletion enterprises,1,doc adr,1,t know,1
assistant when,1,sync workflow,1,enterprises often,1,adr code,1,know our,1
when suggestions,1,workflow if,1,often require,1,code location,1,our setup,1
suggestions go,1,it isn,1,require knowing,1,location it,1,setup and,1
go sideways,1,t representable,1,knowing what,1,should label,1,can re,1
sideways teams,1,representable as,1,is stored,1,label the,1,brief if,1
teams will,1,artifact the,1,stored who,1,the statement,1,devmate remembers,1
will want,1,review it,1,see it,1,statement as,1,remembers something,1
to diagnose,1,t be,1,how long,1,and offer,1,stale it,1
diagnose which,1,be authoritative,1,long it,1,offer to,1,it may,1
item caused,1,authoritative cite,1,it persists,1,to create,1,may sound,1
this why,1,cite or,1,persists and,1,update documentation,1,sound confident,1
it retrieve,1,or it,1,it a,1,documentation make,1,confident and,1
retrieve that,1,a hypothesis,1,box vector,1,make docs,1,team aware,1
that outdated,1,hypothesis require,1,store that,1,docs easier,1,aware so,1
outdated snippet,1,require the,1,provide clear,1,easier than,1,to accept,1
snippet without,1,assistant to,1,clear provenance,1,than asking,1,accept it,1
without inspectability,1,to attach,1,deletion semantics,1,asking twice,1,it until,1
inspectability you,1,attach provenance,1,semantics becomes,1,twice one,1,it breaks,1
reliably fix,1,for architectural,1,a blocker,1,click create,1,breaks later,1
fix issues,1,architectural claims,1,blocker even,1,thread update,1,later higher,1
t self,1,claims link,1,it works,1,md add,1,higher downstream,1
self correct,1,doc section,1,works does,1,convention to,1,downstream impact,1
correct governance,1,ticket if,1,this mean,1,to conventions,1,impact stale,1
governance compliance,1,no citation,1,mean vectors,1,md opening,1,stale guidance,1
compliance enterprise,1,citation exists,1,vectors no,1,opening a,1,guidance can,1
enterprise buyers,1,exists label,1,necessarily it,1,a pr,1,can produce,1
buyers routinely,1,as inferred,1,it means,1,pr what,1,produce code,1
routinely ask,1,inferred and,1,means vectors,1,to tell,1,compile annoying,1
ask what,1,suggest creating,1,be the,1,tell product,1,annoying but,1
what is,1,creating updating,1,only memory,1,product remember,1,but obvious,1
is stored,1,updating an,1,memory substrate,1,everything as,1,obvious subtle,1
stored how,1,an adr,1,substrate and,1,as opaque,1,subtle behavioral,1
how is,1,adr this,1,be opaque,1,recall increases,1,behavioral bugs,1
is it,1,ai from,1,opaque you,1,increases the,1,bugs harder,1
it updated,1,an ungrounded,1,make vector,1,of documentation,1,harder security,1
updated who,1,ungrounded oracle,1,vector based,1,documentation decay,1,compliance violations,1
who can,1,oracle make,1,based continuity,1,decay project,1,violations worst,1
edit delete,1,make promotion,1,continuity acceptable,1,continuum implemented,1,worst case,1
delete it,1,promotion to,1,acceptable if,1,implemented as,1,case forgetting,1
we audit,1,memory equal,1,you enforce,1,as doc,1,forgetting mainly,1
audit what,1,equal documentation,1,enforce citations,1,doc centered,1,mainly produces,1
what influenced,1,documentation update,1,citations provenance,1,centered memory,1,produces time,1
influenced an,1,update when,1,provenance on,1,memory tends,1,time loss,1
answer a,1,a session,1,on every,1,to increase,1,loss re,1
a text,1,session ends,1,every retrieval,1,increase documentation,1,briefing some,1
text structured,1,ends or,1,retrieval doc,1,documentation quality,1,some redundant,1
artifact is,1,pr merges,1,hash tag,1,quality and,1,redundant exploration,1
is much,1,merges assistant,1,tag timestamp,1,and consistency,1,exploration trust,1
much easier,1,a doc,1,timestamp user,1,consistency because,1,damage is,1
to govern,1,doc diff,1,visible retrieved,1,it lowers,1,is asymmetric,1
govern than,1,diff adr,1,context panel,1,lowers the,1,asymmetric a,1
than opaque,1,update readme,1,panel what,1,of capturing,1,few it,1
opaque embedding,1,section runbook,1,was pulled,1,capturing decisions,1,confidently suggested,1
embedding space,1,entry team,1,pulled why,1,decisions and,1,suggested outdated,1
space does,1,approves via,1,it matched,1,current if,1,outdated broken,1
this mean,1,via normal,1,matched ability,1,share how,1,broken code,1
mean vectors,1,normal review,1,ability to,1,how devmate,1,code moments,1
a non,1,review only,1,to pin,1,devmate currently,1,moments can,1
non starter,1,only then,1,pin block,1,currently handles,1,make teams,1
starter not,1,then does,1,block filtering,1,handles repo,1,teams disable,1
not necessarily,1,does it,1,filtering controls,1,repo docs,1,memory entirely,1
necessarily it,1,it become,1,controls time,1,docs pr,1,entirely it,1
it means,1,this flips,1,deprecated hard,1,pr creation,1,it asked,1
means vectors,1,flips the,1,hard delete,1,creation i,1,asked me,1
user facing,1,the incentive,1,delete support,1,minimal ux,1,me to,1
facing memory,1,incentive using,1,support real,1,ux to,1,to re,1
memory primitive,1,using the,1,real deletion,1,memory documented,1,explain is,1
primitive vectors,1,assistant creates,1,deletion not,1,documented artifact,1,is irritating,1
vectors work,1,creates documentation,1,not best,1,artifact the,1,irritating but,1
work fine,1,documentation as,1,best effort,1,default loop,1,t feel,1
fine as,1,a byproduct,1,effort staleness,1,loop strongest,1,feel deceptive,1
a backend,1,byproduct keep,1,staleness handling,1,for isolation,1,deceptive a,1
backend evidence,1,raw recall,1,handling downrank,1,isolation fresh,1,useful heuristic,1
you provide,1,recall non,1,items mark,1,fresh sessions,1,heuristic from,1
provide transparency,1,decaying if,1,review validate,1,sessions isolation,1,from safety,1
transparency at,1,you maintain,1,paths against,1,isolation reduces,1,safety engineering,1
the interaction,1,maintain vectors,1,repo if,1,reduces hidden,1,engineering applies,1
interaction layer,1,vectors of,1,do these,1,bias and,1,applies here,1
layer show,1,chats ttl,1,these vectors,1,stale influence,1,here omissions,1
show retrieved,1,default always,1,vectors will,1,influence past,1,omissions are,1
retrieved passages,1,always presented,1,will feel,1,past sessions,1,are usually,1
passages snippets,1,presented as,1,box and,1,sessions contain,1,usually safer,1
snippets verbatim,1,historical evidence,1,continuity will,1,contain high,1,than commissions,1
verbatim with,1,not current,1,will be,1,noise material,1,commissions when,1
branch label,1,current architecture,1,be net,1,material failed,1,is uncertain,1
label them,1,architecture never,1,net negative,1,failed hypotheses,1,uncertain when,1
not current,1,never used,1,negative for,1,partial implementations,1,when forgetting,1
current truth,1,used as,1,for many,1,implementations outdated,1,worse for,1
truth allow,1,the final,1,many teams,1,outdated constraints,1,for certain,1
allow exclude,1,final word,1,teams what,1,constraints if,1,certain classes,1
exclude this,1,word when,1,what this,1,if that,1,information forgetting,1
this source,1,when docs,1,this implies,1,is injected,1,be costly,1
source mark,1,docs code,1,implies for,1,default it,1,costly or,1
stale forget,1,code disagree,1,for should,1,a anchor,1,or risky,1
forget pin,1,disagree add,1,all a,1,the developer,1,risky too,1
pin provide,1,add organizational,1,good decision,1,developer ai,1,too hard,1
provide why,1,organizational guardrails,1,decision rule,1,ai into,1,constraints pii,1
did you,1,guardrails enterprise,1,rule ship,1,into repeated,1,pii handling,1
you suggest,1,enterprise friendly,1,continuity if,1,ends and,1,handling auth,1
suggest this,1,friendly admin,1,can provide,1,and b,1,auth boundaries,1
this that,1,admin setting,1,provide an,1,b produce,1,boundaries slo,1
that lists,1,setting authoritative,1,memory layer,1,produce plausible,1,slo requirements,1
lists memory,1,memory must,1,layer brief,1,plausible but,1,requirements non,1
provide those,1,be backed,1,outcomes and,1,but incorrect,1,non obvious,1
those vector,1,artifacts exportability,1,and ensure,1,incorrect code,1,obvious invariants,1
vector based,1,exportability project,1,ensure any,1,code after,1,invariants this,1
based continuity,1,memory bundle,1,any retrieval,1,after the,1,this service,1
continuity will,1,bundle is,1,is attributable,1,the codebase,1,service must,1
will feel,1,a set,1,attributable and,1,codebase evolves,1,be idempotent,1
feel like,1,set of,1,and controllable,1,evolves isolation,1,idempotent retries,1
box that,1,of files,1,controllable delay,1,isolation fails,1,retries happen,1
that randomly,1,files not,1,delay or,1,fails visibly,1,happen upstream,1
randomly clings,1,a hidden,1,or limit,1,visibly you,1,upstream operational,1
clings to,1,hidden index,1,limit continuity,1,brief rather,1,operational landmines,1
to old,1,index audit,1,continuity e,1,than failing,1,landmines known,1
old ideas,1,audit trail,1,g decisions,1,failing silently,1,known deadlocks,1
ideas high,1,trail who,1,memory would,1,silently you,1,deadlocks migration,1
high trust,1,who approved,1,would be,1,ship regressions,1,migration pitfalls,1
trust risk,1,approved a,1,be largely,1,regressions architecture,1,pitfalls if,1
risk how,1,decision record,1,largely opaque,1,interaction vector,1,forgets these,1
how transparency,1,record when,1,audit this,1,vector heavy,1,these repeatedly,1
transparency changes,1,it was,1,a fail,1,heavy auto,1,repeatedly you,1
continuity decision,1,was last,1,safe posture,1,retrieval makes,1,get recurring,1
decision if,1,confirmed net,1,posture since,1,makes the,1,recurring mistakes,1
can ship,1,net should,1,since the,1,the isolation,1,mistakes and,1
continuity with,1,should this,1,a compute,1,isolation argument,1,and wasted,1
with visible,1,this concern,1,compute service,1,argument strongest,1,wasted cycles,1
visible memory,1,concern change,1,service that,1,strongest because,1,cycles but,1
artifacts editable,1,decision to,1,that only,1,to reintroduce,1,but note,1
editable provenance,1,continuity it,1,only operates,1,reintroduce noisy,1,note this,1
provenance timestamps,1,t stop,1,operates while,1,noisy stale,1,exactly why,1
timestamps citations,1,stop you,1,while running,1,history opaque,1,why those,1
citations on,1,you from,1,running not,1,memory amplifies,1,those items,1
answers staleness,1,from building,1,human teammate,1,amplifies the,1,items should,1
checks against,1,building continuity,1,teammate with,1,because users,1,be elevated,1
repo then,1,should constrain,1,with stable,1,see or,1,elevated into,1
then continuity,1,constrain the,1,stable situational,1,or correct,1,into high,1
is strongly,1,design if,1,situational awareness,1,correct what,1,authority maintained,1
strongly worth,1,box all,1,awareness persistent,1,s influencing,1,maintained canonical,1
doing if,1,all seeing,1,auditable artifacts,1,influencing outputs,1,memory rather,1
t near,1,seeing memory,1,not invisible,1,outputs strongest,1,than left,1
near term,1,the concern,1,invisible internal,1,continuity eliminates,1,left to,1
term then,1,concern is,1,internal state,1,eliminates repeated,1,to raw,1
should either,1,is valid,1,state practical,1,repeated onboarding,1,raw session,1
either limit,1,valid and,1,recommendation make,1,onboarding and,1,session recall,1
limit continuity,1,adoption may,1,make summaries,1,and preserves,1,recall practical,1
continuity to,1,may create,1,adrs the,1,preserves hard,1,practical conclusion,1
layer only,1,create long,1,memory treat,1,hard won,1,conclusion for,1
only or,1,run fragility,1,treat it,1,won project,1,devmate design,1
or make,1,fragility if,1,truth use,1,project constraints,1,design so,1
recall explicitly,1,as documentation,1,and require,1,constraints that,1,system prefers,1
explicitly opt,1,documentation first,1,require that,1,that drive,1,prefers forgetting,1
in per,1,first citation,1,that evidence,1,drive correctness,1,forgetting over,1
session task,1,backed reviewable,1,shown and,1,correctness enterprise,1,over guessing,1
task resume,1,reviewable memory,1,and linkable,1,projects have,1,guessing unless,1
thread not,1,will usually,1,linkable never,1,have durable,1,unless memory,1
because without,1,usually improve,1,silently steering,1,durable facts,1,is recent,1
transparency the,1,improve documentation,1,steering provide,1,facts architecture,1,recent or,1
the downside,1,documentation hygiene,1,visible session,1,architecture conventions,1,or commit,1
downside silent,1,hygiene because,1,header like,1,constraints domain,1,commit aligned,1
wrongness outweighs,1,it reduces,1,like memory,1,terms that,1,aligned and,1
outweighs the,1,reduces the,1,memory on,1,are expensive,1,and high,1
the onboarding,1,the effort,1,on brief,1,expensive to,1,authority confirmed,1
onboarding upside,1,effort to,1,brief v14,1,to restate,1,and presented,1
upside practical,1,keep docs,1,v14 adrs,1,restate and,1,presented with,1
practical recommendation,1,docs current,1,adrs retrieved,1,and easy,1,provenance so,1
recommendation make,1,current so,1,retrieved evidence,1,to violate,1,can sanity,1
primary project,1,so ship,1,click review,1,violate remembering,1,sanity check,1
memory an,1,it an,1,review so,1,remembering them,1,check that,1
an inspectable,1,an accelerator,1,so transparency,1,them increases,1,that way,1
inspectable object,1,accelerator for,1,transparency strongly,1,speed and,1,worst failure,1
object markdown,1,for durable,1,strongly affects,1,reduces wrong,1,mode becomes,1
markdown adr,1,durable documentation,1,affects whether,1,wrong implementations,1,becomes it,1
adr notebook,1,a replacement,1,doing and,1,implementations security,1,question not,1
notebook structured,1,it strongest,1,settings it,1,perf tenancy,1,confidently steers,1
structured ui,1,for isolation,1,often becomes,1,tenancy mistakes,1,steers us,1
ui that,1,isolation isolation,1,becomes the,1,mistakes across,1,us wrong,1
edit and,1,isolation reduces,1,the gating,1,across weeks,1,wrong yes,1
and supersede,1,reduces silent,1,gating requirement,1,weeks months,1,yes transparency,1
supersede use,1,silent failure,1,requirement that,1,months architecture,1,a deciding,1
a secondary,1,failure when,1,that determines,1,interaction curated,1,deciding factor,1
secondary evidence,1,ai starts,1,determines which,1,curated editable,1,factor and,1
evidence mechanism,1,starts from,1,which architecture,1,editable summaries,1,it materially,1
mechanism always,1,code the,1,architecture is,1,docs spine,1,materially affects,1
and filterable,1,user s,1,is viable,1,spine makes,1,affects whether,1
filterable never,1,s prompt,1,viable yes,1,makes continuity,1,doing especially,1
never silently,1,prompt it,1,yes this,1,continuity safest,1,especially in,1
silently authoritative,1,s less,1,this can,1,safest and,1,enterprise settings,1
authoritative that,1,be anchored,1,can happen,1,and most,1,settings why,1
that way,1,by stale,1,happen and,1,most valuable,1,why transparency,1
way you,1,stale assumptions,1,likely if,1,valuable because,1,transparency matters,1
get continuity,1,assumptions old,1,memory system,1,it captures,1,matters developer,1
continuity s,1,old attempts,1,system is,1,captures stable,1,developer and,1
s productivity,1,attempts or,1,a comprehensive,1,stable intent,1,enterprise reality,1
productivity gains,1,or deprecated,1,comprehensive b,1,reviewed versioned,1,reality debuggability,1
gains without,1,deprecated apis,1,b private,1,and corrected,1,debuggability of,1
turning devmate,1,apis and,1,private to,1,corrected citations,1,assistant when,1
devmate into,1,and mistakes,1,tool and,1,citations provenance,1,ai gives,1
into an,1,mistakes are,1,and c,1,provenance make,1,gives a,1
an un,1,are easier,1,c not,1,continuity trustworthy,1,a bad,1
un auditable,1,to attribute,1,not easily,1,trustworthy without,1,bad suggestion,1
auditable teammate,1,attribute and,1,easily inspectable,1,without them,1,suggestion teams,1
teammate whose,1,correct because,1,inspectable or,1,staleness undermines,1,teams ask,1
whose memories,1,the context,1,or exportable,1,undermines value,1,ask why,1
memories can,1,context is,1,exportable over,1,value how,1,that with,1
be corrected,1,is minimal,1,months that,1,how architecture,1,with editable,1
corrected this,1,minimal and,1,creates a,1,architecture choice,1,editable summaries,1
a real,1,and current,1,failure the,1,choice interacts,1,summaries you,1
risk but,1,current in,1,s knowledge,1,interacts with,1,to and,1
s design,1,in fast,1,knowledge migrates,1,with both,1,and fix,1
design controllable,1,fast changing,1,migrates out,1,both the,1,fix the,1
controllable whether,1,changing codebases,1,artifacts repo,1,entanglement summaries,1,the cause,1
whether users,1,codebases this,1,docs tickets,1,summaries spine,1,cause with,1
stop documenting,1,this fresh,1,tickets into,1,first helps,1,with opaque,1
documenting depends,1,eyes constraint,1,a service,1,by persisting,1,opaque vector,1
on whether,1,constraint is,1,service dependent,1,persisting stable,1,recall you,1
whether your,1,a reliability,1,dependent layer,1,truths and,1,risk irreducible,1
memory system,1,reliability feature,1,layer that,1,and reducing,1,irreducible it,1
system becomes,1,feature it,1,that new,1,reducing re,1,s haunted,1
authoritative b,1,it prevents,1,new teammates,1,briefing supports,1,haunted behavior,1
b easier,1,s narrative,1,teammates auditors,1,supports isolation,1,behavior unless,1
docs and,1,narrative from,1,auditors and,1,isolation by,1,you expose,1
c not,1,from overriding,1,and future,1,by not,1,retrieval traces,1
not anchored,1,overriding today,1,future tooling,1,not carrying,1,traces correction,1
repo when,1,today s,1,tooling may,1,carrying over,1,loop speed,1
when ai,1,s reality,1,not share,1,over raw,1,speed memory,1
memory displaces,1,reality strongest,1,share that,1,raw failed,1,memory will,1
displaces documentation,1,for continuity,1,that said,1,attempts unless,1,wrong sometimes,1
documentation failure,1,continuity continuity,1,said it,1,you incorrectly,1,sometimes drift,1
mode users,1,continuity removes,1,not inevitable,1,incorrectly auto,1,drift mis,1
users will,1,removes a,1,continuum a,1,summarize messy,1,mis summary,1
will rely,1,a compounding,1,a documentation,1,messy work,1,summary old,1
ai as,1,compounding onboarding,1,documentation amplifier,1,work into,1,old decisions,1
the source,1,and preserves,1,amplifier rather,1,truth vectors,1,decisions the,1
ai gives,1,preserves high,1,replacement when,1,vectors evidence,1,product lives,1
gives fast,1,high leverage,1,users stop,1,store helps,1,lives or,1
fast confident,1,leverage project,1,stop documenting,1,continuity for,1,or dies,1
confident answers,1,months repeatedly,1,documenting risk,1,for detailed,1,dies on,1
answers without,1,repeatedly re,1,risk conditions,1,recall what,1,on how,1
without pointing,1,re explaining,1,conditions ai,1,error log,1,how quickly,1
pointing to,1,explaining architecture,1,is easier,1,log did,1,quickly users,1
artifacts decisions,1,architecture constraints,1,easier than,1,see hurts,1,it text,1
decisions live,1,constraints and,1,than writing,1,hurts isolation,1,text memory,1
live only,1,and conventions,1,writing adrs,1,isolation if,1,memory enables,1
in chat,1,conventions wastes,1,adrs readmes,1,if retrieved,1,enables a,1
history embeddings,1,wastes substantial,1,readmes lower,1,retrieved automatically,1,a tight,1
embeddings there,1,substantial time,1,lower friction,1,automatically increases,1,tight loop,1
no friction,1,and increases,1,friction wins,1,increases rut,1,loop read,1
friction to,1,increases inconsistency,1,wins memory,1,governed time,1,read edit,1
to just,1,inconsistency the,1,is treated,1,status opt,1,edit done,1
just ask,1,ai behaves,1,authoritative no,1,in and,1,done black,1
ask devmate,1,a rotating,1,no citations,1,citations net,1,box memory,1
devmate vs,1,rotating contractor,1,citations no,1,net synthesis,1,memory forces,1
vs update,1,contractor instead,1,no show,1,synthesis where,1,forces slow,1
update the,1,a teammate,1,me the,1,you are,1,slow workarounds,1
the adr,1,teammate persisting,1,source knowledge,1,are isolation,1,workarounds repeat,1
memory isn,1,persisting stable,1,knowledge is,1,for volatile,1,repeat prompts,1
t reviewable,1,stable knowledge,1,not portable,1,durable project,1,prompts disable,1
reviewable by,1,knowledge decisions,1,portable can,1,project facts,1,or accept,1
by teammates,1,fixes improves,1,t export,1,facts the,1,accept unpredictability,1
teammates outside,1,improves both,1,export to,1,that supports,1,unpredictability governance,1
outside the,1,both velocity,1,to repo,1,supports both,1,governance compliance,1
tool that,1,velocity and,1,repo not,1,both is,1,compliance and,1
that creates,1,correctness by,1,not searchable,1,adrs as,1,accountability enterprises,1
creates organizational,1,keeping work,1,searchable outside,1,canonical vectors,1,enterprises want,1
organizational fragility,1,work aligned,1,outside devmate,1,as optional,1,want auditability,1
fragility onboarding,1,aligned with,1,devmate team,1,with strong,1,auditability what,1
onboarding depends,1,s actual,1,team boundaries,1,gating and,1,what data,1
on devmate,1,actual intent,1,boundaries and,1,transparency mislead,1,data influenced,1
devmate access,1,intent how,1,and turnover,1,mislead has,1,influenced this,1
access and,1,how architecture,1,turnover new,1,has two,1,this output,1
and its,1,architecture interacts,1,new hires,1,two different,1,output deletion,1
its retrieval,1,interacts with,1,hires or,1,different shapes,1,deletion retention,1
retrieval quality,1,with each,1,or cross,1,shapes here,1,retention controls,1
quality decisions,1,each argument,1,cross team,1,here and,1,controls least,1
decisions aren,1,argument isolation,1,team collaborators,1,and they,1,least privilege,1
t durable,1,isolation architecture,1,collaborators can,1,they don,1,privilege access,1
durable across,1,summary curated,1,t access,1,t carry,1,access opaque,1
across tooling,1,the need,1,access the,1,carry equal,1,opaque memory,1
tooling vendor,1,need for,1,same memory,1,equal risk,1,memory makes,1
vendor changes,1,for strict,1,memory due,1,risk compare,1,makes these,1
changes audits,1,strict isolation,1,due to,1,compare the,1,these harder,1
audits compliance,1,isolation by,1,to permissions,1,modes how,1,to explain,1
compliance reviews,1,keeping only,1,permissions so,1,how misleading,1,explain and,1
reviews have,1,only stable,1,truth fractures,1,misleading how,1,and enforce,1
have nothing,1,stable reviewable,1,fractures staleness,1,how detectable,1,enforce does,1
nothing canonical,1,reviewable facts,1,staleness accumulates,1,detectable typical,1,it affect,1
canonical to,1,facts so,1,accumulates old,1,typical blast,1,affect whether,1
to point,1,so you,1,old remembered,1,radius a,1,all it,1
the design,1,you retain,1,remembered architecture,1,a summaries,1,affects the,1
principle that,1,retain many,1,architecture survives,1,summaries fabricated,1,answer like,1
prevents this,1,many isolation,1,survives despite,1,fabricated or,1,like this,1
this the,1,isolation benefits,1,despite code,1,or overconfidently,1,this continuity,1
the repository,1,benefits less,1,code evolution,1,overconfidently inferred,1,without transparency,1
repository docs,1,less anchoring,1,evolution and,1,inferred decisions,1,is high,1
adrs code,1,anchoring while,1,and there,1,decisions misleading,1,risk you,1
code must,1,while reducing,1,no visible,1,mechanism compression,1,you may,1
must remain,1,reducing re,1,visible doc,1,compression language,1,may save,1
remain the,1,briefing vector,1,doc to,1,language model,1,save onboarding,1
record devmate,1,to reintroduce,1,to invalidate,1,model inference,1,onboarding time,1
devmate memory,1,reintroduce noisy,1,invalidate it,1,inference can,1,time but,1
be an,1,noisy history,1,it why,1,turn we,1,but lose,1
index accelerator,1,stale details,1,this matters,1,we discussed,1,lose trust,1
accelerator not,1,details unless,1,matters enterprise,1,discussed x,1,few incidents,1
authority practically,1,add heavy,1,enterprise grade,1,x into,1,incidents can,1
practically devmate,1,heavy scoping,1,grade truth,1,into we,1,cause broad,1
should reward,1,scoping decay,1,truth auditability,1,x detectability,1,broad disablement,1
reward writing,1,decay citation,1,auditability architecture,1,high if,1,disablement continuity,1
writing docs,1,citation controls,1,architecture decisions,1,readable and,1,usually net,1
docs by,1,controls without,1,decisions often,1,and surfaced,1,positive users,1
making it,1,without those,1,often need,1,surfaced low,1,users accept,1
it the,1,those isolation,1,readable trail,1,low if,1,accept occasional,1
easiest way,1,safer default,1,trail security,1,if they,1,occasional errors,1
keep memory,1,default continuity,1,compliance incident,1,re hidden,1,see fix,1
memory correct,1,continuity architecture,1,incident reviews,1,hidden internal,1,fix and,1
correct concrete,1,summary structured,1,reviews longevity,1,internal blast,1,control the,1
concrete product,1,s transparent,1,longevity models,1,radius can,1,the remembered,1
product mechanics,1,transparent editable,1,models vendors,1,be large,1,remembered state,1
mechanics to,1,editable versionable,1,vendors and,1,large because,1,state so,1
to enforce,1,versionable and,1,and retention,1,summaries sound,1,so don,1
enforce docs,1,be time,1,retention policies,1,sound authoritative,1,t skip,1
first memory,1,scoped superseded,1,policies change,1,authoritative and,1,skip continuity,1
items must,1,superseded so,1,change repos,1,and become,1,because vectors,1
must cite,1,so continuity,1,repos and,1,become a,1,are opaque,1
cite repo,1,becomes team,1,and tickets,1,a standing,1,opaque ship,1
repo sources,1,team knowledge,1,tickets are,1,standing truth,1,continuity in,1
sources when,1,knowledge not,1,stable substrate,1,truth net,1,a transparent,1
possible if,1,not chat,1,substrate trust,1,net summaries,1,transparent form,1
devmate says,1,chat residue,1,is perceived,1,are safe,1,form first,1
use hexagonal,1,residue vector,1,perceived as,1,if promotion,1,first and,1
hexagonal architecture,1,argument in,1,only map,1,promotion requires,1,vectors if,1
architecture it,1,enterprise settings,1,map a,1,requires confirmation,1,auditable how,1
should cite,1,settings because,1,single wrong,1,confirmation and,1,make vector,1
cite docs,1,staleness prone,1,memory becomes,1,provenance e,1,box minimum,1
md or,1,prone continuity,1,a systemic,1,g decision,1,viable if,1
or adr,1,continuity can,1,systemic misconception,1,decision source,1,do vectors,1
or detectable,1,can turn,1,misconception also,1,source pr,1,vectors require,1
detectable code,1,turn net,1,also by,1,pr meeting,1,require these,1
code signals,1,negative rut,1,design i,1,meeting notes,1,these ux,1
signals module,1,rut broken,1,persistent authority,1,notes user,1,ux system,1
module boundaries,1,broken suggestions,1,authority i,1,confirmed b,1,system properties,1
boundaries clearly,1,suggestions unless,1,i generate,1,b vectors,1,properties show,1
clearly labeled,1,unless vectors,1,generate outputs,1,vectors retrieved,1,context snippets,1
labeled if,1,authoritative guidance,1,outputs from,1,retrieved facts,1,snippets source,1
no citation,1,guidance net,1,from provided,1,are now,1,source timestamp,1
citation label,1,net position,1,provided context,1,now false,1,timestamp sha,1
as uncited,1,position one,1,and retrieval,1,false misleading,1,sha one,1
uncited conversational,1,one line,1,retrieval treating,1,mechanism retrieval,1,click don,1
conversational and,1,line continuity,1,treating an,1,retrieval finds,1,this again,1
and lower,1,doing only,1,an assistant,1,finds historically,1,delete down,1
its authority,1,if implemented,1,assistant as,1,historically relevant,1,rank or,1
authority promote,1,auditable memory,1,the sole,1,relevant text,1,or mark,1
to doc,1,memory summaries,1,sole canonical,1,text that,1,superseded source,1
doc workflows,1,evidence otherwise,1,canonical record,1,matches the,1,source authority,1
workflows make,1,otherwise the,1,record is,1,current codebase,1,authority labels,1
make documentation,1,argument becomes,1,is structurally,1,codebase detectability,1,labels adr,1
documentation the,1,becomes the,1,structurally brittle,1,detectability often,1,adr vs,1
the commit,1,the stronger,1,brittle design,1,often medium,1,chat vs,1
commit point,1,stronger safer,1,design principles,1,medium to,1,vs doc,1
point for,1,safer choice,1,principles that,1,to low,1,doc memory,1
for any,1,choice less,1,prevent ai,1,low it,1,memory scope,1
any durable,1,mislead depends,1,ai as,1,can look,1,scope toggles,1
durable decision,1,on whether,1,as sole,1,look correct,1,toggles brief,1
convention button,1,you mean,1,sole source,1,correct until,1,memory at,1
button create,1,mean wrong,1,truth make,1,until integration,1,become an,1
pr pre,1,wrong assertions,1,make docs,1,integration tests,1,search layer,1
pre filled,1,assertions commission,1,docs the,1,tests fail,1,layer rather,1
filled template,1,commission or,1,canonical store,1,fail can,1,than invisible,1
template links,1,or missing,1,store ai,1,can also,1,invisible steering,1
to discussion,1,missing critical,1,is an,1,also subtly,1,steering practical,1
discussion button,1,critical context,1,an index,1,subtly bias,1,practical recommendation,1
button update,1,context omission,1,a vault,1,bias design,1,recommendation make,1
update architecture,1,omission in,1,vault persist,1,design direction,1,canonical summary,1
md draft,1,practice developers,1,persist decisions,1,direction blast,1,summary editable,1
draft patch,1,developers experience,1,and conventions,1,radius ranges,1,adrs the,1
patch reviewer,1,experience both,1,conventions as,1,ranges from,1,the primary,1
reviewer assignment,1,both as,1,adrs architecture,1,from small,1,primary continuity,1
assignment button,1,ai misled,1,architecture md,1,small compile,1,continuity mechanism,1
button add,1,misled me,1,docs runbooks,1,compile error,1,mechanism and,1
add module,1,me if,1,runbooks the,1,error to,1,loaded memory,1
module readme,1,ship them,1,ai can,1,to very,1,use vectors,1
readme for,1,them naively,1,can cache,1,very large,1,as secondary,1
for local,1,naively no,1,cache summaries,1,large security,1,secondary auditable,1
local conventions,1,no guardrails,1,summaries but,1,security architecture,1,retrieval never,1
conventions the,1,guardrails which,1,the blessed,1,architecture regressions,1,the sole,1
easiest path,1,which misleads,1,blessed truth,1,regressions depending,1,sole memory,1
path from,1,misleads least,1,truth lives,1,depending on,1,memory substrate,1
chat truth,1,least isolation,1,lives somewhere,1,what went,1,substrate and,1
truth should,1,isolation naive,1,somewhere humans,1,went stale,1,and never,1
be a,1,naive least,1,humans can,1,stale net,1,on hidden,1
pr not,1,least commission,1,can review,1,net vector,1,context that,1
an embedding,1,commission most,1,review in,1,is safe,1,that preserves,1
embedding treat,1,most omission,1,in git,1,is compatibility,1,preserves the,1
treat ai,1,omission pros,1,git require,1,scored and,1,key benefit,1
as cache,1,pros avoids,1,provenance in,1,and grounded,1,benefit less,1
cache with,1,avoids hallucinated,1,loop no,1,grounded version,1,less re,1
with expiry,1,hallucinated summaries,1,uncited memory,1,version branch,1,briefing while,1
expiry unless,1,stale retrieval,1,memory any,1,commit metadata,1,system governable,1
unless anchored,1,retrieval cons,1,any architectural,1,decay symbol,1,governable enough,1
anchored unanchored,1,cons can,1,architectural claim,1,symbol path,1,enough for,1
unanchored memory,1,omit key,1,claim the,1,path checks,1,for real,1
not backed,1,key constraints,1,assistant makes,1,checks citations,1,real teams,1
backed by,1,invariants and,1,makes should,1,citations c,1,teams this,1
by a,1,suggest valid,1,should link,1,c isolation,1,a valid,1
doc or,1,valid code,1,to an,1,isolation omission,1,valid product,1
or code,1,code that,1,or doc,1,omission lack,1,product concern,1
code fact,1,that violates,1,doc section,1,lack of,1,concern if,1
fact decays,1,violates architecture,1,section plus,1,of institutional,1,devmate becomes,1
decays or,1,architecture security,1,plus timestamp,1,knowledge misleading,1,becomes the,1
or prompts,1,security norms,1,timestamp status,1,mechanism not,1,the easiest,1
prompts review,1,norms misleading,1,if there,1,not false,1,easiest place,1
review this,1,misleading by,1,source the,1,false facts,1,place to,1
decision isn,1,by absence,1,should phrase,1,facts but,1,the why,1
t documented,1,absence summaries,1,phrase it,1,but repeated,1,why teams,1
documented in,1,summaries naive,1,a question,1,repeated re,1,teams may,1
repo create,1,naive medium,1,question or,1,re derivation,1,may gradually,1
adr this,1,medium commission,1,or suggestion,1,derivation and,1,gradually stop,1
this nudges,1,risk compression,1,suggestion not,1,and missed,1,stop maintaining,1
nudges teams,1,compression can,1,a fact,1,missed constraints,1,maintaining adrs,1
teams toward,1,can fabricate,1,fact add,1,constraints detectability,1,adrs readmes,1
toward durable,1,fabricate certainty,1,add write,1,high you,1,readmes and,1
durable documentation,1,certainty we,1,back workflows,1,you notice,1,then get,1
documentation make,1,x or,1,workflows so,1,notice the,1,get trapped,1
make source,1,or drop,1,so continuum,1,assistant lacks,1,trapped the,1
truth visible,1,drop conditions,1,continuum creates,1,lacks context,1,ai becomes,1
visible in,1,conditions only,1,creates documentation,1,context blast,1,a private,1
the ui,1,only for,1,documentation make,1,radius typically,1,private fallible,1
ui when,1,for service,1,the fastest,1,typically time,1,fallible knowledge,1
when answering,1,service a,1,fastest path,1,time waste,1,knowledge silo,1
answering according,1,a but,1,path the,1,and occasional,1,silo that,1
according to,1,but at,1,the documented,1,occasional constraint,1,to audit,1
adr strong,1,least it,1,documented path,1,constraint violations,1,audit onboard,1
strong inferred,1,s inspectable,1,path save,1,violations unless,1,onboard with,1
inferred from,1,inspectable and,1,memory opens,1,unless guardrails,1,with or,1
from current,1,and fixable,1,opens a,1,guardrails exist,1,or survive,1
code structure,1,fixable once,1,that adds,1,exist elsewhere,1,survive vendor,1
structure medium,1,once noticed,1,adds updates,1,elsewhere net,1,vendor tool,1
medium from,1,noticed vectors,1,updates an,1,net isolation,1,tool changes,1
from prior,1,vectors naive,1,adr template,1,silently mislead,1,changes how,1
prior conversation,1,naive highest,1,template we,1,mislead but,1,how likely,1
conversation not,1,highest commission,1,we learned,1,but increases,1,likely is,1
not documented,1,risk over,1,learned x,1,increases cost,1,it it,1
documented weak,1,time retrieval,1,debugging updates,1,still cause,1,it depends,1
weak prompt,1,retrieval will,1,a runbook,1,cause wrong,1,depends on,1
to document,1,will surface,1,entry with,1,wrong code,1,on incentives,1
document team,1,surface plausible,1,with repro,1,code if,1,incentives if,1
team governance,1,plausible but,1,steps logs,1,assistant misses,1,is automatic,1
governance hooks,1,but deprecated,1,logs link,1,misses critical,1,automatic opaque,1
hooks weekly,1,deprecated facts,1,link make,1,critical constraints,1,opaque and,1
weekly memory,1,facts and,1,make this,1,constraints so,1,sufficient documentation,1
review diff,1,system may,1,this user,1,so which,1,documentation will,1
diff what,1,may treat,1,user controlled,1,is less,1,will tend,1
changed what,1,treat them,1,controlled approve,1,less likely,1,tend to,1
s uncited,1,them as,1,approve edit,1,mislead if,1,to decay,1
uncited owners,1,as current,1,edit before,1,must pick,1,decay why,1
owners can,1,current unless,1,before merge,1,one as,1,why write,1
require pr,1,add time,1,merge but,1,as typically,1,it down,1
pr links,1,scope validity,1,but friction,1,typically implemented,1,down if,1
links for,1,gating opaque,1,friction lower,1,implemented isolation,1,assistant remembers,1
for decision,1,opaque provenance,1,lower than,1,mislead because,1,remembers if,1
decision type,1,provenance makes,1,than manual,1,it withholds,1,visible source,1
type memories,1,makes it,1,manual doc,1,withholds unverified,1,and doc,1
memories what,1,it harder,1,doc writing,1,unverified past,1,doc generating,1
avoid remember,1,harder for,1,writing separate,1,it predictably,1,generating it,1
remember everything,1,for users,1,separate private,1,predictably wastes,1,can increase,1
primary feature,1,users to,1,private convenience,1,wastes time,1,increase documentation,1
feature narrative,1,catch and,1,convenience from,1,time and,1,documentation quality,1
narrative memory,1,correct with,1,from team,1,can miss,1,quality by,1
not inspectable,1,with proper,1,team truth,1,miss constraints,1,by reducing,1
inspectable exportable,1,proper guardrails,1,truth personal,1,constraints between,1,reducing the,1
exportable memory,1,guardrails what,1,personal ephemeral,1,between summaries,1,the effort,1
is easier,1,becomes least,1,ephemeral notes,1,summaries vs,1,effort to,1
docs with,1,misleading curated,1,notes can,1,vectors summaries,1,to write,1
no pathway,1,authoritative summaries,1,can exist,1,with human,1,it so,1
pathway back,1,provenance are,1,exist ttl,1,human traceable,1,real but,1
repo recommended,1,the least,1,user only,1,traceable confirmation,1,the outcome,1
recommended positioning,1,misleading overall,1,only but,1,confirmation are,1,outcome is,1
positioning market,1,overall because,1,but team,1,are usually,1,is design,1
market project,1,they make,1,be reviewable,1,misleading than,1,design driven,1
continuum as,1,make project,1,reviewable versioned,1,raw vector,1,driven design,1
devmate keeps,1,truth explicit,1,versioned and,1,recall because,1,design principle,1
keeps a,1,correctable and,1,and permissioned,1,re auditable,1,principle devmate,1
a working,1,and they,1,permissioned like,1,auditable and,1,memory should,1
working understanding,1,changes concretely,1,like code,1,and editable,1,a cache,1
understanding and,1,concretely the,1,this respects,1,editable unreviewed,1,cache not,1
and helps,1,lowest mislead,1,respects user,1,unreviewed auto,1,not the,1
helps generate,1,mislead design,1,sovereignty people,1,auto summaries,1,truth make,1
generate maintain,1,design is,1,people can,1,not safe,1,product explicitly,1
maintain your,1,summaries that,1,can keep,1,the practical,1,explicitly treat,1
docs not,1,are not,1,keep notes,1,practical least,1,treat project,1
devmate replaces,1,not allowed,1,notes without,1,least misleading,1,as derived,1
replaces your,1,be free,1,without letting,1,misleading design,1,from durable,1
implement docs,1,free floating,1,letting private,1,design recommended,1,durable artifacts,1
first promotion,1,floating claims,1,private ai,1,recommended don,1,artifacts code,1
promotion and,1,claims reduce,1,ai state,1,t choose,1,and or,1
citation based,1,reduce summary,1,state become,1,single approach,1,or exported,1
based authority,1,hallucination by,1,architecture measure,1,approach choose,1,exported to,1
authority you,1,by requiring,1,measure and,1,a promotion,1,to those,1
ll generally,1,requiring one,1,enforce health,1,promotion pipeline,1,those artifacts,1
generally see,1,for decision,1,health over,1,pipeline canonical,1,artifacts in,1
see the,1,constraint items,1,time engineering,1,memory curated,1,words memory,1
the opposite,1,items or,1,engineering style,1,conventions only,1,helps you,1
opposite effect,1,or provenance,1,style guardrails,1,only items,1,you work,1
effect teams,1,provenance requirements,1,guardrails track,1,are a,1,work faster,1
teams document,1,requirements this,1,track ratio,1,a user,1,faster day,1
document more,1,this decision,1,ratio of,1,confirmed or,1,day to,1
more because,1,decision must,1,of saved,1,or b,1,to day,1
because devmate,1,must link,1,saved team,1,b linked,1,day but,1
devmate lowers,1,pr ticket,1,that have,1,linked to,1,canonical record,1
lowers the,1,ticket commit,1,have doc,1,authoritative artifact,1,record remains,1
of doing,1,commit otherwise,1,pr links,1,artifact get,1,remains in,1
doing it,1,otherwise label,1,links flag,1,get into,1,the repo,1
it and,1,unconfirmed and,1,flag orphan,1,spine each,1,repo or,1
and keeps,1,and don,1,orphan memories,1,each entry,1,or approved,1
keeps it,1,as fact,1,memories no,1,entry has,1,approved doc,1
it consistent,1,fact b,1,source for,1,has date,1,doc system,1
consistent strongest,1,are fine,1,for review,1,date owner,1,system concrete,1
for isolation,1,fine if,1,review scheduled,1,owner status,1,concrete mechanisms,1
isolation isolation,1,they always,1,scheduled memory,1,and links,1,mechanisms that,1
the safest,1,date commit,1,memory review,1,links vectors,1,that prevent,1
safest default,1,commit are,1,review prompts,1,vectors non,1,prevent doc,1
default when,1,are recency,1,prompts each,1,evidence always,1,decay provenance,1
t guarantee,1,recency and,1,each sprint,1,always shown,1,provenance requirement,1
guarantee memory,1,scope gated,1,sprint confirm,1,with source,1,requirement for,1
memory quality,1,and are,1,supersede top,1,source timestamp,1,item can,1
quality it,1,used to,1,top decisions,1,commit context,1,t be,1
prevents two,1,to support,1,decisions does,1,context retrieval,1,canonical decision,1
two hard,1,support an,1,this concern,1,retrieval uses,1,constraint unless,1
to detect,1,an answer,1,concern change,1,uses recency,1,unless it,1
detect harms,1,answer not,1,change should,1,checks symbols,1,it links,1
harms the,1,to define,1,it changes,1,symbols files,1,to an,1
model anchoring,1,define what,1,the bar,1,files still,1,an adr,1
on yesterday,1,true c,1,bar continuity,1,present default,1,file a,1
s dead,1,c isolation,1,doing only,1,default behavior,1,a design,1
ends rut,1,isolation remains,1,is transparent,1,behavior vectors,1,design doc,1
rut and,1,remains a,1,transparent and,1,vectors inform,1,doc or,1
model confidently,1,class fresh,1,and doc,1,inform suggestions,1,or an,1
confidently using,1,so when,1,doc integrated,1,suggestions but,1,an issue,1
using stale,1,when users,1,integrated if,1,get to,1,issue if,1
stale facts,1,users suspect,1,if continuity,1,decided without,1,it originates,1
facts after,1,suspect they,1,continuity means,1,spine citation,1,originates in,1
codebase changes,1,re in,1,means devmate,1,citation guardrail,1,chat devmate,1
changes developers,1,a rut,1,devmate remembers,1,guardrail rule,1,devmate offers,1
developers can,1,rut or,1,remembers everything,1,rule the,1,offers create,1
can recover,1,repo just,1,a private,1,may state,1,create adr,1
recover from,1,just changed,1,private black,1,state architecture,1,pr and,1
from missing,1,changed a,1,box the,1,decisions as,1,and stores,1
context by,1,a lot,1,becoming a,1,as fact,1,stores the,1
by re,1,lot they,1,a shadow,1,fact only,1,the link,1
briefing recovering,1,can intentionally,1,shadow source,1,can cite,1,link memory,1
recovering from,1,intentionally cut,1,then a,1,or another,1,docs workflows,1
from subtly,1,cut over,1,a stale,1,another authoritative,1,workflows make,1
subtly wrong,1,over to,1,stale one,1,authoritative source,1,make documentation,1
wrong guidance,1,to code,1,one is,1,source otherwise,1,documentation the,1
guidance is,1,grounded reasoning,1,high especially,1,must phrase,1,the path,1
is costlier,1,reasoning bottom,1,especially in,1,phrase as,1,path of,1
costlier and,1,line ranking,1,settings concrete,1,as i,1,of least,1
and erodes,1,ranking most,1,concrete policy,1,i found,1,least resistance,1
erodes trust,1,most to,1,policy recommendation,1,found an,1,resistance one,1
trust architecture,1,to least,1,recommendation default,1,older note,1,generate adr,1
avoids wrong,1,least likely,1,continuum stores,1,note suggesting,1,adr from,1
sticky canonical,1,mislead best,1,stores only,1,suggesting x,1,from this,1
canonical summaries,1,best with,1,only a,1,x dated,1,this decision,1
summaries vector,1,with governance,1,a curated,1,dated does,1,decision opens,1
avoids opaque,1,governance curated,1,outcome items,1,does that,1,opens a,1
opaque retrieval,1,editable decision,1,b pointers,1,still hold,1,pr with,1
retrieval of,1,convention layer,1,artifacts hard,1,hold this,1,with template,1
of outdated,1,layer summaries,1,hard rule,1,this setup,1,template rationale,1
outdated irrelevant,1,records cited,1,rule team,1,setup minimizes,1,rationale one,1
irrelevant snippets,1,cited time,1,team level,1,minimizes both,1,click update,1
snippets the,1,scoped vector,1,level memory,1,both kinds,1,update readme,1
the highest,1,evidence best,1,memory entries,1,kinds of,1,readme architecture,1
highest rut,1,best without,1,entries must,1,of misleading,1,architecture md,1
risk isolation,1,without governance,1,must have,1,behavior it,1,md with,1
have provenance,1,governance available,1,a link,1,prevents invented,1,with these,1
staleness checks,1,available isolation,1,a repo,1,invented decisions,1,these changes,1
checks and,1,isolation worst,1,repo doc,1,decisions from,1,changes pr,1
repo validation,1,worst vector,1,doc adr,1,becoming canon,1,pr ui,1
validation strongest,1,first remember,1,marked draft,1,canon and,1,ui language,1
continuity continuity,1,everything driving,1,draft unapproved,1,prevents stale,1,language that,1
continuity removes,1,driving suggestions,1,unapproved and,1,stale retrieval,1,that reinforces,1
removes repeated,1,suggestions by,1,and excluded,1,from masquerading,1,reinforces hierarchy,1
friction and,1,default if,1,excluded from,1,masquerading as,1,hierarchy display,1
and enables,1,specific acceptance,1,from default,1,turn this,1,display this,1
enables consistent,1,acceptance rule,1,default guidance,1,concrete spec,1,summary of,1
consistent team,1,rule set,1,guidance ux,1,spec a,1,of adr,1
team aligned,1,set what,1,ux every,1,a what,1,adr source,1
aligned output,1,types require,1,time devmate,1,fields a,1,truth warn,1
output over,1,approval what,1,devmate references,1,item must,1,warn when,1
projects enterprise,1,what must,1,references memory,1,must include,1,when something,1
teams want,1,must have,1,memory show,1,include b,1,something has,1
a long,1,have citations,1,show based,1,b what,1,has no,1
long tenured,1,citations ttl,1,based on,1,model is,1,no source,1
tenured colleague,1,ttl defaults,1,on adr,1,to claim,1,source unlinked,1
colleague remember,1,defaults and,1,may with,1,claim at,1,unlinked memory,1
remember architecture,1,and when,1,click open,1,at each,1,memory verify,1
architecture conventions,1,assistant must,1,open this,1,each confidence,1,verify and,1
the why,1,must ask,1,assistant behave,1,confidence level,1,and consider,1
why behind,1,ask is,1,behave less,1,level and,1,consider documenting,1
behind decisions,1,this still,1,less like,1,c the,1,documenting team,1
decisions over,1,true to,1,a competing,1,minimal compatibility,1,controls org,1
months re,1,to operationalize,1,competing knowledge,1,checks to,1,setting only,1
real waste,1,operationalize least,1,base and,1,to run,1,only source,1
waste and,1,misleading that,1,more like,1,run before,1,linked items,1
and lack,1,that split,1,fast queryable,1,before using,1,items can,1
lack of,1,split want,1,queryable interface,1,using retrieved,1,can persist,1
continuity leads,1,memory would,1,s real,1,context your,1,persist longer,1
leads to,1,it over,1,real documentation,1,survey suggests,1,longer than,1
to inconsistent,1,over their,1,documentation where,1,suggests demand,1,than n,1
inconsistent suggestions,1,notes is,1,are current,1,high but,1,n days,1
and repeated,1,strong signal,1,current synthesis,1,but demand,1,days org,1
repeated debates,1,signal about,1,synthesis you,1,for authority,1,setting chat,1
debates architecture,1,about what,1,t actually,1,authority is,1,chat only,1
continuity well,1,what kind,1,actually have,1,low what,1,only memories,1
well because,1,are asking,1,a binary,1,the numbers,1,promoted via,1
it captures,1,asking for,1,binary choice,1,numbers imply,1,doc onboarding,1
captures durable,1,for they,1,choice between,1,imply behaviorally,1,onboarding mode,1
durable intent,1,want convenience,1,between isolation,1,behaviorally users,1,mode points,1
is governable,1,convenience not,1,isolation and,1,want recall,1,points to,1
governable editable,1,authority users,1,re choosing,1,recall more,1,to artifacts,1
editable risk,1,want to,1,choosing what,1,more than,1,artifacts when,1
is bad,1,to stop,1,persist and,1,than belief,1,when a,1
summaries becoming,1,stop re,1,to influence,1,belief wanting,1,new developer,1
becoming canon,1,to quickly,1,influence generation,1,wanting memory,1,developer asks,1
canon vector,1,quickly recover,1,generation by,1,memory means,1,asks how,1
continuity for,1,recover context,1,default strongest,1,and context,1,how does,1
and forensics,1,context but,1,for isolation,1,context loss,1,does auth,1
forensics but,1,they still,1,isolation remembering,1,loss are,1,auth work,1
but harms,1,still view,1,than forgetting,1,are painful,1,work devmate,1
harms day,1,view their,1,forgetting as,1,painful only,1,should answer,1
day flow,1,their own,1,evolves prior,1,only trusting,1,and links,1
if auto,1,own notes,1,prior context,1,trusting ai,1,links not,1
retrieved it,1,notes repo,1,context becomes,1,notes means,1,not because,1
it needs,1,authoritative record,1,assistant silently,1,means users,1,because i,1
needs gating,1,record so,1,silently carries,1,users see,1,i remember,1
filtering citations,1,so project,1,carries forward,1,see ai,1,remember net,1
avoid bias,1,being interpreted,1,forward outdated,1,as convenient,1,net should,1
and outdated,1,interpreted as,1,assumptions or,1,but error,1,should this,1
outdated guidance,1,a speed,1,s failed,1,error prone,1,this stop,1
guidance continuity,1,speed layer,1,failed framing,1,prone the,1,stop you,1
is transparent,1,layer recall,1,framing it,1,the winning,1,you from,1
transparent correctable,1,recall reminders,1,can generate,1,winning product,1,from doing,1
correctable and,1,reminders pointers,1,generate plausible,1,product posture,1,doing continuity,1
and anchored,1,pointers not,1,but broken,1,posture is,1,continuity no,1
artifacts how,1,a truth,1,code waste,1,is assistive,1,no but,1
how the,1,truth layer,1,trust isolation,1,assistive verifiable,1,should shape,1
choice changes,1,layer final,1,isolation keeps,1,verifiable memory,1,shape it,1
the tradeoff,1,final arbiter,1,model anchored,1,not authoritative,1,it if,1
tradeoff the,1,arbiter of,1,anchored to,1,memory users,1,ai remembers,1
key coupling,1,of decisions,1,current problem,1,to help,1,remembers everything,1
coupling summaries,1,decisions the,1,problem statement,1,help them,1,you increase,1
summaries shift,1,primary risk,1,statement and,1,them find,1,increase doc,1
toward helpful,1,trust failure,1,and makes,1,find and,1,decay risk,1
baseline because,1,failure not,1,makes missing,1,and reuse,1,ship it,1
they naturally,1,not feature,1,context obvious,1,reuse decisions,1,ai helps,1
naturally filter,1,feature demand,1,obvious the,1,decisions not,1,helps maintain,1
filter messy,1,demand demand,1,re briefs,1,not to,1,maintain and,1
messy exploration,1,demand is,1,briefs architecture,1,to replace,1,and navigate,1
exploration but,1,high but,1,interaction isolation,1,replace their,1,navigate the,1
must manage,1,but willingness,1,when your,1,their documentation,1,the team,1
manage canonical,1,on it,1,your only,1,documentation practices,1,team s,1
canonical wrongness,1,truth is,1,only continuity,1,practices trust,1,s docs,1
wrongness with,1,low that,1,continuity option,1,trust is,1,decisions continuity,1
with review,1,that implies,1,option is,1,the gating,1,can improve,1
supersede provenance,1,implies if,1,validate memory,1,gating factor,1,improve documentation,1
provenance vectors,1,memory behaves,1,memory e,1,factor for,1,documentation by,1
vectors shift,1,an oracle,1,g vectorized,1,for deeper,1,by turning,1
path dependence,1,oracle we,1,vectorized chat,1,deeper integration,1,turning tacit,1
dependence because,1,x it,1,logs without,1,integration if,1,tacit chat,1
they preserve,1,be resisted,1,without provenance,1,ship opaque,1,chat into,1
preserve attempts,1,resisted if,1,controls in,1,memory you,1,into structured,1
attempts and,1,it behaves,1,in that,1,ll likely,1,structured reviewable,1
and details,1,an assistant,1,that world,1,likely get,1,reviewable artifacts,1
details great,1,assistant that,1,world isolation,1,get usage,1,artifacts if,1
debugging resume,1,that points,1,a safety,1,usage because,1,share where,1
resume risky,1,points to,1,safety feature,1,s convenient,1,where your,1
risky as,1,sources adr,1,feature strongest,1,also frequent,1,your teams,1
context unless,1,adr says,1,for continuity,1,frequent second,1,teams keep,1
is intent,1,says x,1,continuity re,1,second guessing,1,keep architecture,1
validated where,1,x last,1,briefing and,1,guessing and,1,architecture truth,1
this leaves,1,confirmed may,1,and rediscovering,1,and double,1,truth today,1
leaves you,1,may it,1,rediscovering are,1,double work,1,today adrs,1
you practical,1,be used,1,are compounding,1,work verify,1,in repo,1
practical synthesis,1,used it,1,compounding waste,1,verify everything,1,repo vs,1
synthesis if,1,it validates,1,waste teams,1,everything which,1,vs confluence,1
want continuity,1,validates the,1,teams need,1,which caps,1,confluence vs,1
continuity without,1,the transparency,1,need institutional,1,caps value,1,vs tickets,1
without rut,1,transparency first,1,institutional memory,1,value what,1,tickets i,1
staleness curated,1,first doc,1,memory enterprise,1,means for,1,the lightest,1
default baseline,1,doc centric,1,projects have,1,for implementation,1,lightest weight,1
baseline vector,1,centric architecture,1,have durable,1,implementation choices,1,weight promotion,1
store as,1,architecture users,1,durable constraints,1,choices make,1,promotion export,1
demand evidence,1,are implicitly,1,decisions that,1,memory auditable,1,export flow,1
evidence if,1,implicitly telling,1,that don,1,auditable every,1,matches that,1
memory transparent,1,telling you,1,t live,1,memory based,1,that reality,1
transparent and,1,you the,1,live in,1,based statement,1,reality strongest,1
and drift,1,the winning,1,code repeating,1,statement should,1,for isolation,1
aware in,1,winning design,1,repeating onboarding,1,should come,1,isolation isolation,1
v1 favor,1,design constraints,1,onboarding every,1,come with,1,safest default,1
favor isolation,1,constraints inspectable,1,session costs,1,citations docs,1,default because,1
isolation or,1,inspectable editable,1,costs real,1,adrs prs,1,it avoids,1
or baseline,1,editable memory,1,real time,1,prs commits,1,avoids confidently,1
baseline only,1,like notes,1,re learning,1,commits tickets,1,confidently wrong,1
only continuity,1,notes provenance,1,learning prior,1,tickets memory,1,wrong carryover,1
continuity rather,1,provenance citations,1,prior findings,1,memory ui,1,carryover developers,1
than full,1,citations where,1,findings repeats,1,ui should,1,developers can,1
full automatic,1,did this,1,repeats expensive,1,should show,1,can recover,1
automatic cross,1,this come,1,investigations continuity,1,i used,1,recover quickly,1
cross session,1,from versioning,1,continuity makes,1,used and,1,quickly from,1
session recall,1,versioning supersession,1,assistant act,1,allow mark,1,from missing,1
recall isolation,1,supersession what,1,act like,1,mark wrong,1,missing context,1
is lowest,1,since last,1,a teammate,1,wrong superseded,1,context they,1
lowest risk,1,month easy,1,teammate who,1,superseded make,1,brief but,1
misleading but,1,easy correction,1,who knows,1,owned the,1,they lose,1
but highest,1,correction so,1,s norms,1,the canonical,1,lose time,1
highest cost,1,so memory,1,norms and,1,canonical layer,1,trust when,1
cost in,1,memory improves,1,and rationale,1,layer should,1,assistant silently,1
in repeated,1,improves over,1,rationale architecture,1,be editable,1,silently imports,1
onboarding and,1,time this,1,interaction continuity,1,artifacts project,1,imports stale,1
and most,1,matches structured,1,is curated,1,conventions ideally,1,stale decisions,1
most likely,1,authoritative vectors,1,curated inspectable,1,ideally in,1,decisions outdated,1
to miss,1,not vector,1,aware so,1,or in,1,apis or,1
miss hidden,1,vector black,1,it saves,1,system teams,1,or yesterday,1
hidden constraints,1,box as,1,saves time,1,teams already,1,s bad,1
security invariants,1,the brain,1,importing low,1,already trust,1,bad hypotheses,1
invariants unless,1,brain product,1,trust baggage,1,trust the,1,hypotheses and,1
unless users,1,product positioning,1,baggage how,1,ai should,1,and steers,1
users remember,1,positioning implication,1,how architecture,1,should propose,1,steers work,1
remember to,1,implication market,1,choice interacts,1,propose updates,1,work into,1
them if,1,market it,1,interacts with,1,updates via,1,rut isolation,1
do add,1,it less,1,with both,1,via prs,1,isolation also,1
add continuity,1,less as,1,curated lossy,1,prs rather,1,also keeps,1
continuity the,1,everything and,1,lossy helps,1,than silently,1,keeps the,1
the least,1,more as,1,continuity by,1,silently updating,1,system simpler,1
misleading option,1,decision log,1,by preserving,1,updating hidden,1,simpler to,1
option depends,1,that stays,1,preserving stable,1,hidden state,1,to reason,1
on what,1,stays current,1,stable intent,1,state keep,1,reason about,1
you mean,1,current ask,1,intent decisions,1,truth use,1,about and,1
by mislead,1,ai get,1,decisions cheaply,1,vectors to,1,and reduces,1
mislead but,1,get answers,1,cheaply and,1,to fetch,1,reduces compliance,1
but in,1,answers with,1,and transparently,1,fetch supporting,1,compliance audit,1
in typical,1,exact pr,1,transparently supports,1,let them,1,audit complexity,1
typical usage,1,adr doc,1,supports isolation,1,them assert,1,complexity strongest,1
usage likelihood,1,doc memory,1,concern by,1,assert decisions,1,continuity continuity,1
likelihood of,1,review what,1,by naturally,1,decisions without,1,continuity eliminates,1
misleading practical,1,do next,1,naturally discarding,1,canonical citation,1,eliminates compounding,1
practical ranking,1,next concrete,1,discarding noisy,1,citation emphasize,1,compounding overhead,1
ranking safest,1,concrete make,1,noisy buggy,1,emphasize recency,1,overhead and,1
safest isolation,1,memory default,1,buggy attempt,1,visible timestamps,1,and preserves,1
isolation fresh,1,to pointers,1,attempt trails,1,timestamps to,1,signal project,1
fresh sessions,1,pointers and,1,trails main,1,to address,1,knowledge that,1
sessions misleading,1,and citations,1,risk a,1,address staleness,1,that humans,1
risk low,1,citations here,1,a bad,1,staleness fears,1,humans shouldn,1
low no,1,relevant decision,1,bad summary,1,fears product,1,shouldn t,1
no stale,1,decision here,1,conclusion unless,1,product positioning,1,t have,1
memory injected,1,the evidence,1,unless editable,1,positioning takeaway,1,have to,1
injected failure,1,evidence require,1,vectors high,1,takeaway market,1,restate across,1
mode omission,1,require higher,1,high recall,1,market and,1,across weeks,1
omission generic,1,higher confidence,1,recall potentially,1,design project,1,weeks months,1
generic advice,1,confidence to,1,potentially opaque,1,as devmate,1,months repeated,1
advice misses,1,to assert,1,opaque helps,1,remembers where,1,repeated onboarding,1
misses local,1,assert if,1,when used,1,where things,1,onboarding wastes,1
local constraints,1,not backed,1,used for,1,things are,1,wastes significant,1
constraints next,1,by an,1,as hidden,1,are and,1,significant engineering,1
next safest,1,artifact or,1,hidden steering,1,what we,1,engineering time,1
safest curated,1,approval label,1,steering amplifies,1,decided with,1,and causes,1
with guardrails,1,unconfirmed provide,1,amplifies isolation,1,links not,1,causes errors,1
summaries become,1,provide ux,1,it retrieves,1,not devmate,1,errors by,1
become safer,1,ux to,1,retrieves raw,1,truth that,1,by omission,1
safer than,1,promote facts,1,or stale,1,that aligns,1,omission forgot,1
than vectors,1,facts into,1,stale snippets,1,what your,1,forgot to,1
vectors when,1,durable docs,1,snippets by,1,your users,1,to mention,1
they are,1,docs adr,1,default rut,1,users are,1,mention the,1
are user,1,adr readme,1,staleness main,1,are telling,1,the one,1
confirmed no,1,readme so,1,risk silent,1,telling you,1,one critical,1
silent promotion,1,like their,1,silent semantically,1,you they,1,critical constraint,1
promotion to,1,notes net,1,semantically relevant,1,savings of,1,constraint continuity,1
to truth,1,net users,1,but invalid,1,of memory,1,continuity lets,1
truth source,1,a productivity,1,invalid context,1,want verification,1,lets the,1
cited linked,1,productivity feature,1,context unless,1,verification and,1,assistant behave,1
file not,1,feature but,1,validated net,1,and control,1,behave like,1
ai said,1,re warning,1,net the,1,control before,1,a senior,1
said so,1,warning you,1,the working,1,before they,1,teammate consistent,1
so versioned,1,you that,1,working recommendation,1,ll grant,1,consistent with,1
supersedable repo,1,that trust,1,recommendation you,1,grant it,1,with team,1
conflict checked,1,trust must,1,ve converged,1,it authority,1,team conventions,1
checked if,1,be earned,1,converged toward,1,authority why,1,conventions aware,1
if code,1,earned through,1,toward keep,1,the feedback,1,aware of,1
code contradicts,1,through transparency,1,on continuity,1,feedback loop,1,of architectural,1
contradicts memory,1,transparency and,1,continuity limited,1,loop happens,1,and able,1
memory prompt,1,governance not,1,limited to,1,model both,1,able to,1
prompt without,1,not assumed,1,to typed,1,both forms,1,to resume,1
without those,1,assumed yes,1,typed curated,1,forms a,1,resume work,1
those guardrails,1,model both,1,items all,1,and writes,1,without ceremony,1
be highly,1,both forms,1,all time,1,writes the,1,ceremony how,1
highly misleading,1,forms the,1,user editable,1,query it,1,architecture interacts,1
misleading because,1,the query,1,editable keep,1,will tend,1,interacts with,1
single hallucinated,1,query and,1,attempts transcripts,1,tend to,1,with each,1
hallucinated compressed,1,and chooses,1,transcripts out,1,retrieve items,1,each argument,1
compressed decision,1,chooses what,1,of default,1,that confirm,1,argument if,1
decision can,1,to read,1,context allow,1,confirm that,1,choose isolation,1
can bias,1,read you,1,allow on,1,that hypothesis,1,only pros,1
bias many,1,can get,1,demand retrieval,1,hypothesis similarity,1,pros amplified,1
many future,1,get closed,1,checks provide,1,similarity search,1,amplified no,1
future sessions,1,closed loop,1,mode so,1,search amplifies,1,on stale,1
sessions riskiest,1,loop rag,1,can choose,1,amplifies this,1,stale buggy,1
riskiest by,1,rag it,1,choose when,1,this then,1,buggy history,1
default vector,1,it keeps,1,when they,1,then use,1,history fewer,1
store with,1,keeps retrieving,1,want reset,1,use those,1,fewer opaque,1
with automatic,1,retrieving what,1,reset vs,1,those items,1,it do,1
automatic retrieval,1,what matches,1,vs recall,1,to become,1,do that,1
retrieval misleading,1,matches its,1,recall misleading,1,become even,1,that moments,1
risk higher,1,its current,1,misleading risk,1,even more,1,moments easier,1
higher because,1,current story,1,risk comes,1,confident this,1,easier governance,1
surface plausible,1,story which,1,comes from,1,is especially,1,governance cons,1
plausible but,1,which makes,1,from two,1,especially bad,1,cons amplified,1
but stale,1,the story,1,two variables,1,bad with,1,amplified re,1
stale or,1,story feel,1,variables how,1,with stale,1,tax becomes,1
or context,1,feel more,1,how likely,1,history it,1,becomes chronic,1
context inappropriate,1,more confirmed,1,likely the,1,it proves,1,chronic constraints,1
inappropriate snippets,1,confirmed here,1,how easy,1,proves itself,1,constraints decisions,1
snippets and,1,here are,1,easy it,1,using outdated,1,decisions get,1
model may,1,are concrete,1,a developer,1,outdated evidence,1,get inconsistently,1
may restate,1,concrete ways,1,developer to,1,evidence design,1,inconsistently applied,1
as current,1,ways to,1,to notice,1,design patterns,1,applied more,1
current facts,1,to break,1,notice and,1,patterns that,1,more repeated,1
facts it,1,break that,1,and correct,1,that break,1,repeated exploration,1
becomes much,1,that loop,1,correct it,1,break self,1,exploration if,1
much safer,1,loop you,1,it relative,1,self bias,1,via summaries,1
safer if,1,can mix,1,relative likelihood,1,bias practical,1,summaries lossy,1
you constrain,1,mix several,1,likelihood to,1,practical mechanisms,1,lossy editable,1
constrain it,1,several don,1,mislead typical,1,mechanisms separate,1,editable helps,1
it to,1,let a,1,typical case,1,separate canonical,1,argument captures,1
to evidence,1,single retrieval,1,case isolation,1,canonical context,1,captures intent,1
evidence mode,1,retrieval path,1,isolation no,1,context from,1,constraints in,1
mode retrieve,1,path control,1,no cross,1,from hypothesis,1,reviewable artifact,1
retrieve verbatim,1,control the,1,memory least,1,hypothesis driven,1,artifact avoids,1
verbatim text,1,prompt multi,1,t introduce,1,driven evidence,1,avoids importing,1
text snippets,1,multi channel,1,introduce persistent,1,evidence auto,1,importing messy,1
branch apply,1,channel retrieval,1,persistent stale,1,only the,1,messy low,1
filters main,1,with independent,1,or fabricated,1,constraints because,1,level attempts,1
main branch,1,independent objectives,1,fabricated facts,1,stable and,1,attempts by,1
branch recent,1,objectives authoritative,1,facts missing,1,reviewable treat,1,default feeds,1
recent window,1,authoritative channel,1,is obvious,1,treat vector,1,risk a,1
window module,1,channel small,1,user supplies,1,truth and,1,wrong outdated,1
superseded require,1,small decisions,1,supplies it,1,it behind,1,outdated summary,1
require repo,1,conventions curated,1,it cost,1,a retrieval,1,summary becomes,1
before turning,1,versioned always,1,cost you,1,retrieval step,1,becomes an,1
turning retrieved,1,always included,1,you lose,1,step with,1,an authoritative,1
evidence into,1,included not,1,lose institutional,1,with controls,1,authoritative handbook,1
a recommendation,1,not similarity,1,knowledge unless,1,citations this,1,handbook lie,1
recommendation so,1,similarity searched,1,re enters,1,s ability,1,lie that,1
so vectors,1,searched evidence,1,enters it,1,ability to,1,that misguides,1
vectors aren,1,evidence channel,1,it or,1,silently steer,1,misguides broadly,1
t inherently,1,channel semantic,1,or you,1,steer itself,1,broadly unless,1
inherently worse,1,semantic vectors,1,you pull,1,using raw,1,have provenance,1
worse un,1,but gated,1,pull it,1,history ground,1,provenance review,1
un gated,1,cited change,1,it from,1,ground retrieval,1,review and,1
gated unverified,1,change channel,1,from repo,1,retrieval in,1,supersession if,1
unverified vector,1,channel temporal,1,docs best,1,in objective,1,via vectors,1
key design,1,temporal what,1,best when,1,objective current,1,vectors high,1
principle claims,1,since x,1,when correctness,1,current signals,1,capacity opaque,1
claims need,1,x recent,1,correctness trust,1,signals not,1,opaque unless,1
need receipts,1,recent commits,1,is paramount,1,just semantic,1,unless instrumented,1
receipts the,1,commits prs,1,paramount and,1,semantic similarity,1,instrumented helps,1
system misleads,1,docs regardless,1,provide strong,1,similarity require,1,argument great,1
misleads users,1,of semantic,1,controls curated,1,require retrieval,1,great at,1
users when,1,semantic similarity,1,summaries reviewed,1,retrieval queries,1,at resurfacing,1
it turns,1,similarity this,1,reviewed editable,1,queries to,1,resurfacing exact,1
turns memory,1,this ensures,1,statused next,1,to include,1,traces past,1
into uncited,1,ensures what,1,next least,1,include hard,1,past snippets,1
assertions reduce,1,true now,1,why high,1,filters derived,1,needed reduces,1
reduce misleading,1,now can,1,high inspectability,1,from the,1,reduces re,1
misleading behavior,1,can interrupt,1,inspectability developers,1,workspace repo,1,re explaining,1
behavior by,1,interrupt what,1,developers can,1,module scope,1,explaining and,1
by enforcing,1,what seemed,1,can read,1,scope branch,1,and where,1
enforcing cite,1,seemed relevant,1,read patch,1,commit window,1,we discuss,1
cite able,1,relevant before,1,patch the,1,window or,1,discuss x,1
able memory,1,before force,1,you require,1,or current,1,x feeds,1
memory every,1,force diversity,1,confirmation save,1,current default,1,of stale,1
every remembered,1,diversity not,1,save this,1,branch only,1,irrelevant failed,1
remembered fact,1,just top,1,decision you,1,only file,1,attempts can,1
fact decision,1,k similarity,1,you drastically,1,paths and,1,ruts and,1
decision must,1,similarity similarity,1,drastically reduce,1,and symbols,1,subtle misguidance,1
must point,1,similarity top,1,reduce hallucinated,1,symbols present,1,misguidance without,1
an artifact,1,k is,1,hallucinated decision,1,present now,1,without show,1
file or,1,is inherently,1,decision risk,1,now imports,1,retrieved it,1
or be,1,inherently reinforcing,1,risk main,1,imports class,1,it feels,1
be labeled,1,reinforcing add,1,main failure,1,class function,1,feels black,1
labeled uncited,1,add mmr,1,failure a,1,function names,1,and hard,1
as low,1,mmr diversification,1,wrong summary,1,names recency,1,correct the,1
low confidence,1,diversification reduce,1,level constraint,1,decay if,1,the interaction,1
confidence repo,1,reduce near,1,everything unless,1,a retrieved,1,interaction takeaway,1
repo disagrees,1,near duplicate,1,unless it,1,retrieved item,1,takeaway isolation,1
disagrees the,1,duplicate hits,1,b linked,1,item references,1,guarantee memory,1
assistant asks,1,hits quota,1,to sources,1,references files,1,quality control,1
asks rather,1,quota by,1,sources to,1,symbols that,1,control continuity,1
than asserts,1,by source,1,it truly,1,longer exist,1,when memory,1
asserts bottom,1,source type,1,truly low,1,exist on,1,is typed,1
line recommendation,1,type time,1,low mislead,1,on the,1,typed governable,1
recommendation least,1,time e,1,mislead store,1,branch downrank,1,governable time,1
misleading and,1,g at,1,store summaries,1,or label,1,aware and,1
and least,1,least recent,1,summaries as,1,label it,1,auditable architecture,1
least isolating,1,recent item,1,citations adr,1,it likely,1,architecture determines,1
isolating make,1,item at,1,issue links,1,stale this,1,determines which,1
default continuity,1,least different,1,and accepted,1,this makes,1,which failure,1
mechanism a,1,different subsystem,1,superseded vector,1,makes retrieval,1,mode dominates,1
curated user,1,subsystem at,1,retrieval especially,1,retrieval less,1,dominates summaries,1
editable baseline,1,least doc,1,especially over,1,less about,1,summaries rarer,1
baseline summaries,1,adr if,1,over chats,1,about the,1,rarer but,1
structured decisions,1,available freshness,1,chats most,1,s narrative,1,but higher,1
decisions where,1,freshness budget,1,mislead unless,1,and more,1,higher impact,1
each item,1,budget reserve,1,unless heavily,1,more about,1,impact wrong,1
item is,1,reserve tokens,1,heavily governed,1,about current,1,wrong canon,1
is confirmed,1,tokens for,1,governed why,1,current reality,1,canon vectors,1
confirmed cited,1,for newest,1,s easy,1,reality enforce,1,vectors frequent,1
cited use,1,newest relevant,1,to retrieve,1,enforce diversity,1,frequent low,1
a retrieval,1,relevant items,1,retrieve something,1,diversity and,1,level anchoring,1
retrieval index,1,items even,1,something topically,1,and disagreement,1,anchoring unless,1
index for,1,if similarity,1,topically similar,1,disagreement retrieval,1,unless gated,1
for evidence,1,similarity is,1,similar but,1,retrieval don,1,gated hybrid,1
a silent,1,is slightly,1,but now,1,t retrieve,1,continuity benefits,1
silent source,1,slightly lower,1,now false,1,k most,1,benefits with,1
and verify,1,lower add,1,false staleness,1,and call,1,with isolation,1
against current,1,a contradiction,1,often enters,1,call it,1,isolation like,1
state before,1,contradiction set,1,enters the,1,it done,1,like safety,1
suggesting code,1,set on,1,model as,1,done add,1,safety default,1
code that,1,on purpose,1,as context,1,second objective,1,on canonical,1
that combination,1,purpose for,1,with unclear,1,objective diversity,1,retrieval if,1
combination minimizes,1,for nontrivial,1,unclear authority,1,retrieval e,1,one sentence,1
minimizes both,1,nontrivial tasks,1,authority even,1,g mmr,1,sentence decision,1
both classes,1,tasks retrieve,1,the retrieved,1,mmr clustering,1,rule ship,1
classes of,1,retrieve two,1,retrieved text,1,clustering ensure,1,continuity only,1
misleading hallucinated,1,two sets,1,text was,1,ensure results,1,make what,1
hallucinated canon,1,sets support,1,was once,1,results span,1,what loads,1
canon bad,1,items that,1,once true,1,span different,1,default be,1
summaries and,1,that match,1,true it,1,different sources,1,be small,1
stale resurrection,1,current hypothesis,1,it may,1,sources timeframes,1,small verified,1
resurrection unchecked,1,hypothesis challenge,1,not match,1,timeframes modules,1,verified editable,1
unchecked vectors,1,items likely,1,match today,1,modules contradiction,1,editable and,1
vectors while,1,to conflict,1,code mitigations,1,contradiction retrieval,1,and time,1
still reducing,1,conflict different,1,mitigations that,1,retrieval explicitly,1,scoped otherwise,1
reducing re,1,different approach,1,that change,1,explicitly fetch,1,otherwise stick,1
briefing that,1,approach newer,1,change this,1,fetch nearby,1,stick to,1
that split,1,versions deprecated,1,this ranking,1,nearby but,1,to isolation,1
split want,1,notices alternative,1,ranking only,1,but different,1,isolation direct,1
memory trust,1,adrs then,1,only vectorize,1,different items,1,direct ranking,1
their own,1,then instruct,1,vectorize durable,1,superseded adrs,1,ranking misleading,1
own notes,1,instruct the,1,issues enforce,1,adrs alternative,1,risk isolation,1
notes says,1,model to,1,enforce metadata,1,alternative approaches,1,only least,1
want reduced,1,reconcile or,1,time validate,1,approaches postmortems,1,least likely,1
reduced friction,1,a question,1,against head,1,postmortems that,1,mislead it,1
friction not,1,question this,1,head and,1,that refute,1,be unhelpful,1
an authoritative,1,most direct,1,and always,1,refute a,1,unhelpful inefficient,1
authoritative brain,1,direct antidote,1,show citations,1,a common,1,inefficient but,1
brain they,1,antidote to,1,citations without,1,common assumption,1,it rarely,1
re asking,1,to self,1,without these,1,assumption then,1,rarely plants,1
for stop,1,self confirmation,1,these it,1,then present,1,plants a,1
making me,1,confirmation time,1,the riskiest,1,present primary,1,wrong fact,1
me restate,1,time validity,1,riskiest so,1,primary memories,1,fact in,1
than be,1,old frames,1,so which,1,memories potentially,1,user s,1
the single,1,frames can,1,is less,1,potentially conflicting,1,s head,1
single source,1,t dominate,1,mislead overall,1,conflicting superseded,1,head because,1
for architecture,1,dominate make,1,overall strictly,1,superseded memories,1,it isn,1
architecture so,1,retrieval score,1,strictly speaking,1,memories this,1,t importing,1
so project,1,score depend,1,speaking isolation,1,this prevents,1,importing hidden,1
like autocomplete,1,on status,1,isolation if,1,prevents a,1,context curated,1
autocomplete for,1,deprecated last_confirmed_at,1,continuity with,1,single framing,1,user approved,1
for context,1,last_confirmed_at decay,1,minimal misleading,1,framing from,1,approved summaries,1
context and,1,decay commit,1,misleading curated,1,from monopolizing,1,adrs next,1
fast index,1,branch scope,1,approved source,1,monopolizing context,1,next safest,1
index into,1,scope match,1,source linked,1,make retrieval,1,safest they,1
into artifacts,1,match current,1,linked summaries,1,retrieval inspectable,1,wrong via,1
artifacts not,1,current work,1,adrs with,1,user steerable,1,via compression,1
hidden oracle,1,work old,1,with decay,1,steerable add,1,compression but,1
oracle trust,1,be shown,1,review are,1,a lightweight,1,auditable and,1
gating constraint,1,shown as,1,are usually,1,lightweight memory,1,correctable text,1
not demand,1,history but,1,usually safer,1,items title,1,text diff,1
demand you,1,they shouldn,1,safer than,1,date status,1,diff owner,1
have permission,1,steer by,1,than broad,1,status source,1,owner links,1
build memory,1,default split,1,broad vector,1,superseded adjust,1,links the,1
not permission,1,split planner,1,recall vectors,1,adjust time,1,be proposed,1
it silently,1,planner and,1,be safe,1,range allow,1,proposed and,1
silently decisive,1,and retriever,1,safe ish,1,allow editing,1,and approved,1
decisive if,1,retriever reduce,1,ish only,1,editing the,1,approved not,1
ship always,1,reduce single,1,when treated,1,query facets,1,auto canonized,1
transparency citations,1,single model,1,checks not,1,facets only,1,canonized always,1
and correction,1,model echo,1,as invisible,1,only from,1,on vector,1
correction tools,1,echo use,1,memory practical,1,from last,1,raw history,1
tools you,1,use a,1,recommendation fail,1,last weeks,1,history most,1
ll trigger,1,a lightweight,1,safe default,1,weeks only,1,most likely,1
trigger the,1,lightweight deterministic,1,default memory,1,only adrs,1,mislead unless,1
the exact,1,deterministic retriever,1,outcomes explicitly,1,adrs only,1,unless heavily,1
exact distrust,1,retriever policy,1,explicitly visible,1,only this,1,heavily governed,1
distrust your,1,policy or,1,editable vectors,1,service this,1,governed even,1
survey surfaced,1,or separate,1,vectors on,1,gives users,1,if each,1
surfaced the,1,separate model,1,demand evidence,1,users sovereignty,1,each retrieved,1
the winning,1,model that,1,evidence cited,1,sovereignty over,1,retrieved snippet,1
winning design,1,that builds,1,branch filtered,1,over the,1,snippet is,1
design is,1,builds multiple,1,filtered never,1,the loop,1,real it,1
receipts low,1,multiple candidate,1,silently treated,1,loop and,1,be stale,1
trust implies,1,candidate queries,1,when uncertain,1,and makes,1,stale out,1
implies users,1,queries architecture,1,uncertain the,1,makes bias,1,out of,1
need provenance,1,architecture terms,1,should ask,1,bias correctable,1,of scope,1
provenance where,1,terms file,1,ask this,1,correctable use,1,scope or,1
did this,1,file paths,1,from last,1,use multi,1,or low,1
this come,1,paths error,1,month still,1,multi pass,1,and similarity,1
from adr,1,error strings,1,the refactor,1,pass retrieval,1,search will,1
file chat,1,strings ticket,1,refactor rather,1,a neutralization,1,will surface,1
chat when,1,ticket ids,1,than asserting,1,neutralization step,1,surface plausible,1
when which,1,ids applies,1,asserting if,1,step before,1,plausible but,1
which branch,1,applies fixed,1,target default,1,before retrieving,1,but wrong,1
commit inspectability,1,fixed gating,1,default fresh,1,retrieving force,1,wrong context,1
inspectability a,1,rules the,1,your governance,1,force a,1,context frequently,1
readable memory,1,the generation,1,governance constraints,1,a brief,1,frequently without,1
page they,1,generation model,1,retention audit,1,brief problem,1,strong provenance,1
can scan,1,model then,1,audit export,1,problem statement,1,provenance display,1
scan edit,1,then reasons,1,export i,1,statement normalization,1,display it,1
supersede easy,1,reasons over,1,recommend the,1,normalization that,1,misleads subtly,1
easy correction,1,over retrieved,1,exact default,1,less opinionated,1,subtly important,1
correction when,1,retrieved material,1,default policy,1,opinionated than,1,important nuance,1
when reality,1,material but,1,types must,1,current hypothesis,1,nuance vectors,1
reality changes,1,t silently,1,be opt,1,hypothesis pass,1,vectors aren,1
changes repo,1,silently narrow,1,in two,1,pass a,1,aren t,1
repo priority,1,narrow the,1,two things,1,a query,1,t inherently,1
priority current,1,the world,1,things are,1,from user,1,inherently worse,1
code wins,1,world to,1,are simultaneously,1,user s,1,worse defaulting,1
conflicts this,1,to what,1,simultaneously true,1,s request,1,defaulting is,1
this strongly,1,it already,1,true in,1,request code,1,is vectors,1
strongly favors,1,already believes,1,your data,1,code symbols,1,become much,1
favors curated,1,believes make,1,data want,1,symbols pass,1,much less,1
default with,1,retrieval visible,1,want memory,1,pass b,1,less misleading,1
vectors used,1,user governable,1,the pain,1,b query,1,misleading if,1
evidence positioning,1,governable break,1,pain is,1,a neutral,1,they are,1
positioning ai,1,break the,1,real re,1,neutral summary,1,week commit,1
ai augments,1,loop socially,1,briefing costs,1,summary of,1,time filtered,1
augments your,1,socially because,1,costs time,1,task implement,1,filtered authority,1
your notes,1,because your,1,and institutional,1,implement oauth,1,authority ranked,1
notes beats,1,survey suggests,1,knowledge isn,1,oauth token,1,and shown,1
beats ai,1,suggests low,1,t readily,1,token refresh,1,user i,1
ai replaces,1,low trust,1,readily available,1,refresh in,1,excerpts at,1
replaces docs,1,trust in,1,available in,1,in service,1,vectors act,1
docs your,1,in ai,1,in session,1,x pass,1,act like,1
survey is,1,with why,1,session only,1,pass c,1,like search,1
is basically,1,why each,1,only would,1,c query,1,search not,1
basically telling,1,each item,1,would trust,1,query for,1,memory steering,1
telling you,1,item was,1,trust ai,1,for known,1,steering so,1
you to,1,was retrieved,1,over their,1,constraints adrs,1,so which,1
to message,1,retrieved one,1,notes users,1,adrs related,1,which approach,1
message it,1,click controls,1,users don,1,related to,1,approach should,1
remembers so,1,controls ignore,1,want devmate,1,to x,1,devmate choose,1
to re,1,this mark,1,devmate to,1,x merge,1,choose if,1
brief and,1,outdated pin,1,s epistemic,1,merge with,1,your goal,1
it links,1,pin as,1,epistemic authority,1,with diversity,1,goal is,1
links back,1,authoritative fresh,1,authority they,1,diversity recency,1,is minimize,1
to your,1,lets developers,1,they expect,1,scoring this,1,minimize misleading,1
docs code,1,developers correct,1,expect it,1,reduces my,1,misleading the,1
code not,1,correct the,1,be fallible,1,my first,1,safest practical,1
devmate becomes,1,loop immediately,1,fallible especially,1,first guess,1,practical posture,1
becomes your,1,immediately your,1,especially as,1,guess determines,1,posture is,1
architecture wiki,1,your strongest,1,evolves and,1,determines all,1,is default,1
wiki product,1,strongest practical,1,want control,1,all evidence,1,context canonical,1
product implications,1,practical control,1,control inspectability,1,evidence make,1,canonical editable,1
implications what,1,promote only,1,inspectability what,1,make fresh,1,editable summary,1
first a,1,only verified,1,that tells,1,eyes a,1,summary memory,1
a project,1,verified knowledge,1,you product,1,class retrieval,1,memory only,1
artifact editable,1,knowledge keep,1,product wise,1,policy for,1,only decisions,1
source linked,1,keep attempt,1,wise users,1,exploration tasks,1,conventions with,1
linked that,1,history decaying,1,continuity as,1,tasks default,1,vectors evidence,1
that loads,1,decaying self,1,an interface,1,code no,1,retrieval off,1
loads by,1,bias gets,1,to their,1,in include,1,off by,1
default a,1,gets worse,1,their existing,1,include prior,1,cited fallback,1
a why,1,worse when,1,existing sources,1,attempts that,1,fallback behavior,1
you think,1,raw attempts,1,sources of,1,a direct,1,behavior when,1
think that,1,attempts are,1,truth docs,1,direct reliable,1,uncertain ask,1
that citation,1,are always,1,prs tickets,1,reliable loop,1,question rather,1
citation ux,1,always retrievable,1,tickets runbooks,1,loop breaker,1,asserting this,1
ux on,1,retrievable default,1,runbooks their,1,breaker when,1,this preserves,1
answers confirm,1,default transcripts,1,notes not,1,when teams,1,preserves institutional,1
save for,1,transcripts ttl,1,hidden parallel,1,teams feel,1,knowledge while,1
for decisions,1,days only,1,parallel memory,1,feel stuck,1,s primary,1
conventions no,1,promoted records,1,memory trust,1,stuck how,1,primary failure,1
silent canonization,1,records decisions,1,trust hinges,1,ll know,1,mode closer,1
canonization promote,1,constraints confirmed,1,hinges on,1,know you,1,closer to,1
adr readme,1,fixes persist,1,on transparency,1,you ve,1,to it,1
readme pr,1,persist long,1,provenance where,1,ve solved,1,forgot asked,1
pr flows,1,term ideally,1,did this,1,solved it,1,asked than,1
flows so,1,citations approval,1,this come,1,it instrumentation,1,than it,1
repo remains,1,approval test,1,come from,1,instrumentation track,1,wrong the,1
remains the,1,test for,1,from how,1,track retrieval,1,the gap,1
record in,1,for feedback,1,how old,1,retrieval repetition,1,gap want,1
in short,1,feedback loops,1,old is,1,repetition rate,1,would trust,1
short users,1,loops explicitly,1,can i,1,rate same,1,over their,1
users are,1,explicitly so,1,i edit,1,same few,1,their notes,1
are asking,1,not theoretical,1,edit delete,1,few memories,1,notes signals,1
but they,1,theoretical add,1,it memory,1,memories dominate,1,signals three,1
re also,1,add evals,1,be framed,1,dominate confirmation,1,three things,1
also warning,1,evals that,1,framed and,1,confirmation skew,1,things memory,1
warning you,1,that measure,1,and designed,1,skew how,1,memory demand,1
you that,1,measure retrieval,1,designed as,1,how often,1,demand is,1
that continuity,1,inertia how,1,as assistive,1,often retrieved,1,is about,1
be governable,1,how often,1,assistive recall,1,items match,1,about workflow,1
governable and,1,often the,1,recall doc,1,match the,1,workflow friction,1
and verifiable,1,same items,1,doc upkeep,1,s initial,1,friction not,1
verifiable or,1,items reappear,1,ai knows,1,initial plan,1,not epistemic,1
or it,1,reappear across,1,project implications,1,plan vs,1,epistemic authority,1
be trusted,1,across sessions,1,implications for,1,vs introduce,1,authority users,1
trusted you,1,sessions staleness,1,ux make,1,introduce constraints,1,users mostly,1
you prevent,1,staleness rate,1,default persistent,1,constraints alternatives,1,mostly want,1
prevent ai,1,rate fraction,1,persistent layer,1,alternatives user,1,want faster,1
ai biasing,1,fraction of,1,layer human,1,user corrections,1,faster session,1
biasing itself,1,of retrieved,1,readable and,1,corrections exclude,1,start less,1
itself by,1,retrieved items,1,user owned,1,exclude supersede,1,less repeated,1
making retrieval,1,items older,1,owned project,1,supersede and,1,repeated explanation,1
retrieval less,1,than the,1,adrs in,1,and whether,1,explanation continuity,1
less model,1,code they,1,or an,1,whether the,1,continuity of,1
model opinionated,1,they affect,1,an editable,1,system adapts,1,of constraints,1
opinionated more,1,affect contradiction,1,project file,1,adapts if,1,conventions they,1
more rule,1,contradiction coverage,1,file with,1,retrieval consistently,1,they do,1
rule structure,1,coverage whether,1,you use,1,consistently pulls,1,want the,1
structure driven,1,whether challenge,1,vectors use,1,pulls the,1,ai to,1
driven and,1,set retrieval,1,use them,1,same cluster,1,become the,1
always auditable,1,is finding,1,filters like,1,cluster regardless,1,canonical source,1
auditable and,1,finding conflicts,1,like time,1,regardless of,1,truth they,1
correctable don,1,conflicts user,1,as opaque,1,of task,1,they expect,1
t let,1,user overrides,1,opaque background,1,task you,1,expect it,1
generator be,1,overrides frequency,1,background context,1,have a,1,be helpful,1
the retriever,1,frequency of,1,context add,1,a loop,1,but fallible,1
retriever split,1,of outdated,1,add explicit,1,loop net,1,fallible trust,1
split the,1,ignore actions,1,explicit controls,1,net the,1,is conditional,1
system into,1,actions a,1,controls save,1,the rule,1,conditional and,1
into roles,1,a leading,1,save confirm,1,rule of,1,and currently,1
roles retriever,1,leading indicator,1,supersede deprecate,1,of thumb,1,currently capped,1
retriever deterministic,1,indicator suggested,1,deprecate fresh,1,thumb let,1,capped by,1
deterministic policy,1,suggested default,1,and show,1,model ask,1,by opacity,1
policy driven,1,default policy,1,show what,1,ask for,1,and error,1
driven minimally,1,a crisp,1,memory influenced,1,let it,1,error fear,1
minimally generative,1,crisp stance,1,answer what,1,it be,1,fear the,1
generative or,1,stance always,1,d do,1,the sole,1,the who,1
a smaller,1,include curated,1,do next,1,sole judge,1,who won,1
smaller constrained,1,for vectors,1,next to,1,judge of,1,t trust,1
constrained model,1,vectors retrieve,1,validate the,1,s relevant,1,notes are,1
model generator,1,retrieve diversified,1,the interpretation,1,relevant or,1,are implicitly,1
generator writes,1,k recent,1,interpretation re,1,or true,1,implicitly worried,1
writes the,1,recent change,1,re run,1,true constrain,1,worried about,1
answer using,1,change item,1,run the,1,constrain with,1,about staleness,1
using retrieved,1,item if,1,the trust,1,with current,1,staleness as,1
retrieved context,1,if authoritative,1,trust question,1,code signals,1,codebase changes,1
context this,1,and evidence,1,question after,1,signals require,1,changes misremembered,1
loop where,1,evidence disagree,1,after showing,1,require diversity,1,misremembered compressed,1
same model,1,disagree prefer,1,showing prototypes,1,diversity contradiction,1,compressed decisions,1
model that,1,prefer current,1,prototypes with,1,contradiction and,1,decisions inability,1
that formed,1,signals or,1,a editable,1,keep retrieval,1,inability to,1
formed a,1,user to,1,editable brief,1,retrieval visible,1,to verify,1
a hypothesis,1,me how,1,brief citations,1,controllable you,1,verify where,1
hypothesis chooses,1,how devmate,1,b opaque,1,can combine,1,a claim,1
chooses only,1,devmate is,1,opaque vector,1,combine them,1,claim came,1
only supportive,1,is deployed,1,recall if,1,them and,1,from the,1
supportive evidence,1,deployed ide,1,if trust,1,and done,1,of being,1
evidence use,1,web and,1,trust rises,1,done correctly,1,being misled,1
use typed,1,can cheaply,1,rises materially,1,correctly it,1,misled vs,1
retrieval budgets,1,cheaply read,1,materially only,1,it reduces,1,vs the,1
budgets per,1,read git,1,only in,1,reduces net,1,of re,1
per type,1,git history,1,a you,1,net failure,1,briefing so,1
type not,1,history pr,1,ve confirmed,1,failure not,1,so they,1
not one,1,pr metadata,1,confirmed that,1,not doubles,1,they want,1
one big,1,metadata at,1,that users,1,doubles it,1,with verification,1
big semantic,1,at runtime,1,want governed,1,it because,1,hooks not,1
semantic search,1,runtime i,1,not remember,1,because each,1,oracle product,1
search define,1,suggest a,1,prevent the,1,each layer,1,product implication,1
memory classes,1,concrete retrieval,1,ai biasing,1,layer covers,1,implication ship,1
classes with,1,retrieval budget,1,biasing itself,1,covers the,1,ship assistive,1
default behavior,1,budget and,1,itself by,1,the other,1,assistive memory,1
behavior canonical,1,and exact,1,by treating,1,other s,1,with receipts,1
canonical high,1,exact gating,1,treating retrieval,1,s weaknesses,1,receipts not,1
authority low,1,rules you,1,retrieval as,1,weaknesses it,1,authoritative memory,1
low volume,1,can and,1,governed system,1,only doubles,1,memory what,1
volume adrs,1,and usually,1,system component,1,doubles failure,1,what this,1
map retrieval,1,usually should,1,component not,1,modes if,1,should drive,1
retrieval always,1,should combine,1,an implicit,1,you let,1,drive in,1
always fetch,1,them it,1,implicit side,1,let both,1,your design,1
fetch by,1,to double,1,side effect,1,both layers,1,design memory,1
by key,1,double failure,1,effect of,1,layers act,1,is inspectable,1
key service,1,modes if,1,of generation,1,act as,1,inspectable editable,1
module latest,1,the combination,1,generation concretely,1,as authoritative,1,editable a,1
latest active,1,combination as,1,concretely reduce,1,authoritative by,1,layer every,1
active version,1,as division,1,reduce circularity,1,default when,1,remembered claim,1
version evidence,1,division of,1,circularity increase,1,when hybrid,1,claim is,1
evidence low,1,of responsibility,1,increase falsifiability,1,hybrid doesn,1,is source,1
authority high,1,responsibility not,1,falsifiability and,1,t double,1,linked code,1
high volume,1,not two,1,the human,1,double the,1,pr ticket,1
volume chats,1,two competing,1,human able,1,mess strict,1,ticket retrieved,1
chats debug,1,competing memories,1,able to,1,rules rule,1,context is,1
debug logs,1,memories when,1,to see,1,rule one,1,is shown,1
snippets retrieval,1,hybrid reduces,1,see override,1,one layer,1,shown why,1
for specific,1,reduces failure,1,override split,1,layer is,1,why i,1
specific intents,1,modes the,1,split the,1,canonical summaries,1,m saying,1
intents debug,1,the common,1,the pipeline,1,docs project,1,saying this,1
resume why,1,common case,1,pipeline retrieval,1,conventions are,1,this easy,1
cited as,1,case hybrid,1,not be,1,are the,1,easy correction,1
evidence this,1,hybrid is,1,be a,1,memory they,1,correction and,1
prevents exploratory,1,is better,1,single model,1,they are,1,and deletion,1
exploratory fragments,1,better when,1,model driven,1,reviewed rule,1,deletion tight,1
fragments from,1,you enforce,1,driven step,1,rule vectors,1,tight trust,1
from constantly,1,enforce a,1,step pattern,1,are evidence,1,trust repair,1
constantly re,1,authority rule,1,pattern retrieve,1,vector results,1,repair loop,1
re entering,1,rule summaries,1,retrieve inspect,1,results must,1,loop clear,1
entering normal,1,records are,1,inspect reason,1,be cited,1,clear hierarchy,1
normal coding,1,are authoritative,1,reason not,1,cited time,1,hierarchy docs,1
coding answers,1,authoritative decisions,1,not reason,1,stamped scoped,1,code are,1
answers constrain,1,fixes vectors,1,reason retrieve,1,context the,1,are authoritative,1
constrain retrieval,1,are non,1,retrieve whatever,1,assistant shouldn,1,authoritative ai,1
with non,1,authoritative evidence,1,whatever supports,1,t claim,1,ai memory,1
non semantic,1,evidence details,1,supports it,1,claim we,1,memory summarizes,1
semantic filters,1,details transcripts,1,it two,1,x from,1,summarizes and,1
first before,1,transcripts examples,1,two model,1,from vectors,1,and navigates,1
before embeddings,1,examples always,1,model two,1,vectors unless,1,navigates them,1
embeddings similarity,1,cited this,1,two pass,1,unless it,1,them practical,1
hard gates,1,prevents vectors,1,pass separation,1,can point,1,practical read,1
gates that,1,vectors from,1,separation or,1,point to,1,read on,1
t depend,1,from silently,1,or strict,1,adr doc,1,on positioning,1
model s,1,silently steering,1,strict tool,1,doc pr,1,positioning market,1
s framing,1,steering architecture,1,tool policy,1,pr rule,1,market it,1
framing branch,1,architecture and,1,policy pass,1,rule different,1,as devmate,1
commit prefer,1,and prevents,1,pass a,1,different defaults,1,devmate keeps,1
prefer main,1,prevents summaries,1,a produce,1,defaults auto,1,keeps a,1
main or,1,summaries from,1,produce a,1,load spine,1,a working,1
user s,1,from needing,1,a retrieval,1,spine every,1,working project,1
s current,1,needing to,1,plan what,1,session do,1,brief so,1
branch recency,1,to encode,1,it needs,1,load vector,1,t re,1
windows and,1,encode every,1,needs decisions,1,vector history,1,re onboard,1
and explicit,1,every detail,1,decisions apis,1,history except,1,onboard it,1
explicit include,1,detail promotion,1,apis prior,1,except under,1,it every,1
older module,1,promotion pipeline,1,prior incidents,1,under explicit,1,every day,1
service tags,1,pipeline prevents,1,incidents retrieval,1,intent what,1,day not,1
tags status,1,prevents summary,1,retrieval engine,1,message with,1,not devmate,1
active vs,1,hallucination and,1,engine executes,1,with these,1,is your,1
vs superseded,1,and vector,1,executes with,1,these rules,1,your architecture,1
superseded doc,1,vector drift,1,filters time,1,rules hybrid,1,architecture brain,1
doc backed,1,drift vectors,1,rules below,1,hybrid reduces,1,brain this,1
backed vs,1,vectors store,1,below pass,1,two big,1,this survey,1
most self,1,store lots,1,pass b,1,big risks,1,survey result,1
self reinforcing,1,of raw,1,b generate,1,risks summaries,1,result is,1
reinforcing old,1,raw material,1,generate an,1,summaries being,1,is basically,1
but similar,1,material temporarily,1,an answer,1,too lossy,1,basically permission,1
similar pulls,1,temporarily only,1,answer using,1,lossy vectors,1,permission to,1
pulls force,1,promoted items,1,using only,1,vectors provide,1,to pursue,1
force diversity,1,items become,1,only cited,1,provide the,1,pursue continuity,1
diversity and,1,records ideally,1,cited retrieved,1,underlying detail,1,a convenience,1
and counterfactual,1,with user,1,retrieved items,1,detail when,1,convenience layer,1
counterfactual retrieval,1,approval citations,1,items current,1,needed vectors,1,layer with,1
retrieval instead,1,citations raw,1,repo facts,1,vectors being,1,transparency as,1
instead of,1,raw vectors,1,facts this,1,too stale,1,a core,1
of top,1,vectors decay,1,reduces the,1,stale noisy,1,requirement rather,1
top k,1,decay ttl,1,the i,1,noisy spine,1,than an,1
k nearest,1,ttl unless,1,retrieved it,1,spine constrains,1,optional nicety,1
nearest neighbors,1,promoted this,1,it because,1,constrains interpretation,1,nicety this,1
neighbors which,1,this narrows,1,because i,1,interpretation and,1,this feedback,1
which amplifies,1,narrows what,1,i already,1,and sets,1,feedback loop,1
amplifies one,1,mislead over,1,already believed,1,sets current,1,loop is,1
one framing,1,time time,1,believed it,1,truth what,1,real and,1
framing retrieve,1,scope metadata,1,it loop,1,what complexity,1,s one,1
a set,1,metadata everywhere,1,loop enforce,1,complexity you,1,main reasons,1
set k1,1,everywhere summaries,1,enforce retrieval,1,add and,1,reasons vectors,1
k1 most,1,summaries status,1,retrieval diversity,1,and how,1,vectors automatic,1
most similar,1,superseded last_confirmed,1,diversity and,1,it bounded,1,automatic retrieval,1
similar k2,1,last_confirmed scope,1,and contradiction,1,bounded you,1,ruts you,1
k2 most,1,scope module,1,contradiction not,1,you mainly,1,you prevent,1
most recent,1,module vectors,1,just relevance,1,mainly add,1,prevent it,1
recent relevant,1,vectors timestamp,1,relevance if,1,add metadata,1,by designing,1
relevant k3,1,timestamp commit,1,you only,1,discipline for,1,designing retrieval,1
k3 superseded,1,branch context,1,only optimize,1,for vector,1,retrieval as,1
superseded conflicting,1,context when,1,optimize for,1,vector items,1,controlled auditable,1
conflicting candidates,1,when possible,1,for semantic,1,items time,1,auditable subsystem,1
candidates k4,1,possible ttl,1,semantic similarity,1,commit scope,1,subsystem rather,1
k4 adjacent,1,keeps both,1,similarity you,1,status retrieval,1,than whatever,1
adjacent module,1,layers from,1,you maximize,1,policy when,1,whatever the,1
module candidates,1,from fossilizing,1,maximize confirmation,1,when to,1,model feels,1
candidates to,1,fossilizing when,1,bias add,1,vectors how,1,feels like,1
to catch,1,hybrid does,1,add retrieval,1,to score,1,like pulling,1
catch boundary,1,does double,1,retrieval constraints,1,score recency,1,pulling in,1
boundary mistakes,1,double complexity,1,constraints like,1,version compatibility,1,in separate,1
mistakes then,1,complexity and,1,like diversity,1,compatibility ui,1,separate roles,1
then instruct,1,avoid it,1,diversity quota,1,ui for,1,roles retrieval,1
instruct the,1,it it,1,quota e,1,for provenance,1,not be,1
generator to,1,becomes messy,1,g top,1,provenance show,1,be purely,1
to explicitly,1,messy if,1,top k,1,show memory,1,purely model,1
explicitly reconcile,1,if both,1,k must,1,used allow,1,model autonomous,1
reconcile conflicts,1,layers are,1,must span,1,supersede you,1,autonomous best,1
conflicts memory,1,truth causing,1,span artifact,1,it manageable,1,best practice,1
memory disagrees,1,causing contradictions,1,types adr,1,manageable by,1,practice split,1
disagrees here,1,contradictions with,1,pr runbook,1,by scoping,1,split into,1
here are,1,with no,1,runbook or,1,scoping vectors,1,into at,1
are the,1,no resolution,1,or time,1,vectors initially,1,least two,1
the sources,1,resolution rule,1,time buckets,1,initially to,1,two components,1
sources which,1,rule retrieval,1,buckets recent,1,to high,1,components retriever,1
is current,1,is uncontrolled,1,recent older,1,sources adrs,1,retriever policy,1
current require,1,uncontrolled and,1,older counter,1,incidents before,1,policy ranking,1
require claims,1,and dumps,1,counter retrieval,1,before ingesting,1,filters deterministic,1
claims with,1,dumps vector,1,retrieval explicitly,1,ingesting raw,1,deterministic ish,1
and downgrade,1,vector hits,1,explicitly pull,1,transcripts a,1,ish metadata,1
downgrade uncited,1,hits into,1,pull superseding,1,clean operating,1,metadata aware,1
assertions make,1,prompt users,1,items if,1,operating model,1,aware sha,1
a policy,1,see or,1,retrieve adr,1,model works,1,time authority,1
policy any,1,or correct,1,adr also,1,works well,1,authority budgeted,1
any answer,1,correct what,1,also retrieve,1,well in,1,budgeted logs,1
answer that,1,used avoid,1,retrieve any,1,practice spine,1,logs everything,1
that relies,1,avoid by,1,any adr,1,spine answers,1,everything generator,1
must include,1,by implementing,1,adr that,1,answers what,1,generator llm,1
include the,1,implementing three,1,that references,1,is true,1,llm uses,1
items used,1,three explicit,1,references supersedes,1,true here,1,uses retrieved,1
used timestamps,1,explicit mechanisms,1,adr or,1,here vectors,1,items but,1
branch authority,1,mechanisms conflict,1,or any,1,vectors answer,1,t decide,1
authority level,1,conflict resolution,1,any item,1,answer where,1,decide unilaterally,1
level adr,1,resolution policy,1,item with,1,where is,1,unilaterally what,1
adr vs,1,summary says,1,with status,1,the supporting,1,becomes context,1
chat if,1,says a,1,status deprecated,1,supporting detail,1,context let,1
model can,1,a and,1,deprecated superseded,1,detail if,1,model propose,1
t cite,1,and vectors,1,superseded alternative,1,it that,1,propose retrieval,1
cite it,1,vectors suggest,1,alternative hypothesis,1,that way,1,retrieval queries,1
it must,1,suggest b,1,hypothesis retrieval,1,way hybrid,1,queries but,1
must phrase,1,b prefer,1,retrieval force,1,hybrid is,1,system enforces,1
phrase as,1,prefer active,1,force at,1,robust path,1,enforces rules,1
a question,1,active summary,1,one retrieval,1,path better,1,rules about,1
question or,1,summary if,1,retrieval result,1,better continuity,1,about what,1
or hypothesis,1,is old,1,result that,1,continuity less,1,what can,1
hypothesis not,1,uncertain ask,1,that matches,1,behavior and,1,be returned,1
a fact,1,ask user,1,matches an,1,and better,1,returned and,1
fact this,1,or consult,1,an alternate,1,better user,1,s mixed,1
this breaks,1,consult current,1,alternate framing,1,trust than,1,mixed use,1
breaks the,1,code prs,1,framing e,1,than either,1,use typed,1
loop of,1,prs allow,1,g performance,1,either approach,1,memory authority,1
of hidden,1,supersede summary,1,performance vs,1,approach alone,1,authority gating,1
hidden reinforcement,1,summary with,1,vs correctness,1,alone decision,1,gating to,1
reinforcement verify,1,with evidence,1,correctness vs,1,decision do,1,reduce self,1
repo before,1,gating vectors,1,vs security,1,not remember,1,self reinforcement,1
before acting,1,used only,1,security angles,1,everything by,1,reinforcement make,1
acting on,1,only when,1,angles this,1,default continuity,1,the retriever,1
memory implies,1,when user,1,system less,1,worth shipping,1,retriever pull,1
implies something,1,asks for,1,to spiral,1,shipping because,1,pull from,1
something actionable,1,specifics what,1,spiral around,1,real but,1,from different,1
actionable use,1,was that,1,around one,1,must fail,1,different buckets,1
use fooclient,1,that stack,1,one story,1,curated current,1,buckets with,1
fooclient endpoint,1,trace or,1,story ground,1,current reviewable,1,different rules,1
endpoint is,1,a detail,1,ground retrieval,1,reviewable context,1,rules canonical,1
is v1,1,detail is,1,retrieval in,1,make messy,1,constraints adrs,1
v1 x,1,is required,1,in current,1,in architecture,1,adrs high,1
x check,1,required and,1,time feedback,1,architecture spine,1,eligible current,1
check symbol,1,be cited,1,feedback loops,1,spine canonical,1,doc facts,1
existence config,1,cited otherwise,1,loops worsen,1,store retrieval,1,facts highest,1
config dependency,1,otherwise default,1,worsen when,1,layering canonical,1,highest authority,1
dependency files,1,summaries current,1,when old,1,spine auto,1,authority prefer,1
files if,1,code observability,1,context looks,1,session purpose,1,prefer over,1
if mismatch,1,observability ui,1,looks as,1,purpose durable,1,chat exploration,1
mismatch stop,1,ui show,1,as valid,1,truths that,1,exploration chat,1
stop and,1,show used,1,valid as,1,that should,1,chat low,1
or pivot,1,used memory,1,as new,1,not depend,1,authority only,1
pivot to,1,with summary,1,new context,1,on chat,1,demand or,1
what exists,1,summary records,1,context require,1,recall artifacts,1,heavily down,1
exists now,1,records referenced,1,require every,1,artifacts stored,1,ranked this,1
now repo,1,referenced vector,1,branch ideally,1,as text,1,prevents yesterday,1
reality becomes,1,vector citations,1,ideally commit,1,text structured,1,s hypothesis,1
the external,1,citations source,1,hash apply,1,docs versioned,1,hypothesis from,1
external anchor,1,date one,1,apply freshness,1,versioned projectbrief,1,from out,1
anchor that,1,actions outdated,1,and automatic,1,or devmate,1,out competing,1
prevents memory,1,promote a,1,automatic needs,1,devmate brief,1,competing today,1
memory driven,1,practical implementation,1,flags as,1,brief md,1,code reality,1
driven spirals,1,implementation contract,1,time passes,1,md architecture,1,reality force,1
spirals give,1,contract simple,1,passes add,1,flows glossary,1,force diversity,1
users controls,1,simple mental,1,add cheap,1,glossary non,1,diversity in,1
that directly,1,mental model,1,cheap validity,1,negotiable constraints,1,in what,1
directly interrupt,1,model summaries,1,checks before,1,constraints current,1,gets retrieved,1
interrupt feedback,1,summaries decide,1,before allowing,1,focus adr,1,retrieved anti,1
feedback loops,1,decide they,1,allowing an,1,adr md,1,anti echo,1
loops fresh,1,answer what,1,an item,1,md decisions,1,echo tactics,1
mode no,1,what should,1,to steer,1,decisions with,1,tactics instead,1
no evidence,1,do and,1,generation referenced,1,with status,1,of top,1
retrieval canonical,1,why vectors,1,referenced file,1,superseded date,1,top k,1
only pin,1,vectors cite,1,file exists,1,owners links,1,k by,1
pin unpin,1,cite they,1,symbol still,1,links conventions,1,by similarity,1
unpin memory,1,where is,1,still resolves,1,md patterns,1,similarity do,1
memory for,1,exact detail,1,resolves config,1,patterns layering,1,do constrained,1
session user,1,detail proof,1,config key,1,rules error,1,constrained retrieval,1
user selects,1,proof if,1,key still,1,handling testing,1,retrieval such,1
selects what,1,you hold,1,still present,1,testing norms,1,such as,1
s relevant,1,hold that,1,present if,1,norms optional,1,as multi,1
relevant ignore,1,that line,1,fail the,1,optional constraints,1,multi query,1
item and,1,line hybrid,1,the item,1,constraints yaml,1,query retrieval,1
and mark,1,hybrid tends,1,as historical,1,yaml machine,1,retrieval generate,1
stale superseded,1,to reduce,1,historical context,1,machine readable,1,generate query,1
superseded show,1,reduce risk,1,context but,1,readable guards,1,query variants,1
show me,1,risk summaries,1,be downranked,1,guards no,1,variants different,1
you retrieved,1,summaries curb,1,or treated,1,no sync,1,different phrasing,1
retrieved before,1,curb rut,1,as non,1,sync calls,1,phrasing different,1
you answer,1,rut staleness,1,authoritative make,1,calls to,1,different angles,1
answer for,1,staleness vectors,1,make retrieval,1,to service,1,angles api,1
for sensitive,1,vectors reduce,1,retrieval visible,1,x pii,1,api usage,1
sensitive workflows,1,reduce lossy,1,governed break,1,pii must,1,usage constraints,1
workflows these,1,lossy compression,1,break the,1,be encrypted,1,constraints prior,1
these make,1,compression pain,1,loop with,1,encrypted properties,1,prior decision,1
make relevance,1,pain and,1,with sovereignty,1,properties human,1,decision counterexample,1
relevance a,1,get better,1,sovereignty because,1,readable user,1,counterexample category,1
a shared,1,better trust,1,user is,1,editable pr,1,category quotas,1
shared decision,1,trust through,1,only stable,1,pr reviewable,1,quotas e,1
decision not,1,through citations,1,stable arbiter,1,reviewable or,1,g return,1
hidden model,1,citations so,1,arbiter of,1,or approval,1,return items,1
model decision,1,so combine,1,of what,1,flow if,1,items from,1
decision add,1,them but,1,what matters,1,if stored,1,from adr,1
a second,1,a layered,1,matters give,1,stored outside,1,docs from,1
second pass,1,layered system,1,give them,1,outside repo,1,from code,1
challenge step,1,system with,1,them control,1,repo treat,1,code references,1
step for,1,with authority,1,control points,1,layer allowed,1,references from,1
impact outputs,1,authority decay,1,points show,1,without additional,1,from tickets,1
outputs for,1,provenance not,1,show a,1,additional confirmation,1,tickets from,1
for architectural,1,not as,1,a context,1,confirmation evidence,1,from chat,1
architectural changes,1,as two,1,context used,1,store vector,1,chat diversity,1
changes migrations,1,two equal,1,used list,1,search never,1,diversity penalty,1
migrations or,1,equal memories,1,list with,1,never canonical,1,penalty mmr,1
or security,1,memories decision,1,with title,1,canonical purpose,1,mmr reduce,1
security sensitive,1,decision do,1,title date,1,purpose pinpoint,1,reduce near,1
sensitive code,1,do we,1,date status,1,pinpoint recall,1,duplicates so,1
code pass,1,briefing tax,1,status link,1,recall and,1,so one,1
pass generate,1,tax compounds,1,link short,1,and traceability,1,one theme,1
generate with,1,compounds over,1,short excerpt,1,traceability show,1,theme can,1
memory pass,1,months but,1,excerpt provide,1,me the,1,t dominate,1
challenge pass,1,everything we,1,provide actions,1,error the,1,prompt include,1
pass that,1,we ship,1,actions exclude,1,the discussion,1,a disconfirming,1
that searches,1,ship continuum,1,exclude this,1,discussion the,1,disconfirming slice,1
searches for,1,continuum authoritative,1,this for,1,prior attempt,1,slice explicitly,1
for contradictions,1,memory optional,1,for this,1,attempt sources,1,explicitly retrieve,1
contradictions superseding,1,evidence recall,1,this session,1,sources start,1,retrieve items,1
superseding decisions,1,recall with,1,session permanently,1,start high,1,items that,1
and tries,1,explicit controls,1,permanently pin,1,signal pr,1,that contradict,1
tries to,1,controls for,1,pin this,1,discussions review,1,the leading,1
to falsify,1,for freshness,1,this always,1,review comments,1,leading hypothesis,1
falsify the,1,freshness provenance,1,include fresh,1,comments issue,1,hypothesis e,1
the plan,1,provenance and,1,suppress history,1,issue tickets,1,g superseded,1
plan this,1,staleness architecture,1,history evidence,1,tickets incident,1,deprecated rejected,1
lightweight way,1,specific two,1,retrieval narrow,1,postmortems where,1,rejected postmortem,1
reduce confirmation,1,two layers,1,narrow scope,1,where integrated,1,postmortem make,1
confirmation bias,1,layers one,1,scope time,1,integrated chat,1,make retrieval,1
bias net,1,one orchestrator,1,types this,1,transcripts later,1,retrieval time,1
net how,1,orchestrator layer,1,turns retrieval,1,later and,1,state aware,1
you stop,1,apm small,1,retrieval from,1,and typed,1,aware break,1
stop self,1,structured inspectable,1,from a,1,labeled metadata,1,break stale,1
t teach,1,inspectable purpose,1,hidden feedback,1,required per,1,stale reinforcement,1
teach the,1,purpose store,1,loop into,1,per chunk,1,reinforcement the,1
model to,1,store current,1,inspectable correctable,1,chunk repo,1,the quickest,1
be unbiased,1,beliefs the,1,correctable step,1,module file,1,quickest way,1
unbiased so,1,team wants,1,step prefer,1,symbols if,1,model biases,1
so much,1,wants devmate,1,prefer memory,1,if extractable,1,biases itself,1
much as,1,devmate to,1,claims over,1,extractable timestamp,1,itself is,1
as reduce,1,to act,1,over memory,1,timestamp author,1,is by,1
reduce degrees,1,act on,1,as instructions,1,team optional,1,by repeatedly,1
degrees of,1,on by,1,instructions to,1,optional branch,1,repeatedly seeing,1
of freedom,1,default storage,1,reduce self,1,sha or,1,seeing old,1
freedom in,1,storage versioned,1,self reinforcement,1,or nearest,1,but similar,1
retrieval force,1,versioned records,1,reinforcement store,1,nearest known,1,similar text,1
force competing,1,records db,1,store memory,1,known type,1,text counter,1
competing evidence,1,db optionally,1,structured claims,1,type debug,1,counter with,1
evidence anchor,1,optionally mirrored,1,with confidence,1,debug attempt,1,sha affinity,1
anchor to,1,repo as,1,confidence and,1,attempt hypothesis,1,affinity prefer,1
memory influence,1,as yaml,1,provenance decision,1,finding incident,1,prefer items,1
influence visible,1,yaml md,1,decision x,1,incident discussion,1,items created,1
visible so,1,md in,1,accepted date,1,discussion status,1,created verified,1
it you,1,in devmate,1,owner link,1,tentative environment,1,verified near,1
can combine,1,devmate or,1,link constraint,1,environment tag,1,near the,1
combine them,1,or adr,1,constraint y,1,tag prod,1,current commit,1
them and,1,adr folder,1,y last,1,stage local,1,commit deprecation,1
and in,1,folder record,1,validated date,1,local when,1,deprecation supersession,1
in practice,1,types minimum,1,date outcome,1,when relevant,1,supersession logic,1
practice it,1,minimum set,1,outcome z,1,relevant how,1,logic if,1
s often,1,set decision,1,z verified,1,connect end,1,if an,1
often less,1,decision adr,1,verified by,1,end to,1,an item,1
less risky,1,like decision,1,by test,1,to end,1,item is,1
risky than,1,decision rationale,1,test log,1,end flows,1,is superseded,1
than choosing,1,alternatives status,1,log link,1,flows flow,1,superseded retrieve,1
choosing either,1,status constraint,1,link then,1,flow a,1,retrieve the,1
either alone,1,constraint security,1,then have,1,start default,1,the newer,1
alone if,1,infra invariants,1,have the,1,context devmate,1,newer one,1
you define,1,invariants must,1,the generator,1,loads current,1,one and,1
define strict,1,must not,1,generator treat,1,workspace context,1,and annotate,1
strict roles,1,not log,1,as inputs,1,context open,1,annotate the,1
roles the,1,pii convention,1,inputs to,1,files repo,1,the older,1
the hybrid,1,testing interface,1,to check,1,repo graph,1,older as,1
becomes double,1,interface contracts,1,not commandments,1,graph branch,1,as deprecated,1
double complexity,1,contracts schemas,1,commandments to,1,branch recent,1,deprecated or,1
complexity and,1,schemas optional,1,to follow,1,recent commits,1,or suppress,1
and failure,1,optional v1,1,follow add,1,commits devmate,1,suppress it,1
modes only,1,v1 confirmedfix,1,explicit frame,1,loads spine,1,it verification,1
when both,1,confirmedfix issue,1,frame check,1,artifacts projectbrief,1,hooks before,1
both layers,1,issue cause,1,check step,1,projectbrief adr,1,injecting a,1
layers are,1,cause fix,1,step when,1,adr index,1,retrieved fact,1
are allowed,1,conditions version,1,when stakes,1,index conventions,1,fact about,1
to act,1,version env,1,stakes are,1,constraints devmate,1,about an,1
act as,1,env required,1,are high,1,devmate does,1,api check,1
as competing,1,required fields,1,high for,1,auto inject,1,check symbol,1
competing sources,1,fields to,1,changes migrations,1,inject evidence,1,symbol existence,1
sources of,1,to fight,1,migrations security,1,store history,1,existence signature,1
right move,1,fight staleness,1,security sensitive,1,history result,1,signature via,1
move hybrid,1,staleness scope,1,sensitive code,1,result users,1,via code,1
hybrid works,1,module and,1,code or,1,briefing stable,1,code search,1
works because,1,optionally directory,1,or repeated,1,get dragged,1,lsp require,1
it mirrors,1,directory glob,1,repeated failure,1,dragged into,1,require receipts,1
mirrors how,1,glob status,1,failure require,1,into yesterday,1,receipts and,1
teams operate,1,confidence user_approved,1,require the,1,s mess,1,and user,1
operate high,1,user_approved team_policy,1,assistant to,1,mess flow,1,user steering,1
high level,1,team_policy assistant_suggested,1,to list,1,flow b,1,steering human,1
level truth,1,assistant_suggested evidence_refs,1,list its,1,b per,1,human in,1
truth lives,1,evidence_refs links,1,its current,1,user request,1,loop without,1
lives in,1,to pr,1,current framing,1,request runtime,1,without friction,1
in adrs,1,doc ticket,1,framing assumptions,1,runtime retrieval,1,friction bias,1
adrs docs,1,ticket at,1,assumptions cite,1,policy step,1,bias collapses,1
docs conventions,1,least one,1,cite which,1,step classify,1,collapses when,1
conventions compact,1,one for,1,items support,1,classify the,1,when users,1
compact maintained,1,types update,1,support each,1,the request,1,see and,1
maintained details,1,update workflow,1,each assumption,1,request architecture,1,and correct,1
details live,1,workflow promotion,1,assumption ask,1,why conventions,1,correct what,1
live in,1,promotion during,1,ask the,1,conventions spine,1,s being,1
in history,1,during work,1,to confirm,1,first implementation,1,being fed,1
prs chats,1,work devmate,1,confirm the,1,implementation in,1,fed in,1
and are,1,propose new,1,the questionable,1,code current,1,in show,1
are pulled,1,new updated,1,questionable ones,1,state first,1,show the,1
pulled only,1,updated records,1,ones this,1,first spine,1,the retrieved,1
needed that,1,diff high,1,is slower,1,constraints debugging,1,snippets list,1
that separation,1,constraint require,1,slower but,1,debugging why,1,list titles,1
separation reduces,1,approval or,1,but robust,1,why is,1,titles source,1
reduces rut,1,policy approved,1,robust under,1,is this,1,source age,1
and reduces,1,approved pr,1,under change,1,this failing,1,sha provide,1
reduces staleness,1,workflow supersession,1,change and,1,failing spine,1,actions irrelevant,1
staleness harm,1,supersession is,1,can trigger,1,spine current,1,again promote,1
harm when,1,is first,1,trigger it,1,code evidence,1,canonical offer,1
a mess,1,class new,1,it only,1,evidence is,1,quick toggle,1
mess anti,1,new record,1,when risk,1,in or,1,memory this,1
pattern hybrid,1,record references,1,risk signals,1,or gated,1,loop into,1
hybrid goes,1,references old,1,signals fire,1,gated step,1,a controllable,1
goes wrong,1,old old,1,fire architecture,1,step decide,1,controllable system,1
wrong if,1,old becomes,1,choice implications,1,decide whether,1,system rather,1
auto written,1,becomes superseded,1,implications summary,1,whether to,1,hidden attractor,1
written and,1,superseded layer,1,vector summaries,1,evidence retrieve,1,attractor add,1
as gospel,1,ei high,1,adrs reduce,1,retrieve from,1,add a,1
gospel vectors,1,coverage non,1,reduce looping,1,from evidence,1,a deliberate,1
retrieved for,1,authoritative decaying,1,looping because,1,if user,1,deliberate freshness,1
for every,1,decaying purpose,1,re fewer,1,user explicitly,1,freshness interrupt,1
every task,1,purpose retrieve,1,fewer more,1,explicitly asks,1,interrupt when,1
task the,1,retrieve details,1,more curated,1,asks what,1,is low,1
model blends,1,details exact,1,curated and,1,prior incident,1,low if,1
blends them,1,exact error,1,and easier,1,incident or,1,if retrieval,1
them without,1,error message,1,to inspect,1,s confidence,1,retrieval yields,1
provenance memory,1,message prior,1,inspect if,1,low after,1,yields weak,1
memory soup,1,prior discussion,1,if user,1,after grounding,1,weak signals,1
soup there,1,discussion specific,1,vectors increase,1,grounding in,1,signals low,1
no conflict,1,specific snippet,1,increase looping,1,task is,1,low similarity,1
resolution what,1,snippet when,1,looping risk,1,inherently historical,1,similarity scores,1
what wins,1,needed with,1,risk if,1,historical incident,1,scores conflicting,1
they disagree,1,provenance storage,1,model can,1,follow up,1,conflicting sources,1
disagree that,1,storage vector,1,can silently,1,up regression,1,sources old,1
what doubles,1,index metadata,1,silently pull,1,regression history,1,old timestamps,1
doubles failure,1,metadata store,1,pull supporting,1,history step,1,timestamps the,1
modes the,1,store ingest,1,supporting snippets,1,step evidence,1,system should,1
the rule,1,ingest sources,1,snippets they,1,with anti,1,question or,1
rule that,1,sources chat,1,they become,1,anti staleness,1,or run,1
prevents doubling,1,chat turns,1,become safe,1,staleness filters,1,a two,1
doubling failure,1,turns with,1,safe when,1,filters hard,1,two track,1
modes explicit,1,ttl linked,1,when retrieval,1,filters repo,1,track response,1
hierarchy define,1,docs wiki,1,artifacts time,1,service time,1,response path,1
single ordering,1,wiki pages,1,scoped cited,1,window branch,1,path a,1
ordering and,1,pages pr,1,diversity contradiction,1,proximity when,1,a if,1
and enforce,1,pr descriptions,1,contradiction aware,1,when available,1,old api,1
enforce it,1,descriptions reviews,1,aware a,1,available scoring,1,api still,1
code repo,1,reviews high,1,concrete anti,1,scoring similarity,1,still applies,1
reality current,1,high value,1,anti loop,1,similarity recency,1,applies path,1
config wins,1,value incident,1,loop policy,1,proximity status,1,path b,1
wins curated,1,incident notes,1,policy you,1,status downrank,1,b if,1
curated canonical,1,notes runbooks,1,can adopt,1,downrank failed,1,if new,1
memory adrs,1,runbooks optional,1,adopt default,1,superseded unless,1,new api,1
conventions next,1,optional code,1,default session,1,unless asked,1,api applies,1
next vector,1,snippets summaries,1,session uses,1,asked compatibility,1,applies explicitly,1
vector retrieved,1,summaries policy,1,uses project,1,checks cheap,1,explicitly asking,1
evidence last,1,policy controlled,1,decisions curated,1,cheap referenced,1,asking which,1
last never,1,controlled metadata,1,allowed only,1,referenced file,1,is current,1
never authoritative,1,metadata required,1,if results,1,file path,1,current failing,1
authoritative by,1,required source_type,1,are shown,1,path exists,1,failing by,1
by itself,1,source_type chat,1,shown cited,1,exists symbol,1,by asking,1
itself then,1,chat pr,1,cited freshness,1,symbol still,1,asking is,1
then build,1,pr doc,1,freshness repo,1,present if,1,is safer,1
build ui,1,doc code,1,checks pass,1,not label,1,than reinforcing,1
ui telemetry,1,code timestamp,1,pass at,1,label likely,1,reinforcing a,1
telemetry around,1,timestamp repo,1,one superseding,1,stale step,1,wrong frame,1
around that,1,and if,1,superseding contradicting,1,step generation,1,frame instrument,1
that hierarchy,1,if possible,1,contradicting item,1,generation rules,1,instrument it,1
hierarchy citations,1,possible commit_sha,1,retrieved when,1,rules architectural,1,it like,1
staleness flags,1,commit_sha branch,1,applicable raw,1,claims must,1,a production,1
flags conflict,1,branch ttl_expires_at,1,history is,1,artifacts adr,1,production subsystem,1
conflict prompts,1,ttl_expires_at default,1,is on,1,brief conventions,1,subsystem to,1
prompts a,1,default on,1,your intended,1,conventions or,1,to ensure,1
simple low,1,on chat,1,intended ux,1,or say,1,ensure you,1
risk hybrid,1,chat longer,1,ux surface,1,say uncertain,1,not shipping,1
hybrid blueprint,1,longer on,1,surface ide,1,uncertain evidence,1,shipping a,1
blueprint v1,1,on pr,1,ide sidebar,1,items are,1,a self,1
v1 default,1,docs defaults,1,sidebar vs,1,are shown,1,bias machine,1
default load,1,defaults chat,1,vs chat,1,citations source,1,machine log,1
load every,1,ttl days,1,only and,1,link and,1,log and,1
session curated,1,days configurable,1,latency budget,1,and are,1,and monitor,1
only small,1,configurable pr,1,budget i,1,not treated,1,monitor retrieval,1
small inspectable,1,docs longer,1,exact retrieval,1,truth by,1,retrieval sources,1
inspectable user,1,policy orchestrator,1,contract filters,1,default flow,1,sources distribution,1
editable include,1,orchestrator memory,1,filters diversity,1,flow c,1,distribution docs,1
include timestamps,1,memory policy,1,rules and,1,c end,1,chat average,1
timestamps links,1,policy retrieval,1,and when,1,memory capture,1,average age,1
to in,1,retrieval pipeline,1,when to,1,capture without,1,sha distance,1
docs prs,1,pipeline the,1,to require,1,without canonizing,1,distance of,1
prs when,1,the how,1,confirmation that,1,mistakes instead,1,of retrieved,1
when available,1,how pieces,1,that prevents,1,instead of,1,items user,1
available vector,1,pieces connect,1,prevents self,1,of auto,1,user irrelevant,1
only sometimes,1,connect this,1,self bias,1,summarize everything,1,outdated clicks,1
sometimes trigger,1,the critical,1,bias without,1,everything devmate,1,clicks repeat,1
trigger it,1,critical part,1,making the,1,devmate proposes,1,repeat retrieval,1
it only,1,part layer,1,tool feel,1,proposes candidates,1,retrieval loops,1
only on,1,a steers,1,feel heavy,1,candidates create,1,loops same,1
explicit resume,1,steers layer,1,heavy yes,1,adr decision,1,same items,1
last work,1,b supports,1,can combine,1,decision detected,1,items pulled,1
work debugging,1,supports step,1,combine them,1,detected add,1,pulled across,1
try why,1,step mode,1,them and,1,convention pattern,1,across turns,1
choose this,1,mode selection,1,and done,1,pattern detected,1,turns incidents,1
receipts locating,1,selection explicit,1,done correctly,1,detected record,1,where retrieved,1
locating prior,1,explicit continuity,1,correctly it,1,record finding,1,items were,1
prior snippets,1,apm gated,1,it reduces,1,finding confirmed,1,were later,1
snippets logs,1,gated ei,1,reduces overall,1,confirmed vs,1,later marked,1
and when,1,ei fresh,1,overall risk,1,vs ruled,1,marked wrong,1
do retrieve,1,eyes use,1,risk versus,1,out vs,1,wrong if,1
retrieve show,1,use code,1,versus either,1,vs tentative,1,you see,1
show verbatim,1,only from,1,either extreme,1,tentative user,1,see repeated,1
verbatim excerpts,1,apm ignore,1,extreme done,1,edits creates,1,repeated loops,1
excerpts with,1,ei forensics,1,done naïvely,1,creates pr,1,loops tune,1
with commit,1,forensics use,1,naïvely it,1,pr or,1,tune quotas,1
branch time,1,apm aggressive,1,does double,1,managed change,1,quotas filters,1
time apply,1,aggressive ei,1,double failure,1,change request,1,filters before,1
apply filters,1,clear history,1,modes the,1,request to,1,before changing,1
filters module,1,history labeling,1,the difference,1,update spine,1,models bottom,1
module recency,1,labeling step,1,difference is,1,spine raw,1,line don,1
recency status,1,step assemble,1,you implement,1,chat debug,1,t try,1
status verify,1,assemble authoritative,1,implement them,1,debug transcript,1,try to,1
verify key,1,authoritative context,1,two distinct,1,transcript can,1,to teach,1
key claims,1,pack from,1,distinct layers,1,be stored,1,teach the,1
claims against,1,apm deterministic,1,layers with,1,evidence labeled,1,the llm,1
repo where,1,deterministic selection,1,different authority,1,labeled tentative,1,llm not,1
where possible,1,selection all,1,authority retention,1,failed by,1,not to,1
possible complexity,1,all constraints,1,ux or,1,default unless,1,to bias,1
complexity tradeoff,1,constraints in,1,or as,1,user marks,1,bias itself,1
tradeoff what,1,in relevant,1,two ways,1,marks confirmed,1,itself build,1
add vs,1,relevant scope,1,ways to,1,confirmed controls,1,build retrieval,1
vs what,1,scope active,1,to inject,1,controls that,1,t easily,1
remove you,1,conventions matching,1,inject more,1,that keep,1,easily create,1
schema ui,1,matching scope,1,context when,1,becoming a,1,a monoculture,1
ui for,1,scope tags,1,when hybrid,1,rut fresh,1,monoculture of,1
for canonical,1,tags exclude,1,hybrid is,1,mode loads,1,of reinforcing,1
routing when,1,exclude superseded,1,right move,1,spine blocks,1,reinforcing context,1
when to,1,deprecated by,1,move and,1,requested memory,1,context diversify,1
to use,1,default prefer,1,why a,1,panel shows,1,diversify gate,1
vectors provenance,1,prefer recently,1,hybrid works,1,shows what,1,gate by,1
provenance citation,1,confirmed items,1,works because,1,what spine,1,authority recency,1
citation plumbing,1,items step,1,because summaries,1,docs evidence,1,recency verify,1
plumbing you,1,step decide,1,are strong,1,answer user,1,code and,1
remove or,1,decide whether,1,strong in,1,can exclude,1,and expose,1
or avoid,1,whether ei,1,in different,1,superseded supersede,1,it quickly,1
avoid needing,1,is allowed,1,different contexts,1,retire workflow,1,quickly you,1
needing vectors,1,allowed for,1,contexts summaries,1,workflow one,1,can combine,1
vectors to,1,for this,1,adrs excel,1,to mark,1,them and,1
to serve,1,this request,1,at durable,1,mark an,1,and for,1
serve as,1,request gate,1,durable high,1,or finding,1,devmate it,1
context biggest,1,gate ei,1,level continuity,1,finding superseded,1,usually the,1
biggest rut,1,ei unless,1,continuity intent,1,superseded with,1,the most,1
risk relying,1,unless one,1,intent constraints,1,with link,1,most robust,1
on lossy,1,time show,1,and are,1,link to,1,robust path,1
lossy summaries,1,show prior,1,are naturally,1,the replacing,1,path but,1
summaries for,1,prior stack,1,naturally more,1,replacing item,1,tiered system,1
for forensic,1,trace missing,1,more stable,1,item rollout,1,system with,1
forensic recall,1,detail blocks,1,stable over,1,rollout plan,1,different authority,1
recall biggest,1,blocks action,1,time vectors,1,keep complexity,1,authority levels,1
biggest missing,1,action need,1,vectors excel,1,complexity bounded,1,levels not,1
missing detail,1,need exact,1,at targeted,1,bounded v1,1,not two,1
detail risk,1,exact endpoint,1,targeted recall,1,v1 spine,1,two memories,1
risk so,1,endpoint name,1,of specifics,1,only projectbrief,1,memories both,1
the complexity,1,name user,1,specifics where,1,conventions citations,1,both competing,1
complexity is,1,user is,1,where was,1,answers pr,1,competing to,1
is purposeful,1,is debugging,1,was that,1,pr based,1,to steer,1
purposeful it,1,debugging and,1,that stack,1,based updates,1,steer the,1
it buys,1,and requests,1,trace which,1,updates v2,1,model when,1
buys you,1,requests history,1,which pr,1,v2 evidence,1,hybrid reduces,1
you safety,1,history citations,1,pr changed,1,for prs,1,reduces failure,1
safety and,1,citations step,1,changed this,1,incidents high,1,good version,1
trust how,1,step ei,1,this that,1,signal with,1,hybrid works,1
from expanding,1,retrieval when,1,that summaries,1,metadata memory,1,works when,1
expanding indefinitely,1,when allowed,1,summaries shouldn,1,panel v3,1,canonical default,1
indefinitely start,1,allowed is,1,t try,1,v3 optional,1,loaded layer,1
types only,1,is diversified,1,try to,1,history ingestion,1,layer small,1
constraints make,1,diversified time,1,to contain,1,ingestion heavily,1,small user,1
store retention,1,aware retrieve,1,contain so,1,heavily typed,1,user editable,1
retention configurable,1,retrieve three,1,hybrid lets,1,labeled on,1,linked vectors,1
configurable and,1,three small,1,lets you,1,demand retrieval,1,are not,1
and opt,1,small sets,1,context small,1,retrieval fresh,1,second brain,1
in for,1,sets prevents,1,small and,1,debugging what,1,brain they,1
for enterprises,1,prevents self,1,and trusted,1,what this,1,re a,1
enterprises implement,1,self reinforcing,1,trusted while,1,you continuity,1,tool used,1
implement two,1,reinforcing loops,1,while still,1,users asked,1,demand find,1
two modes,1,loops support,1,still having,1,asked for,1,the previous,1
modes fresh,1,set top,1,having deep,1,for without,1,previous stack,1
eyes canonical,1,top semantic,1,recall on,1,without demanding,1,trace discussion,1
only and,1,semantic matches,1,demand the,1,demanding they,1,discussion snippet,1
and continuum,1,matches mmr,1,key don,1,they trust,1,or under,1
continuum canonical,1,mmr diversified,1,t let,1,trust ai,1,under tight,1
canonical gated,1,diversified freshness,1,let them,1,over notes,1,tight task,1
evidence require,1,freshness set,1,them have,1,notes only,1,gating continuing,1
memory influences,1,set most,1,have equal,1,only isolation,1,continuing the,1
influences answers,1,most recent,1,equal authority,1,isolation where,1,same incident,1
answers bottom,1,recent relevant,1,authority to,1,s protective,1,incident always,1
line combining,1,relevant changes,1,avoid doubled,1,protective volatile,1,always with,1
combining approaches,1,changes recent,1,doubled failure,1,s valuable,1,recency shown,1
approaches is,1,recent prs,1,modes make,1,valuable stable,1,shown in,1
is recommended,1,docs in,1,make an,1,stable project,1,in this,1
recommended but,1,in scope,1,authority ladder,1,project truths,1,this setup,1
treat summaries,1,scope challenge,1,ladder canonical,1,truths a,1,setup summaries,1
the maintained,1,set likely,1,memory editable,1,system that,1,summaries prevent,1
maintained project,1,likely contradictors,1,outcomes small,1,is debuggable,1,prevent the,1
a cited,1,contradictors deprecated,1,small human,1,debuggable when,1,store from,1
strict gating,1,notices newer,1,readable statused,1,is wrong,1,from constantly,1
gating that,1,versions alternative,1,superseded time,1,wrong users,1,constantly injecting,1
that doesn,1,adrs rank,1,stamped this,1,see it,1,injecting noisy,1
t double,1,rank with,1,what loads,1,it fix,1,exploration vectors,1
double failure,1,with something,1,loads automatically,1,and version,1,vectors prevent,1
modes it,1,relevance scope_match,1,automatically evidence,1,version it,1,prevent summaries,1
it contains,1,status_weight recency_decay,1,retrieval cited,1,it perfect,1,summaries from,1
contains them,1,recency_decay source_weight,1,cited vector,1,recall is,1,from losing,1
them where,1,source_weight source_weight,1,artifacts only,1,worth if,1,losing important,1
where i,1,source_weight pr,1,only used,1,means vectorizing,1,important specifics,1
i land,1,docs chat,1,used when,1,vectorizing everything,1,specifics and,1
land are,1,chat strong,1,when needed,1,everything for,1,and let,1
are we,1,strong down,1,needed always,1,for two,1,let you,1
we doing,1,rank if,1,shown with,1,years especially,1,you verify,1
continuity yes,1,if commit,1,provenance doc,1,especially given,1,verify correct,1
yes because,1,branch mismatches,1,file date,1,given staleness,1,correct a,1
a users,1,mismatches current,1,date branch,1,staleness two,1,summary by,1
users strongly,1,current working,1,commit treated,1,two key,1,by pointing,1
strongly want,1,working state,1,to interpret,1,key points,1,pointing to,1
want it,1,state step,1,interpret not,1,points vectors,1,to evidence,1
it b,1,step generation,1,truth to,1,vectors aren,1,evidence when,1
b re,1,generation rules,1,to blindly,1,aren t,1,hybrid does,1
briefing costs,1,rules prevents,1,blindly follow,1,t actually,1,does double,1
costs compound,1,prevents ai,1,follow episodic,1,actually perfect,1,double complexity,1
compound over,1,becomes truth,1,attempts optional,1,recall you,1,complexity and,1
projects and,1,truth apm,1,optional raw,1,still have,1,and failure,1
c devmate,1,apm items,1,chats failed,1,have lossy,1,the bad,1
is teammate,1,guidance constraints,1,failed patches,1,lossy embedding,1,bad version,1
teammate context,1,constraints ei,1,patches ttl,1,embedding representations,1,a mess,1
context but,1,ei items,1,user requested,1,representations plus,1,mess when,1
be designed,1,items must,1,requested only,1,plus heuristic,1,when both,1
safe default,1,cited source,1,only never,1,heuristic retrieval,1,both layers,1
to stable,1,date pr,1,never default,1,retrieval you,1,layers auto,1
stable inspectable,1,pr if,1,this prevents,1,ll miss,1,auto inject,1
inspectable memory,1,if ei,1,prevents vector,1,miss things,1,inject context,1
memory treat,1,ei conflicts,1,recall from,1,things and,1,context by,1
treat raw,1,or with,1,from silently,1,and you,1,default neither,1
history as,1,signals devmate,1,silently overriding,1,ll retrieve,1,neither has,1
evidence what,1,devmate asks,1,overriding the,1,retrieve wrong,1,has clear,1
hybrid three,1,asks or,1,the curated,1,wrong but,1,authority provenance,1
three layer,1,or proposes,1,project narrative,1,but similar,1,are allowed,1
layer repo,1,proposes an,1,narrative does,1,similar things,1,allowed to,1
layer authoritative,1,an update,1,does hybrid,1,the marginal,1,to override,1
authoritative live,1,update supersession,1,hybrid double,1,marginal value,1,override summaries,1
live signals,1,supersession rather,1,double complexity,1,value of,1,summaries silently,1
signals from,1,than silently,1,complexity it,1,of older,1,silently or,1
codebase config,1,silently choosing,1,it adds,1,older raw,1,or summaries,1
config current,1,choosing step,1,adds components,1,history drops,1,are auto,1
main project,1,step lightweight,1,components but,1,drops fast,1,auto generated,1
notebook canonical,1,lightweight verification,1,reduce product,1,fast while,1,generated and,1
editable decisions,1,verification where,1,product complexity,1,while its,1,as truth,1
map with,1,possible before,1,complexity for,1,its staleness,1,truth that,1
provenance evidence,1,before suggesting,1,users if,1,risk rises,1,that produces,1
index vector,1,suggesting concrete,1,the rules,1,rises after,1,produces the,1
store non,1,concrete code,1,rules simple,1,after refactors,1,worst of,1
authoritative raw,1,code prefer,1,simple and,1,refactors correct,1,both handbook,1
past chats,1,prefer checks,1,visible here,1,correct then,1,rot noisy,1
docs for,1,current state,1,here s,1,becomes misleading,1,noisy anchoring,1
for cited,1,state does,1,the brief,1,misleading now,1,anchoring a,1
demand recall,1,this symbol,1,decisions i,1,now when,1,minimal sane,1
recall the,1,import exist,1,m using,1,when vector,1,sane division,1
key is,1,exist static,1,using here,1,storage is,1,division of,1
is an,1,static scan,1,the sources,1,worth paying,1,of labor,1
hierarchy repo,1,scan optional,1,sources i,1,paying for,1,labor clear,1
evidence the,1,optional run,1,retrieved toggle,1,for it,1,clear contracts,1
the pieces,1,run unit,1,continuum engineering,1,s worth,1,contracts layer,1
pieces and,1,unit tests,1,engineering complexity,1,only for,1,layer a,1
how they,1,tests compile,1,complexity is,1,narrow high,1,brief summary,1
they connect,1,compile if,1,is manageable,1,value lookups,1,structured default,1
connect end,1,available if,1,manageable if,1,lookups where,1,on decisions,1
end to,1,if verification,1,you phase,1,the alternative,1,glossary must,1
to end,1,verification fails,1,phase it,1,alternative is,1,be editable,1
end a,1,fails devmate,1,it what,1,is costly,1,linked has,1
a data,1,devmate flags,1,what failure,1,costly human,1,has supersession,1
data stores,1,flags staleness,1,modes remain,1,human archaeology,1,supersession adr,1
stores project,1,staleness this,1,remain and,1,archaeology e,1,adr superseded,1
notebook per,1,this appears,1,how hybrid,1,g find,1,by adr,1
per repo,1,appears outdated,1,hybrid can,1,exact incident,1,layer b,1
repo per,1,outdated here,1,reduce them,1,postmortem pr,1,evidence lookup,1
per team,1,the updated,1,them summary,1,pr comment,1,lookup vectors,1
team storage,1,approach ux,1,summary failure,1,comment explaining,1,vectors keyword,1
storage markdown,1,ux transparency,1,failure hallucinated,1,explaining why,1,keyword default,1
markdown files,1,transparency required,1,hallucinated or,1,why we,1,off raw,1
files in,1,trust memory,1,or wrong,1,we banned,1,raw chats,1
repo or,1,panel per,1,wrong decision,1,banned approach,1,chats logs,1
a db,1,answer apm,1,decision mitigation,1,approach x,1,logs snippets,1
db object,1,records ei,1,mitigation practical,1,x what,1,needed displayed,1
object that,1,ei citations,1,practical high,1,what was,1,displayed and,1
can sync,1,citations one,1,leverage require,1,was the,1,and citable,1
sync export,1,actions mark,1,persist save,1,message and,1,citable i,1
export to,1,supersede pin,1,save as,1,and environment,1,excerpts from,1
repo types,1,pin ignore,1,as decision,1,when this,1,from may,1
types structured,1,ignore source,1,decision store,1,this regression,1,may filtered,1
structured fields,1,source switch,1,structured adr,1,regression last,1,by branch,1
fields not,1,switch to,1,adr with,1,last occurred,1,sha time,1
decision adr,1,to fresh,1,issue and,1,occurred audit,1,authority complexity,1
lite id,1,eyes memory,1,and status,1,audit compliance,1,complexity management,1
id title,1,memory editor,1,status add,1,compliance traceability,1,management how,1
date rationale,1,editor apm,1,add review,1,traceability where,1,to keep,1
rationale alternatives,1,apm as,1,review decay,1,must produce,1,keep this,1
alternatives links,1,as human,1,decay needs,1,produce evidence,1,this shippable,1
module convention,1,readable records,1,after days,1,evidence even,1,shippable to,1
convention rule,1,records and,1,days or,1,t need,1,avoid over,1
rule examples,1,optionally pr,1,or per,1,need everything,1,engineering start,1
examples links,1,pr able,1,per release,1,need specific,1,with project,1
links scope,1,able repo,1,release vector,1,specific corpora,1,search even,1
tags constraint,1,files rollout,1,vector failure,1,corpora what,1,even keyword,1
constraint security,1,rollout feasible,1,failure retrieved,1,to do,1,search first,1
perf constraints,1,feasible sequencing,1,retrieved fact,1,do instead,1,first add,1
constraints scope,1,sequencing v1,1,fact is,1,instead cost,1,add embeddings,1
tags systemmap,1,v1 low,1,is stale,1,cost efficient,1,embeddings later,1
systemmap services,1,risk high,1,or irrelevant,1,efficient architecture,1,later for,1
owners boundaries,1,high trust,1,irrelevant mitigation,1,architecture make,1,for better,1
boundaries entry,1,trust apm,1,mitigation restrict,1,the always,1,better recall,1
points evidence,1,apm only,1,restrict corpus,1,on layer,1,recall but,1
index optional,1,only decisions,1,corpus to,1,layer project,1,keep the,1
retention storage,1,conventions approval,1,to approved,1,constraints versioned,1,same contract,1
storage vector,1,approval fresh,1,types adrs,1,reviewable this,1,contract search,1
vector db,1,eyes v2,1,than entire,1,this captures,1,search results,1
db metadata,1,v2 ei,1,entire chats,1,captures most,1,results not,1
metadata store,1,ei with,1,chats enforce,1,what users,1,not hidden,1
store contents,1,ttl citations,1,enforce filters,1,users mean,1,context put,1
contents chat,1,citations strict,1,window freshness,1,mean by,1,put retrieval,1
chat turns,1,gating debug,1,weighting run,1,by memory,1,retrieval behind,1
turns pasted,1,lookup use,1,run repo,1,at low,1,behind one,1
pasted stack,1,use cases,1,exist always,1,low cost,1,one clear,1
diffs incident,1,cases v3,1,always cite,1,and low,1,clear ux,1
incident notes,1,v3 assisted,1,used allow,1,low staleness,1,ux affordance,1
notes linked,1,promotion devmate,1,allow user,1,risk add,1,affordance search,1
docs snapshots,1,proposes apm,1,to exclude,1,vectors selectively,1,search project,1
snapshots metadata,1,apm diffs,1,pin hybrid,1,selectively not,1,project history,1
metadata required,1,diffs from,1,hybrid specific,1,not universally,1,history show,1
required repo,1,from sessions,1,specific failure,1,universally pick,1,show related,1
commit if,1,sessions prs,1,failure conflict,1,pick high,1,related prior,1
if known,1,prs reconfirmation,1,conflict between,1,sources not,1,prior work,1
known timestamp,1,reconfirmation prompts,1,between summary,1,not chat,1,work net,1
timestamp scope,1,prompts bottom,1,summary and,1,chat exhaust,1,net answer,1
tags source,1,line we,1,is actually,1,exhaust adrs,1,answer yes,1
type chat,1,we implement,1,actually useful,1,incident reports,1,yes combine,1
chat pr,1,records layer,1,useful if,1,reports key,1,them it,1
doc log,1,a that,1,if surfaced,1,key design,1,inherently doubling,1
log status,1,that load,1,surfaced correctly,1,design docs,1,doubling failure,1
status flags,1,load every,1,correctly if,1,docs optionally,1,modes it,1
flags superseded,1,session and,1,evidence contradicts,1,optionally only,1,becomes safer,1
ignored pii,1,cited vector,1,contradicts an,1,only confirmed,1,than either,1
security classification,1,b used,1,adr the,1,confirmed findings,1,either alone,1
classification repo,1,used sparingly,1,should say,1,findings from,1,alone when,1
signals cache,1,sparingly for,1,say i,1,from debugging,1,the trusted,1
cache lightweight,1,specifics connected,1,i found,1,debugging not,1,trusted default,1
lightweight extracted,1,connected by,1,found pr,1,not raw,1,default and,1
extracted facts,1,by a,1,that appears,1,raw attempts,1,are an,1
facts refreshed,1,a time,1,appears to,1,attempts put,1,an auditable,1
refreshed on,1,aware scope,1,to supersede,1,put hard,1,auditable lookup,1
on events,1,scope aware,1,supersede adr,1,hard limits,1,lookup tool,1
events dependency,1,policy with,1,adr should,1,limits on,1,an always,1
graph package,1,explicit fresh,1,we mark,1,on vector,1,on memory,1
package lock,1,hatch no,1,mark adr,1,vector retention,1,stream current,1
lock build,1,no perfect,1,adr deprecated,1,retention and,1,current recommendation,1
commands service,1,is rarely,1,deprecated that,1,scope time,1,recommendation ship,1
service list,1,rarely worth,1,that turns,1,to live,1,hybrid architecture,1
list public,1,worth in,1,turns conflict,1,live e,1,architecture goal,1
public apis,1,an enterprise,1,conflict into,1,g keep,1,goal eliminate,1
apis symbol,1,enterprise setting,1,into upkeep,1,keep embeddings,1,minute re,1
symbol index,1,setting especially,1,not confusion,1,embeddings for,1,tax while,1
index basic,1,especially because,1,confusion a,1,for days,1,while making,1
basic grep,1,because vector,1,practical build,1,days archive,1,making the,1
grep ripgrep,1,not truly,1,build plan,1,archive older,1,system fail,1
ripgrep index,1,truly perfect,1,plan minimize,1,older items,1,fail safe,1
index codeowners,1,perfect in,1,minimize complexity,1,to cheap,1,safe when,1
codeowners b,1,practice and,1,complexity early,1,cheap cold,1,uncertain it,1
b write,1,increases staleness,1,early phase,1,cold storage,1,ask or,1
write path,1,opacity risk,1,phase low,1,storage or,1,or cite,1
how memory,1,unless heavily,1,risk project,1,or don,1,cite not,1
is created,1,heavily governed,1,decisions summary,1,t embed,1,not silently,1
created safely,1,governed which,1,summary layer,1,embed them,1,silently steer,1
safely notebook,1,which adds,1,layer editable,1,them until,1,steer from,1
notebook writes,1,adds more,1,visible phase,1,until requested,1,from stale,1
writes user,1,more cost,1,phase targeted,1,requested repo,1,architecture overview,1
confirmed promotions,1,cost why,1,targeted power,1,module scoping,1,overview pieces,1
promotions during,1,why isn,1,power evidence,1,scoping only,1,pieces and,1
during a,1,t justified,1,citations time,1,only embed,1,how they,1
session devmate,1,justified for,1,filters phase,1,embed for,1,they connect,1
devmate may,1,for store,1,optional limited,1,for selected,1,connect a,1
may suggest,1,everything retrieval,1,limited ttl,1,selected services,1,store default,1
suggest promote,1,retrieval isn,1,ttl episodic,1,services event,1,editable what,1
promote this,1,t perfect,1,memory explicitly,1,event based,1,it contains,1
convention add,1,paying to,1,explicitly user,1,based embedding,1,contains typed,1
add as,1,everything but,1,invoked this,1,embedding embed,1,typed decisions,1
a constraint,1,still only,1,this sequencing,1,embed only,1,style decision,1
constraint but,1,retrieve a,1,sequencing respects,1,only merged,1,rationale alternatives,1
auto canonize,1,small subset,1,respects time,1,merged pr,1,alternatives status,1
canonize on,1,subset and,1,time dynamics,1,threads labeled,1,platform invariants,1
on confirm,1,and that,1,dynamics you,1,labeled incidents,1,invariants conventions,1
confirm it,1,that subset,1,get immediate,1,incidents and,1,conventions linting,1
it writes,1,subset can,1,immediate onboarding,1,user pinned,1,linting layering,1
writes updates,1,be wrong,1,onboarding savings,1,pinned sessions,1,rules logging,1
updates a,1,or stale,1,savings then,1,sessions use,1,handling code,1
a structured,1,stale staleness,1,then add,1,use cheaper,1,patterns glossary,1
item it,1,is amplified,1,add deeper,1,cheaper retrieval,1,domain terms,1
it attaches,1,amplified by,1,deeper recall,1,retrieval where,1,terms and,1
attaches links,1,by long,1,recall once,1,s enough,1,mappings verified,1
file paths,1,retention a,1,it safe,1,enough many,1,learnings confirmed,1
paths chat,1,a year,1,safe a,1,many specific,1,optional tightly,1
chat message,1,year archive,1,a simple,1,specific lookups,1,tightly controlled,1
message permalink,1,archive is,1,simple rule,1,lookups are,1,controlled representation,1
permalink it,1,a large,1,rule that,1,are better,1,representation a,1
sets scope,1,large reservoir,1,system sane,1,better served,1,repo owned,1
module it,1,reservoir of,1,sane summaries,1,served by,1,owned file,1
sets updates,1,of deprecated,1,summaries tell,1,by keyword,1,file set,1
updates status,1,deprecated truth,1,you what,1,keyword bm25,1,set or,1
status and,1,truth that,1,we believe,1,bm25 metadata,1,or equivalent,1
mark prior,1,that similarity,1,believe and,1,metadata filters,1,equivalent in,1
prior as,1,similarity search,1,why vectors,1,filters branch,1,your platform,1
superseded evidence,1,search will,1,vectors tell,1,commit date,1,platform devmate,1
evidence writes,1,will still,1,you where,1,date filepath,1,devmate project,1
writes automatic,1,still find,1,where to,1,filepath direct,1,brief md,1
automatic but,1,find most,1,to look,1,direct linking,1,md human,1
but low,1,most cross,1,look to,1,linking to,1,readable devmate,1
authority by,1,cross session,1,to verify,1,to git,1,memory json,1
default or,1,session value,1,verify the,1,git pr,1,json structured,1
per enterprise,1,value is,1,should never,1,pr ticket,1,structured typed,1
enterprise policy,1,volume decisions,1,never present,1,ticket systems,1,typed machine,1
policy devmate,1,conventions and,1,present vector,1,systems vectors,1,machine friendly,1
devmate logs,1,fixes are,1,vector hits,1,second stage,1,friendly each,1
logs session,1,are tiny,1,hits as,1,stage reranker,1,item includes,1
session artifacts,1,tiny compared,1,as unquestioned,1,reranker rather,1,includes id,1
artifacts into,1,compared to,1,unquestioned truth,1,the primary,1,id type,1
with metadata,1,to raw,1,truth it,1,primary store,1,type status,1
metadata this,1,raw transcripts,1,should present,1,store decision,1,status created_at,1
happened retrievable,1,transcripts enterprise,1,present them,1,decision guidance,1,created_at last_verified_at,1
retrievable later,1,trust wants,1,as sources,1,guidance if,1,last_verified_at source_links,1
later with,1,wants citations,1,sources if,1,is embed,1,source_links pr,1
citations post,1,governance that,1,concrete retrieval,1,embed all,1,pr adr,1
post merge,1,s easier,1,contract what,1,all interactions,1,adr doc,1
merge hooks,1,easier cheaper,1,what auto,1,interactions forever,1,ticket optional,1
hooks best,1,cheaper with,1,auto loads,1,forever is,1,optional applies_to,1
best effort,1,with curated,1,loads what,1,is almost,1,applies_to services,1
effort grounding,1,records than,1,what requires,1,almost certainly,1,services modules,1
grounding when,1,than with,1,requires user,1,certainly not,1,modules optional,1
when prs,1,with opaque,1,action default,1,for truth,1,optional sha_verified,1
prs merge,1,recall what,1,default ttls,1,truth selective,1,sha_verified write,1
merge optionally,1,s worth,1,ttls and,1,selective time,1,s created,1
optionally prompt,1,doing instead,1,exact metadata,1,time bounded,1,created updated,1
prompt this,1,instead cost,1,metadata schema,1,bounded evidence,1,updated during,1
this pr,1,cost effective,1,schema so,1,can capture,1,devmate marks,1
pr introduced,1,effective hybrid,1,hybrid stays,1,capture most,1,marks candidate,1
introduced a,1,hybrid keep,1,stays disciplined,1,value at,1,candidate items,1
new convention,1,keep summaries,1,disciplined instead,1,at a,1,items possible,1
decision update,1,the durable,1,becoming twice,1,a fraction,1,possible decision,1
update notebook,1,durable layer,1,twice the,1,fraction of,1,decision possible,1
notebook optionally,1,layer near,1,the chaos,1,with less,1,possible constraint,1
optionally auto,1,near all,1,chaos my,1,less staleness,1,constraint but,1
auto draft,1,all the,1,my current,1,staleness harm,1,but does,1
notebook update,1,the roi,1,current stance,1,harm if,1,not canonize,1
update pr,1,roi store,1,stance are,1,if some,1,canonize automatically,1
pr human,1,store decisions,1,we doing,1,some customers,1,automatically on,1
human review,1,conventions confirmedfixes,1,doing continuity,1,customers truly,1,on end,1
review required,1,confirmedfixes with,1,continuity yes,1,truly need,1,end session,1
required this,1,with timestamps,1,yes as,1,need deep,1,explicit promote,1
this ties,1,timestamps and,1,an opt,1,deep recall,1,memory devmate,1
ties real,1,status this,1,enterprise governed,1,recall make,1,canonical files,1
real change,1,this covers,1,governed feature,1,make it,1,files user,1
change to,1,covers the,1,feature because,1,it an,1,user or,1
to canonical,1,the don,1,the re,1,an enterprise,1,policy approves,1
memory reducing,1,make me,1,briefing tax,1,enterprise tier,1,edits approval,1
reducing drift,1,me re,1,tax compounds,1,tier add,1,approval commits,1
drift c,1,brief you,1,compounds and,1,on with,1,commits it,1
c read,1,you demand,1,survey says,1,compliance controls,1,it optionally,1
read path,1,demand at,1,says users,1,controls so,1,pr read,1
how answers,1,at minimal,1,want it,1,the price,1,s used,1
answers are,1,minimal cost,1,but they,1,price maps,1,on every,1
are generated,1,cost use,1,they don,1,maps to,1,every new,1
generated without,1,only where,1,to trust,1,value if,1,only active,1
without self,1,where they,1,trust it,1,share the,1,active decisions,1
bias step,1,re uniquely,1,it blindly,1,the rough,1,glossary plus,1
step intent,1,uniquely valuable,1,blindly so,1,rough activity,1,plus any,1
intent routing,1,valuable and,1,so memory,1,activity rates,1,any verified,1
routing before,1,and time,1,auditable editable,1,rates messages,1,learnings that,1
before retrieval,1,time bound,1,and fail,1,messages day,1,that are,1
retrieval classify,1,bound vectors,1,safe prefer,1,day avg,1,are still,1
classify the,1,make sense,1,prefer i,1,avg tokens,1,still valid,1
request into,1,sense for,1,not sure,1,tokens number,1,valid not,1
into intents,1,for short,1,sure over,1,number of,1,not expired,1
like implement,1,lived evidence,1,over confidently,1,of repos,1,expired superseded,1
feature refactor,1,not long,1,confidently stale,1,repos users,1,superseded this,1
refactor code,1,memory debug,1,what continuity,1,what sources,1,the always,1
review debugging,1,debug transcripts,1,continuity are,1,sources you,1,continuity and,1
debugging incident,1,transcripts stack,1,we not,1,d embed,1,is intentionally,1
incident regression,1,stack traces,1,doing we,1,embed chat,1,intentionally small,1
regression architecture,1,traces what,1,are not,1,chat only,1,auditable why,1
architecture why,1,yesterday find,1,doing remember,1,vs prs,1,this layer,1
choose onboarding,1,that snippet,1,everything across,1,incidents i,1,layer exists,1
onboarding how,1,snippet from,1,across sessions,1,can help,1,exists transparency,1
how does,1,from last,1,sessions and,1,help you,1,transparency governance,1
this repo,1,last week,1,and silently,1,you estimate,1,and truth,1
repo work,1,week s,1,silently inject,1,estimate where,1,truth hierarchy,1
work step,1,s pr,1,it that,1,the selective,1,hierarchy it,1
step always,1,pr discussion,1,that design,1,vectors break,1,the antidote,1
always load,1,discussion internal,1,design maximizes,1,break even,1,antidote to,1
right minimal,1,internal doc,1,maximizes rut,1,even point,1,to both,1
for most,1,doc search,1,risk architecture,1,point lands,1,both black,1
most coding,1,search augmentation,1,architecture layered,1,lands competitive,1,box recall,1
coding intents,1,augmentation controls,1,layered memory,1,pressure changes,1,recall and,1
intents pull,1,controls to,1,with explicit,1,the go,1,and documentation,1
pull notebook,1,keep cost,1,authority levels,1,go to,1,documentation decay,1
items scoped,1,and risk,1,levels think,1,to market,1,decay it,1
the touched,1,risk down,1,think of,1,market urgency,1,can generate,1
touched modules,1,down ttl,1,of this,1,urgency not,1,update adrs,1
modules decisions,1,chats maybe,1,this as,1,the engineering,1,adrs rather,1
constraints pull,1,maybe for,1,as three,1,engineering truth,1,than replace,1
pull repo,1,for incidents,1,three stores,1,truth ungoverned,1,replace them,1
signals relevant,1,incidents scope,1,stores two,1,ungoverned infinite,1,them b,1
relevant to,1,gating service,1,two pipelines,1,staleness cost,1,index default,1
the files,1,prefer pr,1,pipelines ingest,1,cost compliance,1,off auditable,1
files language,1,docs over,1,ingest retrieve,1,compliance risk,1,retrieval what,1
language tooling,1,over chat,1,retrieve one,1,trust problems,1,it indexes,1
tooling this,1,chat for,1,one policy,1,problems especially,1,indexes high,1
briefing without,1,for retention,1,controls plane,1,especially in,1,capacity optional,1
without injecting,1,retention store,1,plane store,1,enterprise so,1,transcripts if,1
injecting yesterday,1,store fewer,1,memory small,1,just noise,1,if enterprise,1
flailing step,1,fewer higher,1,curated human,1,but you,1,policy allows,1
step evidence,1,signal sources,1,readable purpose,1,you shouldn,1,allows pasted,1
is gated,1,sources on,1,purpose eliminate,1,t mirror,1,referenced code,1
gated not,1,demand indexing,1,importing messy,1,mirror it,1,diffs or,1
default only,1,indexing index,1,attempts objects,1,it literally,1,or pointers,1
retrieve from,1,index this,1,objects projectbrief,1,literally what,1,to them,1
index when,1,this thread,1,decision records,1,the announcement,1,them links,1
when user,1,thread incident,1,records convention,1,announcement likely,1,docs session,1
user clicks,1,incident rather,1,convention runbookoutcome,1,likely means,1,session artifacts,1
clicks resume,1,than indexing,1,runbookoutcome fields,1,means and,1,artifacts commands,1
or intent,1,indexing everything,1,fields minimum,1,to verify,1,commands run,1
asks what,1,everything provide,1,minimum id,1,verify quickly,1,run reproduction,1
changed why,1,provide an,1,deprecated owner,1,quickly treat,1,reproduction steps,1
why when,1,evidence export,1,branch commit_ref,1,treat infinite,1,steps when,1
when retrieving,1,export path,1,commit_ref optional,1,a claim,1,when provided,1
retrieving evidence,1,path instead,1,optional links,1,claim that,1,provided storage,1
evidence apply,1,of infinite,1,doc tags,1,can hide,1,storage retrieval,1
repo current,1,infinite embeddings,1,tags where,1,hide constraints,1,retrieval dual,1
window exclude,1,embeddings for,1,it lives,1,constraints is,1,dual index,1
ignored retrieve,1,lived details,1,lives ideally,1,it truly,1,index keyword,1
a diverse,1,details promote,1,repo e,1,truly cross,1,bm25 for,1
diverse set,1,artifacts adr,1,g docs,1,session across,1,exact strings,1
set recent,1,update runbook,1,docs devmate,1,projects or,1,strings error,1
recent similar,1,entry readme,1,devmate brief,1,or per,1,messages are,1
similar any,1,ticket summary,1,brief md,1,it opt,1,are best,1
any conflicting,1,summary this,1,adr md,1,in editable,1,best served,1
conflicting superseded,1,is cheaper,1,md with,1,editable auditable,1,served by,1
superseded to,1,cheaper than,1,with devmate,1,auditable exportable,1,by this,1
avoid confirmation,1,than retaining,1,devmate caching,1,exportable is,1,this vector,1
confirmation loops,1,retaining years,1,caching metadata,1,it retention,1,vector for,1
loops present,1,embeddings and,1,metadata for,1,retention unbounded,1,for semantic,1
present evidence,1,and is,1,for fast,1,unbounded or,1,semantic recall,1
as citations,1,is auditable,1,fast load,1,or marketing,1,recall every,1
citations from,1,auditable a,1,load authority,1,marketing shorthand,1,every chunk,1
on and,1,rule finance,1,authority highest,1,shorthand e,1,chunk stored,1
and never,1,finance will,1,highest but,1,g year,1,stored with,1
as unqualified,1,will like,1,if status,1,year does,1,with metadata,1
unqualified truth,1,like if,1,accepted and,1,does it,1,metadata repo,1
truth step,1,item is,1,and recently,1,it show,1,branch sha_observed,1
step repo,1,is stable,1,recently validated,1,forget supersede,1,sha_observed timestamp,1
before action,1,and policy,1,validated store,1,supersede what,1,timestamp source_type,1
action before,1,policy relevant,1,b evidence,1,s their,1,source_type chat,1
suggesting actionable,1,relevant store,1,index deep,1,their enterprise,1,chat log,1
actionable specifics,1,store as,1,recall cited,1,enterprise story,1,log doc,1
specifics class,1,curated record,1,cited purpose,1,story for,1,pr service,1
class names,1,record forever,1,purpose precise,1,for access,1,module security_classification,1
names endpoints,1,forever if,1,precise lookup,1,pii data,1,security_classification retrieval,1
endpoints library,1,detail but,1,lookup where,1,data residency,1,policy prevents,1
library apis,1,but perishable,1,before without,1,residency a,1,prevents self,1
apis devmate,1,perishable vector,1,without turning,1,fast competitive,1,bias staleness,1
devmate checks,1,vector with,1,turning history,1,competitive teardown,1,staleness not,1
checks does,1,ttl if,1,history into,1,teardown here,1,injected by,1
does symbol,1,and long,1,into truth,1,here is,1,invoked only,1
symbol import,1,lived promote,1,truth corpus,1,it tells,1,when user,1
import exist,1,to doc,1,corpus pr,1,tells you,1,try find,1
exist on,1,adr then,1,descriptions issues,1,you whether,1,find earlier,1
target branch,1,then you,1,traces design,1,whether you,1,earlier discussion,1
branch is,1,need vector,1,default index,1,need feature,1,discussion or,1
is dependency,1,retention bottom,1,index hybrid,1,feature parity,1,or task,1
present do,1,line given,1,hybrid retrieval,1,parity or,1,task classifier,1
do configs,1,given cost,1,retrieval bm25,1,or just,1,classifier indicates,1
configs match,1,staleness trust,1,bm25 vector,1,just message,1,indicates continuation,1
match if,1,trust downsides,1,vector embeddings,1,parity how,1,continuation resume,1
it flags,1,downsides don,1,embeddings with,1,should change,1,resume debugging,1
flags staleness,1,t buy,1,filters authority,1,change your,1,debugging incident,1
and pivots,1,buy store,1,authority evidence,1,your calculus,1,incident x,1
pivots to,1,everything for,1,evidence only,1,calculus you,1,x or,1
s currently,1,for years,1,only must,1,probably need,1,or user,1
currently in,1,years ship,1,be cited,1,memory narrative,1,selects deep,1
repo step,1,ship durable,1,branch scoped,1,narrative now,1,recall scope,1
step output,1,the product,1,scoped store,1,now even,1,scope filters,1
output with,1,product memory,1,store c,1,ship infinite,1,filters boosts,1
provenance any,1,and add,1,c ephemeral,1,infinite you,1,boosts same,1
any memory,1,add limited,1,ephemeral session,1,credible answer,1,branch near,1
influenced claim,1,limited time,1,session cache,1,answer in,1,near sha,1
claim includes,1,bounded vector,1,cache short,1,in deals,1,sha older,1
includes citations,1,retrieval for,1,lived working,1,deals yes,1,older higher,1
to notebook,1,for specific,1,set purpose,1,yes we,1,sources chat,1
item ids,1,specific lookup,1,purpose keep,1,we have,1,chat freshness,1
or evidence,1,workflows where,1,keep flow,1,have project,1,freshness decay,1
evidence snippets,1,where it,1,flow within,1,s safer,1,decay diversity,1
snippets last,1,it clearly,1,within a,1,safer don,1,diversity don,1
timestamps a,1,clearly pays,1,a workday,1,the headline,1,t return,1
a conflict,1,pays for,1,workday without,1,headline force,1,return near,1
conflict prompt,1,for itself,1,without fossilizing,1,force you,1,duplicates always,1
prompt if,1,itself competitive,1,fossilizing confusion,1,worst architecture,1,always returns,1
if sources,1,competitive pressure,1,confusion ttl,1,architecture if,1,returns with,1
sources disagree,1,pressure should,1,ttl hours,1,you respond,1,citations shown,1
disagree ux,1,change how,1,days configurable,1,respond with,1,user snippet,1
ux commitments,1,credible memory,1,configurable authority,1,with embed,1,snippet title,1
commitments what,1,memory story,1,authority low,1,forever you,1,title date,1
what makes,1,story but,1,low never,1,ll pay,1,date source,1
this trustworthy,1,your engineering,1,never auto,1,pay cost,1,source sha,1
trustworthy modes,1,engineering standard,1,auto promoted,1,and increase,1,sha how,1
modes per,1,standard for,1,promoted to,1,increase failure,1,it connects,1
session fresh,1,for correctness,1,to canonical,1,failure rates,1,connects to,1
memory viewer,1,correctness trust,1,canonical without,1,rates then,1,to generation,1
viewer notebook,1,cost in,1,without user,1,then lose,1,generation generator,1
is readable,1,enterprise a,1,approval how,1,and renewals,1,generator drafts,1
readable editable,1,a flashy,1,how the,1,renewals enterprise,1,drafts an,1
editable mark,1,flashy memory,1,the pieces,1,enterprise buyers,1,an information,1
supersede is,1,memory claim,1,pieces connect,1,buyers often,1,information need,1
is easy,1,claim that,1,connect end,1,often prefer,1,need queries,1
easy citations,1,that later,1,end ingestion,1,prefer governed,1,queries desired,1
citations always,1,later produces,1,ingestion pipeline,1,over infinite,1,desired types,1
on for,1,produces stale,1,gets saved,1,memory procurement,1,types retrieval,1
for memory,1,stale or,1,saved when,1,procurement security,1,retrieval service,1
answers one,1,or non,1,how trigger,1,security architects,1,service applies,1
click controls,1,non auditable,1,trigger session,1,architects care,1,applies policy,1
controls ignore,1,auditable guidance,1,end explicit,1,care about,1,policy returns,1
memory forget,1,guidance can,1,explicit save,1,about auditability,1,returns a,1
forget evidence,1,can become,1,to memory,1,auditability provenance,1,bounded set,1
evidence pin,1,become a,1,memory or,1,provenance reviewability,1,of evidence,1
pin for,1,liability what,1,or update,1,reviewability retention,1,evidence metadata,1
session concrete,1,competitor announcement,1,brief distill,1,policies access,1,metadata generator,1
concrete example,1,announcement likely,1,distill assistant,1,access controls,1,generator produces,1
example flow,1,means and,1,assistant proposes,1,and data,1,produces answer,1
flow user,1,t it,1,proposes brief,1,data boundaries,1,explicit used,1
user add,1,it likely,1,brief update,1,boundaries staleness,1,used evidence,1
add rate,1,means they,1,update bullets,1,staleness management,1,evidence list,1
rate limiting,1,they have,1,bullets decision,1,management that,1,list internally,1
limiting to,1,have long,1,decision candidate,1,a differentiation,1,internally and,1
the orders,1,retention retrieval,1,candidate adr,1,differentiation opportunity,1,optionally in,1
orders api,1,retrieval often,1,adr draft,1,opportunity recommended,1,ui and,1
api intent,1,often vectors,1,draft if,1,recommended response,1,and treats,1
intent implement,1,vectors transcripts,1,if a,1,response counter,1,treats evidence,1
feature load,1,transcripts it,1,a choice,1,counter position,1,evidence as,1
load notebook,1,it does,1,choice rationale,1,position staged,1,evidence not,1
notebook orders,1,does not,1,rationale occurred,1,staged capability,1,not instruction,1
service conventions,1,not guarantee,1,occurred outcome,1,capability product,1,instruction c,1
conventions security,1,guarantee they,1,outcome candidate,1,product stance,1,ephemeral working,1
security constraints,1,they solved,1,candidate runbook,1,stance rename,1,set what,1
constraints repo,1,solved staleness,1,entry if,1,rename the,1,the normal,1
signals framework,1,staleness provenance,1,if something,1,value reliable,1,normal in,1
framework middleware,1,provenance rbac,1,something was,1,memory or,1,in session,1
middleware do,1,controls contradiction,1,was verified,1,or governed,1,window plus,1
not retrieve,1,contradiction handling,1,verified root,1,memory rather,1,plus temporary,1
retrieve last,1,handling or,1,repro fix,1,infinite lead,1,temporary scratch,1
last month,1,or bias,1,fix user,1,with editable,1,notes what,1
month s,1,loops these,1,approval gate,1,editable canonical,1,persists nothing,1
s debug,1,hard parts,1,gate sovereignty,1,canonical brief,1,nothing by,1
debug chat,1,parts so,1,sovereignty user,1,adrs citations,1,default except,1
chat by,1,s partially,1,can edit,1,citations fresh,1,except what,1
asks didn,1,partially signal,1,edit accept,1,mode retention,1,gets promoted,1
t we,1,signal users,1,accept reject,1,controls capability,1,policy user,1
try something,1,users care,1,reject or,1,capability stance,1,controls required,1
something like,1,care and,1,or mark,1,stance so,1,required for,1
like this,1,and partially,1,mark private,1,so marketing,1,for trust,1
this before,1,partially noise,1,private note,1,marketing has,1,trust scope,1
before evidence,1,noise marketing,1,note ephemeral,1,has something,1,scope toggle,1
retrieval filtered,1,marketing label,1,ephemeral write,1,something concrete,1,memory show,1
filtered to,1,label how,1,back if,1,concrete ship,1,i used,1
to orders,1,your calculus,1,if accepted,1,ship announce,1,used for,1
service recent,1,calculus product,1,accepted create,1,announce project,1,for both,1
recent main,1,product you,1,update repo,1,memory canonical,1,both canonical,1
main with,1,need a,1,artifacts adr,1,spine quickly,1,items and,1
if evidence,1,clear counter,1,adr brief,1,quickly offer,1,and retrieved,1
evidence references,1,counter position,1,brief runbook,1,offer extended,1,retrieved evidence,1
references an,1,position not,1,runbook via,1,an add,1,evidence one,1
old middleware,1,not necessarily,1,via pr,1,on tier,1,click mark,1
middleware no,1,necessarily infinite,1,pr or,1,explicit limits,1,mark item,1
longer in,1,infinite your,1,or direct,1,limits bounded,1,item outdated,1
in deps,1,survey already,1,direct write,1,retention e,1,outdated superseded,1
deps repo,1,already says,1,write policy,1,days high,1,superseded wrong,1
repo check,1,says users,1,dependent index,1,sources first,1,wrong delete,1
check detects,1,but don,1,index update,1,first prs,1,delete org,1
detects mismatch,1,it that,1,update canonical,1,incidents not,1,policy whether,1
mismatch devmate,1,s your,1,canonical objects,1,not all,1,be indexed,1
devmate warns,1,your wedge,1,objects update,1,all chat,1,indexed retention,1
warns and,1,wedge enterprises,1,update store,1,chat forever,1,windows redaction,1
and proposes,1,enterprises don,1,a metadata,1,forever citations,1,redaction secrets,1
proposes current,1,t just,1,metadata repo,1,citations supersede,1,secrets scanning,1
current alternative,1,just want,1,issues flow,1,forget enterprise,1,scanning staleness,1
alternative the,1,want recall,1,flow into,1,acl residency,1,handling core,1
the decision,1,recall they,1,b embedding,1,residency encryption,1,not optional,1
decision stated,1,want governance,1,embedding keyword,1,encryption retention,1,optional canonical,1
stated plainly,1,governance position,1,keyword indexing,1,retention this,1,items have,1
plainly we,1,position project,1,indexing audit,1,gives sales,1,have last_verified_at,1
are doing,1,trust auditable,1,log record,1,sales a,1,last_verified_at and,1
continuity canonical,1,auditable editable,1,record who,1,a checkbox,1,be auto,1
canonical continuity,1,editable citation,1,who approved,1,checkbox and,1,auto flagged,1
continuity curated,1,backed time,1,approved what,1,a story,1,flagged when,1
curated notebook,1,scoped vs,1,what when,1,story without,1,files modules,1
structured user,1,memory implied,1,links enterprise,1,without committing,1,change substantially,1
governed and,1,implied black,1,enterprise requirement,1,committing engineering,1,substantially or,1
cited deep,1,box staleness,1,requirement retrieval,1,engineering to,1,or referenced,1
deep continuity,1,risk roadmap,1,retrieval generation,1,most fragile,1,symbols no,1
continuity vector,1,roadmap accelerate,1,generation pipeline,1,fragile version,1,longer exist,1
only gated,1,accelerate v1,1,what influences,1,version bottom,1,exist or,1
gated on,1,v1 governed,1,influences answers,1,line competitive,1,or time,1
demand and,1,not store,1,answers trigger,1,pressure is,1,time threshold,1
always attributed,1,forever ship,1,trigger each,1,not noise,1,threshold exceeded,1
attributed repo,1,ship quickly,1,each user,1,right reaction,1,exceeded evidence,1
state is,1,quickly project,1,user query,1,reaction is,1,is commit,1
the final,1,conventions editable,1,query mode,1,is message,1,aware old,1
final arbiter,1,versioned fresh,1,mode selection,1,parity and,1,are down,1
arbiter to,1,mode memory,1,selection visible,1,trust differentiation,1,and labeled,1
to control,1,citations this,1,visible fresheyes,1,differentiation not,1,labeled old,1
control staleness,1,gives marketing,1,fresheyes store,1,at any,1,old before,1
staleness if,1,marketing a,1,a minimal,1,any cost,1,before emitting,1
turn this,1,a headline,1,minimal optional,1,cost your,1,emitting code,1
this into,1,headline and,1,optional only,1,your best,1,code based,1
a v1,1,and gives,1,only global,1,best defense,1,based on,1
v1 v2,1,gives engineering,1,global conventions,1,defense is,1,retrieved api,1
v2 build,1,engineering a,1,conventions store,1,memory feature,1,api claim,1
build plan,1,a defensible,1,b off,1,feature that,1,claim devmate,1
plan what,1,defensible foundation,1,off unless,1,enterprises can,1,devmate runs,1
what ships,1,foundation sales,1,asks continuum,1,can trust,1,runs lightweight,1
ships first,1,sales enterprise,1,continuum store,1,trust under,1,lightweight verification,1
first what,1,enterprise readiness,1,a on,1,change and,1,verification symbol,1
s optional,1,readiness emphasize,1,on accepted,1,a headline,1,symbol search,1
what telemetry,1,emphasize risk,1,accepted recent,1,headline that,1,lsp if,1
telemetry proves,1,risk controls,1,recent store,1,that explains,1,available or,1
proves it,1,controls competitive,1,b on,1,explains why,1,a question,1
s helping,1,parity isn,1,on for,1,why that,1,question rollout,1
helping rather,1,t infinite,1,evidence if,1,s better,1,rollout plan,1
than biasing,1,infinite it,1,if needed,1,better than,1,plan minimizes,1
biasing is,1,s rbac,1,needed continuum,1,infinite it,1,minimizes risk,1
strong signal,1,policies export,1,evidence store,1,s practical,1,risk v1,1
signal that,1,delete provenance,1,a more,1,practical as,1,v1 canonical,1
that full,1,provenance supersession,1,more aggressive,1,a component,1,only editable,1
full store,1,supersession and,1,aggressive evidence,1,component use,1,editable approved,1
everything in,1,and reconfirmation,1,retrieval admin,1,use more,1,approved diffs,1
in vectors,1,reconfirmation those,1,gated load,1,but naïve,1,diffs source,1
vectors forever,1,those are,1,load canonical,1,naïve as,1,links biggest,1
forever should,1,are purchase,1,canonical context,1,a strategy,1,biggest value,1
be your,1,purchase blockers,1,context pack,1,strategy dump,1,complexity v2,1
your default,1,blockers in,1,pack store,1,everything no,1,v2 evidence,1
default offering,1,enterprise more,1,a always,1,no retrieval,1,index with,1
offering especially,1,than how,1,always bounded,1,projects why,1,search citations,1
especially since,1,how many,1,bounded token,1,why just,1,citations great,1
since perfect,1,many months,1,token cap,1,just stuff,1,logs v3,1
recall isn,1,months of,1,cap e,1,stuff it,1,v3 add,1
t actually,1,chats you,1,g brief,1,the context,1,vectors diversity,1
actually perfect,1,you store,1,brief top,1,context window,1,diversity recency,1
perfect truth,1,store a,1,top adrs,1,window breaks,1,authority policies,1
s perfect,1,practical response,1,adrs by,1,breaks down,1,policies keep,1
perfect retention,1,response plan,1,by relevance,1,down scaling,1,keep it,1
retention of,1,plan marketing,1,relevance recency,1,scaling cost,1,it on,1
of potentially,1,marketing engineering,1,status retrieval,1,cost latency,1,demand by,1
potentially outdated,1,engineering aligned,1,plan step,1,latency is,1,default concrete,1
outdated artifacts,1,aligned name,1,step separate,1,not linear,1,concrete how,1
artifacts why,1,name it,1,separate from,1,linear in,1,how pieces,1
why perfect,1,explicitly governed,1,from generation,1,practice even,1,pieces connect,1
worth most,1,governed project,1,generation determine,1,if per,1,connect example,1
most roi,1,or trustworthy,1,determine if,1,per token,1,example user,1
roi is,1,citations if,1,evidence is,1,token prices,1,user starts,1
is in,1,must match,1,is needed,1,prices fall,1,starts session,1
in stable,1,the headline,1,needed find,1,fall total,1,devmate loads,1
context not,1,headline qualify,1,prior similar,1,total tokens,1,loads canonical,1
not raw,1,qualify it,1,similar pr,1,tokens can,1,user begins,1
raw transcripts,1,it long,1,pr what,1,can explode,1,begins debugging,1
transcripts the,1,and control,1,what changed,1,explode two,1,debugging if,1
big time,1,control not,1,changed api,1,of chats,1,if user,1
time saver,1,infinite add,1,api x,1,chats prs,1,user clicks,1
saver is,1,add an,1,x evidence,1,prs logs,1,clicks deep,1
is architecture,1,an infinite,1,retrieval store,1,logs can,1,what happened,1
map key,1,infinite evidence,1,b with,1,be millions,1,happened last,1
key decisions,1,evidence retention,1,filters filters,1,millions of,1,last time,1
decisions the,1,retention as,1,status diversity,1,of tokens,1,time devmate,1
brief problem,1,an admin,1,diversity include,1,tokens you,1,devmate queries,1
problem that,1,configurable option,1,include potential,1,you also,1,queries evidence,1
is well,1,option later,1,potential superseding,1,also pay,1,index b,1
well served,1,later priced,1,items when,1,pay repeatedly,1,b with,1
served by,1,priced accordingly,1,applicable freshness,1,repeatedly every,1,filters shows,1
by summaries,1,accordingly with,1,checks staleness,1,every prompt,1,shows retrieved,1
notebook memory,1,with strong,1,staleness control,1,prompt re,1,selects relevant,1
memory at,1,strong warnings,1,control if,1,re sends,1,relevant one,1
at low,1,warnings and,1,if retrieved,1,sends that,1,one devmate,1
cost raw,1,controls bottom,1,retrieved item,1,that history,1,proposes fix,1
raw recall,1,line treat,1,item references,1,have special,1,fix verifying,1
recall has,1,competitor launch,1,references symbols,1,special caching,1,verifying apis,1
has diminishing,1,launch as,1,paths verify,1,caching inference,1,apis against,1
diminishing returns,1,a go,1,verify against,1,inference infrastructure,1,against current,1
returns and,1,go to,1,head path,1,infrastructure and,1,code if,1
and higher,1,to market,1,path exists,1,and even,1,new invariant,1
higher harm,1,market forcing,1,symbol resolves,1,pay in,1,invariant decision,1
harm it,1,forcing function,1,resolves etc,1,in latency,1,decision emerges,1
s primarily,1,function not,1,etc downrank,1,latency and,1,emerges devmate,1
primarily useful,1,a reason,1,downrank or,1,and operational,1,to update,1
useful for,1,reason to,1,or label,1,operational complexity,1,a that,1
for forensics,1,to adopt,1,label likely,1,complexity attention,1,gives continuity,1
error it,1,adopt an,1,fail or,1,attention dilution,1,turning memory,1
also where,1,an inferior,1,or item,1,dilution more,1,into an,1
where rut,1,inferior architecture,1,is old,1,can reduce,1,an echo,1
staleness opacity,1,architecture ship,1,old assemble,1,reduce correctness,1,chamber no,1
opacity risks,1,memory feature,1,assemble used,1,correctness models,1,no not,1
risks are,1,s enterprise,1,context bundle,1,models don,1,blanket default,1
are highest,1,enterprise safe,1,bundle always,1,t perfectly,1,default especially,1
highest unless,1,and defensible,1,always cited,1,perfectly index,1,especially with,1
heavily gated,1,defensible and,1,cited list,1,index long,1,a year,1
and verified,1,let infinite,1,list of,1,long inputs,1,year horizon,1
verified enterprises,1,infinite be,1,items excerpts,1,inputs with,1,horizon and,1
enterprises already,1,be their,1,excerpts timestamps,1,with huge,1,and known,1
already have,1,their marketing,1,timestamps links,1,huge context,1,known staleness,1
have better,1,marketing claim,1,links generate,1,context relevant,1,staleness anchoring,1
better perfect,1,claim while,1,generate response,1,relevant facts,1,risk why,1
recall systems,1,while yours,1,response the,1,facts get,1,why perfect,1
systems git,1,yours is,1,is instructed,1,get buried,1,recall rarely,1
git history,1,trust governance,1,instructed to,1,buried among,1,rarely justifies,1
issues incident,1,governance and,1,treat canonical,1,among irrelevant,1,justifies it,1
incident tickets,1,correctness over,1,as constraints,1,irrelevant ones,1,not actually,1
tickets docs,1,time it,1,constraints and,1,ones contradictory,1,actually perfect,1
docs slack,1,s partly,1,evidence as,1,contradictory or,1,perfect embeddings,1
slack teams,1,partly practical,1,as citations,1,or outdated,1,embeddings chunking,1
teams often,1,practical in,1,to ask,1,outdated statements,1,chunking ranking,1
often you,1,a narrow,1,ask when,1,statements coexist,1,ranking still,1
get more,1,narrow band,1,when conflicts,1,coexist the,1,still miss,1
more reliable,1,band but,1,conflicts staleness,1,model may,1,miss things,1
reliable retrieval,1,but naive,1,staleness appear,1,may latch,1,things and,1
retrieval by,1,naive as,1,appear guardrails,1,latch onto,1,can surface,1
by indexing,1,a general,1,prevent self,1,onto salient,1,surface the,1
indexing those,1,general replacement,1,loops separation,1,salient but,1,the wrong,1
those artifacts,1,for governed,1,separation retrieval,1,but wrong,1,wrong things,1
artifacts or,1,retrieval where,1,retrieval planning,1,wrong passages,1,things you,1
or linking,1,where the,1,planning and,1,passages especially,1,re paying,1
linking to,1,the idea,1,and generation,1,especially debugging,1,for capacity,1
to them,1,idea is,1,generation are,1,transcripts so,1,not guaranteed,1
them than,1,is practical,1,are distinct,1,can get,1,guaranteed correctness,1
than by,1,practical large,1,distinct steps,1,get more,1,correctness value,1
by embedding,1,windows can,1,steps and,1,wrongness not,1,value decays,1
embedding every,1,can simplify,1,be different,1,better recall,1,decays with,1
every chat,1,simplify short,1,different prompts,1,recall staleness,1,with time,1
chat turn,1,short term,1,prompts models,1,staleness gets,1,time cost,1
turn what,1,term continuity,1,models citations,1,gets worse,1,cost doesn,1
d recommend,1,continuity recent,1,citations required,1,worse not,1,t the,1
recommend financially,1,work thread,1,required no,1,better if,1,the further,1
financially and,1,thread last,1,no invisible,1,you dump,1,further back,1
and architecturally,1,last hour,1,memory contradiction,1,dump in,1,back you,1
architecturally default,1,hour day,1,contradiction pull,1,in old,1,you store,1
default included,1,day of,1,pull if,1,context without,1,the more,1
included project,1,debugging curated,1,if adr,1,without versioning,1,likely it,1
structured forever,1,curated packs,1,adr is,1,versioning validity,1,s outdated,1
forever decisions,1,packs project,1,retrieved also,1,validity signals,1,apis conventions,1
decisions adrs,1,active adrs,1,also search,1,signals you,1,conventions architecture,1
adrs lite,1,adrs relevant,1,search for,1,you amplify,1,architecture so,1
lite constraints,1,relevant file,1,for supersedes,1,amplify time,1,so recall,1
map user,1,file excerpts,1,supersedes deprecates,1,travel old,1,recall becomes,1
confirmed editable,1,excerpts bring,1,deprecates adr,1,old api,1,becomes less,1
editable versioned,1,bring your,1,adr x,1,api signatures,1,less helpful,1
supersedable cited,1,own context,1,x user,1,signatures deprecated,1,helpful and,1
cited to,1,context workflows,1,user controls,1,deprecated patterns,1,and more,1
artifacts this,1,workflows user,1,controls pin,1,patterns decisions,1,misleading yet,1
this captures,1,user pastes,1,exclude items,1,decisions that,1,yet you,1
captures the,1,pastes logs,1,items narrow,1,that were,1,keep paying,1
core value,1,logs specs,1,narrow time,1,were superseded,1,paying to,1
value of,1,specs in,1,window toggle,1,superseded the,1,store and,1
continuity cheaply,1,in these,1,eyes rollout,1,model can,1,and search,1
cheaply and,1,these cases,1,rollout plan,1,reliably infer,1,search it,1
and safely,1,cases just,1,plan feasible,1,infer what,1,it the,1
safely optional,1,just include,1,feasible phase,1,s still,1,mostly solved,1
optional paid,1,include it,1,a only,1,still valid,1,solved by,1
paid add,1,can beat,1,outcomes ui,1,valid just,1,by summaries,1
on per,1,beat building,1,ui write,1,just from,1,summaries most,1
per tenant,1,building complex,1,back prs,1,from raw,1,most repeat,1
tenant config,1,complex retrieval,1,prs phase,1,text unless,1,repeat overhead,1
config evidence,1,retrieval why,1,b over,1,you explicitly,1,overhead is,1
but bounded,1,s naive,1,citations filters,1,explicitly provide,1,is decisions,1
bounded if,1,naive for,1,filters reranking,1,provide version,1,goals that,1
you need,1,for dump,1,reranking phase,1,and current,1,exactly what,1
need vector,1,everything cost,1,optional episodic,1,code grounding,1,what an,1
retrieval don,1,latency still,1,episodic retrieval,1,grounding governance,1,an editable,1
buy perfect,1,still scales,1,retrieval chat,1,governance compliance,1,brief handles,1
recall buy,1,scales with,1,history with,1,compliance becomes,1,handles cheaply,1
buy situational,1,with history,1,and explicit,1,becomes harder,1,cheaply and,1
situational recall,1,history even,1,user invocation,1,harder infinite,1,and safely,1
recall bound,1,if tokens,1,invocation what,1,infinite context,1,safely when,1
bound it,1,tokens get,1,d tell,1,context implies,1,when vectors,1
retention days,1,get cheaper,1,tell your,1,implies larger,1,are worth,1
days for,1,cheaper two,1,your team,1,larger data,1,worth paying,1
for chat,1,of everything,1,team as,1,data handling,1,for vectors,1
chat evidence,1,is expensive,1,decision yes,1,handling surface,1,vectors can,1
not years,1,expensive at,1,yes to,1,surface pii,1,can justify,1
years scope,1,enterprise scale,1,to continuity,1,logs harder,1,justify cost,1
scope only,1,scale slower,1,continuity because,1,harder deletion,1,cost when,1
only index,1,slower per,1,the productivity,1,deletion retention,1,when your,1
index tagged,1,per request,1,productivity win,1,retention guarantees,1,your users,1
tagged incident,1,request unpredictable,1,win is,1,guarantees harder,1,users frequently,1
debug sessions,1,unpredictable in,1,and requested,1,to explain,1,frequently need,1
sessions not,1,in worst,1,requested hybrid,1,explain what,1,need high,1
not all,1,worst case,1,architecture but,1,what influenced,1,high specificity,1
chats artifact,1,case loads,1,but disciplined,1,influenced this,1,specificity retrieval,1
artifact type,1,loads it,1,disciplined summaries,1,this answer,1,retrieval that,1
type prioritize,1,t solve,1,default truth,1,answer auditability,1,that summaries,1
prioritize prs,1,solve staleness,1,truth surface,1,auditability you,1,summaries can,1
runbooks log,1,staleness or,1,surface vectors,1,still need,1,t provide,1
log excerpts,1,or authority,1,and raw,1,need selection,1,provide like,1
excerpts over,1,model can,1,attempts stay,1,selection retrieval,1,like recurring,1
over free,1,t reliably,1,stay ephemeral,1,is just,1,recurring production,1
free form,1,reliably distinguish,1,ephemeral on,1,just explicit,1,production incidents,1
form chat,1,distinguish deprecated,1,demand if,1,explicit selection,1,where old,1
chat volume,1,deprecated vs,1,provenance editability,1,selection even,1,old stack,1
volume controls,1,vs current,1,editability freshness,1,even with,1,traces workarounds,1
controls per,1,current practices,1,controls restrict,1,a massive,1,workarounds matter,1
project budget,1,practices superseded,1,restrict continuity,1,massive window,1,matter regulatory,1
budget eviction,1,superseded decisions,1,continuity to,1,window you,1,regulatory audit,1
eviction dedupe,1,decisions vs,1,to decisions,1,must decide,1,audit contexts,1
dedupe compress,1,vs active,1,only until,1,decide which,1,contexts needing,1
compress summarize,1,active ones,1,until you,1,which repos,1,needing traceability,1
summarize then,1,ones we,1,can no,1,repos services,1,traceability across,1
then embed,1,tried this,1,no not,1,services which,1,across many,1
embed cold,1,this and,1,the naïve,1,which branch,1,many artifacts,1
storage keep,1,failed vs,1,naïve sense,1,branch which,1,artifacts large,1
keep raw,1,vs this,1,sense of,1,which time,1,large orgs,1
raw logs,1,the official,1,of vectorize,1,range which,1,orgs with,1
in cheaper,1,official approach,1,vectorize everything,1,which artifacts,1,with heavy,1
cheaper blob,1,approach without,1,everything for,1,artifacts are,1,heavy staff,1
blob storage,1,without explicit,1,for two,1,are authoritative,1,staff churn,1
storage embed,1,explicit metadata,1,two years,1,authoritative that,1,churn find,1
embed only,1,metadata and,1,years you,1,s retrieval,1,the discussion,1
only selected,1,governance you,1,you d,1,retrieval governance,1,discussion about,1
selected pointers,1,ve just,1,d be,1,governance just,1,x is,1
pointers this,1,just moved,1,be paying,1,just hidden,1,is daily,1
preserves the,1,moved the,1,for recall,1,hidden when,1,daily work,1
the main,1,the problem,1,of material,1,the big,1,work but,1
main vector,1,problem from,1,material that,1,big context,1,but even,1
vector benefit,1,retrieval to,1,that a,1,context idea,1,even then,1
benefit fast,1,to attention,1,a won,1,idea is,1,then you,1
fast lookup,1,attention more,1,be used,1,practical use,1,you usually,1
lookup of,1,more context,1,used and,1,use large,1,usually don,1
of specifics,1,context can,1,b will,1,large context,1,need index,1
specifics without,1,can increase,1,will become,1,context windows,1,index everything,1
without year,1,increase self,1,become incorrect,1,windows to,1,everything for,1
year tail,1,bias and,1,incorrect more,1,to eliminate,1,for two,1
tail costs,1,and noise,1,more often,1,eliminate unnecessary,1,years recommended,1
costs when,1,noise feeding,1,often over,1,unnecessary retrieval,1,recommended approach,1
when vector,1,feeding lots,1,time increasing,1,for near,1,approach don,1
recall can,1,of history,1,increasing trust,1,near term,1,t buy,1
be worth,1,history increases,1,trust risk,1,term work,1,buy years,1
worth the,1,increases anchoring,1,risk why,1,work include,1,of vectors,1
the premium,1,anchoring to,1,why perfect,1,bounded recent,1,vectors buy,1
premium charge,1,to earlier,1,a misleading,1,recent working,1,buy targeted,1
charge for,1,earlier frames,1,misleading goal,1,set e,1,targeted retrieval,1
for it,1,frames surfaces,1,goal validity,1,g last,1,retrieval baseline,1
it when,1,surfaces contradictory,1,validity decays,1,last n,1,baseline should,1
the customer,1,contradictory facts,1,decays the,1,n interactions,1,should ship,1
customer s,1,facts without,1,the older,1,interactions or,1,ship regardless,1
s use,1,without resolution,1,older the,1,or last,1,regardless canonical,1
use case,1,resolution makes,1,the snippet,1,last x,1,default memory,1
case is,1,model prone,1,snippet conversation,1,x days,1,memory adrs,1
is genuinely,1,to picking,1,conversation the,1,days include,1,conventions versioned,1
genuinely forensic,1,picking the,1,the higher,1,include current,1,versioned and,1
forensic and,1,most salient,1,higher the,1,code slices,1,linked evidence,1
and high,1,salient narrative,1,the chance,1,slices open,1,retrieval cost,1
high stakes,1,narrative not,1,chance it,1,files relevant,1,cost controlled,1
stakes incident,1,most current,1,it no,1,relevant modules,1,controlled choose,1
incident heavy,1,current truth,1,longer matches,1,modules include,1,a mix,1
heavy orgs,1,truth it,1,matches today,1,spine brief,1,mix keyword,1
orgs where,1,it fails,1,s apis,1,conventions this,1,bm25 index,1
where find,1,fails enterprise,1,apis structure,1,this improves,1,index first,1
find that,1,governance requirements,1,structure or,1,improves flow,1,first for,1
that prior,1,requirements dump,1,or constraints,1,flow without,1,for logs,1
prior outage,1,reconcile with,1,constraints retrieval,1,without pretending,1,logs errors,1
outage pattern,1,with rbac,1,retrieval correctness,1,pretending you,1,errors cheap,1
pattern saves,1,aware access,1,correctness vectors,1,can carry,1,cheap often,1
saves hours,1,access retention,1,vectors return,1,carry two,1,often better,1
hours repeatedly,1,policies auditability,1,return similar,1,of entropy,1,better than,1
repeatedly regulated,1,what influenced,1,similar not,1,entropy every,1,than vectors,1
regulated environments,1,this output,1,not still,1,every turn,1,vectors for,1
environments that,1,output delete,1,true so,1,turn recommended,1,exact matches,1
that demand,1,delete export,1,system can,1,recommended approach,1,matches vectors,1
demand audit,1,export requirements,1,can confidently,1,approach simple,1,corpora docs,1
audit trails,1,requirements these,1,confidently surface,1,simple but,1,docs adrs,1
trails with,1,these require,1,surface obsolete,1,not fragile,1,tickets higher,1
citations very,1,explicit structure,1,obsolete details,1,fragile always,1,higher longevity,1
large teams,1,structure not,1,details most,1,always include,1,longevity exclude,1
teams high,1,more tokens,1,most value,1,spine small,1,heavily limit,1
high turnover,1,tokens the,1,value is,1,small canonical,1,limit raw,1
turnover where,1,practical middle,1,is concentrated,1,canonical versioned,1,windows e,1
where institutional,1,middle ground,1,concentrated teams,1,versioned include,1,g keep,1
institutional memory,1,ground what,1,teams repeatedly,1,bounded recency,1,keep vectorized,1
memory loss,1,do instead,1,repeatedly need,1,recency buffer,1,vectorized incident,1
loss is,1,instead use,1,durable items,1,buffer last,1,artifacts days,1
is expensive,1,use big,1,items decisions,1,last days,1,days not,1
expensive support,1,big context,1,outcomes that,1,days of,1,not years,1
support ops,1,windows as,1,adrs capture,1,of relevant,1,years selective,1
ops workflows,1,a delivery,1,capture well,1,relevant session,1,selective capture,1
workflows runbooks,1,delivery mechanism,1,well at,1,session state,1,capture index,1
runbooks rca,1,mechanism for,1,at low,1,state with,1,only sessions,1
rca troubleshooting,1,curated time,1,when vector,1,with decay,1,sessions tagged,1
troubleshooting where,1,scoped context,1,worth paying,1,decay use,1,tagged incident,1
where retrieval,1,pack always,1,s worth,1,use retrieval,1,incident decision,1
retrieval value,1,include project,1,worth extra,1,for anything,1,decision root,1
high and,1,active constraints,1,extra cost,1,anything older,1,confirmed or,1
and time,1,constraints decisions,1,s restricted,1,older or,1,or tied,1
time bounded,1,conventions small,1,restricted to,1,or broad,1,tied to,1
bounded even,1,small often,1,durable auditable,1,broad with,1,pr issue,1
even then,1,often include,1,auditable evidence,1,with time,1,issue pointer,1
still want,1,include relevant,1,can show,1,commit filters,1,pointer strategy,1
want gating,1,excerpts recent,1,show roi,1,filters citations,1,strategy store,1
gating repo,1,recent pr,1,roi locating,1,citations user,1,store references,1
verification cost,1,commit summaries,1,locating prior,1,controls compatibility,1,references pr,1
cost shouldn,1,touched scope,1,prior fixes,1,not over,1,pr links,1
buy you,1,scope sometimes,1,fixes prs,1,over engineering,1,links commit,1
you more,1,sometimes include,1,prs incidents,1,engineering it,1,commit shas,1
more ways,1,include retrieved,1,incidents runbook,1,minimum needed,1,shas file,1
be confidently,1,retrieved evidence,1,runbook steps,1,needed to,1,paths and,1
wrong decision,1,evidence chunks,1,steps answering,1,becoming expensive,1,and re,1
decision framing,1,chunks cited,1,answering where,1,expensive stale,1,re fetch,1
framing for,1,cited ttl,1,before with,1,stale and,1,fetch content,1
for leadership,1,ttl d,1,citations onboarding,1,and untrustworthy,1,content when,1
leadership if,1,d in,1,onboarding across,1,untrustworthy it,1,needed rather,1
is reduce,1,in other,1,large repos,1,it does,1,than embedding,1
briefing improve,1,other words,1,repos where,1,does matter,1,embedding everything,1
improve consistency,1,words large,1,where keyword,1,matter beyond,1,everything upfront,1
consistency summaries,1,context reduces,1,keyword search,1,beyond the,1,upfront where,1
memory gets,1,reduces friction,1,search fails,1,the technical,1,where feasible,1
gets of,1,friction but,1,fails but,1,technical choice,1,feasible decision,1
value at,1,still need,1,but that,1,choice this,1,rule for,1
at of,1,need selection,1,not store,1,is fundamentally,1,for finance,1
cost if,1,selection validity,1,everything it,1,fundamentally about,1,finance product,1
is forensics,1,provenance bottom,1,s index,1,about agency,1,product if,1
forensics debug,1,line relying,1,index the,1,agency trust,1,are always,1
debug recall,1,relying on,1,right artifacts,1,and governance,1,on and,1
be valuable,1,on a,1,artifacts recommendation,1,governance in,1,and year,1
valuable but,1,a massive,1,recommendation given,1,a tool,1,year retained,1
you cap,1,massive context,1,cost staleness,1,tool that,1,retained is,1
cap retention,1,context window,1,risk default,1,influence architecture,1,to justify,1
retention scope,1,window to,1,default offering,1,decisions the,1,justify because,1
and sell,1,to sort,1,offering most,1,core tradeoff,1,because staleness,1
sell it,1,sort it,1,most customers,1,tradeoff user,1,staleness makes,1
an add,1,it out,1,customers summaries,1,user curated,1,makes much,1
on with,1,out is,1,outcomes canonical,1,user team,1,much of,1
with controls,1,not robust,1,stamped memory,1,team in,1,of that,1
controls so,1,robust enough,1,outcomes this,1,pros higher,1,that archive,1
so no,1,enough for,1,this addresses,1,higher trust,1,archive negative,1
no perfect,1,lived enterprise,1,primary pain,1,trust users,1,negative or,1
recall for,1,enterprise projects,1,with low,1,see edit,1,or neutral,1
worth as,1,projects use,1,cost add,1,edit what,1,neutral value,1
default make,1,use larger,1,add on,1,s true,1,value if,1
summaries canonical,1,larger contexts,1,on selective,1,true lower,1,demand scoped,1
canonical and,1,contexts to,1,vector where,1,lower risk,1,scoped expiring,1
and offer,1,to simplify,1,where justified,1,of silent,1,expiring they,1
offer bounded,1,simplify delivery,1,justified evidence,1,silent staleness,1,can deliver,1
bounded vector,1,delivery of,1,not transcript,1,and accidental,1,deliver most,1
an opt,1,curated governed,1,transcript index,1,accidental canonization,1,most of,1
in premium,1,and recent,1,index use,1,canonization fits,1,the benefit,1
premium capability,1,recent changes,1,for pr,1,fits enterprise,1,benefit at,1
capability or,1,changes but,1,descriptions diffs,1,enterprise norms,1,at a,1
or omit,1,but keep,1,diffs metadata,1,norms ownership,1,a fraction,1
omit it,1,keep explicit,1,metadata optionally,1,ownership review,1,fraction of,1
it until,1,memory structure,1,optionally selected,1,review audit,1,and reduce,1
until there,1,structure time,1,selected hunks,1,audit trails,1,reduce misleading,1
s proven,1,so correctness,1,hunks issues,1,trails cons,1,risk concrete,1
proven willingness,1,and trust,1,issues incidents,1,cons adds,1,concrete recommendation,1
willingness to,1,trust don,1,incidents postmortems,1,adds friction,1,recommendation adopt,1
to pay,1,t degrade,1,postmortems runbooks,1,friction some,1,adopt summaries,1
pay competitive,1,degrade over,1,runbooks log,1,some teams,1,make vectors,1
pressure changes,1,time you,1,log exemplars,1,teams won,1,vectors an,1
changes how,1,re right,1,exemplars design,1,t maintain,1,optional metered,1
how urgently,1,right this,1,adrs already,1,it inconsistent,1,metered evidence,1
urgently you,1,is bigger,1,already valuable,1,inconsistent quality,1,search add,1
user story,1,bigger than,1,valuable and,1,quality across,1,on default,1
story but,1,than tech,1,and apply,1,projects slower,1,default summaries,1
it shouldn,1,tech who,1,ttl recency,1,slower to,1,add retrieval,1
t change,1,who controls,1,weighting branch,1,to realize,1,a recent,1
change the,1,controls memory,1,branch release,1,realize the,1,recent incident,1
safety economics,1,memory determines,1,release scoping,1,the it,1,artifacts and,1
economics fundamentals,1,determines accountability,1,scoping citations,1,knows magic,1,b long,1
fundamentals infinite,1,accountability trust,1,citations used,1,magic system,1,lived docs,1
a headline,1,and organizational,1,context ui,1,managed automatic,1,tickets exclude,1
headline your,1,organizational fit,1,ui validity,1,automatic memory,1,or short,1
your risk,1,fit not,1,checks where,1,system in,1,short retain,1
is copying,1,just retrieval,1,where possible,1,pros lowest,1,retain raw,1
copying the,1,retrieval quality,1,exist this,1,lowest friction,1,chat unless,1
the headline,1,quality the,1,this captures,1,friction maximizes,1,unless a,1
headline and,1,core tradeoff,1,captures most,1,maximizes continuity,1,a customer,1
and inheriting,1,tradeoff user,1,the benefit,1,continuity and,1,customer explicitly,1
inheriting the,1,user curated,1,benefit of,1,and perceived,1,explicitly wants,1
the failures,1,memory high,1,of perfect,1,perceived intelligence,1,wants it,1
failures staleness,1,high agency,1,recall at,1,intelligence captures,1,and accepts,1
staleness rut,1,agency pros,1,a fraction,1,captures useful,1,accepts cost,1
bias opacity,1,pros highest,1,fraction of,1,useful details,1,share what,1
opacity cost,1,highest trust,1,the storage,1,details users,1,s driving,1
cost what,1,trust i,1,storage footprint,1,t bother,1,driving the,1
the competitor,1,i know,1,footprint and,1,bother to,1,the embedding,1
competitor announcement,1,know what,1,and with,1,to write,1,embedding compute,1
announcement likely,1,it knows,1,with better,1,write down,1,compute vs,1
likely means,1,knows easier,1,better governance,1,down cons,1,vs storage,1
means it,1,to correct,1,governance practical,1,cons creates,1,storage vs,1
s positioning,1,correct and,1,practical cost,1,creates hidden,1,vs query,1
positioning we,1,keep current,1,cost controls,1,bias loops,1,query volume,1
we re,1,current fits,1,controls engineering,1,loops the,1,volume i,1
re more,1,fits enterprise,1,engineering feasible,1,system decided,1,highest impact,1
more like,1,governance reviewable,1,feasible don,1,decided this,1,impact cost,1
teammate it,1,reviewable artifacts,1,t embed,1,this mattered,1,cost cuts,1
be vague,1,artifacts cons,1,embed raw,1,mattered staleness,1,cuts retention,1
vague infinite,1,higher effort,1,keep it,1,becomes opaque,1,retention selective,1
infinite retention,1,effort users,1,it ephemeral,1,and hard,1,selective indexing,1
retention doesn,1,users may,1,invoked only,1,to correct,1,indexing keyword,1
t imply,1,not maintain,1,only embed,1,correct encourages,1,first routing,1
imply good,1,maintain it,1,embed deltas,1,encourages ai,1,routing or,1
good retrieval,1,it inconsistent,1,deltas new,1,as source,1,or pointer,1
retrieval governance,1,inconsistent coverage,1,new changed,1,truth which,1,pointer based,1
governance or,1,coverage across,1,changed artifacts,1,is brittle,1,based ingestion,1
or correctness,1,across teams,1,not repeated,1,brittle for,1,ingestion without,1
correctness it,1,teams benefits,1,repeated full,1,for teams,1,without losing,1
may increase,1,benefits arrive,1,full snapshots,1,teams and,1,losing the,1
increase buyer,1,arrive slower,1,snapshots tiered,1,and risky,1,visible value,1
buyer expectation,1,slower documentation,1,retention days,1,risky for,1,value competitive,1
expectation you,1,documentation debt,1,for volatile,1,for compliance,1,competitive pressure,1
be asked,1,debt still,1,volatile artifacts,1,compliance recommendation,1,pressure matters,1
asked do,1,still exists,1,artifacts years,1,recommendation system,1,matters but,1
have memory,1,exists system,1,years for,1,system proposes,1,but mostly,1
so it,1,system managed,1,for adrs,1,proposes humans,1,mostly as,1
not noise,1,managed automatic,1,adrs incidents,1,humans team,1,a positioning,1
noise but,1,automatic memory,1,incidents customer,1,team ratify,1,positioning and,1
also not,1,memory low,1,customer controls,1,ratify two,1,and roadmap,1
a reason,1,low effort,1,controls per,1,two tier,1,roadmap pressure,1
reason to,1,effort pros,1,project retention,1,tier control,1,pressure signal,1
to ship,1,pros fast,1,retention allowlist,1,control the,1,signal not,1
ship store,1,fast time,1,allowlist of,1,robust pattern,1,a reason,1
forever the,1,to value,1,of artifact,1,pattern is,1,reason to,1
right competitive,1,value reduces,1,types so,1,is mixed,1,ship an,1
competitive response,1,briefing immediately,1,so they,1,mixed control,1,an unsafe,1
response compete,1,immediately more,1,they pay,1,control with,1,unsafe architecture,1
compete on,1,more complete,1,pay for,1,with clear,1,the announcement,1
on quality,1,complete capture,1,for what,1,clear boundaries,1,announcement likely,1
quality of,1,capture fewer,1,what they,1,boundaries tier,1,likely means,1
not quantity,1,fewer missed,1,they value,1,tier canonical,1,means it,1
quantity given,1,missed details,1,value bottom,1,memory human,1,it confirms,1
given your,1,details cons,1,line given,1,constraints owned,1,confirms market,1
your earlier,1,risk of,1,and increased,1,owned by,1,market demand,1
earlier survey,1,of silent,1,increased staleness,1,by the,1,demand for,1
survey high,1,silent drift,1,risk perfect,1,the team,1,continuity you,1
high desire,1,drift staleness,1,a blanket,1,team updated,1,already saw,1
desire low,1,staleness and,1,blanket feature,1,updated via,1,saw it,1
trust you,1,and self,1,feature what,1,pr approval,1,it does,1
can win,1,loops harder,1,is targeted,1,flow this,1,not prove,1
win by,1,to debug,1,targeted vector,1,what devmate,1,prove that,1
by offering,1,debug why,1,artifacts layered,1,devmate is,1,that infinite,1
offering memory,1,did it,1,layered under,1,to treat,1,infinite is,1
is inspectable,1,think that,1,under curated,1,truth tier,1,what enterprises,1
inspectable editable,1,that governance,1,adrs as,1,tier non,1,will adopt,1
cited memory,1,governance conflicts,1,the trusted,1,managed user,1,adopt long,1
is repo,1,conflicts rbac,1,trusted default,1,controllable indexed,1,term because,1
repo grounded,1,retention audit,1,retained according,1,indexed evidence,1,the hard,1
grounded and,1,audit become,1,according to,1,threads incidents,1,hard parts,1
staleness aware,1,become harder,1,to measurable,1,incidents optionally,1,parts are,1
aware memory,1,harder recommended,1,measurable usage,1,optionally past,1,are governance,1
is scoped,1,recommended stance,1,usage and,1,chats managed,1,governance staleness,1
permissioned team,1,stance shared,1,governance needs,1,managed automatically,1,staleness auditability,1
team branch,1,control with,1,needs competitive,1,automatically for,1,auditability and,1
branch module,1,clear boundaries,1,pressure changes,1,for convenience,1,and cost,1
module memory,1,boundaries best,1,the timeline,1,convenience but,1,cost if,1
that supports,1,best fit,1,and messaging,1,but always,1,you rush,1
supports governance,1,fit for,1,messaging but,1,always cited,1,rush to,1
and compliance,1,enterprise the,1,it shouldn,1,cited source,1,match infinite,1
compliance position,1,system can,1,t change,1,link scoped,1,infinite you,1
position this,1,suggest humans,1,change the,1,scoped repo,1,risk shipping,1
this as,1,humans teams,1,the safety,1,branch degradable,1,shipping the,1
or governed,1,teams ratify,1,safety bar,1,degradable recency,1,modes your,1
continuum explicitly,1,ratify devmate,1,bar or,1,decay controllable,1,your own,1
explicitly contrasting,1,devmate auto,1,or push,1,controllable pin,1,own team,1
contrasting with,1,auto detects,1,push you,1,pin exclude,1,team has,1
with infinite,1,detects candidate,1,you into,1,exclude forget,1,has correctly,1
infinite but,1,candidate memories,1,forever if,1,forget this,1,correctly identified,1
but untrusted,1,memories this,1,if that,1,you convenience,1,identified stale,1
untrusted a,1,this looks,1,creates staleness,1,convenience without,1,stale recall,1
concrete plan,1,looks like,1,staleness opacity,1,without surrendering,1,recall anchoring,1
plan that,1,constraint fix,1,opacity and,1,surrendering authority,1,anchoring black,1
that gives,1,it proposes,1,risk what,1,authority how,1,box behavior,1
gives marketing,1,diff to,1,competitor announcement,1,this shows,1,behavior which,1
parity without,1,or repo,1,announcement actually,1,product specific,1,which can,1
without engineering,1,supersedes optionally,1,actually tells,1,specific mechanics,1,can backfire,1
engineering self,1,optionally via,1,you and,1,mechanics default,1,backfire harder,1
self harm,1,via pr,1,t it,1,default auto,1,harder in,1
harm ship,1,workflow this,1,does tell,1,load canonical,1,enterprise than,1
ship fast,1,keeps effort,1,you the,1,auto suggest,1,being temporarily,1
fast a,1,effort low,1,the market,1,suggest memory,1,temporarily behind,1
a credible,1,low while,1,market has,1,memory updates,1,behind on,1
credible continuity,1,while preserving,1,has strong,1,updates convert,1,a headline,1
continuity feature,1,preserving accountability,1,strong pull,1,convert this,1,headline does,1
feature project,1,accountability different,1,pull for,1,md approval,1,it change,1
map auto,1,different control,1,for cross,1,approval workflow,1,calculus it,1
suggest user,1,control levels,1,session continuity,1,workflow user,1,it changes,1
user confirm,1,levels for,1,continuity consistent,1,edits pr,1,calculus on,1
save citations,1,for different,1,consistent with,1,pr created,1,on timing,1
timestamps supersede,1,types constraints,1,now a,1,created merged,1,timing and,1
supersede default,1,compliance team,1,a top,1,merged becomes,1,and differentiation,1
default loads,1,team admin,1,top of,1,canonical per,1,differentiation not,1
loads baseline,1,admin controlled,1,of funnel,1,project controls,1,not on,1
baseline fresh,1,controlled explicit,1,funnel headline,1,controls allow,1,on fundamentals,1
mode available,1,required decisions,1,headline feature,1,allow evidence,1,fundamentals you,1
available this,1,decisions architecture,1,feature being,1,evidence retention,1,should accelerate,1
this addresses,1,team controlled,1,being silent,1,retention on,1,accelerate a,1
story in,1,controlled pr,1,silent may,1,off ttl,1,a continuity,1
a way,1,adr workflow,1,may cost,1,ttl allow,1,continuity offering,1
way enterprises,1,recommended conventions,1,cost attention,1,allow chat,1,offering but,1
will trust,1,conventions can,1,attention it,1,chat retention,1,not abandon,1
trust offer,1,be semi,1,t tell,1,retention off,1,abandon guardrails,1
offer an,1,semi automatic,1,you they,1,off by,1,guardrails typed,1
an infinite,1,automatic with,1,they solved,1,for stricter,1,provenance user,1
memory interpretation,1,with easy,1,solved staleness,1,stricter orgs,1,control staleness,1
interpretation that,1,easy edit,1,and self,1,orgs fresh,1,handling your,1
if marketing,1,edit rollback,1,loops their,1,toggle transparent,1,your win,1
marketing needs,1,rollback ephemeral,1,their unit,1,transparent memory,1,win is,1
the word,1,ephemeral history,1,economics work,1,ui so,1,is making,1
word infinite,1,history attempts,1,work at,1,see and,1,making memory,1
infinite you,1,attempts chats,1,at enterprise,1,and correct,1,memory trustworthy,1
can truthfully,1,chats system,1,enterprise scale,1,correct influence,1,trustworthy and,1
truthfully say,1,system controlled,1,scale especially,1,influence why,1,governable not,1
say we,1,controlled with,1,especially year,1,this matters,1,not merely,1
we retain,1,ttl user,1,year horizons,1,matters strategically,1,merely large,1
retain canonical,1,can pin,1,horizons customers,1,strategically aligns,1,large the,1
canonical decisions,1,pin promote,1,customers will,1,with your,1,best competitive,1
and conventions,1,promote selectively,1,will trust,1,survey signal,1,competitive response,1
conventions indefinitely,1,selectively always,1,trust or,1,signal users,1,response redefine,1
indefinitely evidence,1,always give,1,or renew,1,want memory,1,redefine the,1
is configurable,1,give the,1,renew because,1,t want,1,the category,1
configurable by,1,user runtime,1,because of,1,want to,1,category instead,1
retention and,1,runtime sovereignty,1,of it,1,to trust,1,of infinite,1
and policy,1,sovereignty regardless,1,it your,1,it over,1,memory position,1
s defensible,1,of who,1,survey suggests,1,notes avoids,1,position devmate,1
defensible and,1,who curates,1,suggests trust,1,avoids building,1,devmate as,1
and aligns,1,curates fresh,1,the bottleneck,1,building a,1,enterprise grade,1
aligns with,1,toggle ignore,1,bottleneck how,1,box authority,1,grade project,1
with enterprise,1,ignore nonessential,1,how competitive,1,authority that,1,continuum editable,1
governance make,1,nonessential memory,1,pressure should,1,enterprises will,1,conventions source,1
make vectors,1,memory per,1,should change,1,will resist,1,linked citations,1
vectors a,1,used transparency,1,change your,1,resist on,1,citations receipts,1
a premium,1,transparency one,1,your calculus,1,on security,1,receipts time,1
premium optional,1,use promote,1,calculus shift,1,security audit,1,time commit,1
recall add,1,promote edit,1,shift from,1,audit grounds,1,aware freshness,1
on bounded,1,edit that,1,from should,1,grounds creates,1,freshness controls,1
bounded retention,1,system from,1,we to,1,a virtuous,1,controls retention,1
retention by,1,an unchallengeable,1,to what,1,virtuous loop,1,compliance policies,1
default e,1,unchallengeable narrator,1,the minimal,1,loop the,1,policies fresh,1
days incident,1,narrator why,1,minimal credible,1,the easiest,1,mode this,1
debug only,1,this matters,1,credible memory,1,easiest way,1,headline into,1
only indexing,1,matters beyond,1,memory we,1,way to,1,a potential,1
indexing options,1,beyond implementation,1,can ship,1,ai helpful,1,potential weakness,1
options strict,1,implementation accountability,1,ship safely,1,helpful is,1,weakness infinite,1
strict citations,1,accountability when,1,safely you,1,keep docs,1,infinite implies,1
citations repo,1,wrong who,1,can likely,1,adrs current,1,implies more,1
verification this,1,who owns,1,likely ship,1,current using,1,more stale,1
you a,1,owns the,1,strong v1,1,using the,1,stale more,1
a competitive,1,the correction,1,v1 faster,1,to draft,1,more risk,1
competitive checkbox,1,correction team,1,faster than,1,draft them,1,less control,1
checkbox without,1,team alignment,1,than infinite,1,them if,1,control practical,1
without cost,1,alignment memory,1,outcomes user,1,me whether,1,practical move,1
cost baseline,1,a coordination,1,approved editable,1,whether devmate,1,move ship,1
baseline what,1,coordination mechanism,1,stamped optional,1,s primary,1,credible memory,1
do under,1,mechanism like,1,chat replay,1,primary unit,1,feature fast,1
under pressure,1,like docs,1,replay this,1,unit of,1,fast without,1
pressure default,1,docs adrs,1,is both,1,of adoption,1,the risky,1
on unlimited,1,adrs trust,1,both lower,1,adoption is,1,risky bits,1
unlimited vector,1,trust formation,1,more enterprise,1,is individual,1,bits phase,1
storage of,1,formation users,1,enterprise aligned,1,individual developer,1,phase fast,1
of all,1,users trust,1,aligned make,1,developer team,1,fast canonical,1
chats for,1,trust what,1,make differentiation,1,team or,1,brief summaries,1
years memory,1,what they,1,differentiation about,1,or org,1,summaries ui,1
be inspected,1,inspect and,1,about trust,1,org admin,1,ui for,1
inspected edited,1,and influence,1,trust control,1,admin i,1,edit approve,1
edited memory,1,influence change,1,audit not,1,default control,1,approve citations,1
that isn,1,change over,1,infinite enterprise,1,control surface,1,citations to,1
t clearly,1,time projects,1,enterprise buyers,1,surface who,1,repo artifacts,1
clearly subordinate,1,projects evolve,1,buyers often,1,can enable,1,artifacts phase,1
subordinate to,1,evolve shared,1,often prefer,1,enable retention,1,phase on,1
to current,1,control is,1,prefer inspectable,1,retention who,1,first with,1
state that,1,how memory,1,inspectable editable,1,can edit,1,with visible,1
you win,1,memory stays,1,editable policy,1,edit canonical,1,visible retrieval,1
the announcement,1,stays true,1,over black,1,the approvals,1,retrieval phase,1
announcement cycle,1,true a,1,box infinite,1,approvals look,1,phase optional,1
cycle and,1,concrete operating,1,recall given,1,like recommendation,1,optional vector,1
lose renewals,1,operating model,1,given staleness,1,recommendation for,1,vector deep,1
renewals bottom,1,model how,1,inevitable your,1,mvp summaries,1,recall with,1
line competitive,1,it would,1,your advantage,1,spine better,1,with retention,1
pressure means,1,would feel,1,advantage can,1,tools not,1,limits and,1
continuity narrative,1,feel devmate,1,be memory,1,vectors if,1,and metering,1
narrative now,1,devmate answers,1,memory that,1,can only,1,metering marketing,1
now but,1,answers using,1,that knows,1,only pick,1,marketing still,1
can differentiate,1,using curated,1,knows when,1,one memory,1,still gets,1
differentiate and,1,curated project,1,it might,1,memory direction,1,gets project,1
and likely,1,memory current,1,might be,1,direction for,1,to talk,1
likely win,1,code it,1,be wrong,1,mvp pick,1,about but,1
win enterprise,1,it says,1,wrong practical,1,pick a,1,you avoid,1
trust by,1,says i,1,practical response,1,curated user,1,avoid promising,1
by saying,1,i assumed,1,response plan,1,editable summary,1,promising infinite,1
saying we,1,assumed x,1,plan specific,1,layer that,1,infinite and,1
we don,1,because adr,1,specific a,1,canonical project,1,instead promise,1
just remember,1,adr last,1,fast product,1,project artifacts,1,promise trusted,1
remember more,1,confirmed days,1,product move,1,artifacts it,1,trusted bottom,1
more we,1,days ago,1,weeks project,1,it delivers,1,line treat,1
we remember,1,ago if,1,memory governed,1,delivers most,1,treat the,1
remember responsibly,1,user corrects,1,governed auto,1,user value,1,s announcement,1
responsibly with,1,corrects it,1,auto generate,1,value stop,1,announcement as,1
receipts governance,1,it devmate,1,generate end,1,the lowest,1,a forcing,1
repo verified,1,devmate offers,1,memory drafts,1,lowest risk,1,forcing function,1
verified freshness,1,offers update,1,drafts but,1,risk transparent,1,function to,1
freshness mostly,1,update adr,1,but require,1,transparent correctable,1,continuity sooner,1
mostly naive,1,adr mark,1,require explicit,1,correctable and,1,sooner but,1
naive as,1,mark superseded,1,approval to,1,and lowest,1,as justification,1
a primary,1,superseded ephemeral,1,persist store,1,lowest cost,1,justification to,1
primary strategy,1,ephemeral session,1,repo visible,1,cost vectors,1,ship remember,1
strategy practical,1,session trails,1,visible artifacts,1,are powerful,1,everything forever,1
practical only,1,trails expire,1,artifacts or,1,powerful but,1,forever in,1
a bounded,1,expire unless,1,least human,1,re the,1,trust control,1
bounded tactic,1,user pins,1,readable objects,1,the fastest,1,control and,1
tactic why,1,pins promotes,1,objects brief,1,fastest path,1,freshness are,1
why just,1,promotes net,1,outcomes session,1,path to,1,durable differentiators,1
just stuff,1,net the,1,header memory,1,to higher,1,differentiators it,1
stuff it,1,system does,1,vn x,1,higher spend,1,s partly,1
the context,1,the work,1,decisions y,1,spend opaque,1,partly practical,1
window breaks,1,work of,1,y outcomes,1,opaque influence,1,practical for,1
breaks down,1,of capturing,1,outcomes b,1,influence staleness,1,for working,1
down cost,1,capturing and,1,b next,1,and complex,1,set context,1
cost scales,1,and proposing,1,next move,1,complex governance,1,context but,1
scales with,1,proposing but,1,weeks cited,1,governance i,1,but naive,1
with every,1,but the,1,lookup vector,1,i e,1,a replacement,1
every turn,1,team retains,1,vector keyword,1,e too,1,replacement for,1
turn even,1,retains final,1,keyword index,1,too many,1,for memory,1
if tokens,1,final authority,1,index only,1,many ways,1,s practical,1
tokens get,1,authority over,1,only durable,1,ways to,1,practical about,1
get cheaper,1,over what,1,artifacts enforce,1,to fail,1,about it,1
cheaper dump,1,durable truth,1,enforce time,1,fail in,1,it for,1
dump everything,1,truth recommendation,1,filters always,1,an mvp,1,single task,1
everything means,1,recommendation build,1,dates allow,1,mvp what,1,task stuffing,1
pay on,1,build summaries,1,allow pin,1,to build,1,stuffing in,1
on every,1,records first,1,exclude c,1,build first,1,the relevant,1
every request,1,first with,1,c policy,1,first specific,1,files diff,1
request for,1,strong manual,1,and pricing,1,specific scope,1,small project,1
for irrelevant,1,ux defer,1,pricing immediately,1,scope mvp,1,brief can,1
irrelevant history,1,defer vectors,1,immediately position,1,mvp core,1,can beat,1
history most,1,vectors if,1,position infinite,1,core things,1,beat complex,1
the time,1,need one,1,infinite as,1,things project,1,complex retrieval,1
time retrieval,1,one clear,1,a retention,1,loaded a,1,retrieval large,1
retrieval costs,1,clear mvp,1,retention policy,1,single doc,1,large windows,1
costs scale,1,mvp bet,1,policy choice,1,doc e,1,windows can,1
with relevance,1,bet ship,1,choice not,1,g devmate,1,can reduce,1
relevance giant,1,conventions layer,1,core value,1,with architecture,1,reduce chunking,1
giant prompts,1,auto loads,1,value offer,1,key constraints,1,chunking retrieval,1
prompts scale,1,loads each,1,offer tiered,1,conventions glossary,1,retrieval brittleness,1
with time,1,session plus,1,retention indices,1,focus always,1,brittleness for,1
time models,1,plus tooling,1,indices to,1,always injected,1,for near,1
models don,1,tooling that,1,to keep,1,injected at,1,near term,1
reliably do,1,makes adding,1,sane marketing,1,start small,1,term work,1
do global,1,adding repairing,1,marketing narrative,1,small predictable,1,work minutes,1
global prioritization,1,repairing that,1,narrative that,1,predictable adr,1,hours not,1
prioritization given,1,that memory,1,that neutralizes,1,adr support,1,not months,1
given huge,1,memory painless,1,neutralizes infinite,1,support structured,1,months years,1
huge mixed,1,painless keep,1,to deny,1,structured human,1,years why,1
mixed quality,1,keep sessions,1,deny it,1,owned create,1,s naive,1
quality history,1,sessions mostly,1,it you,1,thread and,1,main strategy,1
history models,1,mostly isolated,1,you reframe,1,adr status,1,strategy staleness,1
models tend,1,isolated from,1,reframe it,1,by adrs,1,staleness and,1
to anchor,1,from raw,1,it competitor,1,adrs stored,1,authority don,1
on early,1,history why,1,competitor infinite,1,stored in,1,t disappear,1
early strongly,1,this first,1,memory devmate,1,or a,1,disappear a,1
strongly worded,1,first highest,1,devmate trusted,1,a managed,1,a giant,1
worded statements,1,highest roi,1,memory auditable,1,managed but,1,giant prompt,1
statements even,1,roi per,1,auditable memory,1,but reviewable,1,prompt can,1
if outdated,1,per complexity,1,memory policy,1,reviewable store,1,can still,1
outdated miss,1,complexity removes,1,memory key,1,store with,1,still contain,1
miss critical,1,removes re,1,key proof,1,and dates,1,contain last,1
critical constraints,1,importing noisy,1,proof points,1,dates pin,1,month s,1
constraints buried,1,noisy attempt,1,points editable,1,pin unpin,1,s deprecated,1
buried deep,1,history most,1,editable memory,1,unpin project,1,deprecated api,1
deep blend,1,most trustworthy,1,memory artifacts,1,items in,1,api alongside,1
blend contradictions,1,trustworthy users,1,artifacts citations,1,action pin,1,alongside today,1
contradictions rather,1,can read,1,citations on,1,pin as,1,code the,1
than resolve,1,read edit,1,retrieval deprecation,1,as project,1,model won,1
resolve them,1,edit aligns,1,deprecation review,1,user chooses,1,reliably know,1
them hallucinate,1,with your,1,review workflow,1,chooses type,1,know which,1
hallucinate coherence,1,survey want,1,workflow enterprise,1,type constraint,1,is authoritative,1
coherence we,1,memory don,1,enterprise controls,1,convention decision,1,authoritative unless,1
x from,1,it most,1,audit how,1,decision finding,1,you enforce,1
messy discussions,1,most resilient,1,avoid overreacting,1,finding writes,1,enforce metadata,1
discussions so,1,resilient to,1,overreacting temporal,1,writes to,1,metadata recency,1
still get,1,change you,1,temporal discipline,1,conventions via,1,recency and,1
get rut,1,can add,1,discipline do,1,pr this,1,source hierarchy,1
staleness just,1,add timestamps,1,do a,1,the bridge,1,hierarchy i,1
just with,1,timestamps status,1,quick reality,1,bridge between,1,e retrieval,1
with higher,1,supersession from,1,reality check,1,between manual,1,retrieval governance,1
higher token,1,day cheapest,1,check in,1,manual and,1,governance by,1
token burn,1,cheapest avoids,1,parallel teardown,1,and continuity,1,by another,1
burn you,1,avoids the,1,teardown what,1,continuity better,1,another name,1
you lose,1,the vector,1,what exactly,1,tools for,1,name more,1
lose governance,1,retention bill,1,exactly do,1,for isolated,1,more context,1
and debuggability,1,bill enterprise,1,do they,1,isolated sessions,1,context can,1
debuggability enterprise,1,enterprise ready,1,they persist,1,sessions context,1,can worsen,1
enterprise requirements,1,ready supports,1,persist chats,1,context pack,1,worsen bias,1
requirements get,1,supports governance,1,chats repo,1,pack the,1,bias if,1
get harder,1,governance auditability,1,docs is,1,can attach,1,you dump,1
harder not,1,auditability rbac,1,visible customer,1,attach selected,1,you amplify,1
not easier,1,rbac alignment,1,customer calls,1,selected files,1,amplify the,1
easier what,1,alignment via,1,calls ask,1,files directories,1,the echo,1
data was,1,via repo,1,ask enterprise,1,directories tickets,1,chamber effect,1
was used,1,artifacts what,1,enterprise prospects,1,tickets pr,1,effect the,1
used in,1,mvp should,1,prospects which,1,pr links,1,model sees,1
in this,1,include specific,1,which they,1,links plus,1,sees more,1
answer can,1,specific scope,1,they d,1,plus the,1,more past,1
we delete,1,scope a,1,d buy,1,brief saved,1,past framing,1
delete a,1,authoritative auto,1,buy infinite,1,saved presets,1,framing and,1
specific item,1,injected a,1,infinite vs,1,presets per,1,and may,1
item can,1,single editable,1,vs auditable,1,repo auth,1,may overweight,1
we prevent,1,artifact file,1,auditable controlled,1,auth pack,1,overweight it,1
prevent certain,1,file or,1,controlled dogfood,1,pack payments,1,it quantity,1
certain data,1,or ui,1,dogfood metric,1,payments pack,1,quantity doesn,1
classes from,1,ui that,1,metric measure,1,pack so,1,guarantee correct,1
from being,1,that includes,1,measure staleness,1,so re,1,correct weighting,1
being used,1,includes system,1,and correction,1,briefing becomes,1,weighting cost,1
if everything,1,system service,1,correction time,1,becomes seconds,1,cost can,1
everything is,1,service map,1,time with,1,seconds not,1,than retrieval,1
is always,1,map lightweight,1,your governed,1,not minutes,1,retrieval even,1
always in,1,lightweight non,1,memory prototype,1,minutes guardrails,1,if tokens,1
the prompt,1,non negotiable,1,prototype bottom,1,guardrails baked,1,tokens get,1
prompt audit,1,negotiable constraints,1,line treat,1,into mvp,1,get cheaper,1
and control,1,compliance key,1,treat the,1,mvp memory,1,cheaper repeatedly,1
control become,1,key conventions,1,competitor as,1,editable and,1,repeatedly sending,1
become messy,1,conventions testing,1,as confirmation,1,reviewable diffs,1,sending massive,1
messy context,1,testing logging,1,confirmation of,1,diffs pr,1,massive prompts,1
context limits,1,handling links,1,of demand,1,pr memory,1,prompts is,1
limits are,1,runbooks b,1,demand and,1,is citable,1,is often,1
are still,1,b structured,1,a prompt,1,citable assistant,1,often more,1
still real,1,memory records,1,prompt to,1,assistant points,1,more expensive,1
real and,1,records thin,1,to accelerate,1,points to,1,expensive than,1
and everything,1,thin adr,1,accelerate a,1,adr sections,1,than sending,1
everything grows,1,like set,1,a safe,1,sections memory,1,sending a,1
grows without,1,set minimum,1,safe differentiated,1,has status,1,plus selectively,1
without bound,1,minimum record,1,differentiated memory,1,status last,1,selectively retrieving,1
bound two,1,convention fields,1,as justification,1,fields to,1,retrieving a,1
two years,1,fields scope,1,justification to,1,to manage,1,few snippets,1
years of,1,superseded created_at,1,ship infinite,1,manage change,1,needed latency,1
of engineering,1,last_confirmed_at evidence,1,recall in,1,change over,1,ux huge,1
engineering conversations,1,link s,1,enterprise the,1,time default,1,huge contexts,1
conversations logs,1,s c,1,the winning,1,default stance,1,contexts increase,1
logs code,1,c low,1,winning headline,1,stance don,1,increase latency,1
snippets pr,1,friction curation,1,headline is,1,t persist,1,make interactions,1
pr summaries,1,curation workflow,1,often not,1,persist raw,1,interactions feel,1
summaries etc,1,workflow end,1,not more,1,chat as,1,feel sluggish,1
etc will,1,session or,1,more it,1,memory why,1,sluggish painful,1
will dwarf,1,or pr,1,s reliable,1,why not,1,painful in,1
dwarf even,1,merge devmate,1,reliable controllable,1,first cost,1,in ide,1
even very,1,diff add,1,controllable and,1,cost per,1,ide workflows,1
large windows,1,convention x,1,and auditable,1,per your,1,workflows privacy,1
windows you,1,x new,1,auditable it,1,your finance,1,privacy compliance,1
ll end,1,decision y,1,practical for,1,finance estimate,1,compliance dump,1
end up,1,y user,1,a narrow,1,estimate is,1,everything often,1
up truncating,1,edits or,1,narrow slice,1,justify before,1,often means,1
truncating silently,1,risk conventions,1,slice short,1,before you,1,means dumping,1
silently creating,1,conventions one,1,short recent,1,you prove,1,dumping sensitive,1
creating another,1,supersede d,1,and naive,1,prove value,1,sensitive chat,1
another opaque,1,d manual,1,a general,1,value higher,1,logs unnecessarily,1
opaque failure,1,context tools,1,general strategy,1,higher probability,1,unnecessarily enterprises,1
mode when,1,tools to,1,strategy for,1,of ai,1,will push,1
when large,1,keep isolated,1,for project,1,ai said,1,push back,1
large context,1,isolated sessions,1,memory why,1,said something,1,the practical,1
context is,1,sessions usable,1,a default,1,something stale,1,practical middle,1
is practical,1,usable even,1,default architecture,1,stale trust,1,middle ground,1
practical small,1,even with,1,architecture attention,1,cliff requires,1,ground use,1
baseline a,1,summaries users,1,attention isn,1,requires extra,1,use large,1
few kb,1,users need,1,t perfect,1,extra infrastructure,1,windows to,1
kb to,1,need fast,1,perfect just,1,infrastructure early,1,reduce engineering,1
to tens,1,fast bring,1,just because,1,early metadata,1,effort inside,1
tens of,1,bring context,1,because tokens,1,discipline recency,1,bounded scope,1
of kb,1,context pin,1,tokens are,1,scoring acl,1,scope always,1
kb decisions,1,folders for,1,are cheap,1,enforcement retention,1,always include,1
map short,1,current task,1,cheap even,1,deletion memory,1,include current,1
short lived,1,task context,1,even with,1,ui you,1,current open,1
lived working,1,builder selected,1,with huge,1,still design,1,open files,1
working set,1,selected files,1,huge windows,1,design the,1,files relevant,1
set last,1,files readme,1,windows models,1,spine with,1,relevant dependency,1
n turns,1,readme adrs,1,models don,1,with future,1,dependency files,1
turns of,1,adrs starter,1,reliably pick,1,future vectors,1,files current,1
the current,1,starter prompts,1,pick the,1,vectors in,1,current diff,1
current task,1,prompts templates,1,right facts,1,in mind,1,brief do,1
task plus,1,templates new,1,facts from,1,mind ids,1,not include,1
plus a,1,session what,1,from thousands,1,ids links,1,include long,1
few retrieved,1,i m,1,thousands of,1,links metadata,1,term archives,1
retrieved artifacts,1,m doing,1,of irrelevant,1,metadata but,1,archives by,1
artifacts high,1,doing constraints,1,irrelevant lines,1,t lead,1,default keep,1
value artifacts,1,constraints current,1,lines you,1,with it,1,keep on,1
artifacts only,1,current branch,1,get dilution,1,it a,1,for older,1
only current,1,branch what,1,dilution and,1,a clear,1,older specific,1
current files,1,what not,1,and accidental,1,clear phased,1,specific lookups,1
files relevant,1,do in,1,accidental anchoring,1,phased plan,1,lookups with,1
relevant adr,1,in mvp,1,anchoring more,1,plan so,1,and filters,1
the one,1,mvp don,1,context can,1,so mvp,1,filters bottom,1
one pr,1,do long,1,can increase,1,mvp doesn,1,line large,1
pr discussion,1,retention vectors,1,increase plausible,1,t paint,1,windows are,1
discussion you,1,as default,1,wrong outputs,1,paint you,1,are a,1
re referencing,1,default memory,1,outputs because,1,a corner,1,useful tool,1
referencing in,1,memory vectors,1,model blends,1,corner phase,1,tool for,1
in other,1,vectors add,1,blends conflicting,1,mvp spine,1,current working,1
other words,1,add cost,1,conflicting info,1,spine context,1,set but,1
words use,1,cost staleness,1,info staleness,1,packs pin,1,they don,1
use the,1,risk opacity,1,worse not,1,memory via,1,t eliminate,1
big window,1,opacity and,1,not better,1,pr phase,1,the need,1
window as,1,and require,1,better dumping,1,from high,1,for typed,1
a workspace,1,require governance,1,dumping everything,1,sources only,1,provenance staleness,1
workspace not,1,governance observability,1,everything mixes,1,only pr,1,staleness controls,1
a database,1,observability to,1,mixes deprecated,1,branch filters,1,controls and,1
database the,1,be safe,1,deprecated and,1,filters phase,1,and gated,1
the simplest,1,safe that,1,and current,1,history vectors,1,gated retrieval,1
simplest robust,1,a v2,1,current truth,1,ttl fresh,1,retrieval just,1
robust architecture,1,v2 v3,1,truth without,1,mode user,1,just dump,1
architecture minimal,1,v3 move,1,without timestamps,1,supersede decision,1,everything will,1
minimal over,1,move v2,1,status validation,1,decision summary,1,will look,1
over engineering,1,v2 when,1,validation the,1,summary if,1,look simpler,1
engineering always,1,vectors keep,1,model has,1,is users,1,simpler initially,1
always include,1,it narrow,1,no reliable,1,minimal risk,1,initially and,1
include project,1,narrow add,1,reliable way,1,risk summaries,1,then become,1
curated repo,1,memory ttl,1,to prefer,1,first if,1,become expensive,1
signals sometimes,1,chats scope,1,prefer still,1,is exact,1,expensive slow,1
sometimes include,1,citations from,1,true over,1,exact recall,1,slow and,1
include targeted,1,oct fresh,1,over used,1,recall of,1,and misleading,1
targeted retrieved,1,toggle remains,1,used to,1,of old,1,misleading at,1
evidence top,1,remains if,1,be true,1,old details,1,at enterprise,1
top few,1,a simple,1,true governance,1,details that,1,enterprise scale,1
few items,1,simple decision,1,and security,1,s phase,1,scale you,1
items with,1,rule if,1,security don,1,phase and,1,re right,1
strict filters,1,is trustworthy,1,t go,1,vectors not,1,right it,1
filters always,1,trustworthy continuity,1,go away,1,blanket embedding,1,just technical,1
show citations,1,continuity pick,1,away everything,1,embedding if,1,technical it,1
citations for,1,pick summaries,1,in context,1,share your,1,s about,1
for anything,1,records manual,1,context means,1,your mvp,1,about authority,1
anything remembered,1,ux if,1,means more,1,mvp timebox,1,authority trust,1
remembered this,1,forensics on,1,more sensitive,1,timebox e,1,accountability inside,1
less complex,1,on recent,1,material in,1,g weeks,1,a software,1
complex than,1,work add,1,in flight,1,weeks vs,1,software team,1
than it,1,add short,1,flight more,1,vs and,1,team the,1
it sounds,1,must pick,1,more exposure,1,and where,1,core trade,1
sounds and,1,pick between,1,exposure surface,1,where devmate,1,trade automation,1
avoids the,1,between manual,1,surface harder,1,devmate lives,1,automation speed,1
the worst,1,manual tools,1,harder redaction,1,lives ide,1,speed vs,1
worst failure,1,tools only,1,redaction and,1,ide vs,1,vs ownership,1
modes of,1,only vs,1,and thornier,1,web i,1,ownership if,1
of both,1,vs summaries,1,thornier retention,1,can translate,1,system controls,1
both infinite,1,summaries choose,1,control questions,1,translate this,1,controls memory,1
infinite prompt,1,choose summaries,1,questions unit,1,an implementation,1,memory automatically,1
prompt and,1,summaries but,1,economics and,1,implementation backlog,1,automatically you,1
and infinite,1,but include,1,latency can,1,backlog schemas,1,you minimize,1
infinite vectors,1,include a,1,be ugly,1,schemas ui,1,minimize friction,1
vectors bottom,1,minimal manual,1,ugly even,1,ui and,1,friction but,1
line as,1,pack feature,1,if per,1,and minimal,1,risk silent,1
a slogan,1,feature so,1,per token,1,minimal retrieval,1,silent drift,1
slogan let,1,correct extend,1,token pricing,1,retrieval prompts,1,drift anchoring,1
model sort,1,extend quickly,1,pricing drops,1,prompts biggest,1,anchoring and,1
sort it,1,quickly if,1,drops enterprises,1,biggest underweighted,1,and ai,1
it out,1,you share,1,enterprises care,1,underweighted risk,1,ai as,1
out is,1,share your,1,care about,1,risk maintenance,1,you make,1
is optimistic,1,mvp timebox,1,about tail,1,maintenance ownership,1,make it,1
optimistic as,1,timebox e,1,tail latency,1,ownership drift,1,it hard,1
an implementation,1,g weeks,1,latency and,1,drift a,1,answer who,1
an expensive,1,weeks and,1,and throughput,1,curated project,1,who decided,1
expensive less,1,and where,1,throughput shipping,1,adr spine,1,decided this,1
less auditable,1,where devmate,1,shipping megatokens,1,is safer,1,this if,1
auditable version,1,devmate lives,1,megatokens per,1,safer than,1,user curates,1
version of,1,lives ide,1,per request,1,than opaque,1,curates everything,1
of vector,1,web i,1,request is,1,recall but,1,everything manually,1
recall with,1,can translate,1,is expensive,1,a socio,1,manually you,1
with worse,1,translate this,1,expensive in,1,socio technical,1,you maximize,1
worse prioritization,1,this into,1,in bandwidth,1,technical dependency,1,maximize correctness,1
prioritization use,1,an implementation,1,bandwidth compute,1,dependency someone,1,correctness and,1
use larger,1,implementation backlog,1,compute and,1,someone must,1,trust but,1
larger context,1,backlog with,1,can slow,1,must maintain,1,you reintroduce,1
context windows,1,with rough,1,slow interaction,1,spine becomes,1,reintroduce friction,1
windows to,1,rough sequencing,1,interaction loops,1,becomes stale,1,friction and,1
reduce orchestration,1,sequencing biggest,1,loops it,1,stale worse,1,and many,1
orchestration complexity,1,biggest risk,1,it recreates,1,than no,1,many users,1
complexity at,1,risk the,1,recreates the,1,memory because,1,consistently so,1
the margins,1,the curation,1,the feedback,1,it looks,1,best design,1
margins but,1,curation tax,1,loop rut,1,looks authoritative,1,design is,1
but keep,1,tax causes,1,rut problem,1,authoritative teams,1,usually system,1
keep curation,1,causes drift,1,problem if,1,teams stop,1,system assisted,1
curation gating,1,drift and,1,you always,1,stop trusting,1,assisted human,1
gating provenance,1,drift destroys,1,include prior,1,trusting it,1,human owned,1
provenance as,1,destroys trust,1,attempts you,1,and revert,1,owned recommended,1
memory strategy,1,trust my,1,re explicitly,1,revert to,1,recommended control,1
strategy you,1,my recommendation,1,explicitly biasing,1,briefing or,1,control model,1
re right,1,recommendation assumes,1,biasing the,1,or tribal,1,model draft,1
right this,1,assumes teams,1,framings exactly,1,tribal knowledge,1,draft automatically,1
this isn,1,will at,1,the fresh,1,knowledge project,1,automatically publish,1
just technical,1,least occasionally,1,eyes concern,1,memory becomes,1,publish deliberately,1
technical it,1,occasionally ratify,1,concern when,1,becomes shelfware,1,deliberately system,1
s about,1,ratify edit,1,is practical,1,shelfware making,1,system responsibilities,1
about agency,1,and supersede,1,practical ephemeral,1,mvp look,1,responsibilities automation,1
agency accountability,1,supersede summaries,1,set include,1,like it,1,automation where,1
accountability and,1,records in,1,include the,1,it failed,1,s safe,1
teams govern,1,in reality,1,the last,1,failed even,1,safe capture,1
govern knowledge,1,reality under,1,last n,1,the concept,1,capture candidates,1
knowledge the,1,under schedule,1,n minutes,1,concept is,1,candidates during,1
core tradeoff,1,schedule pressure,1,minutes hours,1,right why,1,during work,1
tradeoff user,1,pressure many,1,session activity,1,this risk,1,work this,1
memory manual,1,many won,1,activity current,1,risk is,1,this sounds,1
manual pros,1,t so,1,current diff,1,is easy,1,sounds like,1
pros higher,1,layer becomes,1,diff current,1,to underweight,1,decision suggest,1
higher trust,1,becomes incomplete,1,current errors,1,underweight it,1,suggest structured,1
trust i,1,incomplete users,1,errors relevant,1,t show,1,structured updates,1
i know,1,users still,1,relevant files,1,in week,1,updates at,1
know what,1,still re,1,files things,1,week it,1,at natural,1
it knows,1,brief feature,1,things that,1,it shows,1,natural checkpoints,1
knows lower,1,feature feels,1,are very,1,in month,1,checkpoints end,1
lower risk,1,feels weak,1,very likely,1,month documentation,1,pr creation,1
of canonizing,1,weak outdated,1,likely valid,1,documentation rot,1,creation merge,1
canonizing mistakes,1,outdated worse,1,valid now,1,rot it,1,merge incident,1
mistakes clear,1,becomes confidently,1,now small,1,not primarily,1,incident closure,1
clear accountability,1,wrong and,1,small projects,1,primarily an,1,closure detect,1
accountability we,1,s official,1,projects short,1,an engineering,1,detect staleness,1
we chose,1,official memory,1,short timelines,1,engineering problem,1,staleness signals,1
chose to,1,mislead more,1,timelines where,1,problem it,1,signals file,1
save this,1,than isolation,1,where drift,1,s workflow,1,file module,1
this cons,1,isolation would,1,is minimal,1,workflow and,1,module changes,1
cons extra,1,would this,1,governance is,1,and incentives,1,changes deprecated,1
extra work,1,a temporal,1,is light,1,incentives enterprises,1,deprecated symbols,1
work many,1,temporal dynamics,1,light user,1,enterprises have,1,symbols and,1
many users,1,dynamics problem,1,invoked load,1,have uneven,1,and flag,1
it consistently,1,problem project,1,load history,1,uneven doc,1,items for,1
consistently memory,1,truth decays,1,history moments,1,doc culture,1,for review,1
coverage becomes,1,decays unless,1,moments bring,1,culture the,1,review provide,1
becomes uneven,1,you build,1,bring in,1,the teams,1,provide retrieval,1
uneven across,1,build maintenance,1,s thread,1,teams who,1,retrieval and,1
across team,1,maintenance into,1,thread rather,1,who need,1,and citations,1
team members,1,into normal,1,than always,1,need memory,1,citations show,1
members can,1,normal work,1,on engineering,1,memory most,1,used human,1
can undermine,1,work why,1,engineering reality,1,most may,1,human responsibilities,1
undermine the,1,is easy,1,reality you,1,may document,1,responsibilities ownership,1
the goal,1,to underweight,1,still need,1,document least,1,ownership where,1
goal of,1,underweight mvp,1,need selection,1,least concrete,1,matters approve,1
of frictionless,1,mvp planning,1,selection just,1,concrete mitigations,1,approve what,1
if curation,1,planning focuses,1,just at,1,mitigations make,1,conventions edit,1
curation feels,1,focuses on,1,different layer,1,make maintenance,1,edit language,1
feels like,1,on storage,1,layer even,1,maintenance almost,1,language and,1
like admin,1,retrieval not,1,even dump,1,almost automatic,1,and add,1
admin work,1,the ongoing,1,dump everything,1,automatic near,1,add rationale,1
work system,1,ongoing social,1,everything secretly,1,near zero,1,rationale mark,1
system managed,1,social workflow,1,secretly assumes,1,zero friction,1,deprecated decide,1
managed memory,1,workflow early,1,assumes what,1,friction capture,1,decide retention,1
memory automatic,1,early demos,1,what everything,1,capture one,1,for sensitive,1
automatic pros,1,demos look,1,everything includes,1,click pin,1,sensitive artifacts,1
pros low,1,look great,1,includes chat,1,to project,1,logs chat,1
friction better,1,great because,1,only code,1,memory with,1,this mirrors,1
better coverage,1,because memory,1,issues how,1,a short,1,mirrors how,1
coverage consistent,1,is fresh,1,how far,1,short structured,1,how teams,1
consistent onboarding,1,fresh failure,1,far back,1,structured form,1,teams already,1
onboarding benefits,1,failure shows,1,back days,1,form type,1,already treat,1
benefits captures,1,shows up,1,days months,1,scope confidence,1,treat architecture,1
captures things,1,up weeks,1,months years,1,confidence auto,1,architecture proposals,1
things users,1,weeks later,1,years what,1,auto generate,1,proposals are,1
users forget,1,later teams,1,do about,1,generate the,1,are easy,1
forget to,1,teams differ,1,about contradictions,1,the diff,1,easy ratification,1
to write,1,differ some,1,contradictions those,1,diff into,1,ratification is,1
write down,1,some have,1,are retrieval,1,right file,1,is deliberate,1
down especially,1,have adr,1,retrieval design,1,file brief,1,deliberate scope,1
especially early,1,adr discipline,1,design decisions,1,conventions not,1,scope matters,1
early cons,1,discipline many,1,decisions whether,1,a blank,1,matters individual,1
cons highest,1,many don,1,you call,1,blank editor,1,individual vs,1
highest risk,1,t how,1,call them,1,editor pr,1,vs team,1
of silent,1,to mitigate,1,them that,1,pr native,1,team vs,1
bias staleness,1,mitigate without,1,that or,1,native workflow,1,vs org,1
staleness harder,1,without blowing,1,or not,1,workflow create,1,org give,1
correct creates,1,blowing up,1,a pragmatic,1,create prs,1,give explicit,1
creates ai,1,up scope,1,pragmatic compromise,1,prs with,1,explicit layers,1
ai is,1,scope make,1,compromise use,1,with templates,1,layers of,1
the wiki,1,updates piggyback,1,use the,1,templates adr,1,of control,1
wiki dynamic,1,piggyback on,1,the large,1,conventions template,1,control personal,1
dynamic and,1,on existing,1,large context,1,template auto,1,personal memory,1
and weakens,1,existing rituals,1,context window,1,auto assign,1,memory optional,1
weakens documentation,1,rituals prs,1,window to,1,assign suggested,1,optional my,1
documentation discipline,1,pr is,1,carry a,1,suggested reviewers,1,my workflow,1
discipline in,1,is merged,1,a bounded,1,reviewers owners,1,workflow preferences,1
in enterprise,1,merged devmate,1,bounded recent,1,owners based,1,preferences scratch,1
teams the,1,small memory,1,set a,1,on codeowners,1,notes user,1
of being,1,memory diff,1,adrs use,1,codeowners module,1,user owned,1
wrong is,1,diff tied,1,use selective,1,ownership decay,1,owned easy,1
high so,1,to that,1,selective cited,1,decay and,1,to wipe,1
so fully,1,that pr,1,cited retrieval,1,and review,1,wipe project,1
fully automatic,1,pr decision,1,for deeper,1,review prompts,1,project canonical,1
automatic canonical,1,constraint changes,1,deeper history,1,prompts add,1,memory team,1
usually a,1,changes encourage,1,history and,1,by to,1,team owned,1
bad fit,1,encourage acceptance,1,evidence prs,1,items nudge,1,owned reviewable,1
fit the,1,acceptance via,1,raw long,1,nudge when,1,reviewable pr,1
the pattern,1,via code,1,term transcripts,1,change heavily,1,pr style,1
pattern that,1,review the,1,transcripts off,1,heavily auth,1,style auditable,1
that works,1,the workflow,1,default make,1,auth module,1,auditable org,1
works best,1,workflow teams,1,make them,1,module changed,1,policy retention,1
best split,1,teams already,1,them on,1,changed review,1,retention security,1
split memory,1,already do,1,demand with,1,review auth,1,security classification,1
into evidence,1,do add,1,ttl so,1,adrs make,1,classification whether,1
evidence vs,1,add staleness,1,so as,1,spine pay,1,stored sso,1
vs canon,1,staleness indicators,1,reduce some,1,pay rent,1,sso audit,1
canon with,1,indicators and,1,some retrieval,1,rent default,1,audit this,1
different controllers,1,and reconfirm,1,retrieval plumbing,1,default answer,1,prevents a,1
controllers evidence,1,reconfirm nudges,1,plumbing it,1,answer behavior,1,single developer,1
evidence automatic,1,nudges display,1,practical as,1,behavior should,1,developer s,1
automatic low,1,display last,1,replacement for,1,should cite,1,s chat,1
authority individually,1,confirmed and,1,for memory,1,spine if,1,chat from,1
individually controllable,1,and warn,1,memory architecture,1,s missing,1,from becoming,1
controllable the,1,warn when,1,governance it,1,missing the,1,becoming de,1
system can,1,when old,1,naive it,1,assistant offers,1,de facto,1
can automatically,1,old memory,1,it matters,1,offers to,1,facto team,1
automatically retain,1,used this,1,matters beyond,1,add it,1,team truth,1
retain index,1,days offer,1,beyond the,1,it this,1,truth ux,1
index prior,1,offer one,1,the technical,1,this creates,1,ux pattern,1
prior chats,1,click confirm,1,technical choice,1,a steady,1,pattern that,1
snippets subject,1,confirm supersede,1,choice because,1,steady incentive,1,makes this,1
subject to,1,supersede mark,1,because what,1,incentive to,1,this work,1
to retention,1,deprecated don,1,is remembered,1,it accurate,1,without adding,1
retention policy,1,let unconfirmed,1,remembered becomes,1,accurate because,1,adding bureaucracy,1
policy this,1,unconfirmed summaries,1,a de,1,immediately improves,1,bureaucracy a,1
not what,1,summaries act,1,de facto,1,improves day,1,memory view,1
true it,1,act like,1,facto knowledge,1,day to,1,view that,1
was said,1,like truth,1,knowledge governance,1,to day,1,a real,1
said users,1,truth require,1,governance system,1,day help,1,real artifact,1
can delete,1,require evidence,1,system it,1,help the,1,file pr,1
delete redact,1,links or,1,it shapes,1,the litmus,1,diff not,1
redact or,1,items decisions,1,shapes what,1,litmus test,1,hidden database,1
or exclude,1,constraints if,1,gets treated,1,if updating,1,database one,1
items org,1,confirmed treat,1,truth who,1,updating memory,1,actions promote,1
org admins,1,as hypothesis,1,who is,1,memory feels,1,canonical keep,1
admins can,1,hypothesis and,1,is accountable,1,like writing,1,keep as,1
can set,1,and ask,1,accountable when,1,writing docs,1,as temporary,1
set retention,1,ask measure,1,s wrong,1,docs adoption,1,temporary don,1
retention controller,1,measure it,1,the organization,1,adoption will,1,t store,1
controller system,1,it early,1,organization is,1,will lag,1,store modes,1
system by,1,early falsifiable,1,is implicitly,1,lag if,1,modes brief,1
default bounded,1,falsifiable mvp,1,implicitly storing,1,it feels,1,safe default,1
bounded by,1,mvp success,1,storing the,1,like accepting,1,default deep,1
by org,1,success criteria,1,core trade,1,accepting a,1,recall explicit,1
policy user,1,criteria instrument,1,trade user,1,a suggested,1,explicit no,1
user privacy,1,instrument of,1,user curated,1,suggested diff,1,memory escape,1
privacy controls,1,of sessions,1,curated memory,1,diff it,1,escape hatch,1
controls canonical,1,sessions where,1,high agency,1,it sticks,1,hatch why,1
memory human,1,where memory,1,agency pros,1,sticks that,1,matters beyond,1
human governed,1,memory was,1,pros higher,1,risk i,1,beyond tech,1
governed high,1,used of,1,higher trust,1,d treat,1,tech enterprises,1
authority decisions,1,of proposed,1,trust users,1,as primary,1,enterprises adopt,1
map writes,1,proposed memory,1,what persists,1,primary for,1,adopt tools,1
writes require,1,diffs accepted,1,persists lower,1,for the,1,tools that,1
require explicit,1,accepted edited,1,of silent,1,mvp not,1,that make,1
explicit confirmation,1,edited rejected,1,wrongness fewer,1,not correctness,1,make responsibility,1
confirmation and,1,rejected rate,1,fewer surprise,1,correctness of,1,responsibility clear,1
and preferably,1,of mark,1,surprise assumptions,1,the initial,1,clear what,1
preferably a,1,ignore memory,1,assumptions clear,1,initial spine,1,true visible,1
a link,1,memory time,1,clear accountability,1,spine but,1,visible memory,1
a repo,1,answer vs,1,accountability this,1,but keeping,1,memory artifact,1
repo artifact,1,vs baseline,1,this was,1,keeping it,1,artifact why,1
doc supports,1,baseline if,1,was approved,1,it alive,1,why do,1
supports supersede,1,if acceptance,1,approved pinned,1,alive with,1,believe it,1
supersede ownership,1,acceptance is,1,pinned by,1,minimal human,1,it provenance,1
ownership and,1,low and,1,by x,1,human effort,1,links who,1
and review,1,and outdated,1,x cons,1,effort yes,1,who approved,1
review controller,1,outdated flags,1,cons cognitive,1,can switch,1,approved it,1
controller team,1,flags rise,1,cognitive ux,1,switch later,1,it reviewer,1
team user,1,rise you,1,ux load,1,you avoid,1,reviewer commit,1
user governance,1,ve hit,1,load people,1,avoid schema,1,commit history,1
governance like,1,hit the,1,people won,1,schema less,1,history can,1
like code,1,risk secondary,1,t curate,1,less memory,1,can we,1
review assisted,1,secondary but,1,curate if,1,and build,1,we delete,1
assisted by,1,but related,1,it feels,1,build around,1,delete it,1
by the,1,related risk,1,feels like,1,around stable,1,it policy,1
system this,1,risk expectation,1,like extra,1,stable identifiers,1,controls so,1
preserves low,1,expectation gap,1,extra work,1,identifiers and,1,so let,1
friction while,1,gap vs,1,work inconsistent,1,one what,1,system do,1
while preventing,1,users and,1,inconsistent coverage,1,causes lock,1,do the,1
preventing silent,1,and marketing,1,coverage important,1,lock in,1,the tedious,1
truth drift,1,marketing may,1,important facts,1,in you,1,tedious work,1
drift what,1,may expect,1,facts may,1,you get,1,work of,1
what shared,1,expect chat,1,may never,1,get locked,1,of proposing,1
shared control,1,chat history,1,never get,1,locked in,1,proposing and,1
control looks,1,history recall,1,get saved,1,in when,1,and organizing,1
like in,1,recall your,1,saved doesn,1,is stored,1,organizing but,1
product system,1,mvp is,1,t scale,1,as free,1,keep humans,1
system responsibilities,1,is deliberately,1,scale well,1,free form,1,humans and,1
responsibilities automation,1,deliberately curated,1,well across,1,form summaries,1,team process,1
automation where,1,curated this,1,across teams,1,no stable,1,process in,1
safe propose,1,this can,1,teams without,1,ids no,1,in control,1
propose memory,1,be managed,1,without standards,1,no types,1,control of,1
memory candidates,1,managed with,1,standards system,1,types no,1,of what,1
candidates this,1,with positioning,1,managed memory,1,no status,1,becomes durable,1
this sounds,1,positioning trustworthy,1,automation pros,1,status no,1,truth mvp,1
sounds like,1,trustworthy project,1,pros low,1,no sources,1,mvp recommendation,1
save it,1,decisions and,1,low friction,1,sources embeddings,1,recommendation summaries,1
it auto,1,a roadmap,1,friction consistent,1,embeddings tied,1,brief better,1
auto tag,1,roadmap to,1,consistent capture,1,a specific,1,better manual,1
tag scope,1,to short,1,capture better,1,specific model,1,context not,1
scope service,1,ttl evidence,1,better coverage,1,model version,1,vectors why,1
and attach,1,lookup if,1,coverage of,1,version with,1,best first,1
attach citations,1,minimal maintenance,1,of institutional,1,no raw,1,first build,1
citations files,1,maintenance loop,1,knowledge works,1,text provenance,1,build highest,1
files prs,1,loop ux,1,works for,1,provenance retrieval,1,highest value,1
prs chat,1,ux that,1,users who,1,retrieval logic,1,complexity removes,1
chat links,1,that fits,1,who won,1,logic baked,1,removes the,1
links detect,1,fits into,1,do maintenance,1,the content,1,the repeated,1
detect staleness,1,an week,1,maintenance cons,1,content format,1,tax immediately,1
staleness conflicts,1,week mvp,1,cons creates,1,format the,1,immediately lowest,1
conflicts vs,1,mvp and,1,creates black,1,the prompt,1,lowest mislead,1
vs repo,1,and explicitly,1,box authority,1,prompt expects,1,mislead risk,1
repo and,1,explicitly targets,1,authority especially,1,expects this,1,risk among,1
update provide,1,targets this,1,especially with,1,this exact,1,among memory,1
provide retrieval,1,risk first,1,with vectorized,1,exact summary,1,memory options,1
and summarization,1,first yes,1,vectorized recall,1,summary blob,1,options small,1
summarization of,1,can switch,1,recall higher,1,blob in,1,reviewable correctable,1
of evidence,1,switch later,1,higher staleness,1,that world,1,correctable enterprise,1
evidence when,1,memory contract,1,risk over,1,world changing,1,enterprise friendly,1
when asked,1,contract the,1,and harder,1,changing approach,1,friendly easy,1
asked human,1,the data,1,to diagnose,1,approach means,1,to govern,1
human responsibilities,1,data model,1,diagnose governance,1,re ingesting,1,govern audit,1
responsibilities control,1,model and,1,risk retention,1,ingesting re,1,audit and,1
control where,1,and semantics,1,audit become,1,re indexing,1,and explain,1
s high,1,semantics to,1,become touchy,1,indexing and,1,explain supports,1
impact confirm,1,be stable,1,touchy best,1,and potentially,1,supports documentation,1
confirm promotion,1,stable while,1,best answer,1,potentially changing,1,documentation rather,1
promotion into,1,while allowing,1,answer in,1,changing user,1,than replacing,1
memory edit,1,allowing storage,1,practice shared,1,user facing,1,replacing it,1
edit wording,1,retrieval implementations,1,shared control,1,facing behavior,1,sets the,1
wording add,1,implementations to,1,control with,1,behavior with,1,the foundation,1
add rationale,1,change most,1,clear ownership,1,no audit,1,foundation once,1
rationale mark,1,most lock,1,ownership boundaries,1,audit trail,1,have typed,1
mark superseded,1,in is,1,boundaries the,1,trail how,1,typed canonical,1
superseded decide,1,is self,1,most robust,1,to stay,1,memory any,1
s team,1,self inflicted,1,robust pattern,1,stay switchable,1,any later,1
wide vs,1,inflicted by,1,system suggests,1,switchable design,1,later retrieval,1
vs personal,1,by shipping,1,suggests drafts,1,design now,1,vectors has,1
personal approve,1,shipping memory,1,drafts memory,1,now define,1,has an,1
approve hard,1,memory without,1,memory automation,1,define a,1,an authority,1
compliance entries,1,without metadata,1,automation for,1,object model,1,authority backbone,1
entries why,1,metadata provenance,1,convenience humans,1,model independent,1,backbone what,1
matters beyond,1,provenance or,1,humans approve,1,independent of,1,mvp should,1
beyond implementation,1,or versioning,1,approve what,1,of storage,1,should include,1
it determines,1,versioning what,1,what becomes,1,storage even,1,include concrete,1
determines trust,1,what actually,1,durable and,1,you start,1,concrete scope,1
trust users,1,actually causes,1,and authoritative,1,with just,1,scope project,1
users trust,1,causes lock,1,authoritative governance,1,just markdown,1,loaded a,1
trust what,1,in opaque,1,governance for,1,markdown treat,1,scoped artifact,1
what they,1,opaque only,1,for trust,1,treat each,1,doc containing,1
can inspect,1,only storage,1,trust admins,1,each item,1,containing decisions,1
inspect and,1,storage if,1,set policy,1,item as,1,style bullets,1
correct adoption,1,is essentially,1,policy rails,1,an object,1,bullets with,1
adoption low,1,essentially embeddings,1,rails enterprise,1,object with,1,with links,1
friction defaults,1,embeddings raw,1,enterprise compliance,1,with id,1,goals optional,1
defaults drive,1,text chunks,1,compliance and,1,id stable,1,scoped must,1
drive usage,1,chunks with,1,and consistency,1,stable e,1,must have,1
usage human,1,with weak,1,consistency this,1,g adr,1,have properties,1
human confirmation,1,weak metadata,1,same division,1,adr conv,1,properties editable,1
confirmation preserves,1,metadata no,1,division of,1,conv cons,1,and clearly,1
preserves quality,1,no scope,1,of labor,1,cons type,1,clearly labeled,1
quality accountability,1,scope time,1,labor as,1,adr constraint,1,labeled as,1
accountability enterprises,1,time status,1,as code,1,convention glossary,1,canonical vs,1
enterprises need,1,status provenance,1,code review,1,glossary finding,1,vs draft,1
need to,1,provenance then,1,review automation,1,finding scope,1,draft memory,1
to know,1,then migrating,1,automation proposes,1,service status,1,flow lightweight,1
know who,1,migrating to,1,proposes humans,1,retired tentative,1,lightweight during,1
who approved,1,to curated,1,humans ratify,1,tentative timestamps,1,suggest memory,1
approved a,1,curated summaries,1,ratify make,1,timestamps created,1,memory candidates,1
decision team,1,later requires,1,make control,1,created last_reviewed,1,candidates end,1
team dynamics,1,requires a,1,control depend,1,last_reviewed review_by,1,action present,1
dynamics prevents,1,a costly,1,depend on,1,review_by provenance,1,present a,1
prevents one,1,costly error,1,on memory,1,to pr,1,a proposed,1
one person,1,error prone,1,memory type,1,pr commit,1,proposed diff,1
person s,1,prone retroactive,1,not one,1,commit ticket,1,brief user,1
s chat,1,retroactive cleanup,1,one global,1,ticket chat,1,edits optionally,1
chat from,1,cleanup unstructured,1,global setting,1,chat text,1,pr manual,1
becoming everyone,1,unstructured summaries,1,setting define,1,text human,1,context tools,1
everyone s,1,only artifact,1,define memory,1,readable content,1,tools still,1
s reality,1,artifact if,1,memory classes,1,content store,1,still important,1
reality a,1,blob without,1,classes with,1,store it,1,important even,1
concrete ownership,1,without typed,1,different default,1,as markdown,1,even with,1
ownership model,1,typed fields,1,default controllers,1,markdown frontmatter,1,a brief,1
model simple,1,fields decision,1,controllers canonical,1,frontmatter yaml,1,brief users,1
simple but,1,decision vs,1,memory authoritative,1,yaml or,1,users need,1
but effective,1,vs convention,1,authoritative contents,1,or json,1,need quick,1
effective personal,1,convention status,1,contents project,1,json either,1,quick ways,1
personal memory,1,supersession evidence,1,adrs decisions,1,either works,1,ways to,1
memory user,1,links then,1,conventions verified,1,works the,1,to feed,1
user specific,1,then upgrading,1,outcomes control,1,key is,1,feed situational,1
specific preferences,1,upgrading to,1,control explicit,1,is stable,1,situational context,1
preferences shortcuts,1,to more,1,explicit human,1,metadata store,1,context attach,1
shortcuts my,1,more rigorous,1,human approval,1,store raw,1,attach files,1
my usual,1,rigorous governance,1,approval user,1,raw sources,1,files folders,1
usual workflow,1,governance becomes,1,user or,1,sources even,1,folders attach,1
workflow user,1,a manual,1,or designated,1,t index,1,attach diff,1
user controlled,1,manual rework,1,designated role,1,index them,1,diff pr,1
controlled project,1,rework project,1,role storage,1,them yet,1,a pinned,1
memory team,1,project product,1,storage human,1,yet if,1,pinned session,1
shared decisions,1,product semantics,1,readable ideally,1,you might,1,context panel,1
constraints write,1,semantics tied,1,repo why,1,might add,1,panel constraints,1
write requires,1,to implementation,1,assistant will,1,keep links,1,only brief,1
requires confirmation,1,implementation if,1,will treat,1,to prs,1,memory toggles,1
confirmation owners,1,ui behavior,1,treat as,1,prs tickets,1,toggles what,1
owners reviewers,1,behavior assumes,1,truth so,1,tickets optionally,1,to defer,1
reviewers can,1,assumes vector,1,it must,1,optionally compressed,1,defer v2,1
be set,1,truth or,1,be governable,1,compressed transcripts,1,v2 vectors,1
set like,1,or summary,1,governable evidence,1,transcripts or,1,vectors defer,1
like codeowners,1,summary blob,1,memory non,1,or references,1,defer as,1
codeowners org,1,blob is,1,authoritative cited,1,references to,1,as mvp,1
policy retention,1,truth switching,1,cited contents,1,to logs,1,mvp unless,1
redaction what,1,switching becomes,1,contents searchable,1,logs so,1,strong measured,1
classes can,1,a breaking,1,searchable artifacts,1,can build,1,measured need,1
be stored,1,breaking change,1,docs postmortems,1,build an,1,for find,1
stored retrieved,1,for user,1,postmortems control,1,an evidence,1,that exact,1
retrieved bottom,1,user expectations,1,system indexes,1,index later,1,exact past,1
line give,1,expectations how,1,indexes automatically,1,later without,1,past detail,1
users and,1,avoid lock,1,automatically but,1,without guessing,1,detail when,1
and teams,1,in define,1,must cite,1,guessing what,1,add it,1
teams control,1,a stable,1,and allow,1,what happened,1,it start,1
control over,1,stable memory,1,allow filtering,1,happened treat,1,search for,1
over canonical,1,memory api,1,filtering why,1,treat embeddings,1,logs often,1
and let,1,api now,1,s reference,1,a rebuildable,1,often enough,1
system automate,1,now even,1,reference material,1,rebuildable index,1,enough then,1
automate evidence,1,even for,1,truth is,1,index not,1,then vectors,1
evidence capture,1,for an,1,the artifact,1,the raw,1,as on,1
and suggestions,1,an mvp,1,artifact not,1,text chunks,1,retrieval with,1
the best,1,mvp define,1,the embedding,1,chunks metadata,1,limits why,1
best blend,1,a a,1,embedding ephemeral,1,metadata as,1,why not,1
blend of,1,a canonical,1,working memory,1,the durable,1,vectors first,1
of adoption,1,canonical memory,1,memory convenience,1,durable record,1,first highest,1
adoption trust,1,schema implementation,1,convenience contents,1,record regenerate,1,highest cost,1
it reduces,1,implementation agnostic,1,contents recent,1,regenerate embeddings,1,and operational,1
the risk,1,agnostic minimum,1,recent attempts,1,embeddings when,1,operational surface,1
risk that,1,minimum fields,1,attempts partial,1,when models,1,surface area,1
that memory,1,fields type,1,partial hypotheses,1,models change,1,area privacy,1
memory becomes,1,type decision,1,hypotheses scratchpad,1,change this,1,privacy retention,1
an unaccountable,1,confirmedfix scope,1,scratchpad control,1,avoids being,1,retention ranking,1
unaccountable black,1,confidence approved,1,managed with,1,being stuck,1,staleness highest,1
box recommendation,1,doc chat,1,can pin,1,stuck with,1,highest likelihood,1
recommendation mvp,1,chat pointers,1,pin for,1,with embedding,1,likelihood of,1
mvp better,1,pointers text,1,for today,1,embedding rot,1,of subtle,1
better manual,1,text human,1,today or,1,rot migration,1,subtle misleading,1
tools curated,1,readable statement,1,or forget,1,migration reality,1,misleading via,1
curated summaries,1,statement rationale,1,forget now,1,reality what,1,via stale,1
summaries notebook,1,rationale this,1,now why,1,s easy,1,irrelevant retrieval,1
notebook not,1,lets you,1,why minimizes,1,easy vs,1,retrieval unless,1
not vectors,1,you change,1,minimizes curation,1,vs hard,1,you also,1
vectors if,1,change storage,1,curation burden,1,hard easy,1,also build,1
must pick,1,storage while,1,burden while,1,add later,1,build governance,1
pick one,1,while keeping,1,while avoiding,1,later vectors,1,ux transparency,1
one memory,1,keeping meaning,1,avoiding long,1,an additional,1,transparency i,1
memory path,1,meaning constant,1,bias concrete,1,additional index,1,e not,1
path for,1,constant b,1,concrete ux,1,index over,1,not mvp,1
for mvp,1,b separate,1,ux workflow,1,over existing,1,mvp bottom,1
mvp choose,1,separate authoritative,1,workflow that,1,existing artifacts,1,line mvp,1
choose summaries,1,records from,1,makes this,1,artifacts and,1,mvp isolated,1
structured canonical,1,from evidence,1,this real,1,and sources,1,isolated sessions,1
memory pair,1,evidence artifacts,1,real save,1,sources especially,1,sessions canonical,1
with manual,1,artifacts records,1,a commit,1,you already,1,summaries that,1
context ergonomics,1,store durable,1,commit like,1,already have,1,that persist,1
ergonomics so,1,durable small,1,like action,1,have ids,1,persist strong,1
users get,1,small versioned,1,action not,1,metadata hard,1,strong manual,1
get immediate,1,versioned can,1,not implicit,1,fix later,1,context attachment,1
immediate relief,1,can live,1,implicit end,1,later missing,1,attachment then,1
relief even,1,live as,1,session devmate,1,missing provenance,1,then validate,1
even before,1,as files,1,proposes items,1,provenance missing,1,validate if,1
before memory,1,files or,1,items decision,1,missing status,1,if users,1
coverage is,1,or db,1,decision draft,1,superseded links,1,users still,1
is perfect,1,db evidence,1,draft adr,1,and memory,1,still ask,1
perfect vectors,1,store replaceable,1,adr constraint,1,t audit,1,ask for,1
are best,1,replaceable backend,1,constraint discovered,1,audit because,1,for what,1
a later,1,backend vectors,1,discovered verified,1,reliably reconstruct,1,week find,1
later optional,1,vectors today,1,verified outcome,1,reconstruct truth,1,that snippet,1
recall layer,1,today something,1,entry user,1,truth practical,1,snippet add,1
layer once,1,something else,1,can accept,1,practical recommendation,1,second increment,1
once you,1,else tomorrow,1,accept edit,1,recommendation start,1,increment biggest,1
you ve,1,tomorrow always,1,edit discard,1,start mvp,1,biggest risk,1
ve shipped,1,always referenced,1,discard only,1,mvp with,1,risk the,1
shipped provenance,1,referenced by,1,becomes canonical,1,spine typed,1,layer becomes,1
provenance staleness,1,by ids,1,canonical every,1,typed id,1,a neglected,1
handling and,1,ids uris,1,every answer,1,id d,1,neglected semi,1
and governance,1,uris and,1,answer shows,1,d versioned,1,semi authoritative,1
governance otherwise,1,and metadata,1,used with,1,artifacts that,1,authoritative false,1
otherwise you,1,metadata c,1,timestamps users,1,that choice,1,false handbook,1
ll spend,1,c explicit,1,can exclude,1,choice is,1,handbook in,1
spend mvp,1,explicit versioning,1,pin a,1,inherently portable,1,mvp i,1
mvp time,1,versioning and,1,a periodic,1,portable you,1,i recommended,1
time building,1,and migration,1,periodic review,1,can later,1,recommended canonical,1
building risk,1,migration hooks,1,review queue,1,later add,1,summaries manual,1
risk controls,1,hooks schema,1,queue needs,1,vectors for,1,context the,1
controls what,1,schema version,1,after refactor,1,for evidence,1,s value,1
first mvp,1,version in,1,refactor release,1,without breaking,1,value hinges,1
mvp scope,1,in every,1,release to,1,breaking the,1,hinges on,1
scope project,1,every record,1,to manage,1,spine the,1,on one,1
notebook team,1,record background,1,manage time,1,the reverse,1,one artifact,1
shared editable,1,background jobs,1,decay enterprise,1,reverse starting,1,artifact staying,1
cited a,1,jobs for,1,policy layer,1,starting with,1,staying accurate,1
small set,1,for re,1,layer who,1,with opaque,1,accurate the,1
types is,1,re indexing,1,approve offer,1,opaque vectors,1,the underweighted,1
is enough,1,indexing evidence,1,offer configurable,1,vectors is,1,underweighted risk,1
to remove,1,evidence common,1,configurable roles,1,is much,1,is that,1
remove most,1,common and,1,roles any,1,much harder,1,that teams,1
briefing decisions,1,and cheap,1,can create,1,to migrate,1,teams won,1
lite title,1,cheap if,1,create drafts,1,migrate into,1,consistently the,1
superseded rationale,1,you keep,1,drafts only,1,a trusted,1,assistant will,1
rationale links,1,metadata don,1,only tech,1,trusted human,1,will still,1
tags conventions,1,make embeddings,1,tech leads,1,governed system,1,still treat,1
conventions how,1,embeddings the,1,leads owners,1,system if,1,and errors,1
x examples,1,only copy,1,owners can,1,me where,1,errors will,1
tags constraints,1,copy of,1,can mark,1,you plan,1,be systematic,1
security perf,1,the content,1,mark accepted,1,to store,1,systematic repeated,1
perf compliance,1,content keep,1,accepted admins,1,store the,1,repeated across,1
compliance non,1,keep canonical,1,set retention,1,spine in,1,across sessions,1
goals system,1,canonical text,1,retention indexing,1,vs managed,1,sessions rather,1
map minimal,1,text switching,1,indexing scope,1,store i,1,than occasional,1
minimal services,1,switching paths,1,scope export,1,suggest a,1,occasional this,1
points even,1,paths practical,1,delete requirements,1,a minimal,1,than isolation,1
a thin,1,practical scenarios,1,requirements this,1,minimal frontmatter,1,isolation because,1
thin version,1,scenarios if,1,with how,1,frontmatter schema,1,fails by,1
version write,1,records recommended,1,how teams,1,schema that,1,by commission,1
mvp no,1,recommended mvp,1,teams already,1,that keeps,1,commission misleading,1
no auto,1,mvp you,1,already handle,1,keeps migration,1,misleading while,1
auto canonization,1,can later,1,handle architectural,1,migration paths,1,while feeling,1
canonization devmate,1,later add,1,architectural authority,1,paths open,1,feeling official,1
devmate can,1,vectors easily,1,authority bottom,1,open final,1,official why,1
can suggest,1,easily index,1,system controls,1,final recommendation,1,s likely,1
suggest save,1,index docs,1,memory end,1,recommendation should,1,likely documentation,1
baseline but,1,docs prs,1,end you,1,all yes,1,documentation maintenance,1
confirms encourage,1,prs chats,1,ll get,1,yes but,1,maintenance is,1
encourage citations,1,chats as,1,get faster,1,real however,1,a known,1
link label,1,link evidence,1,faster onboarding,1,however ungoverned,1,known organizational,1
uncited lower,1,to existing,1,onboarding but,1,ungoverned recall,1,organizational failure,1
confidence read,1,existing records,1,but pay,1,recall creates,1,mode end,1
read policy,1,records no,1,pay with,1,two worst,1,session review,1
mvp load,1,no change,1,with trust,1,worst enterprise,1,review is,1
this notebook,1,change to,1,trust staleness,1,enterprise failures,1,to skip,1
notebook current,1,to authoritative,1,governance problems,1,failures stale,1,skip under,1
current chat,1,layer this,1,problems if,1,stale but,1,under deadlines,1
chat any,1,lowest risk,1,if users,1,but plausible,1,deadlines ownership,1
any user,1,risk evolution,1,users must,1,plausible guidance,1,ownership is,1
user pinned,1,evolution path,1,must curate,1,guidance and,1,is ambiguous,1
snippets always,1,path if,1,curate everything,1,and opaque,1,ambiguous who,1
show used,1,can move,1,everything adoption,1,opaque authority,1,who s,1
used memory,1,move to,1,adoption suffers,1,authority so,1,s responsible,1
citations in,1,s harder,1,suffers the,1,the philosophy,1,responsible for,1
in answers,1,harder you,1,stable middle,1,philosophy should,1,for updating,1
answers even,1,ll need,1,middle is,1,be remember,1,updating the,1
simple list,1,need promotion,1,managed capture,1,remember durable,1,brief code,1
list this,1,promotion tooling,1,capture human,1,truths forget,1,changes faster,1
this directly,1,tooling and,1,human governed,1,forget by,1,faster than,1
directly addresses,1,and possibly,1,governed canon,1,default volatile,1,than narrative,1
the want,1,possibly human,1,canon with,1,volatile exploration,1,narrative summaries,1
memory while,1,human cleanup,1,with memory,1,exploration and,1,summaries how,1
while respecting,1,cleanup to,1,types and,1,and always,1,would manifest,1
respecting the,1,to convert,1,and roles,1,provenance if,1,manifest ai,1
the trust,1,convert history,1,roles that,1,if yes,1,ai keeps,1
over notes,1,history into,1,that reflect,1,yes what,1,keeps recommending,1
notes gap,1,into decisions,1,reflect real,1,what architecture,1,recommending deprecated,1
gap manual,1,conventions you,1,real accountability,1,architecture architecture,1,deprecated patterns,1
tools to,1,must add,1,accountability given,1,architecture canonical,1,patterns use,1
briefing immediately,1,add status,1,given your,1,index hybrid,1,use fooclient,1
immediately even,1,status scope,1,your constraints,1,hybrid strict,1,fooclient retry,1
even with,1,scope provenance,1,constraints trust,1,layering philosophy,1,retry after,1
notebook users,1,provenance retroactively,1,trust gap,1,philosophy implementation,1,after migration,1
need fast,1,retroactively so,1,gap staleness,1,implementation mapping,1,migration conflicts,1
fast ways,1,not impossible,1,vectors costing,1,mapping truth,1,conflicts between,1
to supply,1,impossible just,1,costing the,1,truth should,1,between brief,1
supply high,1,more expensive,1,mvp order,1,be reviewable,1,brief and,1
signal context,1,expensive concrete,1,order i,1,reviewable canonical,1,conventions we,1
context pinned,1,concrete guidance,1,d choose,1,artifacts what,1,use layered,1
panel per,1,guidance to,1,choose is,1,it stores,1,layered arch,1
project pinned,1,to stay,1,is recommendation,1,stores project,1,arch while,1
snippets diagrams,1,stay flexible,1,recommendation summaries,1,glossary where,1,while repo,1
diagrams urls,1,flexible ship,1,curated better,1,where in,1,repo moved,1
urls commands,1,a typed,1,better manual,1,repo devmate,1,moved to,1
commands import,1,typed record,1,tools first,1,devmate adr,1,to vertical,1
docs select,1,record model,1,first vectors,1,or pr,1,vertical slices,1
select readme,1,model first,1,later why,1,reviewed managed,1,slices new,1
readme md,1,first even,1,best mvp,1,store how,1,new team,1
md docs,1,s just,1,mvp fastest,1,s used,1,team members,1
md adr,1,just a,1,fastest meaningful,1,used auto,1,members over,1
adr folder,1,a json,1,meaningful relief,1,loaded at,1,brief because,1
folder session,1,json yaml,1,relief for,1,start the,1,s presented,1
kickoff template,1,yaml file,1,brief problem,1,may assert,1,presented as,1
template auto,1,file store,1,problem a,1,x only,1,as project,1
auto generated,1,store raw,1,a short,1,when citing,1,memory mitigations,1
generated project,1,evidence text,1,short project,1,citing spine,1,that keep,1
project briefing,1,metadata alongside,1,conventions carries,1,items avoid,1,keep mvp,1
briefing block,1,alongside embeddings,1,carries most,1,avoid ruts,1,mvp lightweight,1
block from,1,embeddings treat,1,the onboarding,1,ruts volatile,1,lightweight but,1
notebook that,1,treat retrieval,1,onboarding value,1,history is,1,but must,1
that the,1,a policy,1,value lowest,1,in not,1,be included,1
can tweak,1,policy layer,1,lowest mislead,1,not default,1,included named,1
tweak this,1,layer swappable,1,mislead risk,1,context debug,1,named ownership,1
this also,1,swappable not,1,risk among,1,attempts raw,1,ownership assign,1
also helps,1,the definition,1,among continuity,1,history are,1,assign owners,1
helps teams,1,definition of,1,continuity options,1,auto injected,1,owners team,1
t yet,1,memory do,1,options because,1,injected provide,1,team role,1
yet trust,1,do that,1,s inspectable,1,spine change,1,role for,1
memory they,1,that and,1,can gate,1,change is,1,brief show,1
can control,1,not locked,1,gate persistence,1,is constant,1,show it,1
control exactly,1,locked in,1,persistence on,1,constant versioning,1,it in,1
exactly what,1,in you,1,on user,1,versioning staleness,1,ui maintained,1
s in,1,re choosing,1,approval enterprise,1,controls every,1,maintained by,1
in play,1,choosing an,1,enterprise feasible,1,item has,1,by platform,1
play staleness,1,an initial,1,feasible easier,1,has metadata,1,platform team,1
staleness safety,1,initial implementation,1,easier retention,1,metadata id,1,team make,1
safety minimal,1,implementation with,1,deletion auditing,1,links evidence,1,make updates,1
minimal but,1,an intentional,1,auditing and,1,is time,1,updates piggyback,1
but real,1,intentional migration,1,and access,1,commit scoped,1,piggyback on,1
real mvp,1,migration path,1,control than,1,and downranks,1,on existing,1
mvp staleness,1,path final,1,than store,1,downranks superseded,1,existing workflows,1
that pay,1,final recommendation,1,everything sets,1,superseded old,1,workflows encourage,1
pay off,1,recommendation should,1,sets you,1,items trust,1,encourage updates,1
off fast,1,yes ship,1,you up,1,trust requires,1,updates during,1
fast timestamps,1,continuity because,1,up for,1,requires visibility,1,during prs,1
timestamps last,1,the onboarding,1,for vectors,1,ui show,1,prs merges,1
last confirmed,1,and lost,1,vectors safely,1,which adr,1,merges this,1
confirmed on,1,lost institutional,1,safely once,1,brief sections,1,this pr,1
on notebook,1,institutional context,1,you have,1,sections and,1,pr changes,1
entries mark,1,context are,1,have canonical,1,and which,1,changes architecture,1
supersede action,1,are real,1,artifacts brief,1,which evidence,1,architecture conventions,1
action basic,1,real and,1,outcomes vector,1,answer allow,1,conventions update,1
checks where,1,and compounding,1,be scoped,1,allow users,1,update brief,1
where cheap,1,compounding and,1,evidence rather,1,users to,1,brief even,1
cheap e,1,and your,1,than chats,1,to exclude,1,a checkbox,1
g dependency,1,data want,1,chats what,1,superseded how,1,checkbox prompt,1
present file,1,memory confirms,1,summaries mvp,1,connect runtime,1,prompt is,1
path exists,1,confirms demand,1,mvp actually,1,runtime session,1,is enough,1
exists what,1,demand but,1,actually includes,1,start load,1,enough to,1
first and,1,everything in,1,includes be,1,load current,1,to raise,1
and why,1,enterprise that,1,be specific,1,repo context,1,raise compliance,1
why vectors,1,that becomes,1,specific project,1,context spine,1,compliance staleness,1
as primary,1,a staleness,1,brief always,1,spine during,1,staleness detection,1
primary memory,1,opacity trap,1,on token,1,during work,1,detection and,1
memory defer,1,trap that,1,editable document,1,work answer,1,and prompts,1
defer cost,1,that lowers,1,document preferably,1,answer using,1,prompts track,1
cost you,1,lowers trust,1,preferably in,1,using current,1,track last,1
you already,1,can cost,1,least exportable,1,spine constraints,1,date flag,1
already saw,1,cost more,1,exportable loaded,1,constraints when,1,relevant directories,1
saw over,1,than it,1,at start,1,needed retrieve,1,directories modules,1
over years,1,it saves,1,start of,1,pr comments,1,change significantly,1
years opacity,1,saves the,1,of each,1,comments incidents,1,significantly show,1
opacity harder,1,the philosophy,1,each session,1,incidents chat,1,show a,1
to earn,1,philosophy the,1,session sections,1,chat via,1,a banner,1
earn trust,1,the implementation,1,sections architecture,1,via hybrid,1,banner some,1
trust without,1,implementation philosophy,1,snapshot constraints,1,with recency,1,some memory,1
without citation,1,philosophy treat,1,conventions current,1,scoring show,1,items may,1
citation controls,1,treat memory,1,focus key,1,citations end,1,be outdated,1
controls rut,1,like engineering,1,key links,1,session assistant,1,outdated review,1
staleness amplification,1,engineering knowledge,1,links decision,1,assistant proposes,1,review low,1
amplification unless,1,knowledge it,1,outcome records,1,proposes doc,1,low friction,1
you also,1,it must,1,records adr,1,updates create,1,friction correction,1
also build,1,be reviewable,1,lite save,1,conventions record,1,correction one,1
build gating,1,reviewable versioned,1,memory creates,1,record confirmed,1,click in,1
filtering verification,1,scoped and,1,creates updates,1,finding user,1,is outdated,1
verification vectors,1,and allowed,1,a structured,1,user approves,1,outdated opens,1
still be,1,to expire,1,structured record,1,approves pr,1,opens the,1
be on,1,expire or,1,record status,1,pr cost,1,exact section,1
roadmap but,1,or be,1,superseded timestamp,1,cost posture,1,section for,1
as mvp,1,codebase changes,1,timestamp owner,1,posture spine,1,edit supersede,1
mvp s,1,changes fresh,1,issue rationale,1,spine provides,1,supersede conservative,1
s core,1,the absence,1,rationale default,1,provides most,1,conservative usage,1
core phase,1,absence of,1,default devmate,1,most value,1,usage policy,1
phase plan,1,a mode,1,drafts at,1,value cheaply,1,policy when,1
plan so,1,mode that,1,end user,1,cheaply evidence,1,when brief,1
can tell,1,that limits,1,team explicitly,1,are selective,1,brief items,1
tell a,1,limits what,1,explicitly accepts,1,selective and,1,are old,1
a complete,1,can steer,1,accepts manual,1,bounded high,1,old unverified,1
complete story,1,steer implementation,1,tools to,1,signal corpora,1,unverified the,1
story mvp,1,implementation make,1,reduce friction,1,corpora ttl,1,assistant should,1
mvp weeks,1,ai believes,1,friction without,1,ttl avoiding,1,should phrase,1
weeks depending,1,believes small,1,without hidden,1,avoiding the,1,phrase as,1
depending on,1,governable and,1,memory attach,1,the embed,1,as previously,1
on ui,1,and make,1,attach files,1,forever trap,1,previously documented,1
ui governance,1,look up,1,files folders,1,trap if,1,documented and,1
governance project,1,up large,1,folders attach,1,if we,1,and ask,1
lite confirm,1,large but,1,attach pr,1,we chose,1,ask confirmation,1
save edit,1,but non,1,issue pin,1,chose no,1,confirmation rather,1
supersede pinned,1,authoritative architecture,1,pin snippet,1,no continuity,1,asserting why,1
panel import,1,specific layer,1,snippet session,1,continuity what,1,matters for,1
docs citations,1,apm curated,1,template one,1,what do,1,for your,1
citations showing,1,editable records,1,click start,1,do we,1,your decision,1
showing which,1,store typed,1,start new,1,we build,1,decision if,1
which notebook,1,confirmedfix required,1,session with,1,build instead,1,design maintenance,1
items were,1,required metadata,1,with brief,1,you decide,1,maintenance into,1
were used,1,metadata scope,1,decisions these,1,decide continuity,1,product the,1
used v1,1,vs inferred,1,these pinned,1,is out,1,mvp can,1
v1 optional,1,doc delivery,1,pinned artifacts,1,scope build,1,can paradoxically,1
optional targeted,1,delivery auto,1,artifacts modes,1,build context,1,paradoxically create,1
targeted evidence,1,auto inject,1,modes minimal,1,packs repo,1,create more,1
recall vector,1,inject the,1,minimal but,1,repo grounding,1,misleading behavior,1
vector index,1,relevant apm,1,but important,1,grounding saved,1,behavior than,1
index only,1,apm pack,1,important fresh,1,saved reusable,1,it establishes,1
try tight,1,pack into,1,eyes only,1,reusable context,1,establishes an,1
tight filters,1,into each,1,decisions or,1,context bundles,1,an official,1
filters recency,1,each new,1,or even,1,bundles selected,1,official narrative,1
module branch,1,scope update,1,even nothing,1,selected docs,1,narrative that,1
branch verbatim,1,update assistant,1,nothing pinned,1,docs files,1,that slowly,1
days v2,1,diffs users,1,pinned user,1,modules current,1,slowly rots,1
v2 enterprise,1,users teams,1,user attachments,1,current goals,1,rots if,1
enterprise grade,1,teams approve,1,attachments continuum,1,goals users,1,want i,1
grade pr,1,approve pr,1,continuum brief,1,users attach,1,minimal schema,1
adr promotion,1,recommended for,1,why not,1,attach in,1,schema and,1
promotion workflows,1,for decisions,1,not vectors,1,in one,1,ui that,1
workflows draft,1,constraints this,1,as mvp,1,click strong,1,makes ownership,1
pr to,1,that users,1,mvp cost,1,strong onboarding,1,ownership verification,1
update docs,1,want and,1,high and,1,onboarding templates,1,verification almost,1
docs deeper,1,trust layer,1,and ongoing,1,templates that,1,almost automatic,1
deeper repo,1,ei vectors,1,ongoing year,1,users fill,1,automatic without,1
verification staleness,1,vectors for,1,worse with,1,fill once,1,without forcing,1
scoring org,1,for narrow,1,provenance ui,1,once per,1,forcing heavy,1
org policies,1,narrow time,1,ui filters,1,repo better,1,heavy process,1
policies retention,1,bounded detail,1,filters decay,1,better grounding,1,process you,1
redaction access,1,detail lookup,1,and validation,1,grounding against,1,inherently locked,1
access control,1,lookup index,1,validation checks,1,code symbol,1,locked in,1
control how,1,index chats,1,checks it,1,symbol search,1,in but,1
ll know,1,chats prs,1,to silently,1,search build,1,can lock,1
know mvp,1,docs logs,1,silently mislead,1,build test,1,lock yourself,1
mvp worked,1,logs with,1,mislead which,1,test integration,1,yourself in,1
worked time,1,with metadata,1,which your,1,integration to,1,in accidentally,1
materially in,1,metadata timestamp,1,your trust,1,to reduce,1,accidentally mostly,1
in new,1,timestamp scope,1,trust numbers,1,reduce reliance,1,mostly through,1
new sessions,1,scope commit,1,numbers suggest,1,reliance on,1,through a,1
sessions fewer,1,branch where,1,suggest will,1,on memory,1,a what,1
fewer re,1,possible default,1,will backfire,1,memory this,1,choose to,1
brief turns,1,for chat,1,backfire early,1,this mitigates,1,to persist,1
turns users,1,evidence e,1,early what,1,mitigates re,1,persist and,1
users actively,1,days longer,1,do after,1,briefing but,1,b whether,1
actively edit,1,longer for,1,after mvp,1,but doesn,1,you preserve,1
supersede notebook,1,for pr,1,mvp proves,1,t solve,1,preserve provenance,1
entries a,1,docs if,1,proves value,1,solve institutional,1,and stable,1
good sign,1,if desired,1,value phase,1,knowledge transfer,1,stable identifiers,1
sign of,1,desired retrieval,1,phase add,1,transfer as,1,identifiers what,1
of governance,1,is gated,1,add selective,1,as well,1,what causes,1
governance low,1,cited used,1,selective evidence,1,well as,1,causes lock,1
low incidence,1,used for,1,index durable,1,spine bottom,1,in irreversible,1
incidence of,1,specifics or,1,retrieval off,1,line ship,1,irreversible lossy,1
was wrong,1,or when,1,default or,1,ship continuity,1,lossy capture,1
wrong complaints,1,requested always,1,or ttl,1,continuity but,1,capture if,1
complaints trust,1,always with,1,ttl limited,1,but frame,1,you only,1
trust preserved,1,provenance from,1,limited decision,1,frame it,1,only store,1
preserved bottom,1,oct never,1,decision shortcut,1,as reliable,1,store end,1
line build,1,never treated,1,shortcut if,1,a human,1,session summaries,1
build notebook,1,truth when,1,a crisp,1,owned versioned,1,and discard,1
summaries manual,1,it conflicts,1,crisp mvp,1,versioned spine,1,discard raw,1
context pinning,1,or current,1,mvp choice,1,spine that,1,raw sources,1
pinning first,1,signals this,1,choice if,1,s always,1,sources you,1
first it,1,gives perfect,1,one summaries,1,on plus,1,t later,1
it delivers,1,perfect enough,1,curated if,1,plus an,1,later build,1
delivers continuity,1,enough recall,1,can pick,1,an optional,1,build reliable,1
continuity benefits,1,recall without,1,pick two,1,index with,1,reliable retrieval,1
benefits with,1,without cost,1,two summaries,1,strict staleness,1,retrieval because,1
high transparency,1,and without,1,summaries manual,1,transparency this,1,the evidence,1
transparency and,1,without letting,1,tools vectors,1,this aligns,1,evidence is,1
cost risk,1,letting old,1,vectors should,1,with user,1,is gone,1
risk and,1,transcripts steer,1,phase scoped,1,user demand,1,gone no,1
sets you,1,steer runtime,1,retained accordingly,1,memory while,1,no stable,1
you up,1,runtime controls,1,accordingly if,1,while respecting,1,stable schema,1
up to,1,controls required,1,target mvp,1,respecting their,1,schema ids,1
to add,1,required fresh,1,mvp timeline,1,their low,1,ids if,1
later without,1,mode ignore,1,and where,1,low trust,1,if memory,1
turning memory,1,ei use,1,where devmate,1,in opaque,1,is just,1
box the,1,prompt optionally,1,devmate lives,1,opaque ai,1,just blobs,1
risk you,1,optionally hard,1,lives ide,1,ai recall,1,blobs of,1
be underweighting,1,apm memory,1,ide plugin,1,recall yes,1,of text,1
underweighting is,1,panel one,1,plugin vs,1,re taking,1,text migrating,1
memory rot,1,supersede ignore,1,vs web,1,taking a,1,migrating to,1
rot low,1,promote mvp,1,web i,1,a real,1,to structured,1
low adoption,1,mvp scope,1,can turn,1,real risk,1,or building,1
adoption of,1,scope start,1,turn this,1,and we,1,building governance,1
of curation,1,with layer,1,a week,1,we ll,1,governance supersession,1
curation which,1,eyes manual,1,week by,1,ll solve,1,supersession ownership,1
which can,1,tools add,1,by week,1,solve staleness,1,ownership staleness,1
turn the,1,add layer,1,week scope,1,staleness later,1,staleness becomes,1
notebook into,1,b short,1,scope with,1,later is,1,becomes painful,1
a confidently,1,later for,1,with concrete,1,the part,1,painful opaque,1
wrong layer,1,for debug,1,concrete ui,1,part most,1,opaque backend,1
layer that,1,workflows if,1,ui surfaces,1,to hurt,1,backend specific,1
trusting and,1,it proves,1,surfaces and,1,hurt you,1,specific indexes,1
then they,1,proves roi,1,and data,1,you why,1,indexes if,1
they ignore,1,roi positive,1,model fields,1,why it,1,if product,1
ignore the,1,positive if,1,fields biggest,1,s probably,1,product semantics,1
whole feature,1,you chose,1,risk maintenance,1,probably a,1,semantics depend,1
feature why,1,chose no,1,maintenance ownership,1,mistake in,1,a particular,1
risk your,1,no continuity,1,ownership failure,1,reality staleness,1,particular embedding,1
your mvp,1,continuity what,1,failure stale,1,staleness isn,1,model chunking,1
mvp relies,1,build instead,1,stale canonical,1,t an,1,chunking scheme,1
on users,1,instead fallback,1,canonical narrative,1,an edge,1,scheme changing,1
users teams,1,fallback if,1,narrative the,1,edge case,1,from vectors,1
teams to,1,you truly,1,mvp i,1,case it,1,vectors hybrid,1
to confirm,1,truly can,1,i recommended,1,default over,1,a data,1
confirm and,1,t ship,1,recommended brief,1,time codebases,1,data migration,1
and maintain,1,ship governed,1,lite summaries,1,codebases refactor,1,migration behavior,1
maintain canonical,1,memory now,1,summaries implicitly,1,refactor continuously,1,behavior change,1
canonical entries,1,now build,1,implicitly assumes,1,continuously if,1,change risk,1
entries in,1,build a,1,assumes the,1,strong time,1,risk how,1
in real,1,class context,1,memory stays,1,version controls,1,avoid lock,1
real projects,1,builder pin,1,stays reasonably,1,controls you,1,in simple,1
projects the,1,files modules,1,reasonably current,1,ll routinely,1,simple design,1
the people,1,modules docs,1,current the,1,routinely retrieve,1,design choices,1
people most,1,as reusable,1,the biggest,1,retrieve true,1,choices now,1
most willing,1,reusable packs,1,is that,1,true then,1,now define,1
willing to,1,packs templates,1,that it,1,then false,1,define a,1
to curate,1,templates for,1,it won,1,false now,1,stable memory,1
curate are,1,for session,1,t because,1,now content,1,schema even,1
are often,1,session brief,1,because maintaining,1,that sounds,1,you start,1
often not,1,brief explicit,1,maintaining shared,1,sounds correct,1,with summaries,1
the ones,1,explicit project,1,shared context,1,correct that,1,summaries store,1
ones touching,1,brief file,1,a sociotechnical,1,that creates,1,store each,1
touching every,1,file users,1,sociotechnical problem,1,worst failure,1,item with,1
every area,1,users maintain,1,problem not,1,mode plausible,1,with id,1
area of,1,maintain manually,1,just storage,1,wrongness once,1,id stable,1
system over,1,manually this,1,storage what,1,once users,1,stable uuid,1
months code,1,this reduces,1,that looks,1,users experience,1,uuid type,1
code and,1,briefing but,1,looks like,1,experience a,1,deprecated draft,1
decisions drift,1,but won,1,a brief,1,a few,1,draft created_at,1
drift if,1,t match,1,brief decision,1,few memory,1,created_at updated_at,1
notebook isn,1,compounding benefit,1,decision becomes,1,memory betrayed,1,updated_at last_verified_at,1
t continuously,1,benefit of,1,becomes accepted,1,betrayed me,1,last_verified_at source_refs,1
continuously reconciled,1,curated continuity,1,accepted truth,1,me moments,1,source_refs pr,1
reconciled with,1,continuity bottom,1,truth gets,1,moments trust,1,pr link,1
with the,1,line build,1,gets auto,1,trust drops,1,link adr,1
repo it,1,it trustworthy,1,loaded every,1,drops sharply,1,file issue,1
the outdated,1,trustworthy and,1,session and,1,sharply and,1,issue doc,1
outdated wiki,1,and maintainable,1,and keeps,1,and is,1,doc url,1
wiki problem,1,maintainable curated,1,keeps steering,1,to regain,1,url session,1
problem except,1,hatch so,1,steering suggestions,1,regain especially,1,session id,1
except now,1,can reset,1,suggestions even,1,opaque you,1,id scope,1
now it,1,reset framing,1,even after,1,you won,1,module branch,1
also powering,1,framing on,1,refactors no,1,be able,1,branch text,1
powering ai,1,demand you,1,no one,1,able to,1,text human,1
ai suggestions,1,not wrong,1,one feels,1,add trust,1,readable rendering,1
suggestions if,1,wrong that,1,feels responsible,1,trust as,1,rendering if,1
if users,1,that vectors,1,responsible to,1,a patch,1,have this,1
users hit,1,fastest way,1,to update,1,patch to,1,this you,1
hit a,1,way to,1,update it,1,fix staleness,1,can change,1
few cases,1,to claim,1,it someone,1,staleness you,1,change how,1
cases where,1,claim memory,1,someone else,1,ll end,1,you retrieve,1
baseline confidently,1,but full,1,else will,1,end up,1,retrieve without,1
confidently asserts,1,full vector,1,will so,1,up needing,1,without changing,1
asserts something,1,vector storage,1,so drift,1,needing at,1,changing what,1
something obsolete,1,storage now,1,drift accumulates,1,at minimum,1,memory means,1
obsolete we,1,now staleness,1,accumulates users,1,minimum metadata,1,means keep,1
use x,1,staleness later,1,users trust,1,module timestamp,1,keep a,1
x pattern,1,later is,1,trust drops,1,commit status,1,a lightweight,1
pattern this,1,a risky,1,drops because,1,tentative compatibility,1,lightweight event,1
service owns,1,risky bet,1,now consistently,1,code paths,1,event log,1
owns y,1,bet especially,1,consistently quietly,1,symbols signatures,1,log of,1
y they,1,especially in,1,quietly wrong,1,signatures user,1,of artifacts,1
they ll,1,enterprise because,1,wrong in,1,user visible,1,artifacts optional,1
ll revert,1,because staleness,1,level way,1,citations controls,1,optional but,1
revert to,1,t a,1,way worse,1,pin forget,1,but powerful,1
to don,1,a later,1,than an,1,forget if,1,powerful even,1
ll just,1,later bug,1,an occasional,1,t capture,1,t index,1
just re,1,bug it,1,occasional stale,1,capture metadata,1,index vectors,1
brief that,1,default outcome,1,stale snippet,1,one retrofitting,1,vectors now,1
that kills,1,outcome over,1,snippet this,1,retrofitting is,1,now keep,1
kills the,1,time where,1,is especially,1,is painful,1,keep pointers,1
whole roi,1,where this,1,especially likely,1,painful or,1,to session,1
roi how,1,the concrete,1,likely over,1,or impossible,1,session transcripts,1
it shows,1,concrete failure,1,over month,1,impossible the,1,transcripts or,1
shows up,1,re signing,1,month enterprise,1,just finance,1,or redacted,1
up failure,1,signing up,1,enterprise timelines,1,finance it,1,redacted extracts,1
failure pattern,1,up for,1,timelines with,1,it shapes,1,extracts under,1
pattern early,1,for you,1,with turnover,1,shapes product,1,under retention,1
early excitement,1,that can,1,turnover and,1,behavior if,1,retention policy,1
excitement people,1,be confidently,1,and shifting,1,pay to,1,policy pasted,1
people save,1,wrong in,1,shifting priorities,1,to embed,1,referenced diffs,1
save a,1,non obvious,1,priorities why,1,ll feel,1,diffs prs,1
a handful,1,obvious way,1,this risk,1,feel pressure,1,prs this,1
handful of,1,way isolation,1,is easy,1,pressure to,1,this lets,1
of decisions,1,isolation fails,1,to underweight,1,use it,1,lets you,1
conventions refactors,1,fails loudly,1,underweight early,1,it aggressively,1,add keyword,1
refactors migrations,1,loudly i,1,early pilots,1,aggressively auto,1,later without,1
migrations happen,1,i don,1,pilots look,1,retrieval everywhere,1,without regretting,1
happen notebook,1,know vector,1,look great,1,everywhere to,1,regretting lost,1
notebook doesn,1,memory fails,1,great memory,1,justify cost,1,lost data,1
t update,1,fails quietly,1,is fresh,1,cost exactly,1,data decouple,1
update ai,1,quietly i,1,fresh the,1,exactly the,1,decouple storage,1
ai keeps,1,i remember,1,team is,1,the behavior,1,storage from,1
keeps referencing,1,remember x,1,is engaged,1,that amplifies,1,from retrieval,1
referencing the,1,x even,1,engaged drift,1,amplifies ruts,1,retrieval architecturally,1
the old,1,even when,1,drift hasn,1,ruts staleness,1,architecturally memory,1
old baseline,1,when x,1,hasn t,1,reduces transparency,1,store records,1
baseline subtle,1,x is,1,t started,1,transparency enterprise,1,records metadata,1
subtle misguidance,1,is deprecated,1,started drift,1,enterprise governance,1,metadata is,1
misguidance users,1,deprecated that,1,mode it,1,governance will,1,truth for,1
stop consulting,1,the trust,1,it emerges,1,will block,1,items index,1
consulting editing,1,trust killer,1,emerges after,1,block dump,1,index backends,1
editing it,1,killer your,1,after releases,1,everything deployments,1,backends keyword,1
it rot,1,data says,1,releases refactors,1,deployments retention,1,are derived,1
rot accelerates,1,says trust,1,refactors and,1,deletion access,1,derived views,1
accelerates mitigations,1,trust is,1,team changes,1,secrets auditability,1,views you,1
mitigations to,1,the constraint,1,changes summaries,1,auditability these,1,can rebuild,1
to bake,1,constraint not,1,summaries feel,1,these become,1,rebuild that,1
bake into,1,not demand,1,feel safe,1,become sales,1,makes swapping,1
into mvp,1,demand want,1,safe compared,1,sales blockers,1,swapping embedding,1
mvp not,1,memory only,1,compared to,1,blockers not,1,embedding models,1
later citations,1,only would,1,to vectors,1,not later,1,from none,1
citations anchoring,1,trust ai,1,vectors so,1,later work,1,none vectors,1
anchoring as,1,memory over,1,so teams,1,work infinite,1,a reindex,1
a requirement,1,over notes,1,teams may,1,memory without,1,reindex not,1
requirement for,1,notes a,1,may relax,1,without controls,1,a migration,1
authority if,1,box vector,1,relax their,1,controls can,1,migration practical,1
if a,1,vector brain,1,their guardrails,1,can slow,1,practical migration,1
convention has,1,brain increases,1,guardrails and,1,slow deals,1,migration paths,1
has no,1,increases the,1,authoritative without,1,deals if,1,paths summaries,1
an adr,1,the gap,1,a upkeep,1,still want,1,summaries hybrid,1
file label,1,gap unless,1,upkeep mechanism,1,want vectors,1,hybrid easy,1
treat it,1,add transparency,1,mechanism how,1,vectors the,1,easy if,1
as lower,1,transparency governance,1,to mitigate,1,minimum not,1,you kept,1
confidence in,1,governance i,1,mitigate without,1,mistake version,1,kept source,1
in prompts,1,i e,1,without blowing,1,version if,1,refs and,1
prompts ownership,1,e you,1,blowing up,1,if competitive,1,optionally artifact,1
ownership review,1,t really,1,up mvp,1,pressure forces,1,artifact pointers,1
review hooks,1,really punt,1,mvp scope,1,forces vector,1,pointers you,1
hooks assign,1,punt the,1,scope you,1,vector capability,1,add an,1
assign owners,1,hard part,1,t need,1,capability don,1,artifacts summaries,1
owners codeowners,1,part the,1,need heavy,1,storage as,1,summaries stay,1
like for,1,the cost,1,heavy process,1,core ship,1,stay canonical,1
for notebook,1,cost is,1,process you,1,ship vectors,1,canonical vectors,1
notebook sections,1,just storage,1,need three,1,with guardrails,1,vectors summaries,1
sections or,1,storage it,1,three small,1,guardrails from,1,summaries also,1
per service,1,s operational,1,small structural,1,day canonical,1,also possible,1
service lightweight,1,operational drag,1,structural features,1,spine still,1,possible but,1
lightweight weekly,1,drag long,1,features provenance,1,still exists,1,but harder,1
weekly biweekly,1,retention increases,1,provenance requirement,1,exists projectbrief,1,harder if,1
biweekly memory,1,increases index,1,requirement for,1,conventions vectors,1,ve allowed,1
review min,1,index size,1,for canonical,1,vectors cannot,1,allowed vectors,1
min prompt,1,size retrieval,1,items every,1,cannot assert,1,vectors to,1
prompt with,1,retrieval noise,1,every accepted,1,spine pr,1,become authoritative,1
a diff,1,noise reranking,1,accepted decision,1,pr adr,1,authoritative you,1
diff of,1,reranking cost,1,outcome must,1,adr citation,1,a curation,1
of changes,1,latency and,1,must link,1,citation metadata,1,curation workflow,1
changes and,1,and support,1,doc if,1,required at,1,workflow to,1
stale candidates,1,burden why,1,it has,1,at ingest,1,to promote,1
candidates drift,1,it doing,1,no link,1,ingest timestamp,1,promote items,1
drift detection,1,doing this,1,link it,1,commit source,1,items into,1
detection triggers,1,this that,1,stays draft,1,link bounded,1,into canonical,1
triggers when,1,that cost,1,draft and,1,retention by,1,memory embedding,1
when touched,1,cost persists,1,and is,1,days with,1,model changes,1
modules change,1,persists every,1,loaded as,1,with opt,1,changes safe,1
change heavily,1,every day,1,a constraint,1,in extensions,1,safe if,1
heavily flag,1,day for,1,constraint decay,1,extensions compatibility,1,if indexes,1
flag related,1,for two,1,review mechanics,1,scoring recency,1,indexes are,1
related notebook,1,years enterprise,1,mechanics fail,1,before use,1,are rebuildable,1
entries may,1,enterprise buyers,1,safe over,1,use visible,1,rebuildable and,1
outdated review,1,buyers will,1,time add,1,visible memory,1,not user,1
if dependencies,1,will ask,1,add last_validated_at,1,panel with,1,visible semantics,1
dependencies symbols,1,ask about,1,last_validated_at and,1,with exclude,1,semantics recommendation,1
referenced in,1,about governance,1,a policy,1,forget fresh,1,recommendation start,1
item disappear,1,governance on,1,policy after,1,mode defaults,1,with canonical,1
disappear auto,1,on day,1,sprints status,1,defaults for,1,brief structured,1
auto mark,1,day one,1,status becomes,1,exploration that,1,structured items,1
mark needs,1,one rbac,1,becomes needs,1,still gives,1,items source,1
verification repo,1,ttl export,1,review needs,1,a vector,1,refs that,1
truth wins,1,delete auditability,1,review items,1,vector story,1,gives you,1
wins enforcement,1,what sources,1,are either,1,story but,1,you maximum,1
enforcement before,1,sources influenced,1,either downranked,1,but avoids,1,maximum strategic,1
using a,1,this answer,1,or presented,1,the trust,1,strategic flexibility,1
item to,1,answer aren,1,presented as,1,cliff what,1,flexibility you,1
to recommend,1,is persistent,1,as previously,1,d recommend,1,can add,1
recommend a,1,persistent when,1,previously true,1,recommend instead,1,later swap,1
specific api,1,when vector,1,true confirm,1,the safest,1,swap vector,1
path verify,1,first could,1,confirm still,1,safest win,1,vector tech,1
verify it,1,could be,1,valid ownership,1,win lead,1,tech or,1
it exists,1,be reasonable,1,ownership lightweight,1,with curated,1,or even,1
exists otherwise,1,reasonable if,1,lightweight workflow,1,curated continuity,1,even revert,1
otherwise present,1,your primary,1,workflow assign,1,continuity spine,1,revert to,1
present it,1,primary value,1,assign an,1,spine now,1,to summary,1
as possibly,1,value prop,1,an owner,1,now then,1,only without,1
possibly outdated,1,prop is,1,owner individual,1,then add,1,without breaking,1
outdated and,1,forensics traceability,1,individual or,1,add selective,1,breaking user,1
ask why,1,traceability e,1,or team,1,vectors prs,1,user trust,1
matters strategically,1,g find,1,team per,1,ttl and,1,trust or,1
strategically this,1,that exact,1,per decision,1,citations you,1,or losing,1
this risk,1,exact stack,1,decision brief,1,still message,1,losing data,1
the difference,1,trace discussion,1,brief section,1,message against,1,data because,1
difference between,1,discussion and,1,section add,1,the competitor,1,durable layer,1
between continuity,1,can commit,1,a recurring,1,competitor reliable,1,layer remains,1
a durable,1,to shipping,1,recurring prompt,1,memory vs,1,remains consistent,1
durable advantage,1,shipping guardrails,1,prompt tied,1,vs infinite,1,consistent final,1
advantage and,1,guardrails immediately,1,tied to,1,infinite but,1,final recommendation,1
and continuity,1,immediately not,1,to existing,1,but stale,1,recommendation should,1
a novelty,1,not later,1,existing rhythms,1,stale memory,1,all yes,1
novelty feature,1,still choose,1,rhythms sprint,1,simple decision,1,because a,1
feature users,1,choose full,1,sprint start,1,decision test,1,a users,1
users learn,1,full vectors,1,start release,1,t commit,1,users demand,1
learn to,1,vectors the,1,release cut,1,commit now,1,demand it,1
to distrust,1,the minimum,1,cut review,1,now to,1,it b,1
distrust if,1,minimum you,1,review top,1,to provenance,1,b the,1
you address,1,must ship,1,top memories,1,provenance versioning,1,tax compounds,1
address rot,1,ship with,1,memories make,1,versioning user,1,compounds into,1
rot ownership,1,with it,1,make updating,1,user visibility,1,into real,1
ownership in,1,it or,1,updating memory,1,visibility and,1,real cost,1
in mvp,1,or you,1,memory a,1,and retention,1,c enterprise,1
mvp you,1,you will,1,a byproduct,1,controls shipping,1,enterprise adoption,1
ll protect,1,will regret,1,byproduct of,1,shipping full,1,adoption expects,1
protect trust,1,regret it,1,of normal,1,full vectors,1,expects the,1
trust while,1,think of,1,normal work,1,first is,1,the tool,1
still avoiding,1,of these,1,work this,1,to backfire,1,tool to,1
avoiding vector,1,these as,1,this pr,1,backfire if,1,to retain,1
store cost,1,as seatbelts,1,pr supersedes,1,can commit,1,retain stable,1
cost opacity,1,seatbelts not,1,adr mark,1,commit to,1,project constraints,1
opacity yes,1,not v2,1,mark deprecated,1,to those,1,decisions but,1
later but,1,v2 niceties,1,deprecated what,1,those controls,1,but continuity,1
you design,1,niceties provenance,1,to watch,1,controls vectors,1,continuity must,1
the mvp,1,provenance always,1,watch in,1,be part,1,designed to,1
mvp with,1,always shown,1,in metrics,1,part of,1,to fail,1
a portable,1,shown every,1,to catch,1,the solution,1,fail safely,1
portable canonical,1,every retrieved,1,catch this,1,solution but,1,safely the,1
canonical representation,1,chunk has,1,this early,1,they shouldn,1,default failure,1
representation and,1,has source,1,early of,1,layer roadmap,1,failure should,1
treat retrieval,1,date repo,1,of canonical,1,roadmap final,1,be it,1
retrieval as,1,repo pr,1,items with,1,final position,1,asks it,1
replaceable backend,1,commit link,1,links provenance,1,position phase,1,forgot not,1
backend the,1,link ttl,1,provenance age,1,phase now,1,wrong philosophy,1
the lock,1,default for,1,age distribution,1,now weeks,1,philosophy memory,1
in risk,1,chats e,1,distribution of,1,weeks decision,1,a governed,1
real if,1,days two,1,of accepted,1,decision foundations,1,governed cache,1
you skip,1,two year,1,accepted items,1,foundations define,1,cache of,1
skip that,1,year retention,1,often they,1,define memory,1,of team,1
that where,1,retention for,1,re revalidated,1,object schema,1,knowledge not,1
where lock,1,chat is,1,revalidated memory,1,schema id,1,an oracle,1
in actually,1,staleness multiplier,1,memory correction,1,links define,1,archive dumped,1
actually happens,1,multiplier scope,1,correction events,1,define policies,1,dumped into,1
happens high,1,scope state,1,events users,1,policies what,1,prompt if,1
high lock,1,state gating,1,users editing,1,canonical what,1,yes what,1
in embeddings,1,gating retrieve,1,editing marking,1,is evidence,1,what architecture,1
embeddings only,1,only within,1,marking stale,1,evidence default,1,architecture a,1
no canonical,1,within service,1,stale incidents,1,retention fresh,1,with clear,1
canonical text,1,prefer same,1,incidents where,1,eyes behavior,1,and default,1
text events,1,same branch,1,where users,1,behavior instrumentation,1,default scope,1
events and,1,commit neighborhood,1,users say,1,instrumentation plan,1,scope a,1
and no,1,neighborhood when,1,memory was,1,plan context,1,on what,1
no stable,1,when available,1,was wrong,1,memory wrong,1,plus adr,1
ids unstructured,1,available recency,1,wrong vs,1,wrong flags,1,style entries,1
unstructured summaries,1,weighting deprecation,1,vs memory,1,flags citation,1,entries that,1
summaries with,1,deprecation filters,1,memory missing,1,citation rates,1,that the,1
no schema,1,filters down,1,missing if,1,rates phase,1,model always,1
schema provenance,1,rank old,1,you address,1,mvp weeks,1,always loads,1
provenance or,1,items suppress,1,address this,1,weeks canonical,1,loads what,1
or versioning,1,suppress items,1,this one,1,spine manual,1,what goes,1
versioning hard,1,items marked,1,one risk,1,context upgrades,1,goes in,1
to migrate,1,marked superseded,1,risk explicitly,1,upgrades project,1,in decisions,1
migrate hard,1,superseded fresh,1,explicitly the,1,load devmate,1,like decision,1
to reconcile,1,toggle user,1,the summaries,1,managed equivalent,1,rationale status,1
reconcile memory,1,can disable,1,first mvp,1,equivalent loaded,1,platform conventions,1
memory logic,1,a task,1,mvp stays,1,session adrs,1,conventions patterns,1
logic intertwined,1,task an,1,stays low,1,conventions adr,1,patterns logging,1
intertwined with,1,an authoritative,1,cost while,1,conventions doc,1,layering folder,1
with prompts,1,decisions layer,1,while remaining,1,doc status,1,structure glossary,1
prompts we,1,layer anyway,1,remaining robust,1,superseded last,1,domain mapping,1
we injected,1,anyway even,1,robust as,1,fields pin,1,mapping verified,1
injected this,1,if small,1,as projects,1,memory pr,1,learnings only,1
this blob,1,small otherwise,1,projects evolve,1,pr in,1,only confirmed,1
blob into,1,otherwise vectors,1,evolve yes,1,action to,1,optional how,1
system prompt,1,vectors become,1,can switch,1,to promote,1,s maintained,1
prompt making,1,become de,1,switch later,1,promote a,1,maintained devmate,1
making behavior,1,de facto,1,later but,1,a decision,1,proposes updates,1
behavior hard,1,facto truth,1,avoid locking,1,decision constraint,1,updates as,1
to reproduce,1,truth if,1,locking your,1,convention into,1,diff end,1
reproduce low,1,t commit,1,your product,1,spine via,1,or pr,1
low lock,1,to those,1,product semantics,1,pr diff,1,team approves,1
in memory,1,those now,1,semantics to,1,diff context,1,approves or,1
memory stored,1,now then,1,specific retrieval,1,packs saved,1,or edits,1
typed objects,1,then yes,1,retrieval storage,1,saved bundles,1,edits before,1
objects decision,1,re making,1,storage strategy,1,bundles of,1,before it,1
constraint with,1,making a,1,strategy what,1,of files,1,canonical each,1
and metadata,1,safer competitive,1,what actually,1,files dirs,1,item has,1
metadata evidence,1,competitive response,1,actually causes,1,dirs links,1,links timestamps,1
evidence stored,1,response you,1,causes lock,1,links tickets,1,and superseded,1
as raw,1,still answer,1,in storing,1,tickets prs,1,by when,1
artifacts text,1,answer the,1,storing only,1,prs brief,1,when changed,1
text logs,1,competitor without,1,only derived,1,brief one,1,signal institutional,1
stable references,1,without store,1,derived state,1,click attach,1,knowledge with,1
references where,1,forever market,1,state if,1,attach citations,1,transparency and,1
where embeddings,1,market project,1,store only,1,citations devmate,1,and human,1
embeddings are,1,trust with,1,only embeddings,1,devmate must,1,human ownership,1
are just,1,controls ship,1,embeddings or,1,cite brief,1,ownership b,1
just an,1,ship curated,1,or only,1,conventions when,1,retrieval default,1
index you,1,memory first,1,only lossy,1,when making,1,is an,1
can rebuild,1,first short,1,lossy summaries,1,making project,1,raw artifacts,1
rebuild clear,1,lived vector,1,summaries without,1,project truth,1,tickets optional,1
clear separation,1,evidence second,1,canonical artifact,1,truth claims,1,chat how,1
separation write,1,second this,1,artifact and,1,claims deliverable,1,it works,1
write model,1,matches user,1,provenance you,1,deliverable project,1,works start,1
model what,1,user demand,1,reliably migrate,1,that eliminates,1,search cheap,1
is vs,1,demand while,1,migrate or,1,eliminates re,1,cheap great,1
vs read,1,while aligning,1,or audit,1,without storing,1,errors add,1
read model,1,aligning with,1,audit later,1,storing all,1,later only,1
model how,1,with trust,1,later entangling,1,all history,1,only where,1
retrieve use,1,cost realities,1,entangling prompts,1,history phase,1,where they,1
use it,1,realities the,1,prompts with,1,phase selective,1,they pay,1
to design,1,decision framing,1,specific memory,1,selective evidence,1,pay off,1
design mvp,1,framing i,1,memory format,1,evidence weeks,1,off retrieval,1
mvp so,1,d put,1,format if,1,weeks bounded,1,is policy,1
later define,1,put back,1,your assistant,1,bounded retrieval,1,policy gated,1
schema now,1,back to,1,assistant logic,1,with trust,1,gated branch,1
now even,1,to you,1,logic assumes,1,trust controls,1,sha recency,1
store it,1,you what,1,assumes memory,1,controls evidence,1,authority filters,1
as markdown,1,what are,1,memory retrieved,1,index v1,1,never blindly,1
markdown structure,1,are you,1,retrieved chat,1,v1 high,1,blindly injected,1
structure it,1,you optimizing,1,chat chunks,1,signal only,1,injected devmate,1
it frontmatter,1,optimizing for,1,chunks switching,1,only index,1,devmate must,1
frontmatter or,1,for in,1,switching to,1,index pr,1,must show,1
or json,1,the next,1,to adr,1,postmortems optionally,1,show citations,1
json like,1,next days,1,style objects,1,optionally tickets,1,citations what,1
like id,1,days headline,1,objects is,1,tickets hybrid,1,i pulled,1
id type,1,headline parity,1,a rewrite,1,search keyword,1,pulled from,1
type title,1,parity or,1,rewrite governance,1,keyword vector,1,where how,1
status scopetags,1,or enterprise,1,governance commitments,1,vector optional,1,old and,1
scopetags createdat,1,enterprise grade,1,commitments retention,1,optional with,1,allow don,1
createdat updatedat,1,grade trust,1,deletion access,1,with required,1,this outdated,1
updatedat sources,1,trust if,1,audit trails,1,required metadata,1,outdated feedback,1
sources pr,1,s parity,1,trails are,1,metadata time,1,feedback why,1
pr url,1,parity go,1,are harder,1,version aware,1,it provides,1
url file,1,go vectors,1,to change,1,aware retrieval,1,provides deep,1
path chat,1,only with,1,change than,1,retrieval recency,1,recall as,1
chat permalink,1,the seatbelts,1,than schemas,1,decay branch,1,as searchable,1
permalink commit,1,seatbelts above,1,schemas if,1,proximity file,1,searchable evidence,1
sha supersedes,1,above if,1,you start,1,file symbol,1,evidence without,1
supersedes supersededby,1,s trust,1,start by,1,symbol existence,1,without letting,1
supersededby this,1,and lower,1,by remember,1,checks where,1,letting old,1
this makes,1,lower long,1,forever you,1,where possible,1,old exploration,1
makes summaries,1,run cost,1,you may,1,possible memory,1,exploration steer,1
summaries portable,1,cost make,1,may be,1,items source,1,steer by,1
portable and,1,records authoritative,1,be locked,1,superseded fresh,1,default c,1
and upgradable,1,vectors time,1,locked in,1,that blocks,1,ephemeral normal,1
upgradable keep,1,bounded final,1,in by,1,retrieval by,1,normal context,1
keep an,1,final position,1,by enterprise,1,default especially,1,window for,1
an append,1,position build,1,policy customer,1,debugging deliverable,1,current task,1
append only,1,build project,1,customer expectations,1,deliverable detailed,1,task nothing,1
memory event,1,continuum but,1,expectations the,1,matters without,1,nothing persists,1
log record,1,curated auditable,1,the design,1,without infinite,1,persists unless,1
record events,1,memory authoritative,1,design that,1,infinite retention,1,policy mvp,1
events such,1,authoritative add,1,keeps you,1,retention phase,1,mvp scope,1
such as,1,add vector,1,you flexible,1,optional add,1,scope what,1
as memoryproposed,1,retrieval only,1,flexible canonical,1,on future,1,you build,1
memoryproposed memoryaccepted,1,as time,1,a technique,1,future extended,1,build first,1
memoryaccepted memoryedited,1,bounded evidence,1,technique store,1,recall vectors,1,first project,1
memoryedited memorysuperseded,1,evidence compete,1,store durable,1,ttl governance,1,lite structure,1
memorysuperseded memorydeleted,1,compete on,1,durable records,1,governance chat,1,structure repo,1
memorydeleted this,1,on trustworthy,1,records like,1,chat session,1,scoped editable,1
you auditability,1,memory roadmap,1,like projectbrief,1,session evidence,1,linked write,1
auditability and,1,roadmap what,1,decision convention,1,evidence ingestion,1,write gate,1
you rebuild,1,what goes,1,runbookitem evidencepointer,1,ingestion opt,1,gate propose,1
rebuild derived,1,goes in,1,evidencepointer with,1,in typed,1,propose memory,1
derived views,1,in phase,1,with fields,1,typed labels,1,memory updates,1
views later,1,phase now,1,fields id,1,labels hypothesis,1,updates require,1
later store,1,now weeks,1,status timestamps,1,hypothesis failed,1,require approval,1
evidence separately,1,weeks foundations,1,links owner,1,failed confirmed,1,approval for,1
separately from,1,foundations instrumentation,1,owner schema_version,1,confirmed ttl,1,items session,1
from its,1,instrumentation memory,1,schema_version this,1,ttl by,1,start injection,1
its index,1,schema v1,1,is your,1,days enterprise,1,injection load,1
you later,1,v1 decision,1,your source,1,enforcement residency,1,load brief,1
later add,1,confirmedfix with,1,truth treat,1,residency retention,1,brief active,1
vectors store,1,timestamps confidence,1,treat summaries,1,deletion audit,1,active adrs,1
raw text,1,confidence evidence_refs,1,as derived,1,audit exports,1,only fresh,1
text in,1,evidence_refs session,1,derived indexes,1,exports tiered,1,eyes toggle,1
in blob,1,session instrumentation,1,indexes summary,1,tiered offering,1,toggle brief,1
blob document,1,instrumentation re,1,summary text,1,offering extended,1,search v1,1
document storage,1,briefing turns,1,text can,1,as paid,1,v1 keyword,1
storage with,1,turns time,1,be regenerated,1,paid tier,1,search with,1
ids generate,1,answer outdated,1,regenerated edited,1,retention windows,1,citations optional,1
generate embeddings,1,ignore signals,1,edited and,1,windows and,1,optional for,1
embeddings as,1,signals even,1,and versioned,1,and compliance,1,for mvp,1
a derived,1,ui not,1,versioned embeddings,1,compliance posture,1,mvp but,1
derived artifact,1,not shipped,1,embeddings should,1,posture deliverable,1,but a,1
artifact if,1,shipped admin,1,be considered,1,deliverable competitive,1,strong v1,1
you change,1,admin controls,1,considered disposable,1,competitive checkbox,1,v1 add,1
change embedding,1,controls stub,1,disposable and,1,checkbox without,1,only after,1
embedding model,1,stub tenant,1,re computable,1,without cost,1,after you,1
model vendor,1,tenant isolation,1,computable model,1,cost as,1,proven relevance,1
vendor you,1,isolation retention,1,upgrades new,1,as default,1,filtering works,1
re embed,1,retention knobs,1,new chunking,1,default non,1,works staleness,1
embed without,1,knobs even,1,chunking new,1,negotiable acceptance,1,is managed,1
losing data,1,no ei,1,new filters,1,acceptance criteria,1,managed branch,1
data put,1,ei yet,1,a mapping,1,criteria ship,1,sha timestamps,1
put retrieval,1,yet phase,1,mapping artifact_id,1,ship gates,1,users trust,1
retrieval behind,1,phase mvp,1,artifact_id embedding,1,gates canonical,1,trust show,1
behind an,1,mvp weeks,1,embedding s,1,canonical claims,1,used if,1
an interface,1,weeks authoritative,1,s with,1,claims require,1,if we,1
interface create,1,apm manual,1,with embedding_model_version,1,citations to,1,we chose,1
a memoryprovider,1,ux project,1,embedding_model_version created_at,1,or authoritative,1,chose no,1
memoryprovider abstraction,1,brief editable,1,created_at add,1,authoritative sources,1,no continuity,1
abstraction getcanonical,1,artifact auto,1,an event,1,sources evidence,1,continuity what,1
getcanonical scope,1,injected on,1,event log,1,must show,1,we build,1
scope types,1,on new,1,log optional,1,and be,1,build instead,1
types searchevidence,1,scope record,1,optional but,1,be time,1,instead if,1
searchevidence query,1,record editor,1,but powerful,1,version scoped,1,you decide,1
query filters,1,editor diff,1,powerful record,1,scoped users,1,decide continuity,1
filters explain,1,diff based,1,record memory,1,can correct,1,is too,1
explain citations,1,based updates,1,memory events,1,correct memory,1,too risky,1
citations then,1,updates assistant,1,events created,1,memory supersede,1,risky right,1
can swap,1,diffs user,1,created accepted,1,retire exclude,1,right now,1
swap full,1,edits status,1,deprecated deleted,1,exclude default,1,now don,1
full text,1,status mechanics,1,deleted this,1,retention is,1,t stay,1
text search,1,mechanics active,1,makes migrations,1,is bounded,1,stay purely,1
search vector,1,deprecated mark,1,migrations and,1,bounded unless,1,purely session,1
vector search,1,outdated in,1,and audits,1,explicitly configured,1,session based,1
search hybrid,1,in ui,1,audits tractable,1,configured this,1,based build,1
hybrid giant,1,ui fresh,1,tractable over,1,this roadmap,1,build manual,1
giant context,1,mode uses,1,over years,1,roadmap gives,1,manual continuity,1
window strategies,1,only context,1,years switching,1,credible memory,1,continuity tools,1
strategies without,1,tools pin,1,switching paths,1,memory story,1,tools a,1
without changing,1,folders docs,1,paths practical,1,story quickly,1,class project,1
changing product,1,as pack,1,practical summaries,1,quickly keeps,1,brief template,1
product semantics,1,pack quick,1,first add,1,keeps trust,1,template users,1
semantics switching,1,quick session,1,add vectors,1,trust high,1,users maintain,1
switching scenarios,1,session kickoff,1,later easy,1,high and,1,maintain themselves,1
scenarios what,1,kickoff template,1,easy if,1,and leaves,1,themselves pinned,1
s easy,1,template provenance,1,your summaries,1,leaves room,1,pinned context,1
easy vs,1,provenance requirement,1,are canonical,1,room to,1,context packs,1
vs hard,1,requirement for,1,canonical you,1,vectors where,1,packs attach,1
hard starting,1,items decision,1,you just,1,where they,1,attach these,1
with summaries,1,constraint link,1,just embed,1,they pay,1,these files,1
summaries adding,1,commit or,1,embed those,1,pay for,1,files adrs,1
adding vectors,1,or require,1,those artifacts,1,for themselves,1,adrs diffs,1
later easy,1,approval phase,1,and or,1,,,diffs every,1
easy if,1,phase weeks,1,linked docs,1,,,time fast,1
are typed,1,weeks after,1,docs prs,1,,,fast re,1
sourced you,1,after mvp,1,prs and,1,,,brief macros,1
have raw,1,mvp evidence,1,and build,1,,,macros and,1
artifacts to,1,index vectors,1,build retrieval,1,,,and repo,1
to index,1,as bounded,1,vectors first,1,,,repo aware,1
index prs,1,bounded recall,1,first raw,1,,,aware onboarding,1
prs docs,1,recall vector,1,raw move,1,,,onboarding prompts,1
docs chats,1,for prs,1,move to,1,,,prompts explicit,1
chats then,1,docs incidents,1,to summaries,1,,,explicit constraints,1
then vectors,1,incidents first,1,summaries later,1,,,constraints checklist,1
are additive,1,first higher,1,later harder,1,,,checklist at,1
additive starting,1,signal than,1,harder if,1,,,start this,1
vectors moving,1,than chat,1,you didn,1,,,this mitigates,1
moving to,1,chat with,1,didn t,1,,,mitigates re,1
to summaries,1,citations optional,1,t store,1,,,brief pain,1
summaries later,1,optional chat,1,store structured,1,,,pain but,1
later harder,1,ttl default,1,structured canonical,1,,,but concedes,1
harder because,1,default days,1,items you,1,,,concedes the,1
must decide,1,days and,1,ll end,1,,,the market,1
to promote,1,gating retrieval,1,end up,1,,,market expectation,1
to canon,1,policy diversified,1,up retrofitting,1,,,expectation and,1
canon avoid,1,k freshness,1,retrofitting governance,1,,,and still,1
avoid importing,1,freshness item,1,and extracting,1,,,still won,1
importing noise,1,item always,1,extracting decisions,1,,,match the,1
noise contradictions,1,date per,1,decisions from,1,,,the senior,1
contradictions build,1,panel apm,1,from noisy,1,,,teammate experience,1
build governance,1,records evidence,1,noisy history,1,,,experience bottom,1
governance workflows,1,evidence citations,1,history model,1,,,line do,1
workflows after,1,citations rbac,1,upgrades re,1,,,continuity but,1
the fact,1,retrieval across,1,re embed,1,,,but implement,1
fact it,1,across repos,1,embed in,1,,,implement it,1
s doable,1,repos services,1,in background,1,,,governed typed,1
doable but,1,services phase,1,background keep,1,,,typed editable,1
more product,1,phase quarter,1,keep old,1,,,memory plus,1
product debt,1,quarter maintenance,1,old embeddings,1,,,plus on,1
debt recommendation,1,maintenance automation,1,embeddings until,1,,,first vectors,1
recommendation for,1,automation staleness,1,until cutover,1,,,vectors selectively,1
for flexibility,1,staleness hardening,1,cutover the,1,,,selectively this,1
flexibility start,1,hardening reconfirmation,1,the one,1,,,this directly,1
notebook typed,1,reconfirmation workflow,1,one point,1,,,directly addresses,1
sourced event,1,workflow not,1,point of,1,,,addresses the,1
log that,1,in n,1,of no,1,,,philosophy preserve,1
that does,1,n days,1,no return,1,,,preserve durable,1
not lock,1,days prompts,1,return to,1,,,truth keep,1
lock you,1,per scope,1,avoid don,1,,,keep exploration,1
in it,1,scope auto,1,t make,1,,,exploration non,1
the stable,1,auto promotion,1,continuum mean,1,,,non sticky,1
stable truth,1,promotion suggestions,1,mean we,1,,,sticky make,1
layer add,1,suggestions detect,1,we retain,1,,,and ensure,1
later as,1,detect potential,1,retain all,1,,,ensure the,1
replaceable evidence,1,potential conventions,1,all user,1,,,system can,1
if when,1,conventions decisions,1,user chats,1,,,be corrected,1
the roi,1,decisions from,1,chats indefinitely,1,,,corrected quickly,1
roi justifies,1,from merged,1,indefinitely by,1,,,quickly when,1
justifies it,1,merged prs,1,default that,1,,,wrong you,1
what your,1,prs and,1,creates long,1,,,re probably,1
your current,1,and propose,1,lived cost,1,,,probably making,1
current persistence,1,propose adr,1,cost privacy,1,,,making a,1
persistence looks,1,adr brief,1,privacy exposure,1,,,mistake if,1
like chat,1,brief diffs,1,exposure and,1,,,if full,1
logs stored,1,diffs code,1,and contractual,1,,,storage means,1
stored per,1,grounding checks,1,contractual expectations,1,,,means store,1
project ids,1,checks symbol,1,expectations that,1,,,automatically retrieve,1
ids links,1,import existence,1,are difficult,1,,,retrieve it,1
repo pr,1,existence dependency,1,difficult to,1,,,it into,1
pr i,1,version awareness,1,unwind mvp,1,,,prompt and,1
can point,1,awareness optional,1,mvp friendly,1,,,and we,1
point out,1,optional compile,1,friendly guidance,1,,,ll solve,1
out the,1,compile test,1,guidance start,1,,,solve staleness,1
the specific,1,test hooks,1,start with,1,,,later the,1
specific lock,1,hooks export,1,with canonical,1,,,the reason,1
in points,1,delete tooling,1,artifacts now,1,,,reason isn,1
points and,1,tooling for,1,now even,1,,,t philosophical,1
minimal schema,1,for memory,1,if minimal,1,,,philosophical it,1
schema to,1,memory artifacts,1,keep your,1,,,s product,1
avoid them,1,artifacts org,1,your retrieval,1,,,product mechanics,1
them final,1,org level,1,retrieval layer,1,,,mechanics the,1
final recommendation,1,level retention,1,layer pluggable,1,,,the first,1
recommendation should,1,retention policies,1,pluggable retrieval,1,,,first time,1
should we,1,policies phase,1,retrieval interface,1,,,feature confidently,1
all yes,1,phase optional,1,interface returns,1,,,confidently suggests,1
for devmate,1,optional priced,1,returns memoryitem,1,,,suggests broken,1
enterprise positioning,1,priced tier,1,memoryitem artifact_id,1,,,broken deprecated,1
is designed,1,tier longer,1,artifact_id excerpt,1,,,deprecated code,1
safe preserve,1,retention evidence,1,excerpt provenance,1,,,code teams,1
preserve durable,1,evidence competitive,1,provenance freshness,1,,,will conclude,1
context architecture,1,parity admin,1,freshness regardless,1,,,conclude the,1
conventions decisions,1,configurable extended,1,regardless of,1,,,the feature,1
decisions avoid,1,extended ei,1,of backend,1,,,feature is,1
avoid automatically,1,ei retention,1,backend then,1,,,is unsafe,1
automatically carrying,1,retention not,1,then you,1,,,unsafe and,1
carrying forward,1,default with,1,can swap,1,,,and stop,1
forward transient,1,explicit governance,1,swap summary,1,,,stop using,1
exploration yesterday,1,governance audit,1,summary lookup,1,,,using it,1
buggy attempts,1,audit features,1,lookup for,1,,,it or,1
attempts make,1,features sla,1,for vector,1,,,or disable,1
memory inspectable,1,sla d,1,retrieval without,1,,,disable it,1
inspectable cited,1,d observability,1,without changing,1,,,it org,1
correctable so,1,observability staleness,1,changing the,1,,,org wide,1
users don,1,staleness metrics,1,assistant contract,1,,,wide trust,1
to trust,1,metrics retrieval,1,contract if,1,,,to win,1
trust the,1,inertia override,1,your current,1,,,win back,1
the black,1,override rates,1,current persistence,1,,,back why,1
box philosophy,1,rates messaging,1,persistence layer,1,,,why we,1
philosophy devmate,1,messaging aligned,1,layer sql,1,,,ll fix,1
senior teammate,1,aligned to,1,sql document,1,,,fix staleness,1
team s,1,to roadmap,1,document store,1,,,later is,1
s standards,1,roadmap phase,1,store etc,1,,,the dangerous,1
decisions but,1,headline project,1,etc and,1,,,dangerous part,1
still brings,1,decisions that,1,and compliance,1,,,part wrong,1
brings fresh,1,that persist,1,compliance constraints,1,,,memory failures,1
eyes to,1,persist editable,1,audit i,1,,,failures are,1
to today,1,editable reviewable,1,recommend a,1,,,are silent,1
s problem,1,reviewable phase,1,concrete schema,1,,,silent and,1
problem implementation,1,headline cited,1,schema versioning,1,,,and sticky,1
implementation consequence,1,cited recall,1,versioning migration,1,,,sticky vectors,1
consequence default,1,recall for,1,migration plan,1,,,vectors don,1
be small,1,for details,1,plan that,1,,,t just,1
repo anchored,1,details time,1,preserves optionality,1,,,just remember,1
anchored raw,1,bounded not,1,optionality final,1,,,remember they,1
history must,1,not black,1,final recommendation,1,,,they surface,1
be optional,1,this roadmap,1,recommendation should,1,,,surface without,1
attributed if,1,roadmap gives,1,all yes,1,,,without staleness,1
if yes,1,credible competitive,1,yes your,1,,,staleness authority,1
yes what,1,competitive story,1,your users,1,,,authority controls,1
with an,1,story quickly,1,users pain,1,,,controls you,1
an explicit,1,quickly keeps,1,briefing lost,1,,,ll frequently,1
authority stack,1,keeps costs,1,lost rationale,1,,,frequently surface,1
stack repo,1,costs sane,1,rationale is,1,,,surface outdated,1
repo canonical,1,sane and,1,compounds over,1,,,outdated but,1
canonical notebook,1,and addresses,1,multi month,1,,,similar material,1
evidence a,1,addresses the,1,month projects,1,,,material reinforcing,1
canonical layer,1,real enterprise,1,projects but,1,,,reinforcing the,1
layer default,1,enterprise risk,1,but continuity,1,,,model s,1
default always,1,risk being,1,be designed,1,,,s current,1
on project,1,being confidently,1,designed to,1,,,current framing,1
structured what,1,wrong over,1,to fail,1,,,framing users,1
small typed,1,,,safe it,1,,,t always,1
typed editable,1,,,should preserve,1,,,always notice,1
editable set,1,,,preserve durable,1,,,notice immediately,1
of objects,1,,,durable reviewable,1,,,immediately so,1
objects decisions,1,,,reviewable project,1,,,cost is,1
lite decision,1,,,and avoid,1,,,is wasted,1
date links,1,,,avoid replaying,1,,,wasted time,1
module conventions,1,,,attempts philosophy,1,,,time erosion,1
conventions patterns,1,,,philosophy memory,1,,,erosion of,1
patterns and,1,,,governed knowledge,1,,,of confidence,1
and examples,1,,,base not,1,,,confidence you,1
tags links,1,,,a transcript,1,,,already have,1
links constraints,1,,,transcript implementation,1,,,a trust,1
perf non,1,,,implementation store,1,,,trust signal,1
goals scope,1,,,and use,1,,,signal your,1
tags optional,1,,,use typed,1,,,your survey,1
optional system,1,,,provenance not,1,,,survey says,1
lite services,1,,,history architecture,1,,,says users,1
s written,1,,,architecture to,1,,,memory but,1
written user,1,,,build specific,1,,,but don,1
confirmed promotion,1,,,specific canonical,1,,,to trust,1
promotion save,1,,,memory default,1,,,notes only,1
not silent,1,,,on small,1,,,only that,1
silent auto,1,,,editable what,1,,,a flashing,1
auto write,1,,,it contains,1,,,flashing indicator,1
write prefer,1,,,contains project,1,,,indicator users,1
prefer citations,1,,,short token,1,,,want assistive,1
artifacts uncited,1,,,capped adr,1,,,assistive verifiable,1
uncited items,1,,,decisions decision,1,,,verifiable memory,1
items are,1,,,rationale status,1,,,opaque oracle,1
are marked,1,,,status conventions,1,,,oracle shipping,1
marked low,1,,,conventions code,1,,,shipping opaque,1
authority how,1,,,code patterns,1,,,opaque recall,1
s read,1,,,patterns error,1,,,recall first,1
read loaded,1,,,handling testing,1,,,first pushes,1
default at,1,,,testing norms,1,,,pushes directly,1
at session,1,,,norms verified,1,,,directly against,1
start scoped,1,,,items root,1,,,against this,1
to relevant,1,,,causes repro,1,,,this enterprise,1
relevant modules,1,,,steps confirmed,1,,,enterprise blast,1
modules when,1,,,confirmed constraints,1,,,blast radius,1
possible used,1,,,constraints how,1,,,radius in,1
used to,1,,,s created,1,,,enterprise one,1
to eliminate,1,,,created devmate,1,,,or two,1
eliminate the,1,,,drafts updates,1,,,two high,1
brief without,1,,,updates at,1,,,high profile,1
dragging mess,1,,,end here,1,,,profile incidents,1
mess why,1,,,are learnings,1,,,incidents it,1
philosophy it,1,,,learnings save,1,,,it suggested,1
it remembers,1,,,save any,1,,,suggested a,1
remembers team,1,,,team approves,1,,,a deprecated,1
team truth,1,,,approves edits,1,,,deprecated auth,1
truth not,1,,,edits to,1,,,auth flow,1
not team,1,,,persist no,1,,,flow leaked,1
team flailing,1,,,no silent,1,,,leaked a,1
flailing it,1,,,silent canonization,1,,,a retired,1
s governable,1,,,canonization how,1,,,retired api,1
governable trust,1,,,s used,1,,,api pattern,1
and cheap,1,,,used auto,1,,,pattern violated,1
cheap finance,1,,,start always,1,,,violated a,1
finance b,1,,,as memory,1,,,a logging,1
evidence layer,1,,,vn accepted,1,,,logging rule,1
layer optional,1,,,decisions minimum,1,,,rule can,1
optional gated,1,,,minimum metadata,1,,,can trigger,1
index what,1,,,metadata id,1,,,trigger security,1
is embeddings,1,,,review created_at,1,,,security reviews,1
embeddings over,1,,,doc owner,1,,,reviews and,1
chat excerpts,1,,,owner evidence,1,,,blanket disablement,1
excerpts logs,1,,,retrieval optional,1,,,disablement that,1
snippets linked,1,,,optional cited,1,,,s harder,1
docs stored,1,,,filtered can,1,,,to recover,1
stored with,1,,,phase what,1,,,recover from,1
with strong,1,,,it indexes,1,,,from than,1
strong metadata,1,,,indexes durable,1,,,being behind,1
time module,1,,,postmortems design,1,,,a competitor,1
module status,1,,,retrieval method,1,,,headline cost,1
status how,1,,,method hybrid,1,,,cost lock,1
s used,1,,,hybrid search,1,,,in finance,1
used not,1,,,search keyword,1,,,finance already,1
default used,1,,,keyword vectors,1,,,already sees,1
for intents,1,,,vectors with,1,,,sees cost,1
like resume,1,,,status always,1,,,cost over,1
try have,1,,,always returns,1,,,over years,1
have we,1,,,returns citations,1,,,years if,1
we seen,1,,,citations link,1,,,ship infinite,1
seen this,1,,,link date,1,,,infinite vectors,1
error why,1,,,date commit,1,,,vectors you,1
why questions,1,,,commit branch,1,,,re committing,1
questions to,1,,,branch if,1,,,committing to,1
receipts behind,1,,,if available,1,,,a recurring,1
behind a,1,,,available why,1,,,recurring cost,1
decision safety,1,,,why gets,1,,,cost structure,1
safety requirements,1,,,gets specific,1,,,structure before,1
requirements hard,1,,,specific lookups,1,,,proven durable,1
superseded always,1,,,lookups without,1,,,durable value,1
shown as,1,,,making history,1,,,value and,1
as verbatim,1,,,history silently,1,,,and before,1
verbatim evidence,1,,,silently steer,1,,,you know,1
citations never,1,,,generation ephemeral,1,,,know the,1
as silent,1,,,ephemeral attempts,1,,,right retention,1
truth repo,1,,,attempts ttl,1,,,retention indexing,1
recommending specific,1,,,ttl on,1,,,indexing scope,1
specific apis,1,,,only recent,1,,,scope if,1
apis symbols,1,,,recent session,1,,,still want,1
referenced by,1,,,session context,1,,,want vectors,1
by evidence,1,,,and failed,1,,,vectors here,1
philosophy evidence,1,,,attempts can,1,,,the not,1
evidence supports,1,,,be kept,1,,,mistake version,1
supports recall,1,,,kept briefly,1,,,version you,1
without letting,1,,,briefly for,1,,,can pursue,1
letting the,1,,,convenience not,1,,,pursue vector,1
model self,1,,,not injected,1,,,storage without,1
self anchor,1,,,injected by,1,,,without betting,1
on stale,1,,,default into,1,,,betting the,1
stale paths,1,,,into future,1,,,product on,1
paths c,1,,,future sessions,1,,,on it,1
c repo,1,,,sessions fresh,1,,,by making,1
repo grounding,1,,,eyes stays,1,,,making vectors,1
grounding non,1,,,stays real,1,,,hidden memory,1
negotiable rule,1,,,real guardrails,1,,,stream non,1
rule if,1,,,that connect,1,,,non negotiables,1
if repo,1,,,connect philosophy,1,,,negotiables for,1
reality conflicts,1,,,philosophy behavior,1,,,a vector,1
memory devmate,1,,,behavior transparency,1,,,vector first,1
devmate asks,1,,,transparency show,1,,,first launch,1
asks and,1,,,show exactly,1,,,launch gated,1
or updates,1,,,memory evidence,1,,,path no,1
updates not,1,,,evidence was,1,,,no always,1
not asserts,1,,,used time,1,,,on injection,1
asserts implementation,1,,,items become,1,,,injection default,1
implementation basic,1,,,reaffirmed staleness,1,,,default session,1
basic symbol,1,,,staleness checks,1,,,context small,1
symbol dependency,1,,,possible validate,1,,,brief constraints,1
dependency config,1,,,validate paths,1,,,constraints even,1
config existence,1,,,repo before,1,,,minimal one,1
checks before,1,,,old details,1,,,one vectors,1
using remembered,1,,,details user,1,,,vectors used,1
remembered specifics,1,,,sovereignty pin,1,,,history continue,1
specifics d,1,,,exclude forget,1,,,continue incident,1
d user,1,,,forget controls,1,,,incident or,1
user control,1,,,controls visible,1,,,explicit deep,1
control to,1,,,mode docs,1,,,recall toggle,1
preserve fresh,1,,,docs first,1,,,toggle provenance,1
eyes per,1,,,first whenever,1,,,recency must,1
session toggle,1,,,whenever feasible,1,,,be first,1
toggle fresh,1,,,feasible write,1,,,class from,1
why am,1,,,write memory,1,,,from v1,1
am i,1,,,memory back,1,,,v1 every,1
i seeing,1,,,into repo,1,,,every retrieved,1
seeing this,1,,,adrs brief,1,,,retrieved chunk,1
this citations,1,,,brief runbooks,1,,,chunk shown,1
citations plus,1,,,runbooks so,1,,,shown with,1
plus mark,1,,,so devmate,1,,,with source,1
outdated ignore,1,,,devmate amplifies,1,,,type adr,1
ignore supersede,1,,,amplifies documentation,1,,,chat timestamp,1
you decided,1,,,documentation rather,1,,,timestamp branch,1
decided no,1,,,than replacing,1,,,sha or,1
no continuity,1,,,replacing it,1,,,or best,1
continuity what,1,,,it if,1,,,best available,1
build instead,1,,,you decide,1,,,available possibly,1
instead fallback,1,,,decide no,1,,,possibly outdated,1
fallback if,1,,,continuity then,1,,,outdated warning,1
you cannot,1,,,just keep,1,,,old mismatched,1
cannot ship,1,,,keep today,1,,,mismatched authority,1
ship memory,1,,,s isolation,1,,,staleness filters,1
handling then,1,,,isolation build,1,,,filters basic,1
then don,1,,,build manual,1,,,basic but,1
continuity yet,1,,,manual continuity,1,,,but required,1
yet build,1,,,continuity a,1,,,required prefer,1
build pinned,1,,,template pinned,1,,,prefer docs,1
packs user,1,,,pinned context,1,,,adrs over,1
curated selected,1,,,context packs,1,,,chat down,1
selected files,1,,,packs files,1,,,rank old,1
docs loaded,1,,,files docs,1,,,items suppress,1
loaded each,1,,,docs snippets,1,,,suppress superseded,1
each session,1,,,snippets one,1,,,deprecated tags,1
session project,1,,,click attach,1,,,tags filter,1
project brief,1,,,attach repo,1,,,filter to,1
brief template,1,,,adrs a,1,,,branch when,1
template generator,1,,,user maintained,1,,,when possible,1
generator manual,1,,,maintained project,1,,,possible user,1
manual reusable,1,,,brief that,1,,,user correction,1
reusable repo,1,,,be auto,1,,,loop show,1
repo doc,1,,,attached but,1,,,used one,1
doc ingestion,1,,,but not,1,,,click irrelevant,1
ingestion readme,1,,,not stored,1,,,delete or,1
readme architecture,1,,,stored by,1,,,or down,1
architecture docs,1,,,by devmate,1,,,rank without,1
adrs as,1,,,devmate this,1,,,without this,1
as first,1,,,reduces re,1,,,this vectors,1
class context,1,,,briefing but,1,,,vectors remain,1
context sources,1,,,but won,1,,,remain a,1
sources this,1,,,t satisfy,1,,,ll lose,1
reduces re,1,,,satisfy most,1,,,lose the,1
briefing while,1,,,most teams,1,,,the trust,1
while avoiding,1,,,teams long,1,,,trust battle,1
avoiding silent,1,,,term and,1,,,battle retention,1
wrongness but,1,,,it forfeits,1,,,and scope,1
it won,1,,,forfeits the,1,,,scope limits,1
t meet,1,,,the compounding,1,,,limits cost,1
meet the,1,,,compounding benefit,1,,,risk control,1
the teammate,1,,,benefit users,1,,,control don,1
teammate over,1,,,users are,1,,,do two,1
months expectation,1,,,are explicitly,1,,,of everything,1
expectation as,1,,,explicitly asking,1,,,everything by,1
as well,1,,,asking for,1,,,default shorter,1
well as,1,,,for bottom,1,,,shorter retention,1
notebook bottom,1,,,line ship,1,,,for chat,1
cited versioned,1,,,continuity but,1,,,logs e,1
versioned vectors,1,,,but redefine,1,,,g days,1
are optional,1,,,redefine it,1,,,days longer,1
recall bounded,1,,,it trusted,1,,,longer retention,1
bounded and,1,,,curated editable,1,,,for adr,1
and gated,1,,,aware cited,1,,,docs they,1
gated repo,1,,,this meets,1,,,re meant,1
truth outranks,1,,,meets user,1,,,meant to,1
can always,1,,,user demand,1,,,to last,1
always choose,1,,,demand keeps,1,,,last index,1
choose fresh,1,,,keeps enterprise,1,,,index selectively,1
eyes yes,1,,,enterprise governance,1,,,selectively incidents,1
re at,1,,,governance sane,1,,,incidents confirmed,1
at real,1,,,sane and,1,,,confirmed decisions,1
of making,1,,,and minimizes,1,,,decisions not,1
making a,1,,,minimizes the,1,,,not every,1
mistake if,1,,,the misleading,1,,,every token,1
if full,1,,,misleading staleness,1,,,token what,1
storage means,1,,,staleness failure,1,,,i d,1
means store,1,,,mode yes,1,,,d do,1
everything and,1,,,re likely,1,,,do given,1
and auto,1,,,likely making,1,,,given your,1
auto retrieve,1,,,making a,1,,,your pressures,1
retrieve it,1,,,a mistake,1,,,pressures competitor,1
default and,1,,,mistake if,1,,,competitor demand,1
we ll,1,,,if full,1,,,demand market,1
ll handle,1,,,storage means,1,,,market project,1
handle staleness,1,,,means embedding,1,,,memory governed,1
staleness later,1,,,embedding and,1,,,governed memory,1
later that,1,,,retrieving everything,1,,,infinite ship,1
that later,1,,,everything by,1,,,brief first,1
later work,1,,,and deferring,1,,,first can,1
work is,1,,,deferring staleness,1,,,be tiny,1
not polish,1,,,governance the,1,,,tiny history,1
polish it,1,,,risk isn,1,,,history search,1
safety system,1,,,t theoretical,1,,,search backed,1
system why,1,,,theoretical it,1,,,by vectors,1
is risky,1,,,it shows,1,,,a toggle,1
risky the,1,,,shows up,1,,,toggle with,1
the failure,1,,,up as,1,,,limits this,1
failure is,1,,,as broken,1,,,this gives,1
is trust,1,,,suggestions debugging,1,,,gives marketing,1
trust not,1,,,debugging rabbit,1,,,marketing a,1
not accuracy,1,,,rabbit holes,1,,,credible story,1
accuracy staleness,1,,,holes and,1,,,story and,1
is guaranteed,1,,,fast trust,1,,,users real,1
guaranteed not,1,,,trust collapse,1,,,real value,1
not edge,1,,,collapse why,1,,,value without,1
edge case,1,,,why we,1,,,without taking,1
case codebases,1,,,we ll,1,,,taking on,1
codebases churn,1,,,ll solve,1,,,highest risk,1
churn vector,1,,,solve staleness,1,,,risk default,1
recall will,1,,,staleness later,1,,,behavior if,1
will confidently,1,,,the dangerous,1,,,me what,1
confidently surface,1,,,dangerous part,1,,,what full,1
surface deprecated,1,,,part you,1,,,storage implies,1
deprecated apis,1,,,ll ship,1,,,implies in,1
apis and,1,,,ship the,1,,,your plan,1
and old,1,,,the worst,1,,,plan auto,1
old conclusions,1,,,worst failure,1,,,auto retrieve,1
conclusions the,1,,,mode first,1,,,retrieve every,1
the harm,1,,,first silent,1,,,every turn,1
harm is,1,,,wrongness isolation,1,,,turn store,1
is subtle,1,,,is visible,1,,,store chats,1
subtle and,1,,,visible it,1,,,chats by,1
and expensive,1,,,know i,1,,,default retention,1
expensive users,1,,,i re,1,,,retention i,1
t notice,1,,,brief full,1,,,the specific,1
notice memory,1,,,recall s,1,,,specific step,1
memory caused,1,,,often invisible,1,,,step that,1
this until,1,,,invisible it,1,,,creates the,1
until they,1,,,confidently used,1,,,biggest trust,1
they ve,1,,,used outdated,1,,,trust risk,1
ve wasted,1,,,outdated context,1,,,risk and,1
wasted hours,1,,,and developers,1,,,and propose,1
hours or,1,,,developers waste,1,,,propose the,1
or merged,1,,,hours before,1,,,the smallest,1
merged bad,1,,,before realizing,1,,,smallest change,1
bad code,1,,,realizing why,1,,,change that,1
code trust,1,,,why your,1,,,that de,1
is hard,1,,,survey already,1,,,de risks,1
to regain,1,,,already signals,1,,,risks it,1
regain your,1,,,signals low,1,,,it while,1
your own,1,,,trust in,1,,,still matching,1
own survey,1,,,in ai,1,,,matching competitor,1
survey says,1,,,this choice,1,,,competitor messaging,1
their notes,1,,,choice pushes,1,,,messaging roadmap,1
notes shipping,1,,,pushes directly,1,,,roadmap final,1
shipping black,1,,,directly against,1,,,final position,1
box memory,1,,,against that,1,,,position phase,1
that bites,1,,,that you,1,,,phase now,1
bites them,1,,,create hard,1,,,now weeks,1
them validates,1,,,to undo,1,,,weeks foundations,1
validates their,1,,,undo obligations,1,,,foundations you,1
their skepticism,1,,,obligations early,1,,,need no,1
skepticism cost,1,,,early once,1,,,matter what,1
cost compounds,1,,,once customers,1,,,schema stable,1
compounds storing,1,,,customers know,1,,,stable ids,1
storing indexing,1,,,know you,1,,,ids type,1
indexing everything,1,,,you remember,1,,,status draft,1
everything for,1,,,you inherit,1,,,draft active,1
is cost,1,,,inherit retention,1,,,superseded timestamps,1
cost before,1,,,deletion expectations,1,,,timestamps scope,1
pay for,1,,,expectations access,1,,,service source,1
the guardrails,1,,,control audit,1,,,links optional,1
guardrails you,1,,,audit requirements,1,,,optional sha,1
ll inevitably,1,,,requirements security,1,,,branch governance,1
inevitably need,1,,,security review,1,,,governance primitives,1
need metadata,1,,,review scrutiny,1,,,primitives view,1
metadata retention,1,,,scrutiny because,1,,,view edit,1
controls citations,1,,,re storing,1,,,delete ownership,1
citations reindexing,1,,,storing more,1,,,ownership audit,1
reindexing policy,1,,,more potentially,1,,,audit log,1
policy competitive,1,,,potentially sensitive,1,,,log org,1
pressure doesn,1,,,material for,1,,,org retention,1
t remove,1,,,for longer,1,,,retention toggles,1
remove the,1,,,longer rolling,1,,,toggles session,1
the need,1,,,rolling back,1,,,session scopes,1
need for,1,,,back later,1,,,scopes brief,1
for guardrails,1,,,is painful,1,,,memory per,1
guardrails competitors,1,,,painful you,1,,,request per,1
competitors can,1,,,you pay,1,,,session phase,1
can headline,1,,,pay cost,1,,,phase mvp,1
headline infinite,1,,,cost to,1,,,mvp weeks,1
memory enterprises,1,,,to store,1,,,weeks canonical,1
enterprises renew,1,,,store lots,1,,,continuity project,1
renew based,1,,,lots of,1,,,brief artifact,1
on it,1,,,of low,1,,,artifact repo,1
it doesn,1,,,low value,1,,,repo file,1
t mislead,1,,,value fast,1,,,doc optional,1
mislead us,1,,,fast decaying,1,,,optional adr,1
us and,1,,,decaying data,1,,,lite entries,1
we can,1,,,data two,1,,,entries write,1
can govern,1,,,two year,1,,,flow devmate,1
govern it,1,,,year everything,1,,,proposes diffs,1
ship vectors,1,,,everything retention,1,,,diffs at,1
vectors naively,1,,,retention maximizes,1,,,time user,1
naively you,1,,,maximizes spend,1,,,edits read,1
may win,1,,,spend on,1,,,read flow,1
the comparison,1,,,on exactly,1,,,flow only,1
comparison slide,1,,,the content,1,,,only canonical,1
slide and,1,,,content most,1,,,items load,1
lose long,1,,,stale old,1,,,always show,1
term adoption,1,,,old attempts,1,,,show provenance,1
adoption the,1,,,attempts old,1,,,links fresh,1
the safer,1,,,old apis,1,,,mode one,1
safer way,1,,,apis old,1,,,click to,1
to get,1,,,old debugging,1,,,to ignore,1
the benefits,1,,,debugging context,1,,,ignore everything,1
benefits of,1,,,context competitive,1,,,everything except,1
of vectors,1,,,pressure is,1,,,except constraints,1
vectors without,1,,,is about,1,,,constraints or,1
the trap,1,,,about messaging,1,,,or ignore,1
trap if,1,,,messaging not,1,,,ignore all,1
want vectors,1,,,necessarily product,1,,,all phase,1
vectors now,1,,,product health,1,,,phase v1,1
now make,1,,,health your,1,,,v1 v2,1
make them,1,,,your competitor,1,,,weeks evidence,1
them evidence,1,,,competitor s,1,,,search without,1
and don,1,,,s headline,1,,,without vectors,1
t postpone,1,,,headline may,1,,,vectors cheap,1
postpone staleness,1,,,may win,1,,,cheap wins,1
controls minimum,1,,,win attention,1,,,wins keyword,1
minimum viable,1,,,attention but,1,,,bm25 search,1
viable not,1,,,but enterprise,1,,,search over,1
mistake vector,1,,,enterprise renewals,1,,,over pasted,1
vector implementation,1,,,renewals are,1,,,referenced snippets,1
implementation default,1,,,are driven,1,,,diffs linked,1
default retrieval,1,,,driven by,1,,,linked tickets,1
retrieval off,1,,,by reliability,1,,,docs citations,1
off for,1,,,reliability and,1,,,citations ui,1
coding on,1,,,governance if,1,,,ui show,1
on only,1,,,memory starts,1,,,retrieved age,1
for debug,1,,,starts misleading,1,,,age source,1
resume forensics,1,,,misleading you,1,,,source feedback,1
or explicit,1,,,ll see,1,,,feedback controls,1
explicit user,1,,,see adoption,1,,,controls irrelevant,1
request hard,1,,,adoption drop,1,,,again phase,1
window always,1,,,drop and,1,,,phase v2,1
always cite,1,,,and support,1,,,weeks vectors,1
cite retrieved,1,,,support load,1,,,as metered,1
retrieved snippets,1,,,load spike,1,,,metered on,1
with timestamp,1,,,spike the,1,,,demand deep,1
timestamp commit,1,,,the defensible,1,,,recall vector,1
branch from,1,,,defensible version,1,,,vector index,1
on from,1,,,version of,1,,,corpora start,1
from pr,1,,,of vectors,1,,,with docs,1
pr repo,1,,,vectors if,1,,,tickets incident,1
recommending an,1,,,still want,1,,,incident artifacts,1
an api,1,,,to lead,1,,,artifacts chat,1
path pulled,1,,,lead with,1,,,chat optional,1
pulled from,1,,,with them,1,,,optional opt,1
from memory,1,,,them if,1,,,policy authority,1
memory retention,1,,,your strategic,1,,,ranking recency,1
retention cap,1,,,strategic goal,1,,,never always,1
cap e,1,,,goal is,1,,,on by,1
days unless,1,,,we have,1,,,invoked by,1
unless customer,1,,,have vector,1,,,by deep,1
customer explicitly,1,,,vector memory,1,,,explicit search,1
explicitly pays,1,,,memory do,1,,,history retention,1
pays governs,1,,,way that,1,,,retention tiers,1
governs longer,1,,,not self,1,,,tiers e,1
longer and,1,,,self sabotage,1,,,g incidents,1
and pair,1,,,sabotage vectors,1,,,incidents days,1
small canonical,1,,,index prs,1,,,days adr,1
constraints so,1,,,logs things,1,,,docs longer,1
story isn,1,,,things with,1,,,longer with,1
t entirely,1,,,provenance keep,1,,,with enterprise,1
entirely black,1,,,chat transcripts,1,,,controls phase,1
box what,1,,,transcripts ephemeral,1,,,phase v3,1
d do,1,,,invoked citations,1,,,v3 staleness,1
do in,1,,,citations visibility,1,,,staleness automation,1
in your,1,,,visibility are,1,,,automation doc,1
your position,1,,,are non,1,,,doc reinforcement,1
position ship,1,,,negotiable day,1,,,reinforcement supersession,1
t bet,1,,,day one,1,,,supersession workflows,1
bet the,1,,,one always,1,,,workflows adr,1
product on,1,,,dates branch,1,,,adr links,1
on raw,1,,,commit when,1,,,links superseded,1
raw vector,1,,,possible freshness,1,,,by drift,1
recall use,1,,,controls must,1,,,drift detection,1
an optional,1,,,must ship,1,,,detection flag,1
index parity,1,,,ship with,1,,,flag memory,1
parity checkbox,1,,,with v1,1,,,relevant code,1
checkbox while,1,,,v1 time,1,,,changes needs,1
while making,1,,,filters recency,1,,,needs re,1
making the,1,,,and superseded,1,,,re verify,1
default experience,1,,,deprecated handling,1,,,verify memory,1
experience run,1,,,handling even,1,,,docs one,1
run on,1,,,even minimal,1,,,update adr,1
on curated,1,,,minimal validity,1,,,adr readme,1
cited project,1,,,checks file,1,,,readme pr,1
you insist,1,,,file symbol,1,,,pr from,1
insist on,1,,,symbol existence,1,,,from approved,1
full vectors,1,,,existence reduce,1,,,approved memory,1
vectors at,1,,,reduce broken,1,,,memory messaging,1
least ship,1,,,suggestions default,1,,,messaging to,1
ship the,1,,,behavior should,1,,,match competitor,1
gating citations,1,,,inject deep,1,,,competitor pressure,1
citations filters,1,,,deep history,1,,,pressure safely,1
filters verification,1,,,history use,1,,,safely market,1
verification in,1,,,vectors for,1,,,market as,1
same release,1,,,for lookup,1,,,memory auditable,1
release not,1,,,lookup find,1,,,auditable source,1
later if,1,,,find related,1,,,linked time,1
what full,1,,,related pr,1,,,aware with,1
storage is,1,,,pr unless,1,,,with fresh,1
is intended,1,,,user opts,1,,,mode offer,1
intended to,1,,,opts into,1,,,offer deep,1
to power,1,,,into continuum,1,,,recall optional,1
power on,1,,,this still,1,,,optional as,1
on day,1,,,still lets,1,,,vector powered,1
day one,1,,,lets marketing,1,,,powered lookup,1
one implementation,1,,,marketing say,1,,,lookup not,1
implementation help,1,,,memory while,1,,,memory by,1
help vs,1,,,while keeping,1,,,default this,1
vs debugging,1,,,keeping the,1,,,this roadmap,1
debugging vs,1,,,system aligned,1,,,roadmap ships,1
vs onboarding,1,,,aligned with,1,,,ships real,1
onboarding i,1,,,with developer,1,,,continuity quickly,1
can recommend,1,,,developer trust,1,,,quickly preserves,1
recommend the,1,,,enterprise constraints,1,,,preserves enterprise,1
the tightest,1,,,constraints a,1,,,trust contains,1
tightest gating,1,,,concrete mistake,1,,,contains cost,1
gating policy,1,,,mistake detector,1,,,and keeps,1
still satisfies,1,,,detector question,1,,,keeps vectors,1
satisfies marketing,1,,,question if,1,,,an additive,1
parity roadmap,1,,,t confidently,1,,,additive capability,1
roadmap final,1,,,confidently answer,1,,,capability rather,1
final position,1,,,answer these,1,,,a risky,1
position phase,1,,,these before,1,,,risky bet,1
phase foundations,1,,,before launch,1,,,,
foundations now,1,,,launch full,1,,,,
now define,1,,,storage is,1,,,,
schema decision,1,,,is premature,1,,,,
constraint systemmap,1,,,premature can,1,,,,
systemmap lite,1,,,can a,1,,,,
lite with,1,,,user see,1,,,,
ids status,1,,,see exactly,1,,,,
superseded scope,1,,,was retrieved,1,,,,
tags timestamps,1,,,retrieved and,1,,,,
and sources,1,,,and exclude,1,,,,
sources links,1,,,exclude it,1,,,,
links build,1,,,you guarantee,1,,,,
build authority,1,,,guarantee deletion,1,,,,
authority rules,1,,,deletion and,1,,,,
rules repo,1,,,audit by,1,,,,
evidence add,1,,,by policy,1,,,,
add citations,1,,,prevent old,1,,,,
citations plumbing,1,,,old deprecated,1,,,,
plumbing which,1,,,items from,1,,,,
items influenced,1,,,from dominating,1,,,,
answer add,1,,,dominating results,1,,,,
add privacy,1,,,sane over,1,,,,
privacy retention,1,,,multi year,1,,,,
controls framework,1,,,retention bottom,1,,,,
framework even,1,,,line choosing,1,,,,
if minimal,1,,,choosing full,1,,,,
minimal at,1,,,storage mainly,1,,,,
at first,1,,,mainly to,1,,,,
first phase,1,,,to match,1,,,,
phase mvp,1,,,match a,1,,,,
mvp verified,1,,,a competitor,1,,,,
baseline ship,1,,,competitor and,1,,,,
ship first,1,,,and postponing,1,,,,
first project,1,,,postponing staleness,1,,,,
notebook ui,1,,,high probability,1,,,,
ui read,1,,,probability way,1,,,,
read edit,1,,,a flashy,1,,,,
supersede mark,1,,,flashy feature,1,,,,
outdated confirm,1,,,feature that,1,,,,
save flows,1,,,that reduces,1,,,,
flows save,1,,,reduces trust,1,,,,
constraint pinned,1,,,and increases,1,,,,
packs files,1,,,increases costs,1,,,,
docs per,1,,,costs a,1,,,,
project auto,1,,,a better,1,,,,
auto brief,1,,,better competitive,1,,,,
brief generate,1,,,competitive response,1,,,,
generate a,1,,,response is,1,,,,
kickoff from,1,,,is vector,1,,,,
from notebook,1,,,vector backed,1,,,,
notebook pinned,1,,,backed evidence,1,,,,
context fresh,1,,,retrieval curated,1,,,,
continuum toggle,1,,,curated canonical,1,,,,
toggle continuum,1,,,freshness and,1,,,,
notebook only,1,,,and transparency,1,,,,
v1 basic,1,,,transparency from,1,,,,
checks for,1,,,from the,1,,,,
impact claims,1,,,the start,1,,,,
claims dependency,1,,,start roadmap,1,,,,
dependency symbol,1,,,roadmap final,1,,,,
existence when,1,,,final position,1,,,,
when feasible,1,,,position phase,1,,,,
feasible phase,1,,,weeks foundations,1,,,,
phase v1,1,,,foundations do,1,,,,
v1 evidence,1,,,do not,1,,,,
as gated,1,,,not skip,1,,,,
gated feature,1,,,skip memory,1,,,,
feature opt,1,,,object model,1,,,,
strict metadata,1,,,model canonical,1,,,,
time scope,1,,,canonical projectbrief,1,,,,
scope source,1,,,projectbrief decision,1,,,,
type retrieval,1,,,decision adr,1,,,,
retrieval enabled,1,,,lite convention,1,,,,
enabled only,1,,,runbookitem with,1,,,,
session debug,1,,,with id,1,,,,
intents explicit,1,,,status owner,1,,,,
explicit search,1,,,links tags,1,,,,
search history,1,,,tags governance,1,,,,
history hard,1,,,governance hooks,1,,,,
recency scope,1,,,hooks workspace,1,,,,
and verbatim,1,,,workspace project,1,,,,
days tenant,1,,,in retention,1,,,,
tenant configurable,1,,,retention defaults,1,,,,
configurable policies,1,,,defaults export,1,,,,
policies exclude,1,,,log who,1,,,,
exclude forget,1,,,who saved,1,,,,
forget this,1,,,saved accepted,1,,,,
this evidence,1,,,deprecated ux,1,,,,
evidence controls,1,,,ux primitives,1,,,,
controls phase,1,,,primitives memory,1,,,,
phase v2,1,,,used panel,1,,,,
v2 governance,1,,,panel fresh,1,,,,
governance drift,1,,,continuum toggle,1,,,,
drift resistance,1,,,toggle pin,1,,,,
resistance enterprise,1,,,exclude controls,1,,,,
enterprise ready,1,,,controls success,1,,,,
ready memory,1,,,success criteria,1,,,,
review workflow,1,,,criteria no,1,,,,
workflow diffs,1,,,no hidden,1,,,,
diffs owners,1,,,memory use,1,,,,
owners approvals,1,,,use all,1,,,,
approvals codeowners,1,,,all persisted,1,,,,
like doc,1,,,persisted items,1,,,,
doc adr,1,,,are inspectable,1,,,,
pr promotion,1,,,and removable,1,,,,
promotion create,1,,,removable phase,1,,,,
pr from,1,,,phase mvp,1,,,,
from this,1,,,mvp weeks,1,,,,
decision staleness,1,,,weeks trusted,1,,,,
scoring automatic,1,,,memory summaries,1,,,,
automatic needs,1,,,summaries write,1,,,,
verification flags,1,,,back project,1,,,,
flags based,1,,,brief token,1,,,,
on repo,1,,,editable auto,1,,,,
repo churn,1,,,start session,1,,,,
churn stronger,1,,,end draft,1,,,,
stronger repo,1,,,draft learnings,1,,,,
verification and,1,,,learnings flow,1,,,,
resolution prompts,1,,,flow devmate,1,,,,
prompts audit,1,,,proposes updates,1,,,,
audit exports,1,,,updates user,1,,,,
exports what,1,,,user edits,1,,,,
this recommendation,1,,,edits accepts,1,,,,
recommendation phase,1,,,accepts only,1,,,,
phase differentiators,1,,,durable adr,1,,,,
differentiators after,1,,,outcomes statused,1,,,,
after trust,1,,,statused draft,1,,,,
is proven,1,,,review link,1,,,,
proven service,1,,,link required,1,,,,
service aware,1,,,required for,1,,,,
aware system,1,,,for accepted,1,,,,
map generation,1,,,accepted when,1,,,,
generation and,1,,,when feasible,1,,,,
and upkeep,1,,,feasible pr,1,,,,
upkeep semi,1,,,doc doc,1,,,,
semi automated,1,,,doc integration,1,,,,
automated cross,1,,,integration create,1,,,,
cross tool,1,,,update in,1,,,,
tool ingestion,1,,,repo files,1,,,,
ingestion prs,1,,,files or,1,,,,
runbooks with,1,,,or pr,1,,,,
citations advanced,1,,,pr based,1,,,,
advanced retrieval,1,,,based write,1,,,,
retrieval diversity,1,,,back enterprise,1,,,,
diversity counterfactual,1,,,dependent decay,1,,,,
counterfactual pulls,1,,,items auto,1,,,,
pulls for,1,,,reaffirmed metrics,1,,,,
for bias,1,,,to gate,1,,,,
bias resistance,1,,,gate rollout,1,,,,
resistance what,1,,,rollout re,1,,,,
what we,1,,,time saved,1,,,,
are not,1,,,saved correction,1,,,,
not doing,1,,,rate memory,1,,,,
doing default,1,,,memory wrong,1,,,,
on infinite,1,,,wrong reports,1,,,,
infinite vector,1,,,reports adoption,1,,,,
memory of,1,,,adoption of,1,,,,
primary continuity,1,,,of save,1,,,,
mechanism one,1,,,save accept,1,,,,
line positioning,1,,,accept flow,1,,,,
positioning for,1,,,flow phase,1,,,,
roadmap devmate,1,,,weeks evidence,1,,,,
remembers what,1,,,selective vectors,1,,,,
true and,1,,,vectors not,1,,,,
and shows,1,,,not transcripts,1,,,,
shows receipts,1,,,transcripts index,1,,,,
can look,1,,,index scope,1,,,,
up what,1,,,scope allowlist,1,,,,
happened when,1,,,allowlist adrs,1,,,,
,,,,traces no,1,,,,
,,,,no raw,1,,,,
,,,,retrieval hybrid,1,,,,
,,,,hybrid lexical,1,,,,
,,,,lexical vector,1,,,,
,,,,vector with,1,,,,
,,,,time artifact,1,,,,
,,,,status citations,1,,,,
,,,,citations always,1,,,,
,,,,shown freshness,1,,,,
,,,,checks minimum,1,,,,
,,,,viable downrank,1,,,,
,,,,items detect,1,,,,
,,,,detect missing,1,,,,
,,,,missing file,1,,,,
,,,,paths flag,1,,,,
,,,,flag likely,1,,,,
,,,,stale ux,1,,,,
,,,,ux search,1,,,,
,,,,search project,1,,,,
,,,,project evidence,1,,,,
,,,,evidence action,1,,,,
,,,,action results,1,,,,
,,,,evidence not,1,,,,
,,,,auto authoritative,1,,,,
,,,,authoritative constraints,1,,,,
,,,,constraints metrics,1,,,,
,,,,metrics time,1,,,,
,,,,to find,1,,,,
,,,,prior change,1,,,,
,,,,change fix,1,,,,
,,,,fix stale,1,,,,
,,,,stale retrieval,1,,,,
,,,,retrieval incidents,1,,,,
,,,,incidents latency,1,,,,
,,,,latency cost,1,,,,
,,,,cost per,1,,,,
,,,,per query,1,,,,
,,,,query phase,1,,,,
,,,,weeks optional,1,,,,
,,,,optional enterprise,1,,,,
,,,,enterprise gated,1,,,,
,,,,limited episodic,1,,,,
,,,,episodic history,1,,,,
,,,,history ttl,1,,,,
,,,,ttl based,1,,,,
,,,,based session,1,,,,
,,,,session archive,1,,,,
,,,,archive days,1,,,,
,,,,days weeks,1,,,,
,,,,weeks user,1,,,,
,,,,invoked retrieval,1,,,,
,,,,only strict,1,,,,
,,,,strict policy,1,,,,
,,,,access redaction,1,,,,
,,,,redaction use,1,,,,
,,,,use cases,1,,,,
,,,,cases long,1,,,,
,,,,long investigations,1,,,,
,,,,where replaying,1,,,,
,,,,replaying attempts,1,,,,
,,,,attempts is,1,,,,
,,,,is valuable,1,,,,
,,,,valuable not,1,,,,
,,,,not default,1,,,,
,,,,default coding,1,,,,
,,,,coding help,1,,,,
,,,,help gate,1,,,,
,,,,gate on,1,,,,
,,,,on proven,1,,,,
,,,,proven demand,1,,,,
,,,,demand acceptable,1,,,,
,,,,acceptable support,1,,,,
,,,,support burden,1,,,,
,,,,burden clear,1,,,,
,,,,clear compliance,1,,,,
,,,,compliance posture,1,,,,
,,,,posture competitive,1,,,,
,,,,competitive messaging,1,,,,
,,,,messaging in,1,,,,
,,,,parallel position,1,,,,
,,,,position as,1,,,,
,,,,as trusted,1,,,,
,,,,trusted auditable,1,,,,
,,,,auditable project,1,,,,
,,,,memory and,1,,,,
,,,,and cited,1,,,,
,,,,evidence recall,1,,,,
,,,,recall not,1,,,,
,,,,infinite promise,1,,,,
,,,,promise memory,1,,,,
,,,,edit and,1,,,,
,,,,and deprecate,1,,,,
,,,,deprecate evidence,1,,,,
,,,,evidence you,1,,,,
,,,,can verify,1,,,,
,,,,verify explicit,1,,,,
,,,,explicit won,1,,,,
,,,,do to,1,,,,
,,,,avoid self,1,,,,
,,,,self inflicted,1,,,,
,,,,inflicted failure,1,,,,
,,,,modes no,1,,,,
,,,,no embed,1,,,,
,,,,embed every,1,,,,
,,,,every chat,1,,,,
,,,,chat forever,1,,,,
,,,,forever and,1,,,,
,,,,and auto,1,,,,
,,,,in default,1,,,,
,,,,continuum no,1,,,,
,,,,uncited retrieval,1,,,,
,,,,retrieval influencing,1,,,,
,,,,influencing generation,1,,,,
,,,,generation no,1,,,,
,,,,no long,1,,,,
,,,,term retention,1,,,,
,,,,retention without,1,,,,
,,,,without deletion,1,,,,
,,,,audit semantics,1,,,,
,,,,semantics if,1,,,,
,,,,can convert,1,,,,
,,,,convert this,1,,,,
,,,,a one,1,,,,
,,,,one page,1,,,,
,,,,page prd,1,,,,
,,,,prd outline,1,,,,
,,,,outline with,1,,,,
,,,,with acceptance,1,,,,
,,,,acceptance criteria,1,,,,
,,,,criteria and,1,,,,
,,,,and an,1,,,,
,,,,b plan,1,,,,
,,,,plan no,1,,,,
,,,,mvp vs,1,,,,
,,,,mvp evidence,1,,,,
,,,,risk the,1,,,,
,,,,the launch,1,,,,
