Scenario 7 - Bigrams,,,,,,,,,
CONTROL,,AC15,,AC15P,,HYBRID_3_5,,HYBRID_SEMANTIC,
Bigram,Count,Bigram,Count,Bigram,Count,Bigram,Count,Bigram,Count
if you,74,if you,76,if you,66,you re,78,you re,76
you re,63,you re,73,you re,65,if you,77,if you,63
don t,59,don t,72,you can,64,don t,56,it s,60
it s,57,it s,59,don t,48,it s,53,don t,57
you can,50,you can,44,it s,47,you can,47,you can,42
what you,33,do you,33,what you,37,you want,40,do you,39
home base,29,i m,31,i m,34,do you,36,what you,38
you want,28,the relationship,29,do you,33,the relationship,33,the relationship,33
the relationship,28,i can,28,isn t,32,i can,30,you want,30
i m,27,she s,28,what would,28,want to,30,i can,28
would you,26,want to,26,i can,28,when you,28,she s,26
she s,24,you want,25,you want,26,if she,27,if she,25
if she,24,if she,24,doesn t,25,what you,26,when you,24
what would,24,isn t,23,she s,24,would you,26,and what,24
do you,24,what would,23,in your,24,and what,25,whether she,24
and what,24,can t,23,the relationship,23,tell me,23,what would,23
you d,24,if i,22,when you,22,i m,22,isn t,23
that s,24,what you,21,your own,22,isn t,21,want to,23
isn t,23,ordinary life,21,what s,21,re not,20,would you,22
doesn t,22,doesn t,20,family obligations,19,doesn t,20,help you,21
i can,22,long term,20,to be,19,as a,20,tell me,21
want to,22,you ve,20,tell me,19,that s,19,doesn t,21
whether you,20,when you,20,can t,19,what would,19,can t,20
a staged,19,i want,20,and what,18,she s,18,month trial,19
tell me,19,how to,19,would you,18,can t,18,how to,18
when you,19,tell me,19,you ll,18,you ve,17,long term,18
you don,18,s a,18,you don,18,family obligations,17,even if,18
if i,18,would you,18,how to,18,and a,17,i m,18
your home,18,re not,18,if she,17,s not,16,you don,18
may be,18,you d,17,help you,17,the trial,16,and i,18
normal life,17,and what,17,as a,16,before you,15,she wants,18
as a,17,help you,17,and a,16,what s,15,you need,17
of you,17,what s,17,is a,16,how you,15,if i,17
month trial,17,can be,16,money family,16,at least,15,may be,16
i want,17,even if,16,on the,16,you d,15,is the,16
keep your,17,if it,16,i want,16,how to,15,i ll,16
your own,16,in the,16,the trial,16,i want,15,it matters,16
to be,16,to you,15,to do,15,if we,15,trial stay,16
help you,16,you tell,15,long term,15,children marriage,15,re not,15
for a,15,that s,14,not just,15,long term,14,you may,15
to you,15,and i,14,for you,15,in a,14,of you,15
in your,15,exit fund,14,in a,15,is a,14,this is,15
this is,15,partner not,14,you tell,15,you feel,14,money family,15
s not,15,do we,14,can help,15,you tell,14,the country,15
s a,15,of you,13,month trial,15,your own,14,can help,15
can t,14,over time,13,what to,15,month trial,14,and a,15
how you,14,does she,13,you may,14,with a,13,i want,15
how to,14,your home,13,that s,14,are you,13,in a,15
at least,14,you need,13,of you,14,what to,13,home base,15
you feel,14,the next,13,home country,14,want children,13,why it,15
you tell,14,is not,13,need to,14,help you,13,if the,14
and a,14,you don,13,last chance,14,during the,13,need to,14
and you,14,can help,13,you d,14,to you,13,that s,14
rather than,13,would we,13,and i,14,can be,12,you tell,14
long term,13,this is,13,want to,14,you ll,12,and whether,14
you ve,13,where you,12,can be,14,of you,12,because it,14
in a,13,family expectations,12,you ve,13,if i,12,you ve,14
where you,13,what does,12,if we,13,a trial,12,family obligations,13
and your,13,real life,12,this is,13,children and,12,how you,13
can help,13,home base,12,of the,13,a partner,12,to you,13
your children,13,you feel,12,over time,13,the country,12,is not,13
not just,13,and a,12,a trial,13,is not,12,your own,13
re not,12,what i,12,if i,13,even if,11,if it,13
the most,12,is a,12,exit plan,13,does she,11,as a,13
can be,12,paid care,12,the most,13,need to,11,at least,12
you ll,12,an exit,12,she can,13,if the,11,to be,12
you may,12,not a,12,a practical,12,to do,11,to do,12
you have,11,if we,12,with a,12,you have,11,and you,12
permanent relocation,11,because it,12,your home,12,can help,11,avoided because,12
even if,11,how do,11,i need,12,you keep,11,you ll,11
are you,11,not just,11,the right,12,not just,11,want children,11
want children,11,look like,11,plan a,12,won t,11,in your,11
what happens,11,and the,11,so you,12,and you,11,over time,11
is a,11,on her,11,re not,11,split base,11,family expectations,11
what do,11,complex care,11,does she,11,over time,10,into a,11
is not,10,whether you,11,at least,11,keep your,10,can be,11
what are,10,month trial,11,how you,11,this is,10,to keep,11
for you,10,into a,10,and the,11,a good,10,what do,11
need to,10,i ll,10,into a,11,do a,10,your home,11
in the,10,next step,10,permanent move,11,the next,10,you to,11
and the,10,and your,10,make it,11,whether you,10,the best,11
t want,10,of the,10,if it,11,the most,10,split base,11
family obligations,10,to be,10,rather than,11,to ask,10,plan if,10
children and,10,rather than,10,kids money,11,you don,10,it can,10
plan that,10,the plan,10,what does,10,normal life,10,with a,10
if it,10,both of,9,you feel,10,country and,10,you feel,10
last chance,9,you have,9,it can,10,into a,10,because you,10
look like,9,marriage kids,9,a good,10,i ll,10,age gap,10
your life,9,keep your,9,country and,10,age gap,9,not a,10
staged plan,9,as a,9,you and,10,when it,9,country and,10
real life,9,i don,9,and whether,10,permanent move,9,next step,10
and whether,9,to do,9,to see,10,in your,9,while you,10
be a,9,in a,9,with her,10,a month,9,so you,10
you need,9,want children,9,i don,10,where you,9,of the,10
a plan,9,need to,9,us to,10,before any,9,is a,10
and family,9,money family,9,to clarify,10,your home,9,way to,10
a month,9,if the,9,and how,9,home base,9,to ask,10
to do,9,way to,9,s a,9,set a,9,you have,10
with her,9,when it,9,not a,9,what happens,9,whether you,10
her family,9,to ask,9,children marriage,9,if it,9,on her,10
not yet,9,a partner,9,the plan,9,is the,9,complex care,10
or a,9,what to,9,in her,9,way to,9,where you,9
you to,9,a good,9,on her,9,you to,9,what does,9
i ll,9,without her,9,where you,9,you need,9,what timeline,9
if the,9,the trial,9,next step,9,have a,9,day to,9
money family,9,s not,8,separate finances,9,a simple,9,real life,9
and can,8,it doesn,8,kids marriage,9,and the,9,not just,9
is the,8,you to,8,look like,9,you may,9,in the,9
at the,8,last chance,8,before you,9,me the,9,me the,9
have a,8,her family,8,are you,9,separate finances,9,and your,9
a good,8,marriage children,8,a month,9,permanent relocation,9,the same,9
and it,8,want marriage,8,is not,9,on her,9,keep your,9
would we,8,if yes,8,whether you,9,last chance,8,what happens,9
your family,8,at least,8,want us,9,what does,8,and how,9
both of,8,family obligations,8,may not,9,what do,8,wants children,9
you as,8,marriage visa,8,not be,9,how do,8,money norms,9
whether she,8,health insurance,8,why avoided,9,relationship can,8,before you,9
her life,8,set a,8,time sensitive,8,and i,8,to check,9
over time,8,she can,8,can afford,8,do this,8,a simple,9
would i,8,a concrete,8,your name,8,build a,8,a month,9
keeping your,8,your citizenship,8,a clear,8,to see,8,kids marriage,9
while you,8,make it,8,you need,8,finances separate,8,a good,9
non negotiables,8,with you,8,if the,8,whether she,8,exit plan,9
what s,8,age gap,8,no large,8,a major,8,the most,8
to keep,8,money and,8,ability to,8,and how,8,if yes,8
you draft,8,t want,8,visa work,8,what timeline,8,to day,8
you still,8,your family,8,and it,8,trial stay,8,and it,8
if we,8,you ll,8,even if,8,to be,8,home country,8
see if,8,keep an,8,won t,8,i don,8,last chance,8
how she,8,your own,8,either of,8,so you,8,staged plan,8
way to,8,a practical,8,you i,8,that you,8,conflict repair,8
the country,8,is the,8,to you,8,to notice,8,return home,8
does she,8,care plan,8,and you,8,that can,7,to the,8
to her,8,daily life,8,whether she,8,the key,7,can say,8
tail risk,8,tail risk,8,do i,8,what are,7,i don,8
complex care,8,me what,8,to ask,8,you do,7,to a,8
what reveals,8,the month,8,a partner,8,with you,7,can you,8
reveals it,8,have a,7,keep a,8,trial relocation,7,marriage timeline,8
next step,7,you live,7,would i,8,exit plan,7,your independence,8
money and,7,are you,7,she wants,8,it doesn,7,plan for,8
can still,7,my country,7,t want,8,emergency fund,7,permanent relocation,8
what does,7,a longer,7,during the,8,if your,7,what she,8
if yes,7,of her,7,i ll,8,trial period,7,not to,8
a partner,7,for a,7,be seeing,8,if this,7,s a,8
health aging,7,for months,7,no go,8,a real,7,the trial,8
willing to,7,the same,7,you move,7,and whether,7,be missing,8
plan for,7,green flags,7,parents siblings,7,a life,7,a life,7
family expectations,7,which country,7,in years,7,is it,7,t work,7
a concrete,7,of us,7,have the,7,looks like,7,you expect,7
i have,7,life stay,7,would be,7,e g,7,the hard,7
country and,7,i need,7,way to,7,in the,7,but it,7
that you,7,permanent move,7,real life,7,she wants,7,look like,7
it is,7,for the,7,these are,7,you imagine,7,willing to,7
because it,7,for her,7,are the,7,i need,7,what s,7
before you,7,we live,7,work legality,7,marriage timeline,7,how do,7
into a,7,and how,7,can you,7,you should,7,you from,7
draft a,7,talk about,7,you imagine,7,and your,7,a staged,7
she has,7,the most,7,to your,7,would we,7,a long,7
won t,7,a plan,7,children and,7,a plan,7,plan with,7
about you,7,still want,7,and your,7,fair to,7,feel like,7
if your,7,your children,7,how she,7,or a,7,to her,7
what she,7,so you,7,healthcare plan,7,willing to,7,t want,7
she can,7,to surface,7,you to,7,that she,7,daily life,7
with your,7,surface it,7,s not,7,so it,7,life and,7
follow up,7,a decision,6,feels like,7,tail risk,7,for you,7
kids marriage,7,how you,6,so it,7,you go,7,does she,7
want a,7,that can,6,keep the,7,not want,7,children and,7
a life,7,do it,6,you do,7,may not,7,and the,7
s the,7,with a,6,a real,7,rather than,7,become a,7
the question,7,that keeps,6,they re,7,to surface,7,permanent move,7
she wants,7,you think,6,a simple,7,surface it,7,you d,7
she may,7,from a,6,want children,7,the two,6,me what,7
can you,7,reversible relocation,6,what timeline,7,while you,6,plan and,7
permanent move,7,t buy,6,large transfers,7,these are,6,what to,7
for the,7,after you,6,age gap,7,she may,6,not yet,7
to your,7,d live,6,you have,7,she becomes,6,is she,6
the next,6,your plan,6,m not,7,like a,6,how she,6
friends family,6,plan if,6,to keep,7,look like,6,marriage kids,6
a permanent,6,keep it,6,i d,7,how she,6,yes what,6
still be,6,if a,6,looks like,7,can you,6,how would,6
what timeline,6,in your,6,trial stay,7,review date,6,money and,6
make the,6,to watch,6,plan that,7,t work,6,i need,6
that can,6,next months,6,complex care,7,her or,6,no large,6
least one,6,if your,6,her life,6,a permanent,6,to live,6
shared expenses,6,no merged,6,family support,6,you say,6,the plan,6
for months,6,that you,6,she may,6,plan and,6,slow down,6
as an,6,and it,6,how do,6,next step,6,have the,6
hard conversations,6,the feeling,6,you expect,6,what i,6,whether the,6
propose a,6,a simple,6,she want,6,i feel,6,your age,6
you do,6,build a,6,do this,6,not a,6,to work,6
if this,6,the hard,6,afford alone,6,make you,6,you if,6
this relationship,6,hard conversations,6,keep your,6,do we,6,to make,6
the decision,6,so it,6,a realistic,6,s a,6,on a,6
at home,6,a realistic,6,feel calm,6,you i,6,the right,6
it as,6,one of,6,only after,6,me what,6,the feeling,6
have to,6,not sponsor,6,her country,6,wants children,6,is real,6
m serious,6,a real,6,a phased,6,money boundaries,6,s not,6
do this,6,it can,6,we ll,6,you expect,6,the move,6
time with,6,on the,6,plan you,6,comfortable with,6,can we,6
have the,6,you and,6,e g,6,plan that,6,you imagine,6
my home,6,it to,6,living there,6,daily life,6,marriage money,6
you say,6,that protects,6,to leave,6,with her,6,do a,6
on the,6,your future,6,on kids,6,on children,6,at home,6
a year,6,green flag,6,in and,6,what she,6,until you,6
and how,6,not only,6,because the,6,you think,6,a concrete,6
with me,6,sunk cost,6,is the,6,would make,6,partner not,6
you be,6,e g,6,it doesn,6,your family,6,health changes,6
you if,6,week ordinary,6,a way,6,money family,6,want us,6
or pressure,6,a relationship,6,like a,6,health insurance,6,us to,6
do we,6,dependent on,6,answer is,6,make it,6,a trial,6
a simple,6,on you,6,children are,6,relationship is,6,you draft,6
each other,6,until you,6,those are,6,non negotiable,6,you say,6
this isn,6,home country,6,be a,6,for a,6,make you,6
talk about,6,this isn,6,daily life,6,want tell,6,without her,6
you would,6,cross border,6,because you,6,decision gate,6,in practice,6
to ask,6,is it,6,if feasible,6,the month,6,for the,6
is to,6,to keep,6,and repair,6,friends family,5,she may,6
you are,6,t make,6,at the,6,ordinary life,5,is to,6
while keeping,6,not nurse,6,which country,6,for money,5,she supports,6
the children,6,because i,6,phased plan,6,you both,5,happens if,6
and i,6,before you,6,what it,6,you move,5,with me,6
we ll,6,i have,6,plan and,6,it can,5,in years,6
midpoint review,6,health plan,6,the three,6,of these,5,separate finances,6
to make,5,would be,6,can say,6,t do,5,t buy,6
but it,5,and whether,6,your country,6,do it,5,your plan,6
the risk,5,because you,6,stay with,6,a staged,5,keep it,6
in years,5,three months,6,in the,6,is no,5,tail risk,6
if no,5,still be,5,without her,6,a realistic,5,liquidity buffer,6
how would,5,not yet,5,professional care,6,she want,5,what is,6
day to,5,life together,5,t know,6,money and,5,want tell,6
to day,5,the biggest,5,dual base,6,her family,5,when it,6
no large,5,a clear,5,if needed,6,your life,5,the month,6
a clear,5,time and,5,do a,6,not ready,5,the real,5
once you,5,ability to,5,care is,6,real life,5,a relationship,5
would make,5,of these,5,own place,6,not only,5,do we,5
happens if,5,what do,5,you are,6,happens if,5,for money,5
to return,5,expect from,5,marriage money,6,your future,5,a lot,5
a practical,5,a long,5,money model,6,if any,5,her family,5
relationship can,5,what timeline,5,aging care,6,it as,5,a serious,5
your situation,5,to my,5,work mode,6,build your,5,would we,5
you from,5,in her,5,the month,6,watch for,5,fair to,5
relationship is,5,normal hours,5,what she,6,she supports,5,both of,5
least a,5,routine and,5,avoided it,6,we ll,5,won t,5
agree on,5,keep the,5,opener i,6,you from,5,agree on,5
kids money,5,t merge,5,three months,6,of the,5,later if,5
healthcare and,5,merge finances,5,end of,6,i have,5,i needed,5
with clear,5,buy property,5,marriage children,5,instead of,5,plan that,5
me which,5,only after,5,years you,5,a way,5,cross cultural,5
it can,5,the key,5,live together,5,that protects,5,build your,5
not to,5,ve seen,5,do we,5,what we,5,this as,5
keep the,5,you from,5,and ask,5,the end,5,for your,5
t have,5,pressure to,5,clarity on,5,which country,5,what are,5
because i,5,a one,5,right to,5,to the,5,the age,5
tell you,5,family time,5,not vacation,5,a few,5,your life,5
you a,5,a week,5,it to,5,feel like,5,a real,5
a lot,5,trial stay,5,how often,5,let s,5,either of,5
do a,5,in and,5,after you,5,marriage and,5,at the,5
make you,5,what is,5,is it,5,are the,5,so we,5
say yes,5,and do,5,enough to,5,the practical,5,to see,5
want tell,5,she wants,5,dependent on,5,you are,5,commit to,5
d be,5,can suggest,5,can make,5,family support,5,m not,5
a home,5,about you,5,make the,5,in ordinary,5,talk about,5
those are,5,to decide,5,a year,5,slow down,5,expectations and,5
respect and,5,watch for,5,a concrete,5,you would,5,a plan,5
to feel,5,because the,5,support system,5,with me,5,keep building,5
keep it,5,her or,5,to make,5,she can,5,you still,5
to know,5,at home,5,is she,5,boundaries and,5,supports your,5
your parents,5,to build,5,i feel,5,afraid to,5,not sponsor,5
me if,5,m not,5,that she,5,plan a,5,what it,5
you imagine,5,let s,5,a plan,5,ask yourself,5,how soon,5
are not,5,become a,5,create a,5,a shared,5,she can,5
there s,5,a life,5,for her,5,the question,5,timeline feels,5
exit options,5,slow down,5,own friends,5,a longer,5,a partner,5
you i,5,with her,5,ask for,5,longer normal,5,plan is,5
about your,5,you may,5,t need,5,risk if,5,a practical,5
life and,5,as the,5,still be,5,plan for,5,the first,5
looks like,5,can mean,5,while you,5,you what,5,with family,5
t need,5,and family,5,the answer,5,life there,5,how much,5
the one,5,you expect,5,not yet,5,it if,5,part of,5
are your,5,ll help,5,is to,5,for the,5,draft a,5
me the,5,return to,5,is expected,5,may be,5,a specific,5
the way,5,we handle,5,aren t,5,s fair,5,trial plan,5
can we,5,willingness to,5,your family,5,to make,5,the exact,5
it becomes,5,fund don,5,a major,5,kind of,5,that can,5
of the,5,life with,5,to live,5,dependent on,5,relationship from,5
you and,5,about your,5,design a,5,she is,5,no irreversible,5
she ll,5,to talk,5,check ins,5,your children,5,it feels,5
boundaries and,5,there s,5,irreversible commitments,5,with your,5,norms family,5
to the,5,how much,5,to return,5,yes to,5,ask yourself,5
assisted living,5,the best,5,both of,5,medical event,5,boundaries and,5
the plan,5,the future,5,you from,5,emergency plan,5,becomes a,5
m not,5,day to,5,the first,5,because it,5,with you,5
could you,5,to day,5,the real,5,insurance evacuation,5,yes no,5
do i,5,tend to,5,money expectations,5,children how,5,would be,5
age gap,5,they re,5,a decision,5,evacuation plan,5,say yes,5
care plan,5,do this,5,am i,5,to build,5,you would,5
until you,5,what she,5,you live,5,to know,5,medical continuity,5
yes no,5,use a,5,t work,5,irreversible commitments,5,to build,5
your partner,5,but the,5,with me,5,the hard,5,catastrophic medical,5
makes you,5,can make,5,if this,5,keep finances,5,non negotiable,5
without her,5,make the,5,you say,5,in week,5,are the,5
return plan,5,fund and,5,about the,5,clear thinking,5,insurance evacuation,5
keep a,5,the country,5,normal life,5,so the,4,no go,5
is it,5,suggest the,5,permanent relocation,5,in person,4,you treat,5
about me,5,plan is,5,you she,5,in years,4,make it,5
me what,5,you do,5,and where,5,ll be,4,ll help,5
with what,5,the default,5,live in,5,but it,4,a short,5
insurance evacuation,5,a few,5,s still,5,social life,4,the next,5
yes to,5,more than,5,care plan,5,to her,4,vasectomy and,5
green flag,5,plan that,5,too much,5,until you,4,round trip,5
the month,5,to say,5,a one,5,each of,4,your vasectomy,5
children vasectomy,5,practical way,5,say yes,5,timeline what,4,ordinary life,4
the right,4,to avoid,5,paid care,5,must be,4,with the,4
than a,4,not ready,5,a permanent,5,you live,4,does a,4
what is,4,ready for,5,not because,5,and social,4,we handle,4
didn t,4,a month,5,but because,5,you see,4,would your,4
is that,4,emergency fund,5,return home,5,say it,4,expect from,4
we handle,4,longer stay,5,language friends,5,later what,4,me and,4
in her,4,citizenship and,5,your children,5,part time,4,in my,4
and boundaries,4,of a,5,local private,5,my country,4,you be,4
you stay,4,children and,5,regional hub,5,plan before,4,friends family,4
each of,4,it becomes,5,may be,5,any permanent,4,time and,4
you ever,4,aging health,5,where complex,5,or at,4,and conflict,4
pessimism it,4,insurance evacuation,5,with an,5,ability to,4,with checkpoints,4
what care,4,kind of,5,when it,5,agree on,4,where to,4
health insurance,4,say yes,5,of us,5,protect your,4,life trial,4
it doesn,4,on kids,5,willing to,5,how quickly,4,own place,4
home for,4,do the,5,her or,5,months living,4,or a,4
exit plan,4,stop criteria,5,a process,5,healthcare and,4,before any,4
back home,4,the months,5,me what,5,can become,4,consistent with,4
your only,4,and still,4,the next,5,to watch,4,you both,4
a new,4,in person,4,because i,5,green flags,4,medical evacuation,4
make a,4,is to,4,no loans,5,family in,4,evacuation coverage,4
green flags,4,for both,4,to avoid,5,want a,4,right to,4
she respects,4,and repair,4,red flag,5,this relationship,4,make the,4
she supports,4,on both,4,for a,4,the answer,4,you turn,4
a trial,4,both sides,4,weeks in,4,answer is,4,evidence that,4
a healthy,4,to stay,4,in person,4,a concrete,4,in you,4
of these,4,healthcare and,4,day to,4,marriage children,4,you and,4
these are,4,what happens,4,to day,4,healthcare plan,4,once you,4
trial stay,4,your only,4,of life,4,way that,4,with her,4
expectations and,4,costs and,4,obligations expectations,4,we re,4,you keep,4
write down,4,could be,4,a shared,4,re building,4,can make,4
d live,4,a staged,4,plan if,4,at the,4,real you,4
the trial,4,there what,4,timeline what,4,for you,4,family aging,4
alive again,4,where would,4,each of,4,the feeling,4,same time,4
can make,4,work hours,4,living together,4,attachment and,4,are we,4
irreversible moves,4,family expect,4,at all,4,you in,4,it out,4
not a,4,she want,4,and yours,4,of that,4,pre commit,4
ask yourself,4,yes what,4,yours and,4,it in,4,conversation that,4
am i,4,be a,4,or not,4,about you,4,and respectful,4
if needed,4,in years,4,for your,4,life and,4,move that,4
children are,4,you imagine,4,there if,4,a practical,4,as i,4
plan and,4,evidence if,4,we live,4,tell her,4,choose a,4
on children,4,if they,4,at this,4,then ask,4,health coverage,4
marriage timeline,4,life trial,4,practical way,4,ask what,4,watch for,4
warm and,4,her country,4,a reversible,4,we do,4,does the,4
serious about,4,mild stress,4,vacation mode,4,hard topics,4,kind of,4
to understand,4,enough to,4,that you,4,and family,4,even with,4
deal breaker,4,shared expenses,4,alone in,4,a clear,4,it doesn,4
for her,4,if marriage,4,or at,4,make a,4,she has,4
you expect,4,her you,4,return option,4,on the,4,and not,4
from me,4,keeps you,4,often you,4,for her,4,a year,4
you what,4,flags she,4,you both,4,questions to,4,questions that,4
for me,4,on marriage,4,does it,4,that fits,4,timeline money,4
without being,4,tell her,4,part of,4,health and,4,are you,4
on a,4,to discuss,4,what is,4,and her,4,my health,4
can repair,4,plan a,4,access to,4,of your,4,practical way,4
ability to,4,country and,4,it feels,4,and money,4,propose a,4
a strong,4,no property,4,plan for,4,expect from,4,during the,4
about kids,4,wants children,4,build your,4,we live,4,you do,4
tends to,4,children if,4,re describing,4,live together,4,to know,4
the same,4,it is,4,feel like,4,to understand,4,financial expectations,4
look for,4,have to,4,you were,4,the future,4,what boundaries,4
as your,4,this relationship,4,your independence,4,m not,4,to have,4
for your,4,may be,4,friends family,4,to avoid,4,a reversible,4
her own,4,can create,4,to move,4,no major,4,ve shared,4
marriage visa,4,at all,4,love me,4,because you,4,love and,4
that don,4,t let,4,you ask,4,to give,4,children i,4
ask for,4,it a,4,she in,4,talk about,4,timeline and,4
but you,4,makes you,4,the table,4,to tell,4,evidence not,4
more of,4,time based,4,and then,4,say no,4,rather than,4
of her,4,aging care,4,one page,4,there s,4,the goal,4
that she,4,being with,4,when i,4,tends to,4,life not,4
and keep,4,step by,4,this relationship,4,t move,4,to test,4
t make,4,by step,4,friends and,4,about children,4,say no,4
irreversible decisions,4,her the,4,about you,4,create a,4,your situation,4
and at,4,staged plan,4,way that,4,you already,4,protect the,4
to see,4,me which,4,that protects,4,question that,4,hard talks,4
at once,4,even when,4,trial period,4,that are,4,irreversible steps,4
more than,4,boundaries and,4,we re,4,more than,4,be a,4
hard to,4,people can,4,life trial,4,after you,4,create a,4
i don,4,the goal,4,shared property,4,keeps you,4,a clean,4
about what,4,can we,4,have a,4,stance on,4,you become,4
base for,4,align on,4,chance pressure,4,children i,4,want a,4
asset moves,4,i respect,4,slow down,4,children the,4,be true,4
no big,4,want a,4,the country,4,your plan,4,it becomes,4
can use,4,does a,4,this into,4,how strongly,4,that protects,4
bottom line,4,marriage and,4,in practice,4,caregiving expectations,4,i have,4
whether the,4,a serious,4,housing money,4,what feels,4,can create,4
can suggest,4,we do,4,would feel,4,feels fair,4,so your,4
suggest the,4,how would,4,decide what,4,didn t,4,respectful and,4
most important,4,it as,4,from me,4,rely on,4,use a,4
i need,4,that don,4,is marriage,4,care plan,4,you build,4
wants children,4,either of,4,clarify how,4,the age,4,depends on,4
i needed,4,irreversible commitments,4,if a,4,trapped if,4,friends routines,4
her to,4,a full,4,time money,4,keep it,4,you love,4
insurance and,4,family support,4,money housing,4,me a,4,these are,4
to stay,4,m serious,4,each other,4,this into,4,marriage is,4
that make,4,longer trial,4,agree on,4,her choice,4,if your,4
make this,4,move if,4,you two,4,to choose,4,the key,4
go no,4,s your,4,do it,4,is she,4,and see,4
no go,4,your life,4,it as,4,both of,4,rent don,4
we can,4,three things,4,you should,4,you the,4,least a,4
can talk,4,family marriage,4,the same,4,can say,4,on what,4
for both,4,these are,4,t to,4,t want,4,yourself if,4
give up,4,the first,4,open to,4,it becomes,4,may want,4
would be,4,spend time,4,timeline that,4,insurance that,4,care for,4
a funded,4,time with,4,t just,4,that covers,4,can become,4
build independence,4,you see,4,things that,4,it a,4,ask what,4
it a,4,the only,4,her and,4,part of,4,that you,4
have your,4,about the,4,pick one,4,without her,4,say i,4
live there,4,visa healthcare,4,living arrangements,4,base year,4,coverage and,4
your age,4,so i,4,you get,4,they re,4,would make,4
age and,4,must be,4,time with,4,you will,4,what country,4
not the,4,each other,4,real world,4,medical plan,4,fear of,4
you already,4,obligations marriage,4,time what,4,home country,4,that doesn,4
return to,4,looks like,4,your mind,4,complex care,4,to spend,4
part time,4,a strong,4,if your,4,partner not,4,is and,4
can access,4,and you,4,expect from,4,you still,4,her to,4
the biggest,4,the right,4,how would,4,not asking,4,the answer,4
you live,4,plan the,4,make you,4,and or,4,paid care,4
children money,4,care if,4,make a,4,aren t,4,whether marriage,4
you should,4,want this,4,want tell,4,live with,4,so the,4
that makes,4,kids money,4,trial plan,4,plan if,4,you go,4
it matters,4,you turn,4,and stable,4,do i,4,t need,4
me to,4,fair to,4,a few,4,i d,4,permanently relocate,4
life you,4,for you,4,are not,4,life with,4,yes to,4
part of,4,plan so,4,property early,4,how important,4,dependent on,4
a person,4,no network,4,conflict repair,4,and timeline,4,base living,4
be true,4,she becomes,4,support is,4,are not,4,for a,4
when it,4,full relocation,4,ask what,4,the decision,4,a crisis,4
large financial,4,rent don,4,practical benefits,4,a review,4,explicit talks,4
you slow,4,t sell,4,can suggest,4,a healthcare,4,go no,4
if not,4,country or,4,most relevant,4,to hear,4,to talk,4
the timeline,4,evacuation repatriation,4,whether it,4,to say,4,if not,4
timeline and,4,each of,4,to the,4,the children,4,reality based,4
a real,4,a pilot,4,the risk,4,a vasectomy,4,what stable,4
if her,4,life exposure,4,to evaluate,4,s the,4,it as,4
what options,4,and timeline,4,build a,4,children vasectomy,4,deal breaker,4
three month,4,choosing you,4,for care,4,or in,4,end date,4
the hard,4,with me,4,language study,4,trial with,4,trip ticket,4
your vasectomy,4,her answer,4,wants children,4,your independence,4,another trial,4
marriage expectations,4,you if,4,and practically,4,near the,4,the vasectomy,4
the three,4,live together,4,country you,4,the months,4,your entire,3
to talk,3,s sincere,4,or a,4,hard conversations,4,that is,3
out of,3,irreversible moves,4,to feel,4,daily contact,3,early in,3
make sure,3,by month,4,t make,4,visits meeting,3,reality and,3
and she,3,ask yourself,4,only if,4,than a,3,conflict and,3
family what,3,a way,4,to say,4,is still,3,vs what,3
conflict and,3,way that,4,the honest,4,a year,3,t asked,3
is meaningful,3,want tell,4,time and,4,the goal,3,harder to,3
not deciding,3,she says,4,a fair,4,you learn,3,that matter,3
without accusing,3,this into,4,want you,4,the biggest,3,mean to,3
to leave,3,children is,4,that doesn,4,video calls,3,children if,3
are the,3,about children,4,finances and,4,t fully,3,is that,3
like to,3,what options,4,a life,4,time or,3,what feels,3
you hoping,3,trial is,4,commit to,4,changes the,3,feels fair,3
i moved,3,the three,4,weekly activities,4,resentment risk,3,your family,3
t work,3,during the,4,gym class,4,you if,3,and boundaries,3
children if,3,activity without,4,the calendar,4,after years,3,shared expenses,3
yes what,3,to learn,4,on you,4,move now,3,for at,3
how does,3,you go,4,be honest,4,none of,3,be willing,3
partner who,3,genuine and,3,you could,4,run a,3,my home,3
what expectations,3,t work,3,on your,4,mean to,3,if needed,3
watch for,3,conflict style,3,with family,4,deal breakers,3,assisted living,3
the move,3,foreigner status,3,t prove,4,who pays,3,handle it,3
plan a,3,stay long,3,that can,4,live there,3,emotionally and,3
here is,3,who decides,3,healthcare tail,4,will you,3,s the,3
family health,3,hasn t,3,tail risk,4,what changes,3,one of,3
do not,3,for money,3,the fork,4,shared accounts,3,of us,3
life together,3,a mix,3,what happens,4,family and,3,conflict style,3
what each,3,fear of,3,and social,4,expectations how,3,fidelity boundaries,3
you is,3,t do,3,model and,4,see her,3,your culture,3
shared assets,3,money expectations,3,what do,4,conflict style,3,red flags,3
consider a,3,live there,3,finances no,4,relationship and,3,move now,3
you became,3,would feel,3,is plan,4,what did,3,family involvement,3
who would,3,and boundaries,3,that it,4,did you,3,your last,3
so it,3,what counts,3,follow up,4,and care,3,your risk,3
t consume,3,counts as,3,you about,4,you consider,3,the conversation,3
consume her,3,does her,3,a dealbreaker,4,if these,3,kids money,3
return home,3,term partner,3,about us,4,feel impossible,3,reversible visa,3
relocate permanently,3,this can,3,your life,4,it is,3,even when,3
can afford,3,years what,3,talk about,4,if feasible,3,clear shared,3
there and,3,country your,3,guilt or,4,a normal,3,shared expense,3
and an,3,your role,3,your answer,4,work hours,3,expense method,3
an exit,3,visa reality,3,the practical,4,she handles,3,go well,3
t be,3,is this,3,t have,4,see how,3,and if,3
new country,3,urgency tactics,3,me whether,4,relocation months,3,name the,3
expat community,3,longer ordinary,3,yes to,4,months with,3,t make,3
to reduce,3,country you,3,ll be,4,with an,3,if relevant,3
respects your,3,you spend,3,a normal,4,keep the,3,t solve,3
your need,3,work your,3,there language,4,a hard,3,chance thinking,3
need for,3,your normal,3,plan cash,4,living arrangements,3,a helpful,3
time alone,3,hours handle,3,care happens,4,in that,3,this isn,3
with family,3,friends family,3,with you,4,you commit,3,make a,3
trial period,3,that is,3,that are,4,is often,3,checkpoints and,3
this as,3,reversible keep,3,your vasectomy,4,remote work,3,this relationship,3
still choose,3,or at,3,to surface,4,break up,3,too much,3
a careful,3,the ability,3,her family,4,treat it,3,next steps,3
can tolerate,3,to re,3,ll stay,4,for both,3,your next,3
only if,3,re establish,3,or rent,4,and reduces,3,build a,3
are true,3,you truly,3,rent your,4,pre existing,3,months trial,3
an extended,3,its own,3,clear thinking,4,existing conditions,3,turn this,3
extended stay,3,buying property,3,week week,4,major events,3,this into,3
a few,3,the whole,3,fooling yourself,4,medical evacuation,3,important is,3
and doesn,3,access to,3,yourself if,4,red flags,3,i feel,3
with you,3,return home,3,minimum outcomes,4,willingness to,3,at once,3
which country,3,will beneficiaries,3,of week,4,your need,3,the practical,3
your citizenship,3,medical power,3,go no,4,to go,3,s good,3
plus whether,3,power of,3,go criteria,4,go slowly,3,instead of,3
your health,3,of attorney,3,s true,3,or guilt,3,back to,3
staged relocation,3,marriage becomes,3,right now,3,from independent,3,that fear,3
years of,3,becomes real,3,parts of,3,you ask,3,the only,3
can feel,3,get independent,3,cross border,3,that don,3,it will,3
t just,3,independent legal,3,finances family,3,to reduce,3,for both,3
a genuine,3,legal advice,3,exposure to,3,still have,3,say to,3
that the,3,plan for,3,the biggest,3,it would,3,matters i,3
treat it,3,ask if,3,the two,3,need a,3,to move,3
do the,3,your situation,3,building a,3,am i,3,in daily,3
evidence that,3,urgency is,3,a relationship,3,choosing her,3,independent life,3
something important,3,feel relief,3,what happened,3,or choosing,3,life there,3
important is,3,that makes,3,what did,3,risk of,3,do i,3
not proof,3,a threat,3,your parents,3,can handle,3,figure it,3
to avoid,3,punishing you,3,later what,3,about marriage,3,t renegotiate,3
re in,3,you for,3,relocation as,3,independent social,3,renegotiate under,3
move permanently,3,practical questions,3,due diligence,3,staged plan,3,this protects,3
tell her,3,children aging,3,while still,3,of a,3,protects you,3
with a,3,in advance,3,work remotely,3,say i,3,for clarity,3
and because,3,draft a,3,rent a,3,m serious,3,alive again,3
trial living,3,one page,3,a place,3,serious about,3,again and,3
s truly,3,rent keep,3,clear exit,3,still feel,3,how we,3
life trial,3,property no,3,least a,3,months and,3,pressure on,3
own routines,3,merged accounts,3,full time,3,the right,3,about what,3
the conversations,3,two questions,3,trial months,3,right to,3,then ask,3
conversations that,3,questions that,3,before permanent,3,to stay,3,t move,3
family support,3,is she,3,marriage is,3,life plan,3,long trial,3
aging health,3,whether she,3,what are,3,the cultural,3,her answer,3
giving up,3,a more,3,know what,3,would be,3,you or,3
none of,3,phased plan,3,become a,3,honor the,3,to watch,3
keep you,3,be true,3,in one,3,alive again,3,notice whether,3
design a,3,can still,3,and later,3,be true,3,it a,3
a decision,3,to make,3,more than,3,once you,3,test does,3
whether children,3,i feel,3,as you,3,after a,3,looking for,3
the table,3,alive again,3,you age,3,ve found,3,relationship is,3
the exact,3,evidence you,3,months of,3,a person,3,tailor a,3
mean she,3,t have,3,move you,3,questions that,3,job simple,3
s emotionally,3,proof that,3,describing is,3,a relationship,3,family ties,3
to support,3,if this,3,if not,3,and still,3,odds of,3
topics you,3,not because,3,good sign,3,day to,3,you she,3
and non,3,of losing,3,green flags,3,to day,3,how strongly,3
the big,3,alone if,3,she supports,3,question is,3,year gap,3
still want,3,set the,3,is consistent,3,become more,3,can tolerate,3
if anything,3,the pace,3,see how,3,she will,3,the questions,3
important to,3,honor the,3,without punishment,3,practical way,3,trying to,3
caregiving and,3,pursue this,3,large gifts,3,to honor,3,do this,3
be willing,3,seriously and,3,rental in,3,me you,3,feels right,3
to move,3,it in,3,name separate,3,children if,3,from a,3
caring for,3,so she,3,your non,3,here means,3,if my,3
they re,3,a timeline,3,agreement on,3,living arrangement,3,our plan,3
a realistic,3,timeline that,3,make this,3,s to,3,structure that,3
see how,3,money marriage,3,want marriage,3,check ins,3,finances separate,3
can say,3,kids family,3,the best,3,g week,3,shared life,3
t avoid,3,rent not,3,feel alive,3,week and,3,year of,3
without punishment,3,merged finances,3,s the,3,base and,3,of living,3
t buy,3,to return,3,is real,3,re still,3,living in,3
buy property,3,ask for,3,relocation can,3,ordinary time,3,place if,3
financial support,3,can say,3,m choosing,3,problem solving,3,reduces the,3
partner not,3,this carefully,3,my life,3,family expectations,3,can mean,3
month normal,3,a healthy,3,life not,3,me which,3,decision making,3
expectations about,3,will usually,3,independence real,3,her you,3,but you,3
marriage family,3,yourself if,3,without drama,3,the exact,3,ask if,3
options intact,3,to slow,3,to prove,3,a stable,3,if we,3
the best,3,write two,3,prove love,3,whether her,3,life together,3
same time,3,her and,3,i also,3,for family,3,so i,3
years alone,3,country she,3,before any,3,term compromise,3,finances or,3
to tell,3,s in,3,any permanent,3,obligations and,3,or does,3
consistent over,3,citizenship i,3,willingness to,3,family needs,3,s to,3
with them,3,holds up,3,to plan,3,from a,3,it the,3
to marriage,3,to a,3,pressure guilt,3,together what,3,work your,3
daily life,3,relationship not,3,trial with,3,you comfortable,3,plan a,3
conflict style,3,and why,3,loans no,3,with us,3,a stable,3
family involvement,3,declined money,3,no shared,3,you and,3,can she,3
about children,3,the strongest,3,property no,3,us seriously,3,or escalation,3
and still,3,to lose,3,co signing,3,not the,3,when she,3
aren t,3,beyond a,3,you work,3,not working,3,the two,3
instead of,3,a single,3,normal hours,3,stay weeks,3,can feel,3
live here,3,you move,3,in what,3,on you,3,non negotiables,3
alone time,3,even sincere,3,what needs,3,like this,3,trial period,3
my kids,3,sincere people,3,needs to,3,visa work,3,steps yet,3
meet more,3,can also,3,me the,3,work legality,3,look for,3
just the,3,time money,3,country she,3,tax residency,3,make this,3
and see,3,the age,3,s in,3,d use,3,about her,3
but i,3,caregiving and,3,whether marriage,3,would cost,3,and still,3
your non,3,so the,3,are on,3,be comfortable,3,her life,3
marriage money,3,respect that,3,table for,3,you introduce,3,that isn,3
after each,3,like to,3,work healthcare,3,structure that,3,not asking,3
based on,3,money when,3,a timeline,3,relocate permanently,3,something real,3
life stay,3,but i,3,about her,3,country or,3,reality check,3
you both,3,me you,3,partner not,3,which one,3,any permanent,3
ll help,3,children because,3,expected for,3,is exactly,3,aging health,3
treat her,3,expectations do,3,for parents,3,consistency across,3,financial entanglements,3
her as,3,worst case,3,time housing,3,the same,3,she ll,3
is she,3,had a,3,especially if,3,re busy,3,that would,3
that could,3,a family,3,imagine us,3,but you,3,on the,3
set a,3,structure that,3,we disagree,3,it you,3,for her,3
obligations aging,3,relationship if,3,but with,3,whether the,3,her i,3
harder to,3,into dependency,3,with clear,3,here what,3,status and,3
on you,3,you work,3,provider model,3,does a,3,a fair,3
question is,3,conflict repair,3,her choice,3,from me,3,gap can,3
to watch,3,is where,3,about it,3,feel respected,3,create pressure,3
partner and,3,shows up,3,it matters,3,how would,3,building a,3
can name,3,a lot,3,t skip,3,end it,3,a two,3
life not,3,to plan,3,ask directly,3,a sincere,3,genuine partner,3
are a,3,do a,3,children if,3,can usually,3,you as,3
about the,3,stay before,3,if yes,3,s normal,3,on you,3
to happen,3,before any,3,yes what,3,time if,3,strong evidence,3
ll be,3,she responds,3,timeline and,3,red flag,3,she stays,3
at she,3,of your,3,important to,3,green flag,3,you slow,3
at this,3,healthcare insurance,3,you socially,3,she respects,3,slow the,3
question if,3,without gambling,3,we don,3,respects boundaries,3,the timeline,3
that doesn,3,people who,3,is that,3,marriage money,3,not avoidance,3
healthcare insurance,3,who are,3,one of,3,is there,3,prove you,3
help if,3,t tolerate,3,most common,3,anything you,3,love me,3
we hire,3,sharing difficult,3,live there,3,re afraid,3,they re,3
to my,3,with the,3,would we,3,think i,3,or marriage,3
my children,3,it feels,3,this isn,3,i might,3,had a,3
the age,3,about money,3,run a,3,i know,3,see if,3
and long,3,tests that,3,working full,3,the real,3,own supports,3
term care,3,into the,3,at home,3,design a,3,move if,3
do it,3,how she,3,budget month,3,to fake,3,if any,3
we have,3,partner can,3,and agree,3,propose a,3,stay months,3
for my,3,such as,3,is more,3,a genuine,3,you return,3
me whether,3,first year,3,you relocate,3,to an,3,from avoidable,3
children yes,3,stays warm,3,means you,3,an older,3,one trusted,3
her choice,3,life compatibility,3,trial living,3,and practical,3,you share,3
to let,3,life not,3,you you,3,for if,3,share the,3
plan so,3,longtime friends,3,you for,3,not being,3,can suggest,3
informed consent,3,you in,3,can genuinely,3,reality check,3,questions to,3
if things,3,a normal,3,the goal,3,time with,3,a way,3
than you,3,a green,3,s to,3,like you,3,way that,3
you will,3,make you,3,and which,3,relationship has,3,without sounding,3
want you,3,whether her,3,marriage and,3,your stance,3,that stays,3
build a,3,her future,3,and or,3,for that,3,and she,3
because you,3,future talk,3,of those,3,fair and,3,ll be,3
a major,3,you say,3,that matches,3,or you,3,the gap,3
make your,3,here what,3,conflict style,3,proximity to,3,changes are,3
will be,3,with your,3,family expectations,3,a caregiver,3,and medical,3
you share,3,family what,3,for the,3,you stay,3,is more,3
and medical,3,get specific,3,so the,3,months of,3,more likely,3
become your,3,my mind,3,to a,3,timeline if,3,you that,3
to friends,3,it will,3,b the,3,t slide,3,at this,3
ensure you,3,that preserves,3,visit live,3,paid help,3,time sensitive,3
can do,3,us and,3,hours most,3,to feel,3,wants kids,3
your work,3,staged relocation,3,boundaries with,3,feel you,3,you will,3
clinic hospital,3,a risk,3,until we,3,t the,3,the single,3
the more,3,i should,3,what i,3,the only,3,cross border,3
errands alone,3,behavior under,3,calls visits,3,without a,3,to relocate,3
own place,3,and don,3,future talk,3,life stay,3,if her,3
i will,3,social expectations,3,non accusatory,3,draft a,3,home help,3
home option,3,risk a,3,a time,3,plan you,3,care what,3
six months,3,rushed marriage,3,being a,3,to your,3,from becoming,3
after you,3,your parents,3,you if,3,she d,3,being pulled,3
ready for,3,parents siblings,3,work how,3,d want,3,looks like,3
before any,3,sincere partners,3,would make,3,to assume,3,children yes,3
where would,3,part of,3,her ability,3,as the,3,live if,3
if any,3,own cognitive,3,to stay,3,why it,3,hands on,3
no permanent,3,slowing down,3,track b,3,may feel,3,paid help,3
insurance evac,3,feel like,3,set a,3,love and,3,resentment and,3
could force,3,an week,3,a structured,3,because i,3,financial infrastructure,3
children you,3,need a,3,me which,3,need help,3,pay for,3
she doesn,3,keep finances,3,you design,3,be a,3,each of,3
money norms,3,finances separate,3,and decision,3,if my,3,me whether,3
not be,3,maintain an,3,do the,3,my health,3,country this,3
with the,3,to hold,3,primarily instrumental,3,you be,3,that she,3
you not,3,s genuine,3,to fake,3,family what,3,she will,3
will you,3,you share,3,tend to,3,too much,3,you design,3
re building,3,tends to,3,life you,3,ll live,3,good partner,3
would your,3,and independence,3,t give,3,yourself if,3,ability to,3
you keep,3,at the,3,money or,3,would i,3,to say,3
aging care,3,the practical,3,ll do,3,doctors friends,3,term care,3
risk before,3,will you,3,visa healthcare,3,becomes the,3,care is,3
before permanence,3,to your,3,return to,3,enough to,3,would relocate,3
for complex,3,re incapacitated,3,and practical,3,to handle,3,relocate for,3
an emergency,3,and money,3,so we,3,clinic hospital,3,the default,3
go criteria,3,or to,3,s real,3,join at,3,have a,3
criteria that,3,she may,3,what support,3,least two,3,to handle,3
that fits,3,think about,3,in writing,3,you attend,3,and family,3
makes it,3,about it,3,years alone,3,attend without,3,answer is,3
make it,3,in one,3,alignment on,3,path you,3,explicitly i,3
you why,3,live and,3,after i,3,an emergency,3,the core,3
i d,3,we hire,3,a common,3,still be,3,not because,3
haven t,3,it do,3,explicit talks,3,your health,3,relocate if,3
time and,3,we move,3,on children,3,medical tail,3,without making,3
drawn to,3,support network,3,whether children,3,high impact,3,her your,3
sounds like,3,my children,3,suggest the,3,paying for,3,if feasible,3
you treat,3,move to,3,the main,3,to live,3,can live,3
you provide,3,care and,3,to answer,3,return for,3,live there,3
why you,3,care is,3,be the,3,for care,3,before permanent,3
what i,3,time sensitive,3,practical moves,3,you relocate,3,on your,3
both can,3,based on,3,and money,3,due diligence,3,your children,3
be emotionally,3,the honest,3,social life,3,hospital clinic,3,decision rule,3
matters a,3,an older,3,can she,3,do in,3,of these,3
practical benefits,3,partner if,3,pursue her,3,go who,3,t force,3
you prioritize,3,her to,3,an older,3,evacuation or,3,a major,3
way you,3,need help,3,ll see,3,coverage evacuation,3,out of,3
your country,3,want you,3,the younger,3,risk and,3,you live,3
that it,3,legal financial,3,younger partner,3,s still,3,ve done,3
if feasible,3,structure you,3,later a,3,we set,3,months there,3
rule that,3,neither of,3,plan to,3,it without,3,only after,3
her real,3,plan you,3,major event,3,what role,3,move to,3
it may,3,ll be,3,insurance plan,3,role would,3,about your,3
living there,3,then we,3,question to,3,with my,3,stressed or,3
keeping my,3,decision authority,3,ask her,3,my children,3,children marriage,3
staged path,3,or your,3,ask yourself,3,structural risk,3,what serious,3
due diligence,3,is exactly,3,you turn,3,a serious,3,and practically,3
to love,3,trying to,3,just a,3,the plan,3,healthcare tail,3
your case,3,the way,3,fair to,3,fly home,3,due diligence,3
test ask,3,me your,3,her to,3,on a,3,later what,3
this doesn,3,becomes the,3,make her,3,decision gates,3,routines and,3
relocation marriage,3,all in,3,her your,3,and any,3,expectations money,3
going to,3,language and,3,say no,3,pick a,3,to justify,3
routines and,3,for everything,3,about time,3,about me,3,makes you,3
clear agreement,3,create a,3,not as,3,me that,3,not vacation,3
agreement on,3,two home,3,hands on,3,that made,3,finances no,3
you set,3,home model,3,would she,3,made you,3,no major,3
say not,3,language basics,3,care would,3,and when,3,a liquidity,3
yet to,3,do i,3,but not,3,us to,3,not as,3
see whether,3,one sentence,3,her answer,3,only if,3,or you,3
feel calm,3,she ll,3,the big,3,a problem,3,irreversible moves,3
of a,3,country city,3,you choose,3,about it,3,matter to,3
something you,3,checklist and,3,so she,3,both is,3,you most,3
trap you,3,the question,3,the question,3,and more,3,follow up,3
without drama,3,safety net,3,and hers,3,to my,3,that i,3
slow the,3,months of,3,makes you,3,not to,3,a one,3
even a,3,for complex,3,ask if,3,and no,3,stay no,3
it up,3,her your,3,activities not,3,choosing a,3,stays warm,3
a vasectomy,3,hard to,3,not centered,3,say yes,3,clear boundaries,3
or make,3,on what,3,centered on,3,a clean,3,gifts loans,3
to learn,3,evacuation coverage,3,medical summary,3,pressure without,3,a genuine,3
children how,3,you are,3,tell her,3,but i,3,be honest,3
and repair,3,and long,3,so i,3,one of,3,you craft,3
are there,3,visa residency,3,you long,3,can use,3,the more,3
timeline money,3,can you,3,there s,3,in stages,3,a rare,3
d have,3,partner what,3,move to,3,stages so,3,rare opportunity,3
s hard,3,how will,3,routine costs,3,so i,3,a permanent,3
the end,3,what are,3,private hospital,3,we didn,3,routine life,3
get sick,3,alignment talks,3,or back,3,stalling the,3,your fear,3
three months,3,decision gate,3,back home,3,to take,3,a decision,3
a couple,3,t know,3,get there,3,it so,3,evacuation liquidity,3
couple of,3,to understand,3,routine care,3,can still,3,do it,3
plan what,3,care about,3,evacuation repatriation,3,you become,3,s more,3
a midpoint,3,it about,3,price international,3,for yourself,3,treat it,3
basic language,3,imagine we,3,major medical,3,the middle,3,it goes,3
you get,3,one or,3,based on,3,middle path,3,risk is,3
one page,3,or two,3,cost of,3,after months,3,is how,3
re asking,2,about years,3,of living,3,feel more,3,able to,3
the goal,2,from now,3,this can,3,important is,3,money housing,3
t to,2,together what,3,and keep,3,her i,3,test a,3
it it,2,sound like,3,keep it,3,a short,3,no not,3
s to,2,to prove,3,there and,3,calm with,3,the other,3
t know,2,prove love,3,about your,3,her answer,3,ask do,3
know yet,2,t a,3,can create,3,try to,3,bring it,3
communicate well,2,and calm,3,one complex,3,guilt pressure,3,without being,3
you function,2,re scared,3,term and,3,had a,3,as the,3
under routine,2,irreversible steps,3,family if,3,it to,3,hard conversations,3
routine stress,2,practical incentive,3,a crisis,3,options would,3,too deep,3
and money,2,be fair,3,i have,3,a decision,3,end of,3
money decisions,2,are not,3,that the,3,is marriage,3,before the,3
travel time,2,exit options,3,vs too,3,trial is,3,in week,3
time is,2,life is,3,your autonomy,3,three months,3,becomes your,3
ten weeks,2,so we,3,this doesn,3,drift into,3,force asset,3
s still,2,we don,3,conflict and,3,you arrive,3,asset sales,3
still early,2,ask what,3,think in,3,least recurring,3,mentioned children,3
early for,2,in my,3,boundaries and,3,and we,3,check ins,3
relocation a,2,plan where,3,forks kids,3,a one,3,stable means,3
framing you,2,that structure,3,money visa,3,see that,3,trial split,3
to explore,2,the danger,3,can i,3,your main,3,children vasectomy,3
she hasn,2,aligned with,3,years what,3,funded emergency,3,where complex,3
hasn t,2,the evidence,3,you think,3,timeline is,3,care happens,3
motives are,2,driven the,3,what worries,3,have the,3,fooling yourself,3
a direct,2,m choosing,3,worries you,3,a credible,3,naming the,2
conversation and,2,you seriously,3,obligations aging,3,no conditions,3,relationship that,2
invite specificity,2,this in,3,or punishment,3,with the,2,and b,2
in what,2,would require,3,you know,3,your feelings,2,b a,2
hoping i,2,am i,3,her behavior,3,family is,2,dependent language,2
life emotionally,2,sell home,3,patterns like,3,ve tested,2,language healthcare,2
emotionally practically,2,months would,3,can become,3,tested ordinary,2,a clear,2
would a,2,to maintain,3,agreement that,3,and community,2,relationship decision,2
a respectful,2,t what,3,to talk,3,cross cultural,2,can i,2
respectful separation,2,kids aging,3,she doesn,3,cultural and,2,thrive there,2
separation look,2,what country,3,s willing,3,year gap,2,strains or,2
timeline if,2,this protects,3,it becomes,3,goal isn,2,the least,2
that a,2,to run,3,relationship can,3,t believe,2,irreversible cost,2
day what,2,fund target,3,have to,3,believe it,2,not proof,2
you how,2,is often,3,not this,3,s real,2,daily contact,2
does your,2,mean to,3,the only,3,name the,2,over months,2
family view,2,you she,3,choosing you,3,cross border,2,return visits,2
place on,2,time in,3,on a,3,can create,2,visits and,2
move reversible,2,in ordinary,3,next weeks,3,s never,2,she hasn,2
life test,2,didn t,3,model family,3,time in,2,hasn t,2
months live,2,without making,3,expectations about,3,or how,2,asked for,2
not as,2,how important,3,in work,3,years you,2,you socially,2
you work,2,important is,3,extend trial,3,while she,2,to fake,2
work your,2,it what,3,base or,3,s that,2,matter a,2
she works,2,timeline what,3,would mean,3,it changes,2,she handles,2
have at,2,we re,3,health and,3,s likely,2,disappointment and,2
one planned,2,to family,3,require a,3,care needs,2,and her,2
week money,2,financial expectations,3,move is,3,her country,2,aging and,2
move all,2,a slide,3,to have,3,becomes your,2,the conversations,2
all assets,2,a true,3,irreversible step,3,and cultural,2,clarity you,2
independence and,2,true pilot,3,or just,3,or it,2,re planning,2
stay together,2,it reversible,3,an exit,3,if things,2,life a,2
independence your,2,weekly activity,3,pressure is,3,years alone,2,and expectations,2
shared property,2,early in,3,out of,3,warmth and,2,ask and,2
property purchases,2,your vasectomy,3,her but,3,can make,2,and answer,2
purchases no,2,on children,3,re most,3,mean don,2,answer in,2
large gifts,2,i see,3,know her,3,it they,2,marriage do,2
for shared,2,decision gates,3,cash logistics,3,key is,2,if no,2
only after,2,independence building,3,friends routines,3,no permanent,2,what role,2
ve lived,2,a complex,3,least one,3,trial phase,2,in our,2
lived normal,2,or separately,3,checkpoints on,3,next weeks,2,our decisions,2
together for,2,costs you,3,it in,3,concrete have,2,support if,2
with less,2,base don,3,good answer,3,does serious,2,didn t,2
and power,2,structure it,3,calm with,3,serious mean,2,from me,2
power imbalance,2,clear thinking,3,what serious,3,you marriage,2,b money,2
relationship by,2,least one,3,serious means,3,are your,2,protects both,2
a quiet,2,be genuine,2,once you,3,support her,2,money relocation,2
even with,2,weeks in,2,marriage or,3,stop working,2,happy to,2
feel safe,2,daily calls,2,it what,3,working or,2,we both,2
and decide,2,is meaningful,2,what we,3,how often,2,both agree,2
is often,2,but it,2,we have,3,s important,2,health aging,2
support to,2,we ve,2,s sincere,3,aging and,2,and dependency,2
to family,2,ve lived,2,to her,3,out loud,2,less mobile,2
or shared,2,lived the,2,any pressure,3,loud if,2,like here,2
a local,2,later even,2,hard conversations,3,you realistically,2,country later,2
and if,2,work out,2,it up,3,want your,2,it emotionally,2
aging and,2,name the,2,it would,3,life to,2,and financially,2
not pessimism,2,respect for,2,topics where,3,consider living,2,us can,2
respect for,2,you emotional,2,i respect,3,living part,2,style and,2
your current,2,routine compatibility,2,about what,3,in my,2,you handle,2
care you,2,you two,2,until you,3,if needed,2,like in,2
d want,2,jealousy boundaries,2,where home,3,or she,2,yellow flags,2
want if,2,age foreigner,2,home is,3,proof you,2,now or,2
decisions and,2,can quietly,2,the hard,3,ready to,2,guilt or,2
an expat,2,can change,2,marriage where,3,to relocate,2,or family,2
cost and,2,and aging,2,sunk cost,3,weeks minimum,2,to share,2
coverage for,2,happens if,2,be in,3,extended holiday,2,avoidance of,2
she is,2,stroke cancer,2,two weekly,3,holiday mode,2,of friends,2
for treatment,2,issues who,2,life there,3,feasible do,2,isolating you,2
practical rule,2,who pays,2,country eventually,3,normal routine,2,provider roles,2
t relocate,2,remote work,2,too deep,3,routine work,2,roles family,2
own life,2,abroad can,2,you set,3,errands budgeting,2,to feel,2
reduce dependency,2,financial entanglement,2,you treat,3,wider circle,2,risk checks,2
staged approach,2,she hasn,2,treat the,3,you function,2,checks a,2
no pressure,2,money moving,2,seeing you,3,an exit,2,that reduces,2
clear boundaries,2,shared costs,2,become dependent,3,move keep,2,think in,2
boundaries with,2,and expectations,2,misalignment on,3,the single,2,in reversible,2
red flags,2,motivations could,2,around money,3,single biggest,2,of her,2
you love,2,be love,2,boundary violations,3,to solve,2,consider a,2
from your,2,to leave,2,place and,3,that country,2,third party,2
visa realities,2,none of,2,if any,3,confirm visa,2,sessions with,2
resentment if,2,mean don,2,logistics to,3,visa type,2,a couples,2
you propose,2,move there,2,her as,3,you break,2,couples counselor,2
than permanent,2,with explicit,2,marriage expectations,3,can keep,2,in cross,2
chance thinking,2,conversations before,2,months so,3,keep a,2,is fine,2
to treat,2,not as,2,week minimum,3,can access,2,on marriage,2
treat this,2,as an,2,by naming,2,for flights,2,live long,2
as the,2,under stress,2,true and,2,living expenses,2,months reversible,2
the main,2,i live,2,what isn,2,expenses keep,2,rent your,2
i still,2,extended family,2,you into,2,is involved,2,place or,2
choose this,2,exclusive what,2,for money,2,becomes a,2,or have,2
prudence a,2,as cheating,2,a new,2,both sides,2,an exit,2
simple and,2,cheating how,2,person is,2,and aging,2,you spend,2
we ve,2,a dealbreaker,2,is still,2,conditions and,2,spend most,2
we agree,2,become less,2,sickness boredom,2,hospitals you,2,most nights,2
on kids,2,legal visa,2,to real,2,d actually,2,nights together,2
and financial,2,you consider,2,real friction,2,actually use,2,illness days,2
have an,2,part time,2,work tax,2,for major,2,your independent,2
a reversible,2,or is,2,not in,2,options if,2,stable and,2
supports a,2,conversations go,2,risk isn,2,your entire,2,there even,2
guilt pressure,2,go well,2,border relationships,2,life is,2,decide whether,2
next steps,2,or urgency,2,common failure,2,her the,2,cohabitation engagement,2
you keeping,2,you love,2,may have,2,to discuss,2,engagement marriage,2
conversations kids,2,love me,2,have more,2,discuss money,2,marriage or,2
money health,2,phase b,2,mobility she,2,money expectations,2,legal financial,2
and write,2,place you,2,two conversations,2,you meet,2,both can,2
her country,2,alone even,2,people avoid,2,she has,2,if things,2
create an,2,errands minor,2,re building,2,her own,2,well and,2
clear criteria,2,more of,2,relationship definition,2,own life,2,if they,2
criteria not,2,her life,2,definition timeline,2,and doesn,2,they don,2
insurance situation,2,just curated,2,timeline for,2,you as,2,a checklist,2
after years,2,curated introductions,2,if at,2,as her,2,to research,2
appetite for,2,under routine,2,you handle,2,her only,2,with professionals,2
life that,2,relocation if,2,hers and,2,not definitive,2,visa residency,2
that isn,2,consider a,2,b money,2,but they,2,and relationship,2
capable of,2,a move,2,will support,2,pressure to,2,insurance availability,2
and that,2,base if,2,not at,2,finances family,2,at your,2
and then,2,t ship,2,siblings now,2,ll see,2,access to,2
and isn,2,ship everything,2,now or,2,that require,2,what if,2
is evidence,2,that doesn,2,we separate,2,require you,2,to return,2
that something,2,truly want,2,s fair,2,to pay,2,home quickly,2
happening in,2,marriage for,2,this reveals,2,to isolate,2,a strong,2
and time,2,key is,2,children does,2,isolate you,2,rule don,2
relationship feel,2,seen the,2,want them,2,a useful,2,your only,2
feel more,2,conflict boredom,2,is time,2,relationship ended,2,question what,2
than it,2,romantic but,2,here is,2,ended kindly,2,what matters,2
fact that,2,by country,2,propose three,2,would moving,2,can work,2
feel alive,2,treat this,2,concrete future,2,have been,2,but the,2
again is,2,what changes,2,ask which,2,been a,2,stress points,2
the last,2,local care,2,which one,2,good life,2,from now,2
reduce the,2,international insurance,2,she expects,2,i choosing,2,now not,2
move closer,2,pre existing,2,treat relocation,2,choosing relief,2,power dynamics,2
you move,2,existing conditions,2,reversible experiment,2,relief from,2,can breed,2
you make,2,walk away,2,your best,2,from loneliness,2,breed resentment,2
relationship without,2,to relocate,2,emotionally and,2,be both,2,resentment on,2
something like,2,framed as,2,get clarity,2,re at,2,solve this,2
this carefully,2,beneficiaries medical,2,relationship expectations,2,at higher,2,this by,2
carefully a,2,advice on,2,tax residency,2,higher risk,2,it without,2
a longer,2,outside the,2,healthcare access,2,not romantic,2,without killing,2
longer trial,2,you still,2,months in,2,score each,2,killing the,2
living here,2,choose the,2,design it,2,we can,2,the romance,2
in normal,2,pace and,2,name with,2,can discuss,2,chance at,2
will tell,2,move i,2,realistic return,2,expectations about,2,at love,2
in it,2,lose her,2,work full,2,children are,2,it may,2
a normal,2,decision date,2,handle errands,2,visa healthcare,2,clouded judgment,2
re tired,2,decision process,2,with boredom,2,plan i,2,not cynicism,2
a disagreement,2,yellow red,2,track how,2,life together,2,cynicism it,2
time apart,2,red flags,2,calm vs,2,supports a,2,and reversibility,2
family in,2,living arrangements,2,months before,2,plan without,2,if this,2
that protect,2,her own,2,ve seen,2,pressure if,2,have been,2
these you,2,you become,2,both handle,2,real world,2,simple and,2
later if,2,repair and,2,family pressure,2,a safer,2,one for,2
increase trust,2,to marry,2,money decisions,2,what this,2,money roles,2
money expectations,2,marry fast,2,friends community,2,this could,2,for health,2
expectations family,2,for visa,2,non romantic,2,about us,2,trial review,2
t a,2,concrete next,2,that decide,2,my plan,2,maintain home,2
a quick,2,step plan,2,rules vary,2,plan is,2,mailing address,2
in my,2,one on,2,by country,2,living normally,2,return plan,2
be moving,2,with an,2,country these,2,ll review,2,your citizenship,2
moving this,2,a financial,2,to verify,2,how we,2,your remote,2
this fast,2,decide your,2,a local,2,can build,2,whether children,2
can i,2,that would,2,lets you,2,we both,2,children are,2
i get,2,would let,2,you stay,2,longer term,2,a tighter,2
choosing her,2,let me,2,stay long,2,two questions,2,alone then,2
her or,2,tailor this,2,plan what,2,country is,2,by itself,2
of those,2,country is,2,the legal,2,least which,2,feel alive,2
love they,2,she in,2,is allowed,2,region and,2,things at,2
they keep,2,is your,2,when do,2,and do,2,her you,2
trial with,2,in principle,2,you become,2,any legal,2,capacity for,2
for what,2,you know,2,will you,2,visa options,2,for attachment,2
yes not,2,those i,2,one or,2,deal breaker,2,can coexist,2
it turns,2,suggest a,2,you open,2,you answer,2,question becomes,2
without killing,2,residency pathways,2,matters more,2,you outline,2,becomes how,2
killing the,2,after years,2,pre existing,2,relocation visa,2,test what,2
the romance,2,years of,2,vs home,2,visa and,2,protecting the,2
home or,2,irrational it,2,safety net,2,set of,2,you it,2
then i,2,a sign,2,and restart,2,specific conversation,2,i slow,2
to have,2,that your,2,to funds,2,cultural context,2,ll lose,2
are meaningful,2,wasn t,2,separate accounts,2,re describing,2,testing whether,2
meaningful green,2,t the,2,protect the,2,because the,2,relationship can,2
declining money,2,real and,2,relationship from,2,feeling is,2,without the,2
is primarily,2,make a,2,from avoidable,2,and protect,2,it it,2
still need,2,feel alive,2,choose a,2,yourself what,2,strengthen it,2
family and,2,is and,2,a location,2,at once,2,it and,2
what her,2,is evidence,2,location where,2,and joy,2,m going,2
likely mean,2,done with,2,groups volunteering,2,found a,2,going to,2
pressure to,2,after a,2,enough of,2,daily video,2,we don,2
parents siblings,2,a painful,2,function independently,2,years of,2,it with,2
children marriage,2,won t,2,routines and,2,is high,2,two practical,2
ll live,2,later feel,2,for last,2,t lose,2,moves to,2
live long,2,in other,2,chance thinking,2,can protect,2,build an,2
understands what,2,be the,2,a classic,2,it by,2,an independent,2
year gap,2,may also,2,the future,2,t risk,2,only then,2
use these,2,the main,2,like proof,2,aliveness is,2,then do,2
it warm,2,aliveness into,2,is if,2,a sign,2,move first,2
so i,2,ve been,2,plan still,2,a day,2,out later,2
one at,2,time the,2,yellow flags,2,lets you,2,later the,2
what limits,2,losing the,2,red flags,2,should i,2,and makes,2
t realistically,2,or away,2,your situation,2,we make,2,makes it,2
support your,2,s both,2,explicit conversations,2,safely a,2,it harder,2
would that,2,s normal,2,supports a,2,is what,2,want this,2
help what,2,let the,2,phased trial,2,good long,2,this i,2
expect from,2,to honor,2,trial and,2,will usually,2,then we,2
answer what,2,a yes,2,story is,2,so we,2,re missing,2
family marriage,2,plan yes,2,consistent over,2,use a,2,me i,2
is marriage,2,yes i,2,you see,2,in you,2,and that,2
marriage important,2,to pursue,2,she handles,2,like in,2,build this,2
timeline feels,2,this seriously,2,need clarity,2,ask directly,2,we talk,2
feels right,2,going to,2,pressure to,2,marriage expectations,2,imagine marriage,2
family aging,2,in stages,2,plan red,2,expectations children,2,i get,2
do would,2,us that,2,escalating urgency,2,obligations what,2,get older,2
move with,2,your heart,2,prove you,2,move here,2,move permanently,2
my health,2,forward motion,2,that don,2,in her,2,but i,2
it what,2,independent of,2,can start,2,the point,2,still want,2
tests that,2,her this,2,one about,2,t to,2,a few,2
reality checks,2,you a,2,family children,2,see whether,2,home while,2
how decisions,2,a better,2,propose a,2,reality together,2,the full,2
notice whether,2,you raised,2,g months,2,something like,2,t know,2
say no,2,social life,2,months living,2,living there,2,ask them,2
avoid disagreements,2,life at,2,check in,2,in normal,2,them to,2
punishment or,2,only oxygen,2,if possible,2,working what,2,self respect,2
independence test,2,fund exit,2,define your,2,hard what,2,the aliveness,2
own friends,2,pick a,2,non negotiables,2,separate during,2,feel more,2
trust and,2,how people,2,negotiables write,2,trial if,2,or more,2
and emotional,2,expectations aging,2,write them,2,reacts with,2,more rushed,2
that protects,2,an ordinary,2,gifts loans,2,and one,2,afraid of,2
protects both,2,stay weeks,2,plan ability,2,one in,2,is good,2
move the,2,with routine,2,maintain health,2,rule for,2,from spark,2
not becoming,2,minor stress,2,health routines,2,t make,2,spark to,2
financially or,2,reversible commitments,2,one thing,2,permanent decision,2,not from,2
that usually,2,finances keep,2,need from,2,still in,2,pressure if,2
base or,2,for what,2,from you,2,that increase,2,ll tailor,2
or at,2,say something,2,country is,2,time together,2,concrete staged,2
property there,2,something like,2,healthcare realities,2,for two,2,she want,2
t co,2,up in,2,after a,2,because what,2,s her,2
co sign,2,in me,2,a long,2,what specifically,2,timeline for,2
someone else,2,healthy partner,2,weren t,2,her affection,2,you moving,2
contribute to,2,usually feel,2,stable and,2,whether children,2,the picture,2
to shared,2,feel safer,2,not trivial,2,are on,2,simple lifestyle,2
any major,2,a direct,2,people can,2,the table,2,money when,2
major financial,2,t need,2,too fast,2,without sounding,2,when offered,2
what to,2,this year,2,a verdict,2,sounding suspicious,2,are all,2
not sponsor,2,which is,2,life partner,2,the picture,2,all consistent,2
you day,2,this week,2,relocation is,2,money when,2,t eliminate,2
answer includes,2,m afraid,2,the feeling,2,when offered,2,the odds,2
pressure for,2,afraid of,2,real the,2,this as,2,of a,2
for quick,2,version of,2,answers to,2,are all,2,a purely,2
step propose,2,propose the,2,i mean,2,t prove,2,motive and,2
and routines,2,the staged,2,the top,2,reduce the,2,respect what,2
conversations about,2,romantic and,2,are ___,2,what it,2,what remains,2
health and,2,realistic relocation,2,not being,2,good faith,2,with good,2
your exit,2,relocation path,2,like this,2,financial help,2,out loud,2
intact if,2,path that,2,turns a,2,you offered,2,become pressure,2
draft the,2,keeps your,2,can evaluate,2,often correlates,2,pressure what,2
work setup,2,time what,2,from the,2,correlates with,2,t what,2
feel like,2,points to,2,can quietly,2,not always,2,suggests she,2
time your,2,what looks,2,a script,2,even with,2,adult life,2
the blanks,2,it matters,2,script you,2,in many,2,family closeness,2
with hope,2,she declined,2,she owes,2,and not,2,whether her,2
hope the,2,s one,2,owes you,2,you for,2,she personally,2
the antidote,2,a purely,2,two practical,2,children is,2,t ask,2
slower timeline,2,purely extractive,2,as i,2,real timeline,2,caregiving and,2
has her,2,extractive dynamic,2,this for,2,she expects,2,and aging,2
life work,2,it holds,2,for my,2,and long,2,plan without,2
work routines,2,have more,2,not i,2,aging health,2,yes how,2
routines friendships,2,and more,2,m doing,2,topics in,2,how important,2
urgency pressure,2,that make,2,real separate,2,your exact,2,culture what,2
framed as,2,harder to,2,leave without,2,blow up,2,you for,2
a test,2,ve moved,2,and see,2,if yes,2,your parents,2
test of,2,single trip,2,a healthy,2,timeline do,2,you hope,2
of love,2,hold onto,2,m serious,2,needs arise,2,hope for,2
you might,2,relationship becomes,2,serious about,2,help if,2,aging plan,2
might be,2,life if,2,this in,2,shared finances,2,imagine our,2
on both,2,there you,2,protects us,2,you two,2,country or,2
blind spots,2,by her,2,want a,2,m taking,2,or both,2
spending habits,2,regardless of,2,period living,2,taking us,2,and flexibility,2
timeline mismatch,2,her intentions,2,it will,2,understand what,2,to honor,2
may bring,2,intentions family,2,disappointment but,2,family money,2,keep finances,2
bring urgency,2,warmth and,2,you would,2,future i,2,separate you,2
urgency about,2,also mean,2,slow the,2,using me,2,without becoming,2
in english,2,obligations time,2,irreversible steps,2,me i,2,first year,2
these aren,2,goal is,2,this plan,2,trying to,2,same place,2
a future,2,but can,2,with rules,2,good relationships,2,not suspicion,2
what a,2,we align,2,something you,2,the reality,2,close to,2
like if,2,the predictable,2,no co,2,reality not,2,family can,2
i live,2,to have,2,work normal,2,timeline finances,2,and emotional,2
here what,2,can use,2,life together,2,near her,2,expectations not,2
we do,2,safety for,2,monthly check,2,family etc,2,must be,2
work hours,2,you try,2,working what,2,and it,2,be explicit,2
visiting your,2,try i,2,change this,2,without shame,2,a respectful,2
observe how,2,a fair,2,t yet,2,step trial,2,respectful way,2
she handles,2,green response,2,yet have,2,work your,2,together how,2
shows up,2,we ll,2,pressure if,2,each other,2,boundaries would,2
up in,2,and children,2,relationship ended,2,meet her,2,best next,2
t do,2,why love,2,is no,2,ordinary settings,2,move is,2
watch whether,2,love tradition,2,for either,2,relocation before,2,minor conflicts,2
need a,2,you you,2,you translate,2,major asset,2,family events,2
people in,2,the truth,2,translate this,2,asset purchases,2,question that,2
time in,2,i had,2,staged relocation,2,purchases no,2,s hard,2
whether her,2,country if,2,relocation plan,2,no shared,2,her if,2
t sell,2,family emergency,2,plan visa,2,two review,2,t risk,2
a long,2,handle it,2,so far,2,like if,2,or health,2
healthy partner,2,to think,2,money when,2,protects dignity,2,does that,2
may feel,2,protects the,2,when offered,2,a workable,2,that feel,2
disappointed but,2,you into,2,but they,2,becoming the,2,and commitment,2
but will,2,weeks you,2,indicators of,2,the default,2,does it,2
conversation that,2,work normal,2,a full,2,t escalate,2,it feel,2
ask this,2,handle chores,2,shared life,2,respond with,2,real if,2
where we,2,family and,2,most useful,2,s talk,2,consistent and,2
we live,2,in real,2,useful next,2,about what,2,to settle,2
ll tell,2,months rent,2,step is,2,practical reality,2,you give,2
either of,2,property don,2,can both,2,healthcare identify,2,whole life,2
practical way,2,merge accounts,2,ask and,2,insurance you,2,sense of,2
create two,2,accounts don,2,shared household,2,can actually,2,being with,2
facts what,2,financially beyond,2,your culture,2,at and,2,than a,2
she did,2,a pre,2,culture family,2,serious illness,2,your caution,2
she treats,2,pre agreed,2,family what,2,one thing,2,might be,2
treats others,2,commitments only,2,level of,2,with specifics,2,seeing what,2
is my,2,full year,2,siblings time,2,specifics timelines,2,what i,2
the story,2,stress family,2,lifestyle do,2,trial periods,2,is also,2
on it,2,many couples,2,us living,2,introduce reasonable,2,goal isn,2
given what,2,couples use,2,independence if,2,reasonable structure,2,t to,2
ve said,2,not necessarily,2,three scenarios,2,a verdict,2,to add,2
no irreversible,2,big purchases,2,split shared,2,t relocate,2,can show,2
family finances,2,pause and,2,shared costs,2,your answer,2,your work,2
conversation after,2,mutual decision,2,you pay,2,children yes,2,same person,2
repair if,2,sliding into,2,than the,2,yes no,2,person across,2
country whether,2,without anyone,2,marriage at,2,no unsure,2,happens when,2
in months,2,to one,2,at these,2,the likely,2,no to,2
vs years,2,the move,2,these aren,2,a tight,2,a request,2
years i,2,serious about,2,me is,2,list of,2,stable partner,2
set of,2,about us,2,family expect,2,to cover,2,partner can,2
that keeps,2,us i,2,it if,2,exactly what,2,consistency across,2
your future,2,any permanent,2,together if,2,a promising,2,across contexts,2
here means,2,responds with,2,is one,2,interest in,2,long solitude,2
two things,2,and teamwork,2,it didn,2,this isn,2,a warm,2
common in,2,children at,2,didn t,2,an act,2,counter move,2
or nothing,2,at this,2,family closeness,2,your caution,2,under longing,2
she respect,2,safeguards that,2,to family,2,caution is,2,to interpret,2
conflict family,2,often avoid,2,family can,2,want you,2,us what,2
no money,2,sustained curiosity,2,see them,2,alone you,2,your friends,2
timeline would,2,curiosity about,2,a parent,2,consistency over,2,worry about,2
would she,2,your real,2,what role,2,no or,2,a sign,2
she still,2,questions and,2,are there,2,conflict family,2,can also,2
choose me,2,and keep,2,there any,2,giving attention,2,a fast,2
most honest,2,of trust,2,stress test,2,early a,2,care about,2
most people,2,but you,2,relationship in,2,warm and,2,still need,2
in love,2,re also,2,in normal,2,when the,2,alignment on,2
love you,2,right that,2,you working,2,are low,2,resentment or,2
a slower,2,your mind,2,full days,2,low the,2,or an,2
slower pace,2,especially after,2,a budget,2,i won,2,a routine,2
no selling,2,t to,2,track spending,2,trial i,2,and power,2
selling home,2,her it,2,repair not,2,separate at,2,asking the,2
maintain financial,2,s to,2,more predictive,2,at first,2,the biggest,2
supports it,2,how it,2,predictive than,2,marriage family,2,you move,2
she stays,2,feels to,2,stay months,2,wants partnership,2,can change,2
is real,2,expectations about,2,no irreversible,2,most reliable,2,family interface,2
real these,2,chemistry and,2,after the,2,do the,2,pressure and,2
these steps,2,on character,2,without asking,2,after the,2,you respect,2
to fake,2,compatibility is,2,from being,2,t need,2,under stress,2
to sustain,2,is still,2,to hold,2,do need,2,travel hiccup,2
after conflict,2,what relocation,2,a strong,2,time she,2,a budget,2
family members,2,do her,2,love and,2,that feels,2,budget constraint,2
options that,2,remain consistent,2,same time,2,boundaries not,2,constraint a,2
risk asymmetries,2,her values,2,gap the,2,not as,2,a minor,2
as proof,2,or deflect,2,goal isn,2,can she,2,minor illness,2
a resource,2,yet without,2,mixed motives,2,name what,2,a team,2
openly discussed,2,without punishing,2,a hard,2,say that,2,move a,2
name it,2,as i,2,legality healthcare,2,a lot,2,a mutual,2
it without,2,on a,2,re noticing,2,lot can,2,large financial,2
men and,2,a permanent,2,shows up,2,is acceptable,2,entanglements for,2
you think,2,money or,2,consistency over,2,ways to,2,sincere and,2
people assume,2,or make,2,re also,2,shows up,2,may not,2
me and,2,make big,2,as proof,2,like what,2,ll usually,2
partner usually,2,withdrawal or,2,is mutual,2,this doesn,2,keeps you,2
anger or,2,on purpose,2,and power,2,work how,2,in writing,2
safeguards that,2,work a,2,t trap,2,person can,2,would still,2
year no,2,a small,2,evidence for,2,can answer,2,weren t,2
no property,2,settings not,2,first you,2,shared reality,2,this reduces,2
big transfers,2,her real,2,tends to,2,the best,2,the chance,2
legal immigration,2,real world,2,can hide,2,designed to,2,becomes the,2
your support,2,a couple,2,happens after,2,already have,2,the evidence,2
support system,2,friends not,2,reality tests,2,weeks in,2,evidence if,2
check ins,2,see her,2,more of,2,life time,2,conversation script,2
partnership she,2,people around,2,a the,2,dealing with,2,script and,2
ll usually,2,around her,2,repair test,2,a team,2,concrete month,2
for each,2,with one,2,one real,2,team when,2,visa status,2
just curated,2,on rescue,2,family involvement,2,boring inconvenient,2,and health,2
curated moments,2,questions to,2,decision not,2,inconvenient or,2,relationship a,2
re at,2,responsible if,2,just feelings,2,for your,2,test you,2
trying to,2,leads to,2,on purpose,2,consistent when,2,with what,2
evaluate it,2,s good,2,during your,2,busy or,2,for each,2
relationship stays,2,or you,2,your next,2,slow structured,2,the stereotype,2
life if,2,not to,2,next visit,2,early she,2,mind reading,2
you open,2,to see,2,most days,2,she doesn,2,can distort,2
re thinking,2,say when,2,whether the,2,expat community,2,motives and,2
about whether,2,live here,2,and logistics,2,pattern of,2,health trajectory,2
now it,2,live how,2,c the,2,to prove,2,changes the,2
when the,2,we split,2,life that,2,prove love,2,the long,2
older partner,2,much time,2,her friends,2,there anything,2,more than,2
partner is,2,like in,2,and family,2,me because,2,than the,2
the predictable,2,would disappoint,2,she treats,2,might not,2,short term,2
life while,2,you most,2,can hold,2,not move,2,family duty,2
what if,2,stay vague,2,boundary test,2,move if,2,without anyone,2
need help,2,can usually,2,one evening,2,know it,2,we building,2
relationship it,2,specific even,2,relocation decisions,2,it asked,2,and bounded,2
you willing,2,after each,2,healthy response,2,this often,2,wants a,2
the possibility,2,she did,2,response disappointment,2,often surfaces,2,and can,2
no can,2,did how,2,checklist for,2,surfaces the,2,by security,2
she truly,2,she handled,2,after calls,2,children family,2,commitment depends,2
a moral,2,handled stress,2,time or,2,family duty,2,what counts,2
b caregiving,2,stress money,2,or more,2,marriage i,2,counts as,2
a hard,2,money moments,2,the connection,2,tailor the,2,evidence for,2
at what,2,pace not,2,not okay,2,evidence in,2,stays consistent,2
hired help,2,end the,2,me when,2,ways that,2,consistent when,2
moving near,2,relationship what,2,something is,2,hard to,2,no threats,2
not asking,2,to protect,2,it just,2,the stereotype,2,she accepts,2
up to,2,is for,2,and patience,2,points to,2,escalating demands,2
a nurse,2,that invites,2,at a,2,and dependency,2,work time,2
nurse you,2,you emotionally,2,like financially,2,to verify,2,topics kids,2
you fund,2,while keeping,2,needed help,2,verify the,2,now prove,2
paid help,2,a conclusion,2,timeline feels,2,structure if,2,you propose,2
die first,2,honest without,2,months and,2,and watch,2,pattern of,2
safe without,2,about this,2,separate respectfully,2,watch the,2,even small,2
dependence and,2,as good,2,feel secure,2,the response,2,small ones,2
and her,2,integration into,2,me without,2,finances during,2,ones that,2
from being,2,other s,2,a stronger,2,trial explicit,2,that ramp,2
social life,2,the other,2,your judgment,2,explicit talks,2,discomfort with,2
may want,2,it costs,2,a two,2,talks about,2,punishment for,2
each have,2,respects your,2,two track,2,a mutual,2,your role,2
life to,2,would actually,2,track plan,2,partner typically,2,without insulting,2
plan b,2,religion culture,2,track a,2,version of,2,insulting her,2
caregiving boundaries,2,time how,2,living period,2,without accusing,2,direct but,2
hire out,2,dependency social,2,finances separate,2,yourself and,2,because they,2
location and,2,healthcare costs,2,a return,2,ask her,2,timeline test,2
be okay,2,is protective,2,a specific,2,her what,2,children how,2
respect both,2,not accusatory,2,s good,2,lose your,2,is it,2
guilt or,2,boundary test,2,without letting,2,judgment from,2,it what,2
identify what,2,propose a,2,stereotypes as,2,from others,2,t happen,2
what coverage,2,no rushed,2,mutual and,2,older partner,2,norms what,2
emergency plan,2,she collaborates,2,not your,2,costly signals,2,does partner,2
plan who,2,life look,2,i expect,2,fake over,2,sponsor mean,2
be treated,2,with family,2,expect to,2,no to,2,mean in,2
beneficiary plan,2,toward your,2,to observe,2,to money,2,expenses what,2
and children,2,siblings if,2,observe if,2,life not,2,my country,2
family without,2,partners can,2,look for,2,she shows,2,is if,2
no unsure,2,performers tend,2,costly signals,2,hard realities,2,years the,2
open to,2,time do,2,and consistency,2,have one,2,not the,2
to raise,2,ordinary family,2,are harder,2,declining money,2,s whether,2
them without,2,repair quality,2,escalation pressure,2,pressure is,2,real world,2
without making,2,than it,2,okay with,2,the clearest,2,and watch,2
making it,2,no irreversible,2,boundary respect,2,gap itself,2,hold a,2
choice and,2,stay that,2,say not,2,gap couples,2,a boundary,2
let that,2,protects you,2,yet to,2,the thing,2,e g,2
made in,2,money is,2,moving money,2,that is,2,method and,2
cultural expectations,2,declining money,2,stays warm,2,is happening,2,not only,2
like in,2,relocation often,2,her story,2,one trusted,2,rushes to,2
ll need,2,to evaluate,2,assets or,2,spend time,2,keep home,2
family pressure,2,a shared,2,not suspicion,2,decision rule,2,base and,2
pressure guilt,2,s fair,2,reality checks,2,rule that,2,and healthcare,2
treating her,2,fair and,2,the money,2,that keeps,2,day life,2
a credible,2,family help,2,money boundary,2,you honest,2,avoidable damage,2
plan is,2,under what,2,give loan,2,irreversible moves,2,keep you,2
ll handle,2,emergency requests,2,loan significant,2,life trial,2,she were,2
it because,2,requests pause,2,significant money,2,expectations explicit,2,were and,2
leave without,2,relationship that,2,or buy,2,assets or,2,were would,2
stability status,2,avoid property,2,buy property,2,until the,2,still feel,2
what caregiving,2,home if,2,proportional shared,2,under routine,2,feel fair,2
like not,2,you get,2,shared expenses,2,and boundaries,2,fair and,2
t punish,2,your residency,2,later if,2,especially around,2,it exposes,2
becoming a,2,you dependent,2,and collaborative,2,that specific,2,pick one,2
protect her,2,based evidence,2,guilt anger,2,feels good,2,person or,2
her freedom,2,stronger not,2,the timeline,2,s whether,2,a counselor,2
so she,2,fail because,2,i won,2,probability of,2,with cross,2
love and,2,later what,2,can tolerate,2,need for,2,cultural couples,2
is your,2,to change,2,where to,2,she feels,2,and share,2
care if,2,over years,2,repair accountability,2,too early,2,expectations you,2
by choice,2,get sick,2,and return,2,is that,2,to protect,2
choice not,2,what the,2,it you,2,not pessimism,2,suggest the,2
this reduces,2,be treated,2,because of,2,best case,2,add and,2
resentment risk,2,identity and,2,we protect,2,case you,2,you script,2
like i,2,money in,2,protect what,2,travel and,2,script the,2
i respect,2,years you,2,marriage immigration,2,medical needs,2,conversation in,2
respect you,2,and purpose,2,marriage expected,2,major event,2,s clear,2
to a,2,relationship still,2,obligations what,2,happens to,2,sounding suspicious,2
expected to,2,and emotionally,2,often looks,2,housing money,2,you two,2
professional care,2,she expect,2,things in,2,immigration status,2,can build,2
is by,2,s when,2,alone this,2,only works,2,stays fair,2
not because,2,may still,2,makes me,2,plan the,2,show up,2
how do,2,not guaranteed,2,pre mortem,2,the conversations,2,health and,2
then ask,2,expectations around,2,i moved,2,not fully,2,tend to,2
ask what,2,assumptions a,2,likely caused,2,slide into,2,could become,2
what kind,2,not in,2,caused it,2,work what,2,a caregiver,2
kind of,2,over a,2,it then,2,happen would,2,while still,2
caregiving would,2,fairness look,2,now outside,2,me to,2,in her,2
do and,2,case example,2,outside calibration,2,s no,2,and function,2
much if,2,hire help,2,grounded friends,2,life in,2,are more,2
parents needed,2,professional care,2,friends not,2,country if,2,if unspoken,2
needed care,2,we return,2,not cynics,2,children this,2,stability and,2
care at,2,for care,2,cynics and,2,as you,2,she is,2
time what,2,what legal,2,share facts,2,you age,2,likely to,2
with that,2,we change,2,they d,2,medical decision,2,housing and,2
you afford,2,change the,2,d want,2,from becoming,2,gap becomes,2
under your,2,without defensiveness,2,before a,2,so she,2,a problem,2
your control,2,avoidance that,2,a move,2,simple fairness,2,the non,2
wrong to,2,not vibes,2,is your,2,you might,2,neither of,2
explicit discussion,2,get a,2,most informative,2,this what,2,need more,2
funded plan,2,t pessimism,2,can do,2,feel trapped,2,single biggest,2
and protect,2,pessimism it,2,do is,2,if either,2,border age,2
it truly,2,run the,2,stays stable,2,plan what,2,specialist care,2
a fair,2,a dedicated,2,stable over,2,do next,2,long rehab,2
share the,2,dedicated care,2,does affection,2,children caregiving,2,level of,2
one of,2,care fund,2,affection remain,2,a written,2,is reasonable,2
infrastructure that,2,non negotiables,2,remain when,2,either of,2,her what,2
only bridge,2,rely on,2,re busy,2,and c,2,you fund,2
even good,2,to where,2,financial expectations,2,you turn,2,fund so,2
good relationships,2,especially cross,2,increasing urgency,2,turn this,2,so she,2
goal is,2,emergency access,2,urgency as,2,tailored to,2,she isn,2
to build,2,than the,2,as commitment,2,to that,2,you protect,2
t move,2,she still,2,weeks explicit,2,you share,2,you plan,2
months if,2,this if,2,shared chores,2,choose you,2,the likely,2
if possible,2,capable does,2,family time,2,ask and,2,i love,2
your primary,2,is part,2,then month,2,s willing,2,pulled into,2
buying property,2,partner in,2,consider permanent,2,be with,2,and protect,2
property early,2,is time,2,story this,2,health decline,2,when i,2
independence on,2,a workable,2,love with,2,what kind,2,healthcare where,2
on purpose,2,love and,2,with practical,2,she could,2,we live,2
do these,2,money later,2,on both,2,hands on,2,on daily,2
a medical,2,only romance,2,both sides,2,if needs,2,daily care,2
or via,2,insurance situation,2,you stability,2,medical and,2,budget for,2
she sees,2,turn the,2,and my,2,t let,2,for paid,2
you maintain,2,in writing,2,to design,2,s her,2,help whether,2
maintain regular,2,honest answer,2,pressure vs,2,or family,2,she d,2
a non,2,answer is,2,vs patience,2,to have,2,do if,2
a complete,2,is you,2,marriage are,2,i may,2,during a,2
trial only,2,you should,2,questions and,2,may need,2,or not,2
your relationship,2,to become,2,that fits,2,plan where,2,she respects,2
more dependent,2,become an,2,healthcare constraints,2,re choosing,2,talks and,2
dependent you,2,an unspoken,2,constraints you,2,still include,2,repair is,2
to become,2,caregiving is,2,now but,2,with paid,2,with your,2
you for,2,failure mode,2,but what,2,would your,2,country healthcare,2
this a,2,and later,2,what the,2,cultural expectations,2,healthcare access,2
your concern,2,her into,2,the age,2,expectations if,2,recognition of,2
language basics,2,s no,2,your health,2,would a,2,partner spouse,2
a routine,2,expectations a,2,is likely,2,it real,2,test ask,2
non her,2,makes it,2,likely to,2,a dedicated,2,for and,2
only then,2,it hard,2,earlier and,2,country medical,2,time if,2
then consider,2,hard for,2,may still,2,major care,2,t be,2
longer term,2,say no,2,caregiving and,2,she were,2,healthcare visa,2
term visa,2,with good,2,and dependency,2,the core,2,points and,2
visa residency,2,to choose,2,a caregiver,2,core issue,2,her choice,2
decide what,2,her choice,2,me to,2,power and,2,s an,2
will not,2,your responsibility,2,assisted living,2,life even,2,unfair to,2
given your,2,can decide,2,options and,2,your social,2,to assume,2
such as,2,decide without,2,d live,2,your autonomy,2,older partner,2
reliable healthcare,2,make your,2,t become,2,bridge to,2,for me,2
a return,2,marriage or,2,money timelines,2,everything that,2,what kind,2
per year,2,or on,2,you realistically,2,you lean,2,of care,2
relationship ended,2,so neither,2,to stop,2,more planning,2,care would,2
answer is,2,to frame,2,what changes,2,faster than,2,we plan,2
not ready,2,frame it,2,later life,2,than you,2,will provide,2
move if,2,is that,2,can pay,2,an independence,2,for years,2
ve described,2,need daily,2,pay for,2,identify one,2,obligations without,2
the real,2,and or,2,partner becomes,2,hospital you,2,from the,2
cross border,2,where care,2,the other,2,use do,2,even a,2
is what,2,lose your,2,her career,2,community join,2,a sincere,2
decision into,2,life then,2,children the,2,recurring groups,2,sincere partner,2
your risk,2,then ask,2,fork in,2,groups you,2,dependency you,2
risk profile,2,does that,2,the road,2,banking basics,2,rely on,2
a complex,2,culture family,2,practically to,2,of move,2,her ability,2
regional hub,2,feel fair,2,genuinely accept,2,months there,2,t do,2
any of,2,you alone,2,accept that,2,for months,2,care plan,2
things to,2,x then,2,or is,2,connected to,2,m asking,2
explore with,2,facility care,2,this needs,2,to children,2,that means,2
pre existing,2,medical decision,2,what success,2,and doctors,2,evacuation plan,2
existing conditions,2,too if,2,like in,2,you build,2,for serious,2
access to,2,realistic health,2,couples the,2,only then,2,serious illness,2
crisis fund,2,insurance and,2,care money,2,have at,2,best care,2
fund and,2,and clarity,2,money and,2,least one,2,medical decision,2
major event,2,clarity on,2,earmarked for,2,friends activities,2,partner and,2
ring fence,2,t fund,2,life support,2,for emergencies,2,default caregiver,2
months of,2,fund paid,2,support so,2,d visit,2,caregiving limits,2
plus a,2,care then,2,become the,2,you get,2,be okay,2
t rely,2,to her,2,partner isn,2,get sick,2,okay with,2
rely on,2,exactly what,2,alignment or,2,who you,2,you consider,2
care reliability,2,re trying,2,or clear,2,and an,2,her future,2
to home,2,bottom line,2,clear boundaries,2,there and,2,without guilt,2
plan where,2,later if,2,for years,2,and that,2,needed to,2
would live,2,and which,2,where do,2,be okay,2,do next,2
live on,2,constraints you,2,where is,2,ready for,2,tell her,2
your medical,2,relationships can,2,care delivered,2,base plan,2,want you,2
middle path,2,medical navigator,2,not predicting,2,re thinking,2,to become,2
live near,2,the core,2,re testing,2,event if,2,become my,2
or in,2,her if,2,term care,2,major medical,2,my caregiver,2
you trust,2,with no,2,insurance if,2,covers major,2,caregiver by,2
decision you,2,t about,2,of attorney,2,that includes,2,by default,2
can move,2,s about,2,what kind,2,a defined,2,price real,2
relocation until,2,than move,2,kind of,2,before deciding,2,that country,2
is solved,2,versions of,2,fair for,2,a medical,2,country if,2
a crisis,2,one reputable,2,you then,2,cash for,2,is likely,2
relationship if,2,reputable hospital,2,yourself what,2,help and,2,care access,2
it could,2,hospital near,2,financially and,2,of living,2,moving without,2
neither of,2,portable medical,2,it fair,2,with healthcare,2,without language,2
concrete next,2,insurance that,2,me her,2,healthcare due,2,relationship into,2
international health,2,that actually,2,are desired,2,trial visit,2,single point,2
on your,2,join one,2,turn this,2,work and,2,point of,2
and ensure,2,expat local,2,be fair,2,are handled,2,of failure,2
for hours,2,learn survival,2,you won,2,the one,2,bad but,2
it feels,2,survival language,2,now and,2,ll feel,2,but because,2
frames it,2,banking sim,2,later the,2,there a,2,d be,2
your internal,2,and any,2,the odds,2,let you,2,problem not,2
feeling alive,2,s busy,2,you assume,2,remote income,2,translator social,2
attachment and,2,for full,2,you plan,2,visa tax,2,you resentment,2
your expectations,2,children friends,2,as my,2,is too,2,on both,2
not fully,2,relationship without,2,my care,2,access and,2,both sides,2
especially children,2,months there,2,and still,2,you pursue,2,to leave,2
children at,2,relocation rent,2,a paid,2,without making,2,the question,2
this can,2,and healthcare,2,paid professional,2,country plus,2,you relocate,2
supporting parents,2,if feasible,2,you fund,2,any major,2,entire infrastructure,2
the issue,2,stress test,2,removes the,2,most common,2,extended trial,2
relationships and,2,your next,2,with concrete,2,evidence based,2,base period,2
said it,2,errands alone,2,say something,2,and compatibility,2,the year,2
it plainly,2,one medical,2,aware that,2,repeated long,2,with work,2
care may,2,a short,2,that in,2,over months,2,keep a,2
be less,2,partner who,2,need help,2,social integration,2,a home,2
less reliable,2,wants partner,2,m planning,2,is at,2,base option,2
immigration tax,2,not dependent,2,do daily,2,to friends,2,option until,2
may not,2,weeks ordinary,2,if serious,2,not sponsor,2,independence stack,2
soon do,2,and independent,2,serious illness,2,is real,2,a medical,2
you handle,2,independent routines,2,illness occurs,2,that matter,2,your medical,2
losing the,2,then consider,2,if care,2,language and,2,insurance that,2
b what,2,stay with,2,care needs,2,healthcare tail,2,age and,2
up for,2,only if,2,needs rise,2,risk you,2,and understand,2
t pessimism,2,and for,2,together but,2,already see,2,for emergencies,2
c what,2,for it,2,be i,2,see the,2,language and,2
me but,2,friends language,2,should be,2,isolation risk,2,and daily,2
how much,2,s solid,2,power dynamics,2,or resentment,2,language plan,2
decision making,2,re considering,2,it stays,2,longevity of,2,through her,2
she have,2,what moving,2,she has,2,likely not,2,can meet,2
building a,2,moving would,2,created by,2,the questions,2,meet without,2
your visa,2,selling home,2,by you,2,that prevent,2,expat group,2
loss of,2,home vs,2,t do,2,strongly what,2,one practical,2
this matters,2,keeping it,2,maintain a,2,if children,2,and legal,2
to children,2,you draft,2,t rely,2,or don,2,have independent,2
to proceed,2,ve said,2,rely on,2,plan we,2,protect your,2
move to,2,cheap routine,2,her a,2,your parent,2,your relationship,2
base and,2,lower cost,2,becomes dependent,2,a crisis,2,it to,2
and exit,2,routine care,2,practical steps,2,expect a,2,her as,2
down what,2,care quality,2,that make,2,financial commitments,2,i move,2
you agree,2,a regional,2,ring fence,2,a monthly,2,move i,2
evacuation repatriation,2,regional medical,2,a dedicated,2,monthly budget,2,my own,2
s your,2,medical hub,2,care insurance,2,explicit consent,2,to your,2
a final,2,sell assets,2,plan care,2,help later,2,is staged,2
reality check,2,that covers,2,of home,2,stay my,2,how long,2
you answer,2,scenario you,2,can access,2,my partner,2,simple decision,2
we fight,2,looking for,2,who can,2,not my,2,can access,2
i had,2,international health,2,make decisions,2,my nurse,2,have at,2
could i,2,medical evacuation,2,health finances,2,a test,2,a small,2
conversation prompts,2,be very,2,reduce the,2,test of,2,life i,2
fits your,2,are in,2,turns into,2,we separate,2,and legally,2
it about,2,out of,2,a written,2,separate respectfully,2,and community,2
lead with,2,you her,2,on care,2,your biggest,2,the one,2
step and,2,of living,2,will be,2,biggest structural,2,one bad,2
answer the,2,living expenses,2,she isn,2,serious medical,2,bad year,2
why i,2,expenses if,2,fair and,2,what is,2,be built,2
the tone,2,care pathway,2,you share,2,when do,2,catastrophic coverage,2
you option,2,for emergencies,2,items to,2,we fly,2,and clear,2
a warm,2,a major,2,entire life,2,care your,2,that a,2
and direct,2,major medical,2,for both,2,scarcity thinking,2,assets under,2
understand what,2,would force,2,a primary,2,thinking if,2,under pressure,2
me that,2,a home,2,i function,2,i see,2,need a,2
what we,2,until the,2,function there,2,see it,2,for months,2
we re,2,or cross,2,move now,2,the main,2,plus a,2
of life,2,from your,2,the love,2,not that,2,and protects,2
you but,2,medical financial,2,love isn,2,before the,2,becoming the,2
want me,2,financial plan,2,t real,2,medical financial,2,until your,2
me as,2,if x,2,real but,2,to include,2,done a,2
good answer,2,is one,2,the structure,2,routine not,2,for complex,2
re listening,2,things you,2,your infrastructure,2,legal financial,2,abroad can,2
listening for,2,can do,2,to handle,2,merging if,2,care and,2
reliability shared,2,extended stays,2,serious care,2,options to,2,hope it,2
with little,2,g months,2,can handle,2,verify insurance,2,it won,2
avoidance or,2,build language,2,her if,2,a suggested,2,the structure,2
or anger,2,stay only,2,down a,2,conversations you,2,there months,2
and respect,2,near her,2,a staged,2,and because,2,months home,2
up questions,2,care destination,2,that reduces,2,partner can,2,home to,2
questions that,2,regional hub,2,reduces risk,2,frames that,2,do not,2
that keep,2,medical issue,2,rent independently,2,is this,2,or take,2
your worries,2,here s,2,home base,2,about money,2,take on,2
worries about,2,s the,2,t catastrophic,2,money visa,2,on obligations,2
an older,2,d move,2,can function,2,seriously i,2,you in,2
move there,2,most common,2,consider a,2,in me,2,near the,2
admire about,2,in that,2,concrete steps,2,a calm,2,major medical,2
you then,2,when offered,2,her gym,2,calm moment,2,while keeping,2
of saying,2,the risk,2,year if,2,i ask,2,keeping your,2
for how,2,risk of,2,the dependency,2,you something,2,relocation if,2
stable and,2,thinking clearly,2,her this,2,understand you,2,country you,2
transparency and,2,yourself that,2,to build,2,it about,2,d move,2
t matter,2,in daily,2,build my,2,our life,2,to and,2
matter much,2,of support,2,my own,2,or not,2,what looks,2
mix it,2,after relocation,2,that means,2,and planning,2,based on,2
respects a,2,not romantic,2,of care,2,not suspicion,2,weeks in,2
plan no,2,healthcare tail,2,you learn,2,ask the,2,multiple visits,2
immediate marriage,2,event can,2,not to,2,listen for,2,children your,2
money stays,2,can force,2,options to,2,security with,2,introductions to,2
stays calm,2,force panic,2,if full,2,urgency to,2,to friends,2
to say,2,asset sales,2,third place,2,to lock,2,declined money,2
become the,2,not theoretical,2,expat infrastructure,2,boundaries caregiving,2,a sponsor,2
and start,2,risk is,2,then decide,2,it signals,2,feeling alive,2
after commitment,2,are the,2,d move,2,asking because,2,when hurt,2
you start,2,sensitive at,2,children i,2,to me,2,marriage whether,2
her if,2,marriage why,2,trial move,2,of us,2,she doesn,2
finances separate,2,expect if,2,plan with,2,hidden expectations,2,language barrier,2
would the,2,plan paid,2,afford the,2,can tailor,2,socially and,2
later would,2,authority if,2,you build,2,true and,2,a high,2
her you,2,do your,2,plan insurance,2,question isn,2,high stakes,2
boundaries how,2,ensure you,2,care from,2,choosing you,2,aliveness is,2
without turning,2,you both,2,international major,2,you with,2,her vs,2
say i,2,to proceed,2,repatriation coverage,2,to marry,2,yourself you,2
that i,2,that answers,2,crisis fund,2,c your,2,that usually,2
be honest,2,talks money,2,but be,2,can tolerate,2,a painful,2
a sincere,2,some time,2,crisis liquidity,2,when both,2,marriage if,2
financial commitments,2,keep assets,2,liquidity buffer,2,can name,2,in numbers,2
commitments early,2,risk plan,2,that is,2,steps trial,2,numbers and,2
love from,2,defined emergency,2,care location,2,asset merging,2,them how,2
watch what,2,reality check,2,depends on,2,prove it,2,as help,2
happens when,2,from here,2,medication plan,2,marriage relocation,2,an emergency,2
slow things,2,judge her,2,best local,2,to talk,2,good relationship,2
things down,2,the actual,2,it during,2,that being,2,where would,2
steady when,2,s choosing,2,only when,2,want us,2,illness and,2
the practical,2,good sign,2,i had,2,you love,2,need complex,2
likely not,2,re aligned,2,had a,2,that would,2,you having,2
out is,2,aligned on,2,i know,2,make the,2,kids the,2
the quiet,2,gives her,2,where i,2,the simplest,2,evidence to,2
the danger,2,her a,2,how i,2,finances and,2,seriously and,2
danger is,2,a chance,2,can keep,2,and independence,2,to invest,2
this may,2,chance to,2,as the,2,is solid,2,but not,2
to decide,2,is i,2,single point,2,in it,2,enough to,2
not this,2,serious and,2,point of,2,the kind,2,justify an,2
this then,2,understand you,2,of failure,2,return to,2,an irreversible,2
then what,2,plan well,2,failure what,2,if not,2,that makes,2
all in,2,well and,2,and b,2,a forced,2,dependent the,2
there are,2,love you,2,region i,2,your exits,2,s fake,2
staged reversible,2,with what,2,menu of,2,saying yes,2,most honest,2
extended time,2,and invite,2,risk you,2,the pressure,2,illness aging,2
financial entanglement,2,script you,2,visits is,2,g months,2,checklist for,2
honest with,2,can i,2,steady job,2,and tell,2,move you,2
not making,2,you something,2,job simple,2,this seriously,2,you should,2
never meet,2,i care,2,simple life,2,friends and,2,re hoping,2
version of,2,and because,2,life introduced,2,it ends,2,hoping for,2
relationship to,2,me that,2,introduced you,2,can return,2,a cross,2
all at,2,future with,2,declined money,2,children you,2,or resentment,2
so you,2,of life,2,is genuinely,2,going slower,2,she actually,2
decision rule,2,life do,2,can work,2,a careful,2,you make,2
is still,2,we build,2,the cost,2,something important,2,make irreversible,2
long distance,2,and let,2,outcomes that,2,one sentence,2,pick a,2
re afraid,2,let her,2,t be,2,t become,2,a calm,2
is running,2,she answers,2,ordinary life,2,want regarding,2,calm moment,2
solve insurance,2,yours and,2,life compatibility,2,can propose,2,moment not,2
pressure you,2,for me,2,stress conflict,2,staged timeline,2,not during,2
again that,2,i value,2,what partner,2,stay split,2,during conflict,2
this or,2,you is,2,partner means,2,fits your,2,to me,2
this and,2,it into,2,are time,2,constraints and,2,about me,2
not i,2,focused what,2,by the,2,chance pressure,2,me that,2
love again,2,about our,2,language social,2,without stalling,2,especially with,2
that we,2,our age,2,navigation healthcare,2,thinking is,2,and respect,2
both feel,2,age difference,2,complex event,2,s distortion,2,you about,2
choosing partnership,2,years from,2,event could,2,uncertainty into,2,us i,2
what irreversible,2,now what,2,asset liquidation,2,honest recognition,2,about and,2
would mean,2,if my,2,probability of,2,your timeline,2,you think,2
up healthcare,2,my health,2,vs what,2,timeline and,2,soon would,2
healthcare eligibility,2,health changes,2,children do,2,reality based,2,non insulting,2
eligibility i,2,changes later,2,timeline if,2,like it,2,green flag,2
path that,2,treat her,2,expected by,2,it sounds,2,moments not,2
i must,2,her how,2,medical event,2,sounds like,2,about the,2
decide now,2,hard topics,2,a regional,2,now i,2,willingness to,2
questions and,2,avoidance of,2,hub or,2,it produces,2,to go,2
in real,2,time to,2,in my,2,hard questions,2,deal breakers,2
ask if,2,your relationship,2,my country,2,questions i,2,is exactly,2
does the,2,name something,2,and consent,2,avoidance of,2,asking because,2
everything if,2,children money,2,caregiving expectations,2,to a,2,to get,2
yes that,2,questions it,2,at what,2,her is,2,get a,2
s realism,2,for irreversible,2,i build,2,to reality,2,build on,2
there while,2,steps if,2,my entire,2,children money,2,re thinking,2
time living,2,re thinking,2,life here,2,insist on,2,are purely,2
time if,2,respectful and,2,grow if,2,the risk,2,and life,2
about my,2,culturally sensitive,2,i move,2,she might,2,she influenced,2
pushes you,2,might be,2,move what,2,risk that,2,influenced by,2
your core,2,is there,2,when we,2,chance is,2,s how,2
be brave,2,there any,2,withdraw pursue,2,is pushing,2,about it,2
prudent it,2,would the,2,like to,2,pushing you,2,a healthy,2
it might,2,as it,2,without cynicism,2,give up,2,respects boundaries,2
urgency or,2,separate genuine,2,in predictions,2,financial safety,2,that prevent,2
selling assets,2,can genuinely,2,s solid,2,a quick,2,work when,2
a one,2,genuinely love,2,tolerate a,2,my relationship,2,under routine,2
it you,2,and feel,2,money timeline,2,relationship with,2,routine and,2
re likely,2,t matter,2,instrumental you,2,your case,2,only if,2
re most,2,she respects,2,vagueness on,2,a rule,2,marry now,2
you navigate,2,and pacing,2,on key,2,your current,2,discuss money,2
marriage shared,2,pacing even,2,key forks,2,you design,2,the benefits,2
assets giving,2,practical benefits,2,pressure when,2,you your,2,then the,2
warm heart,2,benefits are,2,you slow,2,problem with,2,motive is,2
hard edges,2,are delayed,2,path forward,2,decide what,2,a threat,2
autonomy with,2,you keep,2,reversible steps,2,you won,2,life how,2
s what,2,tied to,2,marriage timeline,2,t freeze,2,to evaluate,2
with yourself,2,you loved,2,period months,2,the calendar,2,plan trial,2
have explicit,2,loved me,2,loans property,2,of trial,2,move marriage,2
you build,2,reversible steps,2,before permanence,2,or more,2,and engaged,2
build independent,2,warm when,2,would happen,2,self deception,2,delayed the,2
independent routines,2,most useful,2,3x week,2,will we,2,and autonomy,2
and contacts,2,stays healthy,2,with your,2,protect against,2,large gifts,2
yet no,2,is trapped,2,a if,2,or evacuation,2,build independent,2
property marriage,2,major assets,2,you decline,2,basic language,2,friends language,2
move until,2,buy keep,2,still make,2,good sign,2,practical things,2
until healthcare,2,burn bridges,2,make sense,2,love tends,2,things matter,2
base return,2,is real,2,sense if,2,that captures,2,pressure or,2
so the,2,us to,2,it should,2,can tell,2,practical hopes,2
m also,2,be honest,2,it still,2,neither of,2,would feel,2
can function,2,us is,2,me your,2,feel calm,2,honest about,2
and not,2,that feels,2,healthcare options,2,t a,2,together and,2
she didn,2,protects us,2,moving countries,2,follow up,2,bottom line,2
many people,2,most important,2,or resentment,2,be sincere,2,with eyes,2
steady and,2,lived in,2,her the,2,decisions are,2,eyes open,2
is also,2,emotional commitment,2,name the,2,specific moments,2,the way,2
to evaluate,2,to rush,2,why you,2,for concrete,2,staged commitments,2
an interrogation,2,set your,2,ask you,2,concrete examples,2,short respectful,2
have i,2,in it,2,you something,2,social pressure,2,in it,2
calm with,2,it at,2,i care,2,how soon,2,like a,2
did you,2,intent is,2,care about,2,timeline feels,2,way through,2
a serious,2,to drift,2,to understand,2,real test,2,but to,2
have of,2,danger isn,2,understand what,2,treat this,2,the decision,2
feel okay,2,health visa,2,about me,2,you set,2,a structured,2
can also,2,wouldn t,2,let her,2,without guilt,2,sequence that,2
m choosing,2,the alternative,2,sounding like,2,or pressure,2,not this,2
choosing you,2,scarcity thinking,2,day what,2,her and,2,this then,2
you because,2,the wrong,2,needs do,2,you craft,2,then what,2
and aging,2,it often,2,you what,2,craft the,2,right now,2
proof it,2,pursue it,2,that i,2,conversation so,2,now then,2
s true,2,while also,2,yet what,2,t try,2,finances and,2
as something,2,to scarcity,2,being with,2,the possibility,2,a sane,2
d expect,2,pressure even,2,older man,2,you know,2,t mean,2
you treated,2,in on,2,tell you,2,ask for,2,the correct,2
time money,2,not making,2,choose you,2,could be,2,vulnerable and,2
use the,2,moves until,2,just you,2,boundary i,2,relationship you,2
affect you,2,protects your,2,her what,2,to keep,2,the whole,2
s something,2,that reduces,2,life goals,2,and can,2,to avoid,2
tend to,2,decision horizon,2,with no,2,pressure or,2,avoid the,2
test the,2,one week,2,ask this,2,a family,2,option set,2
base you,2,base or,2,this you,2,any of,2,lose her,2
not you,2,making her,2,t love,2,week this,2,several months,2
guilt urgency,2,strengthen friendships,2,your resources,2,tolerate careful,2,build language,2
not an,2,friendships health,2,trying to,2,outcome a,2,relationship on,2
stay steady,2,weekly social,2,and not,2,yes if,2,your task,2
decisions get,2,fear driven,2,make assumptions,2,a core,2,task is,2
aim for,2,question to,2,now than,2,to pursue,2,and c,2
next move,2,that cuts,2,one more,2,pursue options,2,clean way,2
she reacts,2,cuts through,2,more question,2,reversal ivf,2,pressure a,2
that will,2,i still,2,write your,2,with limits,2,set a,2
afraid to,2,to tell,2,at you,2,seriousness and,2,selling major,2
bring it,2,move permanently,2,can ask,2,before we,2,major assets,2
up because,2,chance is,2,want paste,2,a future,2,ve had,2
change everything,2,to justify,2,words and,2,haven t,2,on kids,2
her that,2,to sound,2,you separate,2,i had,2,her from,2
time matters,2,when something,2,security citizenship,2,years ago,2,must say,2
the conversation,2,value and,2,conditional affection,2,from you,2,going back,2
fertility it,2,this kind,2,whether love,2,let her,2,it in,2
it will,2,of urgency,2,love is,2,have you,2,clear timeline,2
a threat,2,alone forever,2,otherwise you,2,that fear,2,to decide,2
most is,2,it because,2,can end,2,children no,2,a the,2
asking what,2,before i,2,naming it,2,no yes,2,soon she,2
make her,2,more data,2,dynamics and,2,yes unsure,2,she hopes,2
her answer,2,re in,2,she becomes,2,unsure and,2,hopes you,2
sperm retrieval,2,is likely,2,may feel,2,wording and,2,ll move,2
no guarantees,2,options it,2,that stays,2,re avoiding,2,with specific,2
d consider,2,s more,2,without making,2,means if,2,and go,2
go well,2,evidence in,2,making it,2,of financial,2,go criteria,2
how should,2,change my,2,and possibly,2,financial support,2,distortion it,2
should we,2,incompatibility on,2,in life,2,housing and,2,s honest,2
mean to,2,you but,2,i just,2,what visa,2,based when,2
what moving,2,your urgency,2,so neither,2,home for,2,when the,2
my country,2,move now,2,neither of,2,care what,2,is specific,2
needed to,2,building language,2,legal status,2,want the,2,are real,2
how often,2,healthcare visa,2,and more,2,you had,2,signs it,2
expectations around,2,not buy,2,matters and,2,gender roles,2,test not,2
how we,2,buy no,2,love you,2,in principle,2,s distortion,2
strongly what,2,t sever,2,that preserves,2,relocation by,2,and be,2
silent treatment,2,sever home,2,timelines what,2,by inertia,2,hard questions,2
expectations for,2,then i,2,you moving,2,reasonable if,2,sell assets,2
a way,2,you design,2,moving fast,2,you treat,2,ll figure,2
way that,2,least regret,2,she avoids,2,not an,2,based urgency,2
a short,2,middle path,2,trial structure,2,in advance,2,stay split,2
a three,2,caution it,2,to decide,2,a path,2,only one,2
can become,2,move forward,2,many people,2,too deep,2,now if,2
you arrive,2,progressive commitment,2,consider marriage,2,your vasectomy,2,can still,2
re there,2,that are,2,a boundaries,2,for everything,2,am i,2
the calendar,2,make irreversible,2,this then,2,you let,2,pushing you,2
healthcare plan,2,situation that,2,then what,2,force you,2,you toward,2
what felt,2,that typically,2,have less,2,gate non,2,write two,2
any resentments,2,something real,2,for endless,2,not we,2,most regret,2
resentments forming,2,certainty you,2,drift into,2,no large,2,regret in,2
drama rule,2,here you,2,of isolation,2,large gifts,2,move fast,2
is if,2,can get,2,are a,2,no property,2,regret is,2
own accommodation,2,guardrail against,2,to us,2,property purchases,2,her but,2
not seeing,2,against excessive,2,m also,2,t create,2,to loneliness,2
children issue,2,t drift,2,process that,2,clinic you,2,you into,2
issue is,2,home ties,2,data a,2,insurance coverage,2,language isolation,2
the blind,2,stays consistent,2,decision rule,2,her logistics,2,care risk,2
blind spot,2,consistent over,2,rule that,2,logistics you,2,medical financial,2
out without,2,she supports,2,that breaks,2,treated as,2,is covered,2
her in,2,can build,2,i do,2,separate and,2,one sentence,2
be underestimating,2,down if,2,your kids,2,she responds,2,country whether,2
re embedded,2,feel isolated,2,kids and,2,you draft,2,you avoid,2
isolation dependence,2,t be,2,and friends,2,one page,2,time together,2
without language,2,be made,2,for at,2,agreement you,2,routine workdays,2
can quietly,2,this without,2,least the,2,re most,2,medical plan,2
during the,2,schedule one,2,first year,2,most likely,2,no property,2
absorb a,2,one call,2,time boxed,2,thing you,2,property purchase,2
ll figure,2,stay as,2,stuck in,2,it ask,2,review dates,2
figure it,2,next decision,2,that respects,2,that no,2,at months,2
it out,2,target if,2,respects time,2,without an,2,months we,2
international insurance,2,me the,2,talks children,2,an explicit,2,we assess,2
d go,2,turn this,2,mode not,2,and healthcare,2,aren t,2
go for,2,calm with,2,independent housing,2,even good,2,no timeline,2
wouldn t,2,t become,2,decision checkpoint,2,and see,2,life is,2
even without,2,conversations define,2,fast and,2,or subtly,2,add one,2
the first,2,does serious,2,stability or,2,plan or,2,one external,2
vasectomy marriage,2,serious mean,2,or i,2,it make,2,trusted friend,2
norms and,2,living together,2,to test,2,see if,2,friend who,2
weeks not,2,marriage timeline,2,test it,2,t tolerate,2,the purpose,2
here s,2,after that,2,move would,2,ll help,2,timeline she,2
be undervaluing,2,she stays,2,selling your,2,without turning,2,months and,2
cost you,2,t just,2,home giving,2,into an,2,it is,2
the only,2,another visit,2,giving up,2,bond because,2,these conversations,2
take the,2,re right,2,up local,2,long visits,2,good answer,2
with guardrails,2,warning sign,2,local healthcare,2,meeting her,2,answer and,2
vasectomy conversation,2,but not,2,ll help,2,her circle,2,good sign,2
they ll,2,costly signals,2,that specific,2,money are,2,are common,2
want i,2,signals that,2,s reality,2,caution that,2,people who,2
i see,2,boundaries money,2,reality based,2,trial in,2,something like,2
enough to,2,her behavior,2,usually sounds,2,independence language,2,expect a,2
clear thinking,2,a calm,2,sounds like,2,date near,2,partner to,2
of contacts,2,week what,2,to this,2,main risk,2,helping family,2
first weeks,2,t feel,2,exact situation,2,risk is,2,timeline do,2
children your,2,likely to,2,her i,2,turn into,2,for that,2
vasectomy and,2,own bias,2,to tell,2,week children,2,supports you,2
any permanent,2,is true,2,re in,2,vasectomy does,2,or vagueness,2
emergency buffer,2,one question,2,you state,2,what options,2,say not,2
you more,2,question that,2,your last,2,consider if,2,script for,2
ve seen,2,you or,2,over the,2,marriage expected,2,without turning,2
review questions,2,be hard,2,even a,2,base intact,2,it into,2
fooling yourself,2,d keep,2,but it,2,a date,2,re right,2
healthcare tail,2,avoid it,2,it make,2,decide one,2,answer isn,2
conversations early,2,to both,2,scarcity response,2,extend trial,2,t proof,2
t wait,2,to raise,2,response i,2,trial split,2,proof of,2
wait for,2,and she,2,we do,2,credible plan,2,manipulation and,2
sick there,2,is fine,2,ve been,2,a funded,2,not through,2
should mean,2,seriously i,2,it into,2,the clear,2,warm respectful,2
sure to,2,know yet,2,one way,2,clear move,2,to stay,2
red flag,2,you then,2,way door,2,move is,2,things that,2
working that,2,says she,2,use a,2,a basic,2,own blind,2
asking the,1,this a,2,autonomy there,2,recurring activities,2,blind spots,2
right questions,1,then you,2,friends healthcare,2,fooling yourself,2,two conversations,2
questions the,1,what that,2,mind honest,2,decisions or,2,conversations so,2
goal isn,1,at if,2,a viable,2,your exit,2,a very,2
talk you,1,she doesn,2,one question,2,explicit answer,2,the longer,2
you out,1,it not,2,in two,2,answer from,2,longer it,2
of it,1,pressures you,2,two years,2,when money,2,and timelines,2
sure the,1,cost if,2,re willing,2,relocation planning,2,timelines why,2
step is,1,me whether,2,s time,2,your no,2,why you,2
is testable,1,you would,2,marriage i,2,conditions you,2,to bring,2
testable reversible,1,would want,2,a slow,2,start with,1,it up,2
reversible and,1,the conversations,2,slow yes,2,two truths,1,after you,2
and information,1,children how,2,with certainty,2,truths that,1,relocate or,2
information rich,1,we can,2,process where,2,can coexist,1,it simple,2
rich rather,1,would your,2,loans gifts,2,coexist your,1,haven t,2
a leap,1,close to,2,gifts property,2,feelings are,1,i had,2
leap driven,1,family is,2,risk plan,2,are meaningful,1,a vasectomy,2
driven by,1,live near,2,insurance evac,2,meaningful data,1,years ago,2
by loneliness,1,we make,2,independence plan,2,data daily,1,reversal ivf,2
loneliness or,1,are we,2,plan language,2,contact repeated,1,know what,2
or last,1,like for,2,study your,2,repeated visits,1,step is,2
chance urgency,1,try living,2,a boundary,2,meeting friends,1,consult a,2
urgency what,1,s our,2,test detects,2,is more,1,age trajectory,2
can and,1,re most,2,one firm,2,more substantial,1,children you,2
yet what,1,most likely,2,bureaucracy and,2,substantial than,1,it ends,2
you likely,1,avoiding because,2,and at,2,a vacation,1,open to,2
likely know,1,can end,2,one hard,2,vacation fling,1,parenting again,2
know you,1,family financial,2,hard conversation,2,fling your,1,can force,2
have genuine,1,it could,2,watch repair,2,your information,1,later ask,2
genuine chemistry,1,three month,2,put decision,2,information is,1,s okay,2
chemistry you,1,living here,2,decision checkpoints,2,still incomplete,1,are your,2
you communicate,1,increase information,2,finances this,2,incomplete relationships,1,roles and,2
well she,1,information more,2,are and,2,relationships often,1,to provide,2
she behaves,1,it increases,2,critical areas,2,often feel,1,you fear,2
behaves consistently,1,family s,2,funded insured,2,feel most,1,fear being,2
consistently she,1,finances or,2,to choose,2,most certain,1,and caregiving,2
she isn,1,rent your,2,the one,2,certain before,1,parents now,2
t immediately,1,own place,2,one sentence,2,life conflict,1,now and,2
immediately extracting,1,build independent,2,us and,2,conflict finances,1,and later,2
extracting money,1,before or,2,going to,2,finances illness,1,like you,2
s integrating,1,support boundaries,2,re real,2,illness boredom,1,respectfully housing,2
integrating you,1,and when,2,legal healthcare,2,boredom and,1,re embedded,2
you socially,1,plan partner,2,because it,2,community pressure,1,a couple,2
socially friends,1,if any,2,harder to,2,pressure especially,1,back home,2
yet how,1,better to,2,of it,2,especially cross,1,home for,2
function together,1,you invest,2,family will,2,and with,1,have these,2
together under,1,to answer,2,judgment what,2,gap so,1,these talks,2
stress illness,1,kids marriage,2,you be,2,believe vs,1,obligations aging,2
illness boredom,1,marriage money,2,be okay,2,vs don,1,aging healthcare,2
boredom conflict,1,pressure tactics,2,there in,2,s reduce,1,healthcare exit,2
decisions because,1,tactics major,2,normal work,2,reduce irreversible,1,let s,2
because travel,1,month stay,2,mode with,2,irreversible risk,1,three month,2
not normal,1,medical summary,2,plan so,2,risk while,1,a test,2
life ten,1,yes or,2,concretely and,2,learn what,1,trial is,2
weeks is,1,or no,2,you building,2,real name,1,clear end,2
meaningful but,1,no than,2,building independence,2,biggest risk,1,point you,2
a useful,1,than i,2,your exact,2,risk factors,1,you sell,2
useful framing,1,plan makes,2,question and,2,factors plainly,1,sell close,2
deciding move,1,dependency sunk,2,question is,2,plainly not,1,of what,2
move forever,1,would look,2,is especially,2,not accusations,1,you learn,2
forever you,1,pilot plan,2,to hear,2,accusations just,1,independent housing,2
re deciding,1,plan with,2,it means,2,just physics,1,language learning,2
deciding what,1,with clear,2,patterns not,2,physics these,1,the calendar,2
next experiment,1,family system,2,sincere you,2,are common,1,calendar now,2
experiment that,1,rule for,2,and stress,2,common failure,1,now week,2
that gives,1,blind spot,2,concrete examples,2,failure points,1,week logistics,2
gives us,1,t speak,2,you too,2,points in,1,week decision,2
us the,1,speak the,2,family healthcare,2,in cross,1,talks early,2
most truth,1,the language,2,that has,2,border age,1,the trip,2
truth at,1,and have,2,to separate,2,gap relationships,1,first weeks,2
the lowest,1,have no,2,independence language,2,relationships asymmetry,1,children including,2
lowest cost,1,network she,2,expectations and,2,asymmetry of,1,including your,2
cost the,1,becomes your,2,need her,2,of options,1,t drift,2
the motivations,1,medical event,2,good follow,2,options and,1,already too,2
motivations question,1,the real,2,you felt,2,and leverage,1,the end,2
question how,1,a liquid,2,does a,2,leverage you,1,three months,2
explore without,1,liquid emergency,2,a sincere,2,can likely,1,controlling behavior,2
accusing even,1,after the,2,protects you,2,likely leave,1,yes i,2
t asked,1,personal stop,2,move until,2,leave she,1,trial and,2
asked for,1,re sliding,2,weeks does,2,may have,1,for now,2
for money,1,city this,2,or does,2,have fewer,1,marriage expectations,2
money motivations,1,together or,2,but you,2,fewer options,1,we give,2
motivations can,1,separately i,2,minutes what,2,options that,1,give this,2
be mixed,1,the upside,2,did i,2,create unspoken,1,this the,2
mixed love,1,of daily,2,pressure any,2,unspoken expectations,1,best chance,2
love desire,1,caution costs,2,any avoidance,2,expectations support,1,healthcare risk,2
desire for,1,that caution,2,avoidance any,2,support housing,1,treating this,2
for stability,1,yes to,2,before relocation,2,housing family,1,check ask,2
stability social,1,to the,2,is whether,2,obligations even,1,trial then,2
social status,1,pilot with,2,are expectations,2,never asked,1,or in,2
status wish,1,in week,2,you when,2,asked for,1,own routines,2
wish for,1,then money,2,pace and,2,money time,1,or subtly,2
a family,1,the chance,2,the decision,2,person vs,1,work you,2
family wish,1,chance that,2,and structure,2,vs time,1,see what,2
wish to,1,write a,2,most afraid,2,time on,1,risk and,2
leave her,1,see as,2,up is,2,on screen,1,medical event,2
her current,1,in routine,2,wants biological,2,screen video,1,into an,2
current life,1,reversibility keep,2,there are,2,calls can,1,sunk cost,2
life constraints,1,one weekly,2,an honest,2,be intensely,1,cost momentum,2
constraints mixed,1,to sell,2,but i,2,intensely bonding,1,stop what,2
mixed motives,1,life or,2,respect you,2,bonding but,1,decision criteria,2
are normal,1,have the,2,a vasectomy,2,but don,1,expectation creep,2
normal hidden,1,conversations early,2,is i,2,fully show,1,my independence,2
hidden motives,1,visa expectations,2,s possible,2,show daily,1,ever mentioned,2
risk have,1,expectations and,2,what each,2,daily habits,1,risk it,2
direct calm,1,gates to,2,how strongly,2,habits anger,1,commitment not,2
calm conversation,1,to defeat,2,no children,2,anger style,1,caution that,2
and invite,1,defeat sunk,2,to discuss,2,style spending,1,caution looks,2
specificity what,1,after months,2,and confirm,2,spending style,1,conversations that,2
does a,1,continue stop,2,it gets,2,style reliability,1,vasectomy your,2
good life,1,fooling yourself,2,a urologist,2,reliability under,1,willingness limits,2
life look,1,by default,2,if relevant,2,under stress,1,limits marriage,2
you in,1,options you,2,fertility clinic,2,stress sexual,1,the months,2
years in,1,care default,2,for real,2,sexual compatibility,1,base year,2
i provide,1,write your,2,about not,2,compatibility over,1,planning or,2
provide in,1,define the,2,reversal ivf,2,both handle,1,children explicitly,2
practically financially,1,what worked,2,you craft,2,handle disappointment,1,most likely,2
financially if,1,worked what,2,daily contact,2,disappointment age,1,clear thinking,2
moved here,1,what didn,2,the topics,2,age trajectory,1,health plan,2
here and,1,what must,2,just more,2,trajectory mismatch,1,evidence and,2
it didn,1,must change,2,would hurt,2,mismatch in,1,is expected,2
work what,1,ll live,2,why it,2,be while,1,expected and,2
like do,1,your personal,2,what options,2,not inherently,1,boundaries on,2
no is,1,each week,2,can feel,2,inherently bad,1,medical needs,2
a firm,1,what felt,2,come with,2,bad but,1,work how,2
firm no,1,re feeling,1,your world,2,relationship s,1,you separate,2
no how,1,feeling can,1,term money,2,likely job,1,separate respectfully,2
handle money,1,be incomplete,1,vs proportional,2,job description,1,to generate,2
money day,1,incomplete data,1,proportional vs,2,description care,1,generate real,2
what feels,1,data ten,1,vs provider,2,needs energy,1,real evidence,2
feels fair,1,ten weeks,1,spending style,2,energy social,1,start language,2
fair to,1,person plus,1,boundaries no,2,life libido,1,medical risk,2
view a,1,plus daily,1,s normal,2,libido medical,1,you permanently,2
who is,1,calls is,1,can we,2,medical access,1,buffer so,2
is older,1,meaningful but,1,the hidden,2,access resentment,1,so a,2
older and,1,yet we,1,hidden contract,2,risk relocation,1,crisis doesn,2
and foreign,1,the ordinary,1,expectations whether,2,relocation amplifies,1,sales or,2
foreign what,1,together boredom,1,family system,2,amplifies dependency,1,or make,2
expectations might,1,boredom conflict,1,aging caregiving,2,dependency and,1,this you,2
might they,1,conflict illness,1,clarify what,2,and isolation,1,are not,2
they place,1,illness logistics,1,not do,2,isolation if,1,there without,2
on me,1,logistics family,1,you will,2,move to,1,disclose the,2
me watch,1,family pressure,1,own life,2,country she,1,the guardrails,2
for clarity,1,pressure money,1,her vs,2,your primary,1,ticket fixed,2
clarity and,1,money stress,1,happens if,2,primary social,1,fixed end,2
and steadiness,1,stress your,1,structure and,2,social anchor,1,date keep,2
steadiness not,1,your job,1,let s,2,anchor and,1,serious means,2
not perfect,1,job now,1,how decisions,2,cultural interpreter,1,default where,2
perfect answers,1,now is,1,and clear,2,interpreter that,1,happens whether,2
answers make,1,to convert,1,avoiding the,2,be wonderful,1,whether either,2
reversible a,1,convert a,1,force you,2,wonderful or,1,for medical,2
good decision,1,a romantic,1,you most,2,can quietly,1,week money,2
decision path,1,romantic narrative,1,hard talks,2,quietly trap,1,practice conflict,2
path here,1,narrative into,1,live long,2,trap you,1,if talks,2
is steps,1,decision you,1,asking because,2,things sour,1,talks go,2
steps that,1,can defend,1,major life,2,sour last,1,risk plan,2
be undone,1,defend later,1,of these,2,chance cognitive,1,one page,2
undone stage,1,out name,1,a three,2,cognitive pressure,1,your routines,2
stage a,1,biggest risks,1,three month,2,pressure after,1,start by,1
a extended,1,risks without,1,i might,2,alone the,1,by naming,1
extended real,1,without assuming,1,trial you,2,the brain,1,real decision,1
test months,1,assuming the,1,can actually,2,brain can,1,decision you,1
live in,1,the worst,1,independence and,2,can treat,1,not deciding,1
her city,1,worst a,1,housing ideally,2,treat warmth,1,deciding is,1
city as,1,clear eyed,1,place you,2,and attachment,1,she wonderful,1
as normally,1,eyed view,1,no property,2,attachment like,1,wonderful you,1
normally as,1,view isn,1,class cowork,2,a scarce,1,re deciding,1
as possible,1,t cynicism,1,cowork volunteer,2,scarce resource,1,deciding whether,1
possible not,1,cynicism it,1,re evaluating,2,resource that,1,whether to,1
a tourist,1,s respect,1,t feel,2,make move,1,to rebuild,1
tourist you,1,emotional relational,1,are we,2,now feel,1,rebuild your,1
your usual,1,relational risks,1,big forks,2,feel urgent,1,entire life,1
usual schedule,1,risks compressed,1,hard topics,2,urgent when,1,life around,1
schedule she,1,compressed intimacy,1,timeline week,2,s actually,1,around a,1
works hers,1,intimacy travel,1,decision extend,2,actually optional,1,a a,1
hers do,1,travel time,1,trial shift,2,optional none,1,is still,1
do ordinary,1,and reunions,1,shift to,2,these mean,1,still early,1
ordinary things,1,reunions create,1,to dual,2,they mean,1,in shared,1
things groceries,1,create honeymoon,1,home and,2,it fast,1,shared daily,1
groceries budgeting,1,honeymoon intensity,1,it real,2,fast without,1,daily reality,1
budgeting commuting,1,intensity not,1,skip these,2,without guardrails,1,a setting,1
commuting chores,1,not routine,1,a liquid,2,guardrails a,1,setting where,1
chores sick,1,compatibility conflict,1,liquid emergency,2,staged decision,1,may become,1
sick days,1,style unknown,1,emergency reserve,2,decision plan,1,become progressively,1
days family,1,unknown how,1,i already,2,plan minimize,1,progressively more,1
family events,1,two handle,1,up so,2,minimize regret,1,more dependent,1
events boring,1,handle disappointment,1,or if,2,regret maximize,1,healthcare aging,1
boring weekends,1,disappointment jealousy,1,trial as,2,maximize learning,1,aging a,1
weekends have,1,boundaries anger,1,tailor the,2,learning think,1,clear frame,1
planned hard,1,anger and,1,her home,2,think in,1,frame relationship,1
hard conversation,1,repair power,1,home or,2,in phases,1,decision do,1
conversation per,1,power imbalance,1,you haven,2,phases with,1,we fit,1
per week,1,imbalance age,1,haven t,2,with explicit,1,fit in,1
money kids,1,status finances,1,you might,2,explicit pass,1,in ordinary,1
kids family,1,finances visa,1,surface it,2,pass fail,1,life conflict,1
health boundaries,1,visa dependence,1,financially what,2,fail criteria,1,and responsibility,1
boundaries do,1,dependence can,1,children she,2,criteria the,1,responsibility country,1
not sell,1,quietly distort,1,acceptable options,2,move until,1,country decision,1
sell your,1,distort consent,1,t show,2,ve run,1,decision can,1
home end,1,consent and,1,show up,2,realistic trial,1,i thrive,1
end your,1,and honesty,1,see it,2,phase a,1,there independently,1
your lease,1,honesty on,1,could become,2,a now,1,independently if,1
lease or,1,sides practical,1,with minimal,2,now next,1,relationship strains,1
or move,1,practical risks,1,minimal help,2,weeks alignment,1,or ends,1
assets yet,1,risks often,1,language tutor,2,alignment conversations,1,ends timing,1
yet stage,1,often what,1,tutor two,2,conversations non,1,timing decision,1
stage b,1,what breaks,1,lower routine,2,non romantic,1,decision how,1
b independence,1,breaks couples,1,complex medical,2,romantic concrete,1,to learn,1
boundaries while,1,couples residency,1,selling assets,2,have direct,1,learn the,1
while co,1,residency visa,1,private vs,2,direct talks,1,most with,1
co locating,1,visa fragility,1,vs regional,2,talks calmly,1,least irreversible,1
locating even,1,fragility your,1,hub vs,2,calmly not,1,cost what,1
together maintain,1,your ability,1,stop criteria,2,not interrogatively,1,can trust,1
maintain independence,1,term may,1,you go,2,interrogatively and,1,trust vs,1
own bank,1,may depend,1,silent treatment,2,and write,1,t yet,1
bank accounts,1,depend on,1,routine stress,2,write down,1,yet promising,1
accounts no,1,on rules,1,like harmony,2,down what,1,promising signals,1
no shared,1,rules that,1,a pilot,2,you each,1,signals not,1
gifts or,1,change healthcare,1,housing finances,2,each say,1,proof consistent,1
or loans,1,aging what,1,run two,2,say topics,1,consistent daily,1
loans a,1,a stroke,1,than a,2,topics relationship,1,contact over,1
clear monthly,1,cancer mobility,1,warm structure,2,relationship expectations,1,months multiple,1
monthly budget,1,mobility issues,1,and explicit,2,expectations what,1,multiple return,1
budget for,1,decides who,1,step if,2,to each,1,and longer,1
expenses stage,1,pays where,1,the months,2,marriage monogamy,1,longer stays,1
stage c,1,re treated,1,topics to,2,monogamy children,1,stays she,1
c only,1,treated isolation,1,the speed,2,children does,1,money she,1
after time,1,isolation remote,1,speed of,2,want them,1,s introduced,1
time passes,1,work abroad,1,are explicit,2,them timeline,1,introduced you,1
passes decide,1,can become,1,time i,2,your deal,1,socially harder,1
decide on,1,become socially,1,real and,2,breakers what,1,fake long,1
on long,1,socially thin,1,you reliant,2,are hers,1,term though,1
term immigration,1,thin loneliness,1,what clear,2,hers money,1,though still,1
immigration once,1,loneliness can,1,thinking looks,2,and lifestyle,1,still not,1
months you,1,can push,1,trial is,2,lifestyle must,1,not definitive,1
can evaluate,1,push you,1,property large,2,be explicit,1,definitive unknowns,1
evaluate long,1,to over,1,children question,2,explicit who,1,unknowns that,1
term visas,1,over invest,1,a funded,2,pays for,1,lot how,1
visas partnership,1,invest in,1,eventually aging,2,for what,1,handles stress,1
partnership options,1,relationship as,1,any of,2,what if,1,stress jealousy,1
options with,1,as your,1,honest move,2,there will,1,jealousy illness,1
less fantasy,1,only anchor,1,pilot with,2,you support,1,illness disappointment,1
fantasy and,1,anchor financial,1,mode keep,2,her her,1,and boredom,1
and more,1,entanglement even,1,your normal,2,her parents,1,boredom her,1
more data,1,t asked,1,language tutoring,2,parents siblings,1,her concrete,1
data money,1,asked for,1,the end,2,siblings any,1,concrete expectations,1
imbalance protect,1,moving increases,1,of months,2,any debts,1,expectations marriage,1
protect the,1,increases shared,1,as translator,2,debts if,1,kids housing,1
by clarifying,1,expectations motivation,1,translator handler,2,you stop,1,housing family,1
clarifying it,1,motivation risk,1,expectations are,2,or earn,1,obligations financial,1
it age,1,risk both,1,medical contingency,2,earn less,1,financial support,1
age foreigner,1,both directions,1,contingency plan,2,less what,1,support how,1
foreigner status,1,directions her,1,leaving feels,2,changes attitudes,1,ll feel,1
status income,1,her motivations,1,not fooling,2,attitudes toward,1,feel with,1
income differences,1,love stability,1,talks early,2,toward shared,1,with reduced,1
differences can,1,stability family,1,early and,2,accounts savings,1,reduced autonomy,1
can create,1,expectations desire,1,structure the,2,savings property,1,autonomy bureaucracy,1
create a,1,desire to,1,family care,2,property gifts,1,bureaucracy culture,1
quiet power,1,leave modest,1,week you,2,gifts remittances,1,culture fewer,1
imbalance even,1,modest circumstances,1,urologist fertility,2,remittances family,1,fewer peers,1
with good,1,circumstances curiosity,1,provider with,2,social expectations,1,peers fewer,1
good intentions,1,curiosity status,1,with limits,2,often will,1,fewer familiar,1
intentions a,1,status children,1,about support,2,family any,1,familiar supports,1
a structure,1,children often,1,aging sickness,2,any cultural,1,supports how,1
structure helps,1,often it,1,sickness plan,2,cultural obligations,1,she and,1
helps both,1,mix your,1,autonomy and,2,obligations are,1,family views,1
safe discuss,1,your motivations,1,most weekdays,2,you expected,1,views aging,1
discuss and,1,love companionship,1,activities that,2,expected to,1,and duty,1
decide cost,1,companionship fresh,1,are yours,2,to fund,1,duty when,1
cost sharing,1,fresh start,1,yours gym,2,fund ceremonies,1,re the,1
sharing proportionate,1,start fear,1,leave within,2,ceremonies home,1,conversations you,1
proportionate to,1,of aging,1,within hours,2,home repairs,1,need explicitly,1
to income,1,aging alone,1,hours if,2,repairs medical,1,explicitly soon,1
income is,1,alone and,1,an agreed,2,medical bills,1,soon aim,1
often fairest,1,and last,1,coercion around,2,bills conflict,1,aim for,1
fairest not,1,chance urgency,1,punishment behavior,2,style when,1,for calm,1
not necessarily,1,urgency often,1,independence healthcare,2,re upset,1,calm direct,1
necessarily support,1,often also,1,healthcare insurance,2,upset what,1,direct non,1
family whether,1,also a,1,plan remains,2,do how,1,non accusatory,1
whether any,1,mix none,1,remains unaffordable,2,want problems,1,accusatory clarity,1
any is,1,these mean,1,page trial,2,problems raised,1,not interrogating,1
is expected,1,it they,1,when emotions,2,raised what,1,interrogating you,1
expected and,1,they mean,1,trial charter,2,what happened,1,planning a,1
and hard,1,it fast,1,fork talks,2,happened in,1,a motivations,1
hard limits,1,fast replace,1,start by,1,your last,1,motivations and,1
limits gifts,1,replace move,1,naming what,1,last serious,1,expectations mutual,1
gifts major,1,there with,1,t right,1,serious relationship,1,mutual ask,1
major purchases,1,staged decision,1,now true,1,learn if,1,in plain,1
purchases thresholds,1,decision that,1,true you,1,if never,1,plain language,1
thresholds that,1,keeps options,1,ve built,1,never had,1,language what,1
that require,1,options open,1,built emotional,1,had one,1,serious relationship,1
require mutual,1,open think,1,emotional closeness,1,one that,1,relationship mean,1
mutual agreement,1,think in,1,closeness over,1,important too,1,you dating,1
agreement transparency,1,in phases,1,over repeated,1,too aging,1,dating exclusivity,1
transparency what,1,phases with,1,repeated contact,1,care say,1,exclusivity marriage,1
is comfortable,1,explicit gates,1,contact she,1,it out,1,timeline if,1
comfortable disclosing,1,gates this,1,s consistent,1,i develop,1,no is,1
disclosing income,1,this aligns,1,consistent she,1,develop health,1,that firm,1
income debt,1,aligns with,1,s integrated,1,health issues,1,firm how,1
debt obligations,1,with how,1,integrated you,1,issues later,1,handle money,1
obligations if,1,how reality,1,into parts,1,realistically want,1,money day,1
ever do,1,reality reveals,1,of her,1,to look,1,day what,1
do marriage,1,reveals itself,1,life she,1,like would,1,you what,1
marriage or,1,itself over,1,she hasn,1,country later,1,role would,1
assets consider,1,time phase,1,hasn t,1,later if,1,family have,1
local attorney,1,phase a,1,t asked,1,needed if,1,have in,1
attorney and,1,a next,1,asked for,1,these talks,1,decisions any,1
if applicable,1,next weeks,1,money you,1,talks feel,1,any expectations,1
applicable a,1,weeks alignment,1,ve had,1,impossible or,1,expectations of,1
a prenup,1,alignment conversations,1,had substantial,1,becomes evasive,1,of support,1
prenup postnup,1,before more,1,substantial visits,1,evasive angry,1,i moved,1
postnup equivalent,1,more action,1,visits for,1,angry that,1,moved here,1
equivalent health,1,action have,1,new cross,1,not proof,1,here and,1
and dependency,1,have direct,1,border relationship,1,proof of,1,it didn,1
dependency talk,1,direct talks,1,relationship also,1,of bad,1,work what,1
talk early,1,talks calmly,1,also true,1,bad intent,1,you not,1
early kindly,1,calmly not,1,true weeks,1,intent but,1,not expect,1
kindly and,1,an interrogation,1,still a,1,is proof,1,expect b,1
and specifically,1,interrogation if,1,a limited,1,relocate phase,1,boundaries protects,1
specifically this,1,you avoid,1,limited sample,1,phase b,1,you even,1
s respect,1,avoid these,1,sample of,1,b next,1,relocation creates,1
for reality,1,these moving,1,of day,1,next visit,1,creates structural,1
reality cover,1,moving will,1,day reality,1,visit weeks,1,structural pressure,1
cover your,1,will force,1,reality stress,1,minimum of,1,pressure i,1
current health,1,force them,1,stress sickness,1,of real,1,i won,1
health likely,1,them later,1,boredom conflict,1,life ideally,1,t fund,1
likely trajectories,1,later under,1,conflict habits,1,ideally cohabiting,1,fund anyone,1
trajectories and,1,stress essential,1,habits finances,1,cohabiting a,1,anyone s,1
became impaired,1,essential topics,1,obligations daily,1,month is,1,s extended,1
impaired who,1,topics say,1,daily video,1,still extended,1,extended family,1
make medical,1,say them,1,video can,1,mode if,1,family i,1
medical decisions,1,them plainly,1,can increase,1,do months,1,m happy,1
whether legal,1,plainly money,1,increase intimacy,1,months where,1,to discuss,1
legal mechanisms,1,expectations if,1,intimacy while,1,you follow,1,discuss gifts,1
mechanisms exist,1,think is,1,while reducing,1,follow a,1,gifts we,1
exist there,1,is fair,1,reducing exposure,1,hours errands,1,on i,1
there health,1,fair for,1,friction unknown,1,budgeting boring,1,need finances,1
insurance options,1,for expenses,1,unknown and,1,boring days,1,finances kept,1
options for,1,expenses rent,1,and crucial,1,days meet,1,kept separate,1
expat cost,1,rent supporting,1,crucial her,1,meet a,1,separate shared,1
and coverage,1,supporting extended,1,her expectations,1,a wider,1,expenses will,1
for chronic,1,family medical,1,expectations marriage,1,circle not,1,will be,1
chronic issues,1,medical costs,1,children finances,1,only curated,1,be transparent,1
issues whether,1,costs what,1,finances caregiving,1,curated introductions,1,transparent no,1
is willing,1,feel respectful,1,caregiving family,1,introductions observe,1,large purchases,1
a caregiver,1,respectful vs,1,support your,1,observe how,1,purchases loans,1
caregiver and,1,vs uncomfortable,1,your legal,1,handles stress,1,loans land,1
what support,1,uncomfortable to,1,legal work,1,stress work,1,land in,1
support systems,1,you lifestyle,1,tax status,1,work issue,1,my name,1
systems would,1,lifestyle where,1,status if,1,issue family,1,name or,1
would exist,1,live city,1,move and,1,family issue,1,or yours,1
exist so,1,city vs,1,how the,1,issue conflict,1,yours until,1
life what,1,vs rural,1,relationship functions,1,conflict with,1,until we,1
treatment a,1,rural daily,1,functions when,1,function with,1,we ve,1
rule don,1,daily routine,1,in visit,1,with language,1,ve lived,1
permanently unless,1,routine friends,1,visit mode,1,language culture,1,lived together,1
unless you,1,friends religion,1,mode the,1,culture friction,1,together successfully,1
afford good,1,religion alcohol,1,biggest risk,1,friction and,1,successfully for,1
good healthcare,1,alcohol travel,1,t she,1,and less,1,least x,1
healthcare there,1,travel privacy,1,s lying,1,less novelty,1,x months,1
plan back,1,privacy work,1,lying it,1,novelty key,1,months c,1
home social,1,hours exclusivity,1,s untested,1,key test,1,c health,1
social support,1,exclusivity and,1,untested compatibility,1,test can,1,dependency the,1
support and,1,boundaries are,1,compatibility under,1,both tolerate,1,hard one,1
and isolation,1,you exclusive,1,under real,1,tolerate ordinary,1,one this,1
isolation build,1,you handle,1,real conditions,1,ordinary disappointment,1,not romantic,1
build your,1,handle attention,1,conditions many,1,disappointment without,1,romantic but,1
life there,1,attention from,1,many cross,1,without the,1,s love,1
there a,1,from others,1,relationships fail,1,relationship feeling,1,love adjacent,1
a relationship,1,others family,1,fail without,1,feeling threatened,1,adjacent reality,1
be your,1,family roles,1,without anyone,1,threatened phase,1,reality if,1
only pillar,1,roles what,1,anyone being,1,phase c,1,i become,1
pillar in,1,partner are,1,being malicious,1,c trial,1,become ill,1
country before,1,are there,1,malicious common,1,base or,1,ill or,1
before committing,1,there obligations,1,failure modes,1,least keep,1,or less,1
committing identify,1,obligations you,1,modes lifestyle,1,the ability,1,mobile what,1
identify an,1,d be,1,lifestyle mismatch,1,to re,1,would caregiving,1
community network,1,be expected,1,mismatch pace,1,re establish,1,caregiving look,1
network confirm,1,expected to,1,pace of,1,establish it,1,here would,1
confirm you,1,to fund,1,life privacy,1,it storage,1,live in,1
can work,1,fund marriage,1,privacy needs,1,storage lease,1,needed for,1
work reliably,1,children does,1,needs socializing,1,lease plan,1,for healthcare,1
reliably internet,1,kids if,1,socializing routines,1,plan funds,1,healthcare if,1
internet workspace,1,timeline this,1,routines spending,1,funds set,1,needed assisted,1
workspace time,1,dealbreaker at,1,spending alcohol,1,hard review,1,living how,1
time zone,1,at aging,1,alcohol religion,1,date example,1,financially what,1
zone make,1,aging and,1,religion family,1,example month,1,if one,1
for friendships,1,and caregiving,1,expectations to,1,month and,1,work d,1
friendships hobbies,1,caregiving if,1,to help,1,and month,1,d conflict,1
hobbies exercise,1,i become,1,help parents,1,month agree,1,and values,1
exercise purpose,1,less independent,1,siblings hosting,1,on what,1,values when,1
purpose consider,1,independent in,1,hosting relatives,1,work living,1,when we,1
consider language,1,imagine home,1,relatives community,1,arrangements financial,1,we disagree,1
language culture,1,home care,1,community norms,1,financial disentanglement,1,disagree do,1
culture learning,1,care returning,1,norms power,1,disentanglement respectful,1,you withdraw,1
learning to,1,returning to,1,power imbalance,1,respectful separation,1,withdraw escalate,1
dependency warning,1,role legal,1,imbalance you,1,separation this,1,escalate compromise,1
warning signs,1,reality if,1,more financial,1,biggest way,1,compromise how,1
signs vs,1,t stay,1,financial visa,1,to protect,1,handle alcohol,1
vs green,1,term would,1,visa mobility,1,future without,1,alcohol fidelity,1
flags useful,1,consider living,1,more cultural,1,without killing,1,boundaries friendships,1
useful in,1,living part,1,cultural local,1,killing the,1,friendships with,1
situation green,1,time elsewhere,1,local power,1,the romance,1,with exes,1
flags she,1,elsewhere or,1,power either,1,romance practical,1,exes privacy,1
she welcomes,1,this only,1,either can,1,practical safeguards,1,privacy what,1
welcomes hard,1,only workable,1,can breed,1,safeguards these,1,does respect,1
conversations without,1,workable if,1,breed resentment,1,these reduce,1,respect look,1
without defensiveness,1,i relocate,1,resentment aging,1,reduce pressure,1,culture vs,1
defensiveness she,1,relocate if,1,aging reality,1,pressure on,1,vs mine,1
approach consistent,1,if these,1,reality in,1,on love,1,mine red,1
consistent behavior,1,these conversations,1,may face,1,love to,1,flags vs,1
behavior over,1,well that,1,face health,1,solve everything,1,vs yellow,1
time no,1,s evidence,1,health limits,1,everything legal,1,flags in,1
pressure spikes,1,they trigger,1,limits what,1,legal immigration,1,your scenario,1
spikes she,1,trigger avoidance,1,what seems,1,immigration get,1,scenario red,1
supports your,1,avoidance anger,1,seems abstract,1,get professional,1,flags slow,1
your independence,1,anger vagueness,1,abstract now,1,professional advice,1,down hard,1
independence friends,1,vagueness or,1,now becomes,1,advice in,1,hard pressure,1
friends work,1,tactics prove,1,becomes daily,1,country immigration,1,pressure for,1
work time,1,prove you,1,daily logistics,1,immigration lawyer,1,for an,1
alone clear,1,me by,1,logistics have,1,lawyer agent,1,an urgent,1
expectations yellow,1,by moving,1,conversations people,1,agent before,1,urgent move,1
yellow red,1,moving now,1,avoid use,1,commit rules,1,or never,1
flags rushing,1,now that,1,use direct,1,rules change,1,never guilt,1
rushing if,1,s also,1,direct kind,1,change and,1,or secrecy,1
love me,1,also evidence,1,kind language,1,and informal,1,secrecy requests,1
me move,1,evidence phase,1,language you,1,informal advice,1,requests for,1
move now,1,b months,1,not interrogating,1,advice is,1,money tied,1
now don,1,months a,1,interrogating you,1,often wrong,1,tied to,1
t tell,1,trial in,1,shared plan,1,wrong confirm,1,to emergencies,1
tell anyone,1,ve done,1,she reacts,1,type s,1,emergencies visas,1
anyone we,1,done one,1,reacts with,1,s renewal,1,visas medical,1
we must,1,one month,1,with openness,1,renewal requirements,1,medical crises,1
must marry,1,month stays,1,openness that,1,requirements restrictions,1,crises business,1
marry soon,1,stays next,1,a green,1,restrictions on,1,business opportunities,1
soon sudden,1,next test,1,green flag,1,on remote,1,opportunities or,1
sudden money,1,test should,1,flag a,1,work reporting,1,family debt,1
money emergencies,1,should mimic,1,does serious,1,reporting tax,1,debt inconsistent,1
emergencies especially,1,mimic real,1,serious mean,1,tax obligations,1,inconsistent identity,1
especially repeating,1,life rent,1,mean to,1,obligations path,1,identity details,1
repeating patterns,1,rent a,1,to each,1,path if,1,details reluctance,1
patterns attempts,1,a place,1,you exclusive,1,any to,1,reluctance to,1
attempts to,1,can afford,1,exclusive engaged,1,to long,1,share real,1
to isolate,1,afford alone,1,engaged married,1,term residency,1,life documentation,1
isolate you,1,spend most,1,married partners,1,residency what,1,documentation avoidance,1
your people,1,most nights,1,partners but,1,up how,1,family contact,1
people or,1,nights together,1,but separate,1,quickly you,1,contact beyond,1
or rush,1,together work,1,separate something,1,you must,1,beyond curated,1
rush you,1,handle bureaucracy,1,something else,1,must leave,1,curated moments,1
you into,1,bureaucracy errands,1,else desired,1,leave and,1,moments control,1
into commitments,1,minor sickness,1,desired timeline,1,what assets,1,control behaviors,1
commitments vague,1,sickness disagreements,1,for living,1,assets you,1,behaviors isolating,1
vague plans,1,disagreements meet,1,together engagement,1,keep financial,1,from your,1
plans unclear,1,meet more,1,engagement marriage,1,financial keep,1,your supports,1
unclear work,1,life coworkers,1,marriage if,1,a separate,1,supports monitoring,1
work visa,1,coworkers old,1,all how,1,separate emergency,1,monitoring jealousy,1
realities or,1,old friends,1,handle conflict,1,fund you,1,jealousy framed,1
or inconsistent,1,family gatherings,1,conflict what,1,access immediately,1,framed as,1
inconsistent stories,1,gatherings not,1,happened in,1,immediately enough,1,as love,1
stories strong,1,introductions goal,1,in past,1,enough for,1,love yellow,1
strong resentment,1,goal see,1,past relationships,1,flights months,1,flags common,1
period rather,1,see the,1,relationships hers,1,keep key,1,common workable,1
relocation last,1,relationship under,1,did each,1,key accounts,1,workable if,1
thinking how,1,and mild,1,each learn,1,accounts in,1,if discussed,1
to neutralize,1,stress not,1,learn b,1,your name,1,discussed different,1
neutralize it,1,not vacation,1,money support,1,name don,1,different assumptions,1
it at,1,vacation energy,1,support and,1,t co,1,assumptions about,1
at you,1,energy phase,1,and expectations,1,co mingle,1,about provider,1
not need,1,phase c,1,expectations the,1,mingle early,1,involvement expectations,1
the final,1,c months,1,the make,1,early if,1,expectations different,1
final doorway,1,months reversible,1,make or,1,if property,1,different norms,1
doorway urgency,1,if phase,1,or break,1,property is,1,norms about,1
urgency is,1,b looks,1,break topic,1,involved treat,1,about privacy,1
main threat,1,looks strong,1,topic ask,1,a business,1,privacy time,1
threat to,1,strong consider,1,ask explicitly,1,business transaction,1,conflict your,1
to good,1,move that,1,explicitly do,1,transaction title,1,chance narrative,1
good judgment,1,is intentionally,1,expect i,1,title rules,1,narrative not,1
judgment two,1,intentionally reversible,1,i will,1,rules for,1,not wrong,1
two grounding,1,if possible,1,support you,1,for foreigners,1,wrong to,1
grounding questions,1,possible or,1,you fully,1,foreigners inheritance,1,feel urgency,1
questions if,1,least keep,1,fully partly,1,inheritance and,1,urgency but,1
i were,1,establish quickly,1,partly or,1,happens on,1,can shorten,1
were not,1,quickly don,1,all do,1,on separation,1,shorten your,1
not lonely,1,everything don,1,expect help,1,separation if,1,reduces irreversible,1
lonely would,1,finances don,1,help for,1,if marriage,1,irreversible mistakes,1
this timeline,1,property aim,1,or later,1,marriage becomes,1,mistakes temporal,1
is strong,1,aim for,1,what amounts,1,a possibility,1,temporal strategy,1
strong will,1,a visa,1,amounts would,1,possibility discuss,1,strategy think,1
will it,1,visa status,1,be normal,1,discuss pre,1,reversible steps,1
it survive,1,status that,1,normal there,1,pre nup,1,steps with,1
survive a,1,t require,1,together how,1,nup marital,1,checkpoints stage,1
careful month,1,require immediate,1,we split,1,marital agreement,1,stage alignment,1
month process,1,immediate marriage,1,split rent,1,agreement before,1,alignment verification,1
process a,1,marriage unless,1,rent food,1,before engagement,1,verification next,1
healthy relationship,1,unless you,1,food travel,1,engagement pressures,1,next weeks,1
tolerate prudence,1,for its,1,travel healthcare,1,pressures this,1,weeks have,1
concrete decision,1,own sake,1,healthcare if,1,is protection,1,conversation blocks,1
decision framework,1,sake phase,1,separate what,1,protection for,1,blocks above,1
framework simple,1,phase d,1,fair this,1,sides and,1,above meet,1
and effective,1,d months,1,reveals values,1,reduces suspicion,1,meet more,1
effective make,1,months commit,1,values children,1,suspicion later,1,more of,1
decision only,1,commit only,1,them at,1,later healthcare,1,her real,1
if most,1,after stability,1,sensitive ambiguity,1,aging verify,1,life coworkers,1
most of,1,stability commitment,1,ambiguity here,1,verify private,1,coworkers longtime,1
true after,1,commitment can,1,is dangerous,1,private insurance,1,longtime friends,1
after an,1,be marriage,1,dangerous a,1,insurance availability,1,friends normal,1
stay we,1,marriage long,1,this propose,1,availability exclusions,1,normal weekends,1
ve handled,1,term residency,1,three concrete,1,exclusions pre,1,weekends not,1
handled conflict,1,residency buying,1,future budgets,1,what good,1,just date,1
conflict respectfully,1,property or,1,budgets modest,1,good hospital,1,date mode,1
respectfully at,1,or full,1,modest comfortable,1,hospital means,1,mode consider,1
few times,1,full financial,1,comfortable stretched,1,means locally,1,a neutral,1
times we,1,financial merging,1,stretched and,1,locally identify,1,neutral third,1
money fidelity,1,merging the,1,one she,1,identify nearest,1,party lens,1
fidelity and,1,is commit,1,expects and,1,nearest hospitals,1,lens sessions,1
family boundaries,1,commit after,1,and why,1,use costs,1,counselor coach,1
boundaries i,1,whole calendar,1,why treat,1,costs for,1,coach experienced,1
have legal,1,calendar holidays,1,experiment not,1,events cardiac,1,experienced in,1
legal healthcare,1,holidays family,1,a leap,1,cardiac cancer,1,cultural relationships,1
financial feasibility,1,obligations work,1,leap your,1,cancer orthopedic,1,relationships online,1
feasibility mapped,1,work crunch,1,best protection,1,orthopedic medical,1,online is,1
mapped out,1,crunch illness,1,protection emotionally,1,evacuation options,1,fine checkpoint,1
out i,1,illness conflict,1,and financially,1,needed consider,1,checkpoint are,1
an independent,1,boredom practical,1,financially is,1,consider how,1,are expectations,1
independent social,1,practical due,1,is phasing,1,ll manage,1,expectations compatible,1
social routine,1,due diligence,1,phasing phase,1,manage if,1,compatible on,1
routine there,1,diligence checklist,1,phase due,1,t drive,1,family where,1
there i,1,checklist non,1,diligence days,1,drive travel,1,term stage,1
reversible plan,1,non romantic,1,days while,1,travel easily,1,stage extended,1
plan home,1,but essential,1,still remote,1,easily or,1,extended real,1
base preserved,1,essential because,1,remote get,1,or climb,1,trial months,1
preserved savings,1,because rules,1,on relationship,1,climb stairs,1,visa rent,1
savings intact,1,rules vary,1,expectations money,1,stairs social,1,have an,1
intact exit,1,vary by,1,money boundaries,1,social structure,1,exit ready,1
exit route,1,country treat,1,boundaries children,1,structure anti,1,ready option,1
route she,1,this as,1,marriage verify,1,anti isolation,1,option even,1
approach and,1,a framework,1,verify practicalities,1,isolation build,1,together test,1
t use,1,framework residency,1,practicalities visa,1,your network,1,test ordinary,1
use guilt,1,residency what,1,visa paths,1,network expat,1,life errands,1
pressure suggested,1,what visas,1,paths your,1,expat groups,1,errands budgets,1
suggested next,1,visas allow,1,your right,1,groups volunteering,1,budgets illness,1
steps practical,1,allow long,1,to work,1,volunteering coworking,1,days boredom,1
practical propose,1,long stays,1,remotely tax,1,coworking language,1,boredom work,1
stay with,1,stays retirement,1,residency risks,1,language classes,1,work stress,1
base schedule,1,retirement visa,1,risks healthcare,1,classes if,1,stress conflict,1
schedule focused,1,visa investor,1,access identify,1,entire social,1,repair build,1
focused conversations,1,investor work,1,identify your,1,is her,1,independent supports,1
aging family,1,work remote,1,your must,1,become emotionally,1,supports expat,1
down agreements,1,work options,1,must haves,1,emotionally overloaded,1,expat groups,1
agreements consult,1,options partner,1,haves and,1,overloaded what,1,groups a,1
consult an,1,partner marriage,1,and dealbreakers,1,for green,1,a gym,1
an immigration,1,visa renewal,1,dealbreakers see,1,flags and,1,gym local,1
immigration lawyer,1,renewal requirements,1,see section,1,and red,1,local routines,1
lawyer her,1,requirements income,1,section phase,1,flags green,1,routines friendships,1
country a,1,income thresholds,1,phase trial,1,flags what,1,friendships not,1
a tax,1,thresholds health,1,trial life,1,ve described,1,not mediated,1
tax professional,1,insurance requirements,1,life months,1,described includes,1,mediated by,1
professional home,1,requirements and,1,in country,1,includes some,1,by her,1
home host,1,changes if,1,country not,1,some consistent,1,her checkpoint,1
host implications,1,you stop,1,mode design,1,consistent behavior,1,checkpoint do,1
implications and,1,stop working,1,to mimic,1,behavior over,1,feel stable,1
and review,1,working healthcare,1,mimic real,1,time months,1,and respected,1
review healthcare,1,healthcare cost,1,life rent,1,months daily,1,respected there,1
healthcare options,1,cost quality,1,place that,1,contact is,1,not in,1
options create,1,quality of,1,exit keep,1,is meaningful,1,in relationship,1
plan minimum,1,of local,1,country base,1,meaningful willingness,1,relationship high,1
minimum savings,1,care where,1,base minimally,1,expectations transparently,1,high stage,1
savings buffer,1,live access,1,minimally intact,1,transparently you,1,stage commit,1
buffer where,1,to specialists,1,intact or,1,meet multiple,1,commit with,1
live if,1,specialists how,1,option work,1,multiple friends,1,with guardrails,1
you returned,1,how emergencies,1,time remotely,1,in un,1,guardrails months,1
returned and,1,emergencies work,1,remotely from,1,un staged,1,months if,1
would trigger,1,work international,1,from there,1,staged contexts,1,s still,1
trigger leaving,1,insurance vs,1,if legal,1,contexts she,1,still strong,1
leaving after,1,vs local,1,legal handle,1,supports your,1,strong decide,1
after the,1,local plans,1,errands cook,1,slowly and,1,the commitment,1
trial reassess,1,plans exclusions,1,cook deal,1,and run,1,commitment is,1
reassess with,1,exclusions for,1,deal with,1,phase she,1,is cohabitation,1
not feelings,1,for pre,1,boredom navigate,1,has her,1,term partnership,1
feelings alone,1,conditions your,1,navigate conflict,1,life work,1,partnership without,1
alone if,1,need high,1,conflict track,1,work friendships,1,without marriage,1
citizenship plus,1,high complexity,1,vs anxious,1,friendships routines,1,marriage put,1
you own,1,complexity care,1,anxious isolated,1,routines and,1,put legal,1
own rent,1,care stay,1,isolated phase,1,t treat,1,financial protections,1
rent at,1,stay local,1,phase longer,1,treat you,1,protections in,1
home and,1,local or,1,longer trial,1,only plan,1,in place,1
situation i,1,or return,1,permanent moves,1,plan red,1,place before,1
you map,1,home financial,1,moves only,1,flags not,1,any commingling,1
map a,1,financial resilience,1,seen how,1,definitive alone,1,commingling separate,1
relocation plan,1,resilience a,1,handle sickness,1,alone but,1,separate accounts,1
plan visa,1,a walk,1,sickness fatigue,1,they matter,1,accounts clear,1
visa pathways,1,away reserve,1,fatigue routine,1,matter pressure,1,method updated,1
pathways risk,1,reserve enough,1,routine monotony,1,to move,1,updated will,1
risk points,1,relocate back,1,monotony family,1,move quickly,1,will medical,1
points and,1,back and,1,pressure and,1,quickly or,1,medical directives,1
reversible move,1,and re,1,and holidays,1,guilt if,1,directives beneficiaries,1
move checklist,1,establish for,1,holidays money,1,period vague,1,beneficiaries if,1
checklist that,1,months avoid,1,decisions jealousy,1,vague answers,1,if marriage,1
that shift,1,avoid buying,1,jealousy privacy,1,answers about,1,marriage understand,1
shift you,1,property early,1,privacy boundaries,1,about finances,1,understand local,1
you describe,1,early avoid,1,boundaries your,1,obligations or,1,local marital,1
describe matters,1,avoid large,1,your need,1,or we,1,marital property,1
matters after,1,large gifts,1,need for,1,see on,1,property rules,1
of emotional,1,gifts framed,1,for friends,1,on big,1,rules consider,1
emotional flatness,1,as loans,1,community practical,1,big items,1,a prenup,1
flatness meeting,1,loans if,1,practical checklist,1,items sudden,1,prenup consistent,1
meeting someone,1,you support,1,checklist the,1,sudden emergencies,1,with both,1
someone who,1,support shared,1,the non,1,emergencies that,1,both legal,1
who reopens,1,expenses keep,1,romantic items,1,pay especially,1,legal systems,1
reopens you,1,it transparent,1,items that,1,especially repeatedly,1,systems checkpoint,1
feel almost,1,transparent proportional,1,decide outcomes,1,repeatedly attempts,1,checkpoint you,1
almost physiological,1,proportional and,1,outcomes because,1,attempts to,1,can describe,1
physiological energy,1,and documented,1,because rules,1,independent contacts,1,describe the,1
energy hope,1,documented legal,1,vary by,1,contacts or,1,things go,1
hope appetite,1,legal protections,1,are categories,1,or discourage,1,t without,1
for life,1,protections update,1,categories to,1,discourage friendships,1,without threats,1
just fantasy,1,update will,1,verify ideally,1,friendships anger,1,threats or,1
fantasy it,1,attorney and,1,ideally with,1,anger or,1,or shame,1
genuine sign,1,and emergency,1,local immigration,1,or contempt,1,shame practical,1
sign that,1,emergency contacts,1,immigration tax,1,contempt when,1,practical relocation,1
re capable,1,contacts if,1,tax professional,1,ask reasonable,1,relocation realities,1
of attachment,1,real get,1,professional immigration,1,reasonable practical,1,realities don,1
attachment again,1,sides prenuptial,1,immigration visa,1,practical questions,1,t skip,1
again and,1,prenuptial postnuptial,1,visa what,1,questions inconsistencies,1,skip these,1
the connection,1,postnuptial equivalents,1,what visa,1,inconsistencies in,1,these because,1
connection is,1,equivalents property,1,visa lets,1,in biography,1,you didn,1
meaningful the,1,property rights,1,term is,1,biography that,1,t name,1
the key,1,rights inheritance,1,it renewable,1,t resolve,1,country treat,1
key is,1,inheritance obligations,1,renewable does,1,resolve with,1,treat this,1
treat the,1,obligations social,1,it require,1,with time,1,checklist to,1
the feeling,1,social structure,1,require income,1,time how,1,research with,1
feeling as,1,structure plan,1,income proof,1,reduce last,1,professionals visa,1
a verdict,1,for friends,1,proof insurance,1,chance distortion,1,residency what,1
verdict treat,1,friends and,1,insurance or,1,distortion without,1,what visas,1
as fuel,1,and identity,1,or deposits,1,without suppressing,1,visas exist,1
fuel and,1,identity outside,1,deposits if,1,suppressing joy,1,exist for,1
then let,1,relationship clubs,1,if marriage,1,joy a,1,age employment,1
let structure,1,clubs expat,1,is part,1,useful self,1,employment type,1
structure do,1,expat community,1,legal implications,1,self check,1,type remote,1
the steering,1,community groups,1,implications property,1,check if,1,remote consulting,1
steering what,1,groups hobbies,1,property alimony,1,kindly in,1,consulting and,1
what that,1,hobbies language,1,alimony inheritance,1,in months,1,relationship status,1
that alive,1,language learning,1,inheritance in,1,months would,1,status what,1
again feeling,1,learning how,1,country work,1,moving there,1,are renewal,1
feeling is,1,to check,1,legality many,1,there still,1,renewal risks,1
is and,1,check last,1,many countries,1,life decision,1,risks tax,1
t it,1,chance thinking,1,countries restrict,1,decision if,1,tax two,1
is happening,1,thinking without,1,restrict working,1,no it,1,two country,1
in you,1,without shaming,1,working while,1,would wreck,1,country tax,1
you openness,1,shaming yourself,1,while on,1,wreck me,1,tax exposure,1
openness desire,1,yourself ask,1,on tourist,1,me then,1,exposure reporting,1
desire tenderness,1,you were,1,tourist status,1,then you,1,reporting requirements,1
tenderness purpose,1,were or,1,status even,1,a slower,1,requirements risk,1
purpose it,1,or if,1,even remote,1,slower structure,1,risk of,1
proof that,1,a close,1,remote work,1,structure also,1,of accidental,1
is durable,1,close friend,1,work you,1,also ask,1,accidental noncompliance,1
durable under,1,friend were,1,to know,1,ask am,1,noncompliance healthcare,1
stress and,1,were in,1,allowed and,1,loneliness it,1,healthcare private,1
time it,1,situation would,1,the enforcement,1,both but,1,private insurance,1
can intensify,1,still choose,1,enforcement reality,1,but if,1,availability at,1
intensify bonding,1,same pace,1,reality tax,1,if relief,1,age exclusions,1
bonding because,1,and risks,1,tax and,1,relief is,1,exclusions costs,1
it contrasts,1,risks common,1,and banking,1,is doing,1,costs access,1
contrasts so,1,common signals,1,banking when,1,doing most,1,to hospitals,1
so sharply,1,signals urgency,1,a tax,1,most of,1,hospitals medical,1
sharply with,1,is driving,1,tax resident,1,the driving,1,coverage income,1
with years,1,driving you,1,resident there,1,driving you,1,income continuity,1
of quiet,1,relief from,1,there will,1,of over,1,continuity time,1
quiet that,1,from loneliness,1,you owe,1,over committing,1,time zone,1
that contrast,1,loneliness that,1,owe tax,1,committing a,1,zone internet,1
contrast can,1,makes doubts,1,tax in,1,concrete decision,1,internet reliability,1
more certain,1,doubts feel,1,or both,1,decision template,1,reliability client,1
certain than,1,feel disloyal,1,both countries,1,template simple,1,client retention,1
a helpful,1,disloyal you,1,countries can,1,simple not,1,retention legal,1
helpful reframe,1,you interpret,1,open a,1,romantic very,1,legal right,1
reframe even,1,interpret uncertainty,1,local bank,1,very effective,1,work remotely,1
relationship didn,1,uncertainty as,1,bank account,1,effective score,1,remotely on,1
t last,1,threat if,1,account any,1,each item,1,on that,1
last the,1,t move,1,any currency,1,item not,1,that visa,1
the fact,1,ll lose,1,currency controls,1,not true,1,visa property,1
a success,1,you downplay,1,controls healthcare,1,true somewhat,1,property leases,1
success it,1,downplay practical,1,healthcare your,1,somewhat clearly,1,leases avoid,1
it means,1,practical issues,1,your access,1,clearly true,1,avoid buying,1
means you,1,issues as,1,to quality,1,true re,1,buying property,1
not condemned,1,as unromantic,1,quality care,1,re score,1,property early,1
condemned to,1,unromantic countermeasure,1,care at,1,score after,1,early rent,1
to numbness,1,countermeasure set,1,at and,1,after each,1,rent first,1
numbness that,1,date and,1,later matters,1,each phase,1,first emergency,1
that alone,1,process phases,1,than it,1,phase we,1,emergency plan,1
alone reduces,1,phases above,1,feels today,1,money calmly,1,plan who,1
reduces the,1,above that,1,today private,1,calmly and,1,who can,1
chance pressure,1,from either,1,private insurance,1,and concretely,1,if hospitalized,1
pressure keep,1,either rushing,1,insurance availability,1,concretely we,1,hospitalized what,1
the gift,1,rushing or,1,availability exclusions,1,handle conflict,1,quickly a,1
gift reduce,1,or endlessly,1,exclusions for,1,conflict without,1,strong rule,1
risk you,1,endlessly stalling,1,for pre,1,without escalation,1,relationship your,1
to dampen,1,stalling green,1,existing conditions,1,escalation avoidance,1,only support,1
dampen your,1,flags vs,1,conditions cost,1,avoidance our,1,support system,1
your hope,1,vs yellow,1,cost as,1,our expectations,1,system in,1
hope you,1,flags to,1,age where,1,are aligned,1,the new,1
you just,1,watch over,1,where would,1,aligned i,1,new country,1
just need,1,time green,1,want major,1,a viable,1,country the,1
avoid irreversible,1,she tolerates,1,major care,1,viable visa,1,gap question,1
moves while,1,tolerates slow,1,care there,1,have an,1,matters most,1
most emotionally,1,slow pacing,1,there vs,1,an independent,1,most over,1
emotionally charged,1,pacing and,1,country plan,1,social foothold,1,time age,1
charged phase,1,and welcomes,1,for medevac,1,foothold there,1,age gaps,1
phase two,1,welcomes clarity,1,medevac return,1,there we,1,gaps can,1
two principles,1,clarity she,1,return safety,1,we ve,1,work but,1
principles move,1,she participates,1,net emergency,1,ve lived,1,the stress,1
closer before,1,participates in,1,emergency fund,1,lived ordinary,1,points often,1
permanently make,1,in planning,1,fund enough,1,together at,1,often appear,1
make agreements,1,planning and,1,to relocate,1,least weeks,1,appear later,1
agreements before,1,and problem,1,relocate back,1,weeks i,1,later energy,1
make sacrifices,1,problem solving,1,back quickly,1,can exit,1,energy and,1
sacrifices how,1,solving visa,1,quickly and,1,exit safely,1,and lifestyle,1
to honor,1,visa budgets,1,restart often,1,safely financially,1,lifestyle mismatch,1
honor the,1,budgets living,1,often months,1,financially and,1,mismatch years,1
without gambling,1,arrangements she,1,of expenses,1,and logistically,1,years from,1
gambling your,1,she maintains,1,expenses keep,1,logistically she,1,not today,1
life structure,1,maintains her,1,keep independent,1,without pressure,1,today caretaking,1
structure tell,1,own life,1,independent access,1,not at,1,caretaking expectations,1
her the,1,life and,1,funds separate,1,least don,1,expectations hers,1
the truth,1,and doesn,1,accounts maintain,1,move yet,1,hers and,1
truth with,1,t demand,1,maintain valid,1,yet extend,1,and yours,1
plan something,1,demand you,1,valid documents,1,extend the,1,yours social,1
like meeting,1,become her,1,documents backups,1,trial a,1,social life,1
meeting you,1,her whole,1,backups and,1,world example,1,life divergence,1
you woke,1,whole world,1,a go,1,example of,1,divergence her,1
woke me,1,world when,1,go bag,1,safer path,1,her peers,1
me up,1,you disagree,1,bag plan,1,path what,1,peers vs,1
up i,1,disagree she,1,plan protect,1,could look,1,vs yours,1
serious and,1,can repair,1,avoidable resentment,1,like instead,1,yours fertility,1
serious i,1,and take,1,resentment if,1,of i,1,fertility children,1
here in,1,take accountability,1,you risk,1,m moving,1,children timelines,1
life before,1,accountability yellow,1,risk becoming,1,moving you,1,timelines if,1
before i,1,flags sudden,1,becoming socially,1,us and,1,relevant power,1
i relocate,1,sudden urgency,1,socially dependent,1,this in,1,dynamics money,1
permanently her,1,urgency secrecy,1,her which,1,protects what,1,money citizenship,1
her reaction,1,secrecy inconsistent,1,which strains,1,building my,1,citizenship language,1
reaction will,1,inconsistent stories,1,strains couples,1,month stay,1,language social,1
lot a,1,stories pressure,1,couples actionable,1,stay starting,1,social standing,1
who s,1,to isolate,1,actionable protections,1,starting date,1,standing these,1
truly in,1,isolate pressure,1,protections choose,1,date living,1,these can,1
it usually,1,fast for,1,can build,1,normally and,1,on either,1
usually feels,1,visa reasons,1,own community,1,and working,1,either side,1
feels reassured,1,reasons financial,1,community expat,1,working at,1,side you,1
reassured by,1,financial requests,1,expat groups,1,end we,1,by reassurance,1
by careful,1,requests framed,1,volunteering language,1,review money,1,reassurance you,1
careful commitment,1,as tests,1,language classes,1,we handle,1,you solve,1
commitment not,1,tests of,1,classes sports,1,handle problems,1,solve it,1
not threatened,1,of love,1,sports learn,1,problems and,1,it by,1
threatened by,1,love or,1,learn enough,1,whether i,1,by explicit,1
by it,1,or family,1,the local,1,life here,1,explicit planning,1
it do,1,family emergencies,1,local language,1,here if,1,planning and,1
trial not,1,emergencies that,1,language to,1,both still,1,and fairness,1
a romance,1,that escalate,1,to function,1,feel strong,1,fairness last,1
romance bubble,1,escalate hostility,1,independently keep,1,strong we,1,thinking how,1
bubble during,1,hostility toward,1,keep routines,1,we extend,1,to counter,1
during an,1,toward boundaries,1,and friendships,1,extend to,1,counter it,1
stay deliberately,1,boundaries or,1,friendships from,1,to months,1,romance a,1
deliberately include,1,or punishing,1,from home,1,and explore,1,helpful reframe,1
include workdays,1,for asking,1,home scheduled,1,explore longer,1,reframe this,1
workdays where,1,asking practical,1,scheduled calls,1,term visas,1,t your,1
tired and,1,questions a,1,calls periodic,1,visas the,1,love it,1
and busy,1,plan low,1,periodic visits,1,right partner,1,be your,1
busy money,1,low drama,1,visits back,1,partner hears,1,chance to,1
decisions budgeting,1,drama high,1,back watch,1,hears commitment,1,a big,1
budgeting shared,1,high signal,1,watch for,1,commitment in,1,big move,1
expenses a,1,signal schedule,1,thinking without,1,that not,1,move cheaply,1
disagreement you,1,schedule two,1,without dismissing,1,not rejection,1,cheaply health,1
you actually,1,two focused,1,dismissing your,1,rejection two,1,health energy,1
actually resolve,1,focused calls,1,your feelings,1,questions for,1,energy bureaucracy,1
resolve well,1,calls one,1,feelings what,1,you answering,1,bureaucracy tolerance,1
well time,1,on money,1,classic pressure,1,answering these,1,tolerance that,1
apart each,1,money lifestyle,1,pressure cocktail,1,these will,1,s different,1
you maintaining,1,lifestyle one,1,cocktail long,1,will let,1,different the,1
maintaining your,1,aging visa,1,long loneliness,1,let me,1,the antidote,1
routines time,1,visa tell,1,loneliness high,1,me tailor,1,antidote to,1
in realistic,1,her in,1,high connection,1,tailor advice,1,to clouded,1
realistic doses,1,advance what,1,connection novelty,1,advice sharply,1,judgment is,1
doses have,1,discuss draft,1,novelty age,1,sharply which,1,s structure,1
protect love,1,page how,1,age awareness,1,it or,1,structure stages,1
love if,1,how we,1,awareness it,1,which region,1,stages checkpoints,1
you avoid,1,we d,1,future feel,1,have any,1,reversibility try,1
avoid these,1,live outline,1,feel urgent,1,legal right,1,try this,1
ll pay,1,outline together,1,urgent and,1,stay long,1,this self,1
pay later,1,together where,1,the present,1,term there,1,self check,1
do them,1,where budget,1,present feel,1,there ancestry,1,check if,1
them you,1,budget work,1,proof two,1,ancestry retirement,1,relationship ended,1
you increase,1,hours alone,1,two grounding,1,retirement visa,1,ended kindly,1
trust kids,1,alone time,1,grounding questions,1,options etc,1,kindly in,1
kids desire,1,time family,1,questions if,1,etc does,1,in months,1
desire timeline,1,time conflict,1,were would,1,you this,1,months would,1
timeline non,1,conflict rules,1,move after,1,often the,1,would moving,1
negotiables money,1,rules plan,1,after weeks,1,the hidden,1,moving still,1
support fairness,1,week trial,1,person if,1,hidden deal,1,still have,1
fairness roles,1,stay within,1,not what,1,breaker at,1,been worth,1
roles what,1,within the,1,what additional,1,at if,1,worth it,1
each expects,1,months that,1,additional evidence,1,answer those,1,it for,1
expects from,1,that includes,1,evidence would,1,those i,1,life experience,1
from a,1,includes routine,1,you require,1,outline a,1,experience and,1
partner aging,1,routine life,1,require what,1,realistic relocation,1,and growth,1
health planning,1,life book,1,you advise,1,and life,1,growth if,1
planning what,1,book a,1,advise your,1,a set,1,no you,1
care might,1,a consultation,1,best friend,1,of specific,1,re betting,1
might look,1,consultation with,1,friend to,1,conversation prompts,1,betting too,1
like immigration,1,an immigration,1,do next,1,prompts suited,1,much on,1
immigration realities,1,immigration professional,1,next not,1,suited to,1,on one,1
realities what,1,professional in,1,not eventually,1,context what,1,one outcome,1
s possible,1,financial planner,1,eventually step,1,describing having,1,outcome concrete,1
possible and,1,planner tax,1,step by,1,having made,1,concrete next,1
what isn,1,tax advisor,1,by step,1,made peace,1,steps simple,1
quick self,1,advisor if,1,step a,1,peace with,1,and actionable,1
self check,1,your work,1,sign is,1,with solitude,1,actionable schedule,1
check to,1,work crosses,1,still makes,1,solitude then,1,schedule two,1
your head,1,crosses borders,1,makes sense,1,then suddenly,1,two intentional,1
head clear,1,borders decide,1,sense when,1,suddenly feeling,1,intentional calls,1
clear ask,1,your maximum,1,imagine the,1,feeling vivid,1,calls one,1
yourself weekly,1,maximum commitment,1,relationship working,1,vivid motivated,1,expectations one,1
weekly if,1,commitment for,1,working out,1,motivated hopeful,1,aging where,1
this were,1,for year,1,out beautifully,1,hopeful often,1,term plan,1
were happening,1,year example,1,beautifully and,1,often signals,1,plan your,1
home country,1,example rent,1,relationship ending,1,signals reawakening,1,next visit,1
country would,1,keep exit,1,ending respectfully,1,reawakening not,1,visit as,1
i be,1,exit savings,1,respectfully within,1,not delusion,1,trial not,1
fast what,1,savings no,1,within a,1,delusion it,1,a holiday,1
what am,1,accounts two,1,year green,1,it deserves,1,holiday chores,1
i giving,1,me tailor,1,flags yellow,1,deserves respect,1,chores budgets,1
up and,1,this precisely,1,flags red,1,respect the,1,budgets routine,1
get it,1,precisely which,1,flags tailored,1,the mistake,1,routine days,1
it back,1,citizenship do,1,tailored to,1,mistake would,1,days research,1
back if,1,marriage in,1,situation green,1,be to,1,research visas,1
needed am,1,principle and,1,flags she,1,to conclude,1,visas insurance,1
i choosing,1,know whether,1,she welcomes,1,conclude that,1,insurance taxes,1
or fleeing,1,you answer,1,welcomes explicit,1,that because,1,taxes with,1
fleeing loneliness,1,answer those,1,conversations about,1,is profound,1,professionals build,1
loneliness none,1,more specific,1,about money,1,profound the,1,a relocation,1
those questions,1,specific phased,1,obligations children,1,step must,1,relocation budget,1
questions negate,1,plan especially,1,and timelines,1,be maximal,1,budget and,1
negate the,1,especially around,1,timelines she,1,maximal selling,1,and an,1
the love,1,around residency,1,independence her,1,selling up,1,exit budget,1
you free,1,pathways healthcare,1,life story,1,up moving,1,budget agree,1
free one,1,and realistic,1,time friends,1,moving permanently,1,a timeline,1
one grounded,1,realistic timelines,1,family interactions,1,permanently binding,1,timeline with,1
grounded next,1,timelines that,1,interactions feel,1,binding finances,1,with gates,1
step pick,1,that shift,1,feel coherent,1,finances you,1,gates example,1
pick a,1,shift matters,1,coherent you,1,can honor,1,example months,1
a date,1,matters after,1,handles conflict,1,the aliveness,1,review months,1
date and,1,of emotional,1,conflict without,1,aliveness and,1,review decision,1
and design,1,emotional quiet,1,punishment manipulation,1,protect yourself,1,decision keep,1
criteria for,1,quiet your,1,manipulation or,1,feel alive,1,keep independence,1
yet or,1,your system,1,or stonewalling,1,again is,1,independence maintain,1
or no,1,system is,1,stonewalling yellow,1,is telling,1,country banking,1
no write,1,is registering,1,flags need,1,telling you,1,banking mailing,1
write it,1,registering connection,1,clarity not,1,you usefully,1,address solution,1
it down,1,connection novelty,1,not panic,1,usefully a,1,solution and,1
down it,1,novelty and,1,panic vague,1,few things,1,a return,1
turns emotion,1,and hope,1,vague answers,1,things can,1,citizenship your,1
emotion into,1,hope often,1,answers about,1,can all,1,remote work,1
decision process,1,often all,1,about marriage,1,all be,1,work setup,1
process without,1,all at,1,children we,1,true at,1,setup and,1
romance if,1,at once,1,ll figure,1,re capable,1,are desired,1
me her,1,once it,1,figure it,1,capable of,1,desired by,1
country your,1,not childish,1,it out,1,of deep,1,by either,1
citizenship whether,1,childish or,1,out later,1,deep attachment,1,you i,1
are on,1,or irrational,1,later around,1,joy after,1,tighter relocation,1
table and,1,sign you,1,around finances,1,a long,1,relocation and,1
be selling,1,re still,1,finances or,1,long emotional,1,decision plan,1
selling a,1,still able,1,or family,1,emotional winter,1,right questions,1
or just,1,able to,1,support pressure,1,winter that,1,questions and,1
just renting,1,to bond,1,move quickly,1,important and,1,and checkpoints,1
renting then,1,bond deeply,1,quickly without,1,and rare,1,checkpoints what,1
exact conversations,1,deeply and,1,without a,1,rare you,1,re describing,1
conversations to,1,and that,1,practical plan,1,person who,1,describing having,1
have next,1,your alone,1,flags escalating,1,who matches,1,having made,1
next those,1,alone identity,1,urgency prove,1,matches you,1,made peace,1
flags declining,1,identity wasn,1,you love,1,in key,1,peace with,1
money you,1,whole truth,1,me by,1,key ways,1,with being,1
you offered,1,truth about,1,by moving,1,ways attention,1,being alone,1
offered steady,1,two things,1,moving now,1,attention warmth,1,then suddenly,1
steady employment,1,things can,1,now any,1,warmth responsiveness,1,suddenly feeling,1
employment simple,1,true simultaneously,1,any push,1,responsiveness curiosity,1,feeling color,1
simple living,1,simultaneously this,1,push to,1,curiosity affection,1,color and,1
living and,1,be real,1,to commingle,1,affection availability,1,and momentum,1
and framing,1,and meaningful,1,commingle money,1,availability your,1,momentum return,1
partner rather,1,meaningful this,1,money fast,1,your system,1,return is,1
a patron,1,be too,1,fast property,1,system is,1,not trivial,1
patron they,1,too early,1,property in,1,is responding,1,trivial and,1
they reduce,1,early to,1,her name,1,responding to,1,it isn,1
reduce not,1,one way,1,name loans,1,to novelty,1,t automatically,1
not eliminate,1,way move,1,loans large,1,novelty devotion,1,automatically clouded,1
eliminate the,1,move what,1,gifts isolation,1,devotion meaning,1,judgment it,1
risk that,1,again is,1,isolation tactics,1,meaning daily,1,s also,1
that this,1,and isn,1,tactics discouraging,1,calls and,1,also not,1
primarily transactional,1,t it,1,discouraging your,1,and future,1,not by,1
transactional what,1,not done,1,your friends,1,future talk,1,itself evidence,1
need is,1,with intimacy,1,family contact,1,talk can,1,that relocating,1
is specificity,1,intimacy companionship,1,contact jealousy,1,can feel,1,relocating is,1
specificity because,1,companionship sexuality,1,jealousy over,1,like being,1,right next,1
because many,1,sexuality tenderness,1,over your,1,being chosen,1,step it,1
many sincere,1,tenderness future,1,independence stories,1,chosen repeatedly,1,s evidence,1
sincere people,1,future imagining,1,stories that,1,repeatedly that,1,that something,1
people can,1,imagining a,1,t add,1,s powerful,1,something important,1
still have,1,a corrective,1,add up,1,powerful after,1,is happening,1
have unspoken,1,corrective experience,1,up or,1,of no,1,happening in,1
unspoken expectations,1,experience after,1,or hostility,1,no one,1,it deserves,1
expectations shaped,1,painful divorce,1,hostility when,1,one none,1,deserves both,1
shaped by,1,divorce your,1,ask reasonable,1,that invalidates,1,both protection,1
by culture,1,your nervous,1,reasonable questions,1,invalidates the,1,protection and,1
culture family,1,nervous system,1,questions a,1,relationship it,1,and structure,1
and life,1,system learning,1,concrete next,1,it just,1,structure treat,1
life stage,1,learning that,1,step plan,1,just means,1,treat i,1
stage what,1,that closeness,1,start this,1,means the,1,alive as,1
her signals,1,closeness doesn,1,this week,1,high value,1,a signal,1
signals likely,1,to equal,1,week schedule,1,value data,1,signal not,1
mean and,1,equal danger,1,schedule two,1,data not,1,a verdict,1
what they,1,danger motivation,1,two intentional,1,a complete,1,verdict that,1
they don,1,motivation to,1,intentional calls,1,complete decision,1,that aliveness,1
t likely,1,re enter,1,calls one,1,decision the,1,aliveness can,1
has self,1,enter life,1,about relationship,1,two traps,1,be pointing,1
self respect,1,life travel,1,expectations timeline,1,traps to,1,pointing to,1
feel bought,1,travel social,1,timeline one,1,for without,1,to several,1
bought she,1,social effort,1,about finances,1,without shaming,1,several true,1
not leading,1,effort health,1,children take,1,shaming yourself,1,true things,1
leading with,1,health purpose,1,take notes,1,yourself trap,1,you genuinely,1
with financial,1,purpose it,1,notes propose,1,trap a,1,genuinely connect,1
financial extraction,1,not by,1,trial arrangement,1,a i,1,connect with,1
extraction she,1,by itself,1,arrangement e,1,lose this,1,re rediscovering,1
emotionally invested,1,itself proof,1,there rental,1,this when,1,rediscovering your,1
invested and,1,proof of,1,finances shared,1,when something,1,your capacity,1
and thinking,1,of long,1,shared budget,1,something restores,1,attachment after,1
thinking long,1,term compatibility,1,budget rules,1,restores vitality,1,after a,1
term don,1,compatibility under,1,rules monthly,1,vitality the,1,long self,1
t automatically,1,under ordinary,1,monthly relationship,1,the mind,1,self protective,1
automatically mean,1,ordinary stress,1,relationship check,1,mind can,1,protective season,1
she won,1,stress proof,1,in book,1,protect it,1,season novelty,1
t later,1,that relocating,1,book professional,1,by rushing,1,novelty being,1
later feel,1,relocating is,1,professional consults,1,rushing lock,1,being seen,1
feel pressure,1,is wise,1,consults even,1,lock it,1,seen and,1
support parents,1,wise safe,1,even one,1,in move,1,and cross,1
siblings and,1,safe or,1,one hour,1,move commit,1,cultural adventure,1
and look,1,or necessary,1,hour each,1,commit don,1,adventure are,1
look to,1,necessary right,1,each immigration,1,risk distance,1,are energizing,1
the higher,1,right now,1,immigration and,1,distance that,1,energizing you,1
higher earner,1,now proof,1,and tax,1,that urgency,1,you your,1
earner she,1,you won,1,tax home,1,urgency can,1,life may,1
s aligned,1,t later,1,home destination,1,you ignore,1,may have,1
aligned with,1,alive in,1,destination if,1,ignore slow,1,been emotionally,1
you on,1,other ways,1,possible define,1,slow boring,1,emotionally safe,1
timeline or,1,ways too,1,them down,1,boring questions,1,safe but,1
or where,1,too even,1,down financial,1,that determine,1,but narrower,1
term she,1,relationship ended,1,financial separation,1,determine long,1,narrower than,1
she fully,1,ended a,1,separation no,1,term happiness,1,than you,1
fully understands,1,a useful,1,loans healthcare,1,happiness trap,1,you realized,1
what aging,1,useful reframe,1,leave clarity,1,trap b,1,realized all,1
health dependency,1,reframe the,1,marriage mutual,1,b this,1,all of,1
dependency could,1,relationship may,1,mutual agreement,1,this proves,1,of those,1
could mean,1,the match,1,on family,1,proves it,1,those can,1
mean with,1,match and,1,support plan,1,s destiny,1,coexist the,1
gap the,1,it may,1,plan your,1,destiny aliveness,1,practical question,1
the must,1,also be,1,your support,1,sign of,1,keep what,1
must have,1,the catalyst,1,system how,1,of possibility,1,good about,1
have conversations,1,catalyst you,1,ll make,1,possibility not,1,about this,1
conversations use,1,decide which,1,make friends,1,not certainty,1,this awakening,1
these exact,1,which it,1,friends maintain,1,certainty a,1,awakening while,1
exact topics,1,is today,1,and get,1,be transformative,1,you test,1
can keep,1,today the,1,get time,1,transformative and,1,s real,1
non legalistic,1,main trap,1,time alone,1,still not,1,real about,1
legalistic i,1,trap to,1,alone one,1,not be,1,about long,1
you so,1,for turning,1,thing i,1,be sustainable,1,term compatibility,1
understand our,1,turning aliveness,1,this sharply,1,sustainable as,1,compatibility the,1
our future,1,into urgency,1,sharply specific,1,day life,1,the hidden,1
future clearly,1,urgency when,1,specific what,1,life a,1,hidden risk,1
clearly children,1,been emotionally,1,what country,1,good path,1,risk protecting,1
children this,1,emotionally flat,1,and do,1,path lets,1,feeling instead,1
big one,1,flat for,1,marriage to,1,the energy,1,of evaluating,1
at do,1,long time,1,be on,1,energy without,1,evaluating the,1
yes how,1,the contrast,1,table those,1,without gambling,1,the fit,1
how many,1,contrast can,1,those two,1,gambling your,1,fit a,1
many and,1,create protect,1,two facts,1,your stability,1,a common,1
how soon,1,protect this,1,facts change,1,stability reframe,1,common trap,1
soon if,1,this at,1,change the,1,reframe the,1,trap isn,1
we couldn,1,all costs,1,the visa,1,goal not,1,t she,1
couldn t,1,costs thinking,1,tax healthcare,1,not should,1,s using,1
have children,1,thinking that,1,realities and,1,i move,1,using you,1
children would,1,s where,1,best timeline,1,move but,1,s if,1
be with,1,where judgment,1,is common,1,but how,1,down and,1
me would,1,judgment gets,1,common after,1,make this,1,and analyze,1
would adoption,1,gets clouded,1,long self,1,this real,1,analyze i,1
adoption ivf,1,clouded not,1,self protective,1,real safely,1,lose this,1
ivf be,1,the love,1,protective settling,1,a cleaner,1,this aliveness,1
be on,1,love is,1,settling you,1,cleaner question,1,aliveness and,1
table who,1,is fake,1,you weren,1,what sequence,1,ll go,1
would pay,1,fake but,1,t numb,1,sequence of,1,go back,1
pay what,1,but because,1,numb you,1,of steps,1,the flatness,1
limits if,1,the fear,1,were stable,1,steps lets,1,flatness that,1
want or,1,feeling starts,1,then someone,1,lets the,1,fear can,1
or can,1,starts driving,1,someone reactivates,1,relationship become,1,make any,1
realistically plan,1,driving the,1,reactivates hope,1,more real,1,any caution,1
for kids,1,the bus,1,hope desire,1,real while,1,caution feel,1
kids you,1,bus a,1,desire and,1,while limiting,1,like sabotage,1
know whether,1,simple check,1,and future,1,limiting irreversible,1,sabotage a,1
whether that,1,check are,1,future that,1,irreversible downside,1,a steadier,1
quiet deal,1,you moving,1,trivial and,1,downside if,1,steadier frame,1
breaker for,1,moving toward,1,just infatuation,1,term partner,1,frame you,1
her money,1,toward her,1,infatuation it,1,partner she,1,not testing,1
obligations what,1,away from,1,s also,1,usually respond,1,feeling is,1
you consider,1,from going,1,also exactly,1,respond well,1,re testing,1
consider fair,1,going back,1,exactly the,1,well to,1,can carry,1
fair for,1,back to,1,the state,1,to i,1,carry real,1
expenses do,1,to numb,1,state in,1,this carefully,1,life stress,1
feel responsible,1,numb alone,1,in which,1,carefully so,1,stress illness,1
responsible to,1,both that,1,which people,1,we don,1,illness boredom,1
parents later,1,normal just,1,can over,1,t break,1,boredom money,1
later how,1,just don,1,over commit,1,break what,1,aging without,1
that work,1,the second,1,commit too,1,building let,1,feeling being,1
work if,1,second one,1,fast because,1,s test,1,being the,1
family needed,1,one set,1,the contrast,1,test real,1,only glue,1
needed help,1,pace how,1,contrast feels,1,and plan,1,glue if,1
anything her,1,feeling while,1,proof treat,1,plan practicalities,1,s solid,1
her declining,1,while staying,1,treat i,1,practicalities together,1,solid structure,1
money now,1,staying clear,1,alive as,1,together a,1,structure won,1
now doesn,1,clear make,1,a signal,1,feeling add,1,t kill,1
t answer,1,yes and,1,signal not,1,add structure,1,kill it,1
she expects,1,and plan,1,verdict signal,1,structure not,1,will strengthen,1
expects when,1,m going,1,signal this,1,not brakes,1,it make,1
re cohabiting,1,stages that,1,this connection,1,brakes use,1,make room,1
cohabiting and,1,that protect,1,connection meets,1,simple three,1,room for,1
and seen,1,protect both,1,meets needs,1,three part,1,both gratitude,1
seen as,1,that gives,1,needs you,1,part structure,1,gratitude and,1
as family,1,gives your,1,d stopped,1,structure a,1,and skepticism,1
marriage and,1,heart forward,1,stopped expecting,1,a a,1,skepticism at,1
and legal,1,motion without,1,expecting to,1,a meaning,1,time you,1
legal expectations,1,without forcing,1,be met,1,meaning conversation,1,to yourself,1
expectations is,1,forcing a,1,met warmth,1,conversation not,1,yourself and,1
right how,1,a premature,1,warmth being,1,not logistics,1,and to,1
view living,1,premature leap,1,being chosen,1,logistics tell,1,her this,1
living together,1,leap translate,1,chosen tenderness,1,her plainly,1,this has,1
together without,1,translate aliveness,1,tenderness purpose,1,plainly what,1,has woken,1
without marriage,1,into concrete,1,purpose sexuality,1,you told,1,woken me,1
marriage if,1,concrete life,1,sexuality companionship,1,told me,1,me up,1
we married,1,life upgrades,1,companionship being,1,d accepted,1,up i,1
married what,1,upgrades independent,1,being seen,1,accepted being,1,to lose,1
expect financially,1,this reduces,1,seen not,1,being alone,1,lose it,1
financially shared,1,reduces desperation,1,verdict that,1,alone and,1,and because,1
shared accounts,1,desperation and,1,right life,1,and she,1,move carefully,1
accounts property,1,and makes,1,partner or,1,she changed,1,carefully so,1
property supporting,1,better partner,1,or that,1,changed something,1,t damage,1
supporting family,1,partner improve,1,that relocation,1,something then,1,damage it,1
aging caregiving,1,improve fitness,1,right next,1,feel has,1,with premature,1
and location,1,fitness medical,1,next move,1,has changed,1,premature pressure,1
location if,1,medical checkups,1,move a,1,changed in,1,pressure that,1
i got,1,checkups now,1,a useful,1,you since,1,not cynical,1
got sick,1,now you,1,useful reframe,1,since meeting,1,cynical it,1
sick in,1,raised aging,1,reframe the,1,meeting me,1,s protective,1
years what,1,aging concerns,1,feeling is,1,you hoping,1,protective two,1
imagine we,1,concerns act,1,the conclusions,1,hoping life,1,practical moves,1
we d,1,act on,1,conclusions still,1,life looks,1,your judgment,1
d do,1,on them,1,still need,1,years if,1,judgment clean,1
me later,1,them expand,1,need testing,1,this well,1,clean a,1
if my,1,expand social,1,testing make,1,well this,1,a separate,1
health required,1,home so,1,feeling concrete,1,this builds,1,separate relationship,1
required it,1,not your,1,concrete so,1,builds intimacy,1,relationship energy,1
feel secure,1,oxygen build,1,t run,1,intimacy and,1,energy from,1
secure if,1,a relocation,1,run your,1,and reveals,1,from life,1
you were,1,relocation fund,1,your decisions,1,reveals expectations,1,life relocation,1
were caring,1,fund so,1,decisions write,1,expectations b,1,relocation try,1
me small,1,so love,1,write answers,1,b a,1,try deciding,1
small tests,1,love isn,1,to these,1,topics conversation,1,deciding in,1
that reveal,1,t trapped,1,these one,1,conversation calm,1,in this,1
reveal compatibility,1,trapped by,1,page each,1,calm specific,1,this order,1
compatibility without,1,by finances,1,each when,1,specific non,1,order are,1
being cruel,1,finances create,1,i say,1,non accusatory,1,we compatible,1
cruel these,1,create time,1,say alive,1,accusatory ask,1,compatible in,1
not games,1,based guardrails,1,alive i,1,directly about,1,repair can,1
games they,1,guardrails pick,1,mean i,1,if relevant,1,i build,1
re reality,1,that respects,1,m feeling,1,relevant money,1,things get,1
checks budget,1,respects how,1,feeling ___,1,what move,1,get rocky,1
budget test,1,people reveal,1,___ desired,1,means in,1,rocky only,1
test for,1,reveal themselves,1,desired peaceful,1,her mind,1,i relocate,1
for one,1,themselves over,1,peaceful motivated,1,mind timeline,1,relocate longer,1
one month,1,over seasons,1,motivated less,1,timeline living,1,longer term,1
month together,1,seasons not,1,less lonely,1,arrangement roles,1,term when,1
together agree,1,not weeks,1,lonely more,1,roles the,1,you reverse,1
realistic shared,1,weeks next,1,more confident,1,point isn,1,reverse the,1
shared budget,1,months the,1,confident etc,1,to interrogate,1,the order,1
budget and,1,conversations money,1,etc the,1,interrogate it,1,order move,1
and track,1,care visa,1,top needs,1,handle reality,1,first figure,1
track spending,1,reality next,1,needs this,1,together c,1,move itself,1
spending see,1,months an,1,relationship is,1,c a,1,itself creates,1
decisions feel,1,weeks with,1,is meeting,1,trial plan,1,creates dependency,1
feel boundary,1,routine work,1,meeting are,1,plan with,1,dependency and,1
boundary test,1,hours minor,1,___ the,1,clear review,1,see clearly,1
test with,1,stress months,1,top fears,1,date propose,1,clearly b,1
family notice,1,months only,1,fears it,1,propose something,1,b pre,1
no to,1,only reversible,1,s calming,1,like months,1,a slow,1
expectations politely,1,commitments rent,1,calming are,1,there in,1,slow timeline,1
politely not,1,not property,1,___ aging,1,work errands,1,timeline so,1
not whether,1,return ask,1,aging alone,1,errands downtime,1,under emotion,1
she rejects,1,need emotionally,1,alone irrelevance,1,downtime not,1,emotion example,1
rejects them,1,emotionally without,1,irrelevance regret,1,not holiday,1,example you,1
them whether,1,without demanding,1,regret not,1,mode two,1,can propose,1
has boundaries,1,demanding guarantees,1,being loved,1,two scheduled,1,propose i,1
boundaries conflict,1,guarantees you,1,loved again,1,scheduled check,1,not saying,1
conflict test,1,like being,1,again if,1,ins e,1,saying no,1
test don,1,you woke,1,i could,1,and week,1,no i,1
disagreements see,1,woke something,1,could keep,1,week what,1,m saying,1
repair apologize,1,something up,1,keep those,1,s working,1,saying months,1
apologize clarify,1,me i,1,those needs,1,s hard,1,stay first,1
clarify and,1,build this,1,needs met,1,what needs,1,first then,1
and move,1,carefully so,1,met without,1,needs to,1,we review,1
move forward,1,it lasts,1,without moving,1,to change,1,review honestly,1
forward without,1,lasts i,1,moving tomorrow,1,change an,1,honestly then,1
or stonewalling,1,not saying,1,tomorrow what,1,an easy,1,we decide,1
stonewalling independence,1,saying no,1,would that,1,easy exit,1,decide next,1
test each,1,no to,1,that look,1,exit you,1,steps this,1
you spends,1,to moving,1,this turns,1,and finances,1,from in,1
spends some,1,moving i,1,a powerful,1,she reacts,1,the moment,1
some time,1,m saying,1,powerful emotion,1,with steady,1,moment decisions,1
friends activities,1,saying not,1,emotion into,1,steady maturity,1,decisions when,1
activities see,1,yet until,1,evaluate protect,1,maturity that,1,missing her,1
if there,1,until we,1,the rescuer,1,s an,1,her a,1
s trust,1,ve tested,1,rescuer savior,1,an excellent,1,a conversation,1
emotional stability,1,tested real,1,savior storyline,1,excellent sign,1,that matches,1
stability a,1,life a,1,storyline even,1,sign keep,1,matches your,1
a relocation,1,partner will,1,she never,1,keep one,1,your emotional,1
relocation stance,1,safer with,1,never asks,1,one foot,1,emotional truth,1
stance that,1,with that,1,asks for,1,foot in,1,truth and,1
do move,1,that not,1,money relocation,1,in possibility,1,your need,1
the healthiest,1,not rejected,1,quietly create,1,possibility and,1,need for,1
healthiest way,1,rejected a,1,you gave,1,in self,1,clarity here,1
way is,1,direct question,1,gave up,1,self respect,1,here s,1
is you,1,question worth,1,up your,1,respect a,1,s language,1
re choosing,1,worth asking,1,your old,1,useful inner,1,language that,1
choosing love,1,asking yourself,1,old life,1,inner rule,1,that often,1
love not,1,she said,1,life for,1,you right,1,often lands,1
becoming financially,1,said i,1,her she,1,right now,1,lands well,1
or socially,1,need you,1,you happiness,1,now don,1,well meeting,1
socially trapped,1,to move,1,happiness that,1,decision while,1,meeting you,1
trapped practical,1,move this,1,that burden,1,most powerful,1,you changed,1
practical boundaries,1,year let,1,burden can,1,powerful phase,1,changed something,1
boundaries that,1,s grow,1,can poison,1,phase of,1,something in,1
usually prevent,1,grow it,1,poison good,1,of emotional,1,in me,1
prevent heartbreak,1,it step,1,good relationships,1,emotional revival,1,that matters,1
heartbreak keep,1,step would,1,relationships two,1,revival do,1,matters a,1
least the,1,relief or,1,practical guardrails,1,do make,1,lot because,1
the ability,1,or panic,1,guardrails keep,1,make progressive,1,be careful,1
return for,1,panic relief,1,keep decisions,1,progressive decisions,1,careful and,1
months don,1,relief suggests,1,decisions framed,1,decisions that,1,respectful with,1
there early,1,suggests love,1,framed as,1,increase contact,1,with how,1
early don,1,love steadiness,1,choosing this,1,contact with,1,we build,1
sign loans,1,steadiness panic,1,doing this,1,with reality,1,to rush,1
loans or,1,panic suggests,1,you keep,1,reality more,1,rush into,1
or put,1,suggests the,1,accounts your,1,more ordinary,1,a move,1
put assets,1,feeling has,1,the ability,1,together more,1,that creates,1
assets in,1,has become,1,drama ask,1,more transparency,1,creates pressure,1
in someone,1,life raft,1,for what,1,transparency more,1,on us,1
else s,1,raft which,1,would calm,1,more shared,1,happens as,1
s name,1,is understandable,1,calm your,1,shared problem,1,older so,1
name maintain,1,understandable but,1,your nervous,1,solving one,1,we can,1
maintain separate,1,but a,1,nervous system,1,one small,1,can choose,1
separate accounts,1,a signal,1,system and,1,small exercise,1,good for,1
accounts contribute,1,signal to,1,she responds,1,exercise that,1,us then,1
expenses transparently,1,down one,1,responds a,1,that helps,1,ask one,1
transparently put,1,one practical,1,healthy partner,1,helps clarity,1,one hard,1
put in,1,practical next,1,partner won,1,clarity quickly,1,hard clarifying,1
in writing,1,step this,1,need you,1,quickly for,1,clarifying question,1
writing any,1,week write,1,love by,1,two weeks,1,question if,1
support decisions,1,two short,1,by rushing,1,weeks write,1,permanently this,1
decisions even,1,short lists,1,rushing try,1,write two,1,this year,1
even simple,1,lists what,1,try this,1,two short,1,year but,1
simple notes,1,losing her,1,this phrasing,1,short notes,1,i do,1
notes what,1,feeling time,1,phrasing i,1,notes each,1,stay and,1
to listen,1,time status,1,also want,1,each day,1,and we,1
listen for,1,status youth,1,us i,1,day alive,1,we keep,1
for in,1,youth companionship,1,there before,1,alive because,1,building would,1
her partner,1,companionship meaning,1,move if,1,specifically her,1,this her,1
sponsor claim,1,meaning what,1,re solid,1,affection being,1,answer will,1
claim follow,1,m building,1,solid it,1,being seen,1,will tell,1
up question,1,building regardless,1,will still,1,seen physical,1,tell you,1
question what,1,regardless health,1,be solid,1,physical touch,1,you a,1
does partner,1,health friendships,1,solid in,1,touch adventure,1,lot about,1
partner look,1,friendships financial,1,in months,1,adventure admiration,1,about whether,1
day a,1,financial stability,1,months her,1,admiration gentleness,1,wants you,1
strong answer,1,stability purpose,1,her reaction,1,gentleness sexual,1,or wants,1
includes things,1,purpose emotional,1,reaction is,1,sexual chemistry,1,wants the,1
things like,1,emotional skills,1,is highly,1,chemistry shared,1,the certainty,1
like teamwork,1,skills then,1,highly diagnostic,1,shared values,1,certainty of,1
teamwork mutual,1,then share,1,diagnostic green,1,values worried,1,move strengthen,1
mutual support,1,share a,1,green relief,1,worried because,1,strengthen your,1
support shared,1,a distilled,1,relief collaboration,1,specifically aging,1,your position,1
shared decisions,1,distilled version,1,collaboration willingness,1,aging money,1,position without,1
decisions respect,1,of with,1,plan yellow,1,money visas,1,without dimming,1
and realistic,1,and propose,1,yellow disappointment,1,visas dependence,1,dimming the,1
realistic plans,1,plan it,1,but openness,1,dependence cultural,1,romance do,1
plans not,1,both romantic,1,openness red,1,cultural mismatch,1,few stability,1
not vague,1,and real,1,red pressure,1,mismatch family,1,stability anchors,1
vague romance,1,real if,1,guilt if,1,expectations patterns,1,anchors at,1
romance or,1,you map,1,you loved,1,patterns emerge,1,you explore,1
quick commitment,1,map a,1,loved me,1,emerge fast,1,explore this,1
commitment your,1,your freedom,1,me you,1,fast those,1,this keep,1
your next,1,freedom intact,1,would keep,1,those patterns,1,your housing,1
next best,1,intact while,1,the romance,1,patterns become,1,housing banking,1
best step,1,while you,1,romance slow,1,become your,1,banking health,1
clear expectations,1,you learn,1,the irreversible,1,your conversation,1,coverage in,1
about money,1,learn whether,1,steps if,1,conversation agenda,1,a form,1
routines scheduled,1,whether this,1,do only,1,agenda grounded,1,form you,1
scheduled conversations,1,this love,1,only one,1,grounded not,1,can return,1
which southeast,1,love holds,1,one practical,1,not abstract,1,return to,1
southeast asian,1,up over,1,practical thing,1,abstract if,1,to at,1
asian country,1,ve described,1,thing next,1,country region,1,least until,1
country plus,1,described points,1,next do,1,table for,1,ve passed,1
whether marriage,1,a plausible,1,rules time,1,you shape,1,passed a,1
marriage is,1,plausible good,1,time box,1,shape a,1,trial tell,1
is on,1,good faith,1,box months,1,relocation plan,1,tell trusted,1
table for,1,faith relationship,1,months first,1,exact questions,1,trusted people,1
exact discussion,1,not proof,1,first housing,1,ask in,1,people the,1
discussion script,1,proof but,1,housing something,1,fits the,1,full story,1
script and,1,but encouraging,1,alone with,1,context without,1,story including,1
relocation checklist,1,encouraging evidence,1,exit money,1,suspicious or,1,including what,1
checklist visa,1,evidence what,1,money no,1,or cold,1,know and,1
visa healthcare,1,looks genuinely,1,signing routine,1,cold what,1,and ask,1
healthcare taxes,1,genuinely positive,1,routine you,1,ve added,1,you getting,1
taxes housing,1,positive and,1,hours you,1,added materially,1,getting swept,1
housing work,1,why it,1,handle boring,1,materially improves,1,swept away,1
setup what,1,matters she,1,boring life,1,improves the,1,away notice,1
re describing,1,money even,1,together monthly,1,picture refusing,1,relationship supports,1
describing ease,1,you offered,1,s working,1,refusing money,1,your broader,1
ease depth,1,offered that,1,s hard,1,offered having,1,broader life,1
depth curiosity,1,strongest early,1,hard what,1,having her,1,life work,1
curiosity about,1,early indicators,1,to change,1,own job,1,work focus,1
your real,1,indicators against,1,this lets,1,job and,1,focus friendships,1
and unforced,1,against a,1,lets the,1,and framing,1,friendships self,1
unforced vulnerability,1,dynamic partner,1,the alive,1,framing this,1,respect or,1
vulnerability are,1,sponsor is,1,alive feeling,1,as partnership,1,or consumes,1
are among,1,a values,1,feeling continue,1,partnership are,1,consumes it,1
among the,1,values statement,1,continue while,1,all positive,1,helpful test,1
best early,1,statement if,1,you gather,1,positive signals,1,aliveness become,1
early indicators,1,up under,1,gather the,1,signals they,1,become steadier,1
indicators that,1,under practical,1,the evidence,1,they don,1,steadier over,1
something is,1,practical conversations,1,evidence you,1,prove anything,1,time early,1
is authentic,1,conversations it,1,a quick,1,anything but,1,early intensity,1
authentic performed,1,it predicts,1,quick self,1,they reduce,1,intensity is,1
performed tends,1,predicts healthier,1,self check,1,the probability,1,is normal,1
like flattery,1,healthier boundaries,1,check for,1,probability that,1,normal what,1
flattery without,1,and pride,1,ended kindly,1,that this,1,re looking,1
without substance,1,pride agency,1,kindly a,1,is primarily,1,for is,1
substance evasiveness,1,agency stable,1,year from,1,primarily transactional,1,a trajectory,1
evasiveness on,1,stable modest,1,from now,1,transactional what,1,trajectory do,1
on specifics,1,modest life,1,now would,1,this information,1,more secure,1
specifics or,1,life close,1,would moving,1,information most,1,secure and,1
a push,1,close family,1,moving as,1,most strongly,1,and more,1
push toward,1,family people,1,trial still,1,strongly suggests,1,more yourself,1
toward quick,1,people embedded,1,still feel,1,suggests and,1,yourself month,1
quick commitments,1,embedded in,1,a worthwhile,1,t stronger,1,month by,1
commitments you,1,real community,1,worthwhile chapter,1,stronger indicators,1,by month,1
not reporting,1,community often,1,chapter not,1,indicators of,1,month or,1
reporting that,1,often have,1,a catastrophic,1,of good,1,more anxious,1
that at,1,more to,1,catastrophic mistake,1,faith declined,1,anxious more,1
your self,1,lose by,1,mistake if,1,declined financial,1,rushed more,1
self awareness,1,by deception,1,no slow,1,help when,1,more afraid,1
awareness is,1,deception and,1,down further,1,offered especially,1,of losing,1
is exactly,1,more daily,1,further and,1,especially early,1,losing it,1
exactly right,1,daily responsibilities,1,and tighten,1,early has,1,it if,1
right after,1,responsibilities that,1,tighten the,1,has consistent,1,good it,1
alone the,1,make long,1,the exit,1,consistent modest,1,it tends,1
the mind,1,long cons,1,a very,1,modest employment,1,tends to,1
mind can,1,cons harder,1,very specific,1,employment and,1,move from,1
can fill,1,to sustain,1,specific staged,1,stable routine,1,to steadiness,1
fill in,1,sustain consistent,1,healthcare and,1,routine family,1,steadiness not,1
blanks with,1,consistent contact,1,ve learned,1,family closeness,1,to pressure,1
antidote isn,1,contact multiple,1,learned about,1,closeness often,1,want answer,1
t distrust,1,multiple visits,1,her so,1,with social,1,answer these,1
distrust it,1,visits you,1,far points,1,social accountability,1,these three,1
s better,1,moved beyond,1,points toward,1,accountability though,1,three and,1
better information,1,trip romance,1,toward sincerity,1,though not,1,plan which,1
information how,1,romance you,1,sincerity steady,1,always clear,1,which country,1
tell authenticity,1,re watching,1,steady work,1,clear language,1,country does,1
authenticity from,1,watching continuity,1,work simple,1,language about,1,children what,1
from good,1,continuity over,1,simple lifestyle,1,about wanting,1,her stated,1
good at,1,time hold,1,lifestyle close,1,wanting partnership,1,stated ideal,1
at bonding,1,onto these,1,close family,1,partnership still,1,ideal timeline,1
bonding look,1,these as,1,family ties,1,still unknown,1,moving those,1
for patterns,1,as green,1,ties and,1,unknown even,1,those details,1
patterns that,1,flags not,1,and refusing,1,with good,1,details tilt,1
usually separate,1,a reason,1,refusing money,1,faith whether,1,tilt the,1
separate the,1,reason to,1,offered those,1,her idea,1,picture in,1
the two,1,to skip,1,are real,1,idea of,1,a healthier,1
two more,1,skip the,1,real indicators,1,of partner,1,healthier direction,1
more authentic,1,hard questions,1,indicators but,1,partner includes,1,direction a,1
authentic her,1,questions the,1,re indicators,1,includes financial,1,a steady,1
her stories,1,key reality,1,of character,1,financial responsibility,1,steady job,1
stories are,1,reality expectations,1,character not,1,responsibility for,1,lifestyle family,1
are consistent,1,expectations often,1,yet a,1,family common,1,ties and,1
with ordinary,1,often change,1,full blueprint,1,common in,1,and refusing,1
ordinary detail,1,change when,1,blueprint for,1,many cultures,1,refusing money,1
detail dates,1,move even,1,for shared,1,cultures and,1,offered are,1
dates places,1,can shift,1,not sponsor,1,not necessarily,1,with partner,1
places sequence,1,shift once,1,sponsor make,1,necessarily seen,1,sponsor they,1
sequence without,1,once the,1,it operational,1,seen as,1,eliminate risk,1
without sounding,1,may become,1,operational the,1,as asking,1,risk but,1
sounding rehearsed,1,become seen,1,to turn,1,asking you,1,but they,1
rehearsed she,1,seen by,1,turn that,1,money whether,1,they reduce,1
she asks,1,family neighbors,1,that sentence,1,timeline avoidance,1,reduce the,1
asks about,1,neighbors even,1,sentence into,1,avoidance here,1,purely financial,1
your constraints,1,even unconsciously,1,into agreements,1,here is,1,financial motive,1
constraints as,1,unconsciously by,1,agreements you,1,major risk,1,and suggest,1
as well,1,her as,1,both repeat,1,risk whether,1,suggest self,1
well as,1,the resource,1,repeat ask,1,expects marriage,1,remains is,1
your dreams,1,resource rich,1,and answer,1,quickly how,1,the kind,1
dreams health,1,rich elder,1,answer concretely,1,handles conflict,1,of risk,1
health finances,1,elder partner,1,concretely money,1,conflict jealousy,1,risk that,1
finances responsibilities,1,partner regardless,1,money in,1,jealousy disappointment,1,that exists,1
responsibilities she,1,family closeness,1,practice does,1,disappointment and,1,exists even,1
tolerate not,1,closeness can,1,does partner,1,compromise how,1,good people,1
yet trial,1,mean warmth,1,partner mean,1,ll handle,1,people assumptions,1
period slower,1,mean obligations,1,mean proportional,1,handle your,1,assumptions that,1
timeline without,1,money caregiving,1,proportional to,1,your aging,1,that never,1
without guilt,1,caregiving that,1,to income,1,her midlife,1,never get,1
guilt tactics,1,that only,1,income or,1,midlife years,1,get said,1
tactics she,1,only emerge,1,or shared,1,years the,1,said out,1
she shows,1,emerge later,1,household budget,1,two must,1,loud until,1
shows empathy,1,later the,1,budget with,1,must clarify,1,until they,1
empathy for,1,gap is,1,with personal,1,clarify topics,1,they become,1
t try,1,is manageable,1,personal spending,1,exact situation,1,what her,1
try to,1,manageable but,1,spending separate,1,situation these,1,her profile,1
to compete,1,it makes,1,separate family,1,the ones,1,profile suggests,1
compete with,1,makes future,1,support in,1,ones that,1,suggests and,1
them she,1,future caregiving,1,what level,1,that most,1,it suggests,1
friendships responsibilities,1,and inheritance,1,of help,1,most often,1,has a,1
responsibilities not,1,inheritance security,1,help is,1,often blow,1,a functioning,1
not constant,1,security conversations,1,money especially,1,up otherwise,1,functioning adult,1
constant availability,1,conversations non,1,re together,1,otherwise sincere,1,and identity,1
availability more,1,non optional,1,together lifestyle,1,sincere cross,1,identity outside,1
more performative,1,optional so,1,living modestly,1,border relationships,1,outside you,1
performative risky,1,not is,1,modestly like,1,relationships children,1,s likely,1
risky love,1,she using,1,like you,1,children ask,1,likely sensitive,1
love bombing,1,using me,1,do now,1,directly and,1,sensitive to,1
bombing big,1,me but,1,or upgrading,1,and soon,1,to dignity,1
big declarations,1,predictable pressures,1,upgrading what,1,soon do,1,dignity and,1
declarations urgency,1,pressures that,1,feel comfortable,1,children of,1,not wanting,1
pressure vague,1,that will,1,comfortable vs,1,own if,1,wanting a,1
vague personal,1,will arrive,1,vs uncomfortable,1,yes what,1,a kept,1
personal history,1,arrive three,1,uncomfortable power,1,imagine be,1,kept dynamic,1
history with,1,three conversations,1,power independence,1,be equally,1,dynamic family,1
with dramatic,1,conversations to,1,disagree how,1,equally direct,1,closeness often,1
dramatic elements,1,have now,1,we decide,1,direct about,1,often means,1
elements that,1,now with,1,does respect,1,about your,1,means she,1
that change,1,with wording,1,respect look,1,your reality,1,not living,1
change fast,1,wording you,1,simple tool,1,reality energy,1,living as,1
fast escalation,1,use money,1,tool propose,1,energy desire,1,a lone,1
escalation to,1,obligations the,1,scenarios and,1,desire willingness,1,lone free,1
visa relocation,1,the make,1,which she,1,willingness and,1,free agent,1
relocation especially,1,make or,1,expects each,1,practical implications,1,agent decisions,1
especially framed,1,or break,1,each pays,1,implications family,1,decisions may,1
love frequent,1,break topic,1,pays own,1,boundaries even,1,be relational,1
frequent crises,1,topic you,1,own way,1,she never,1,relational what,1
crises health,1,not accusing,1,way split,1,never asks,1,it does,1
health family,1,accusing her,1,costs proportional,1,asks you,1,does not,1
family money,1,re designing,1,proportional split,1,money she,1,not clarify,1
money that,1,designing safety,1,split you,1,may assume,1,clarify yet,1
that invite,1,a sponsor,1,pay more,1,assume a,1,yet whether,1
invite you,1,sponsor if,1,more but,1,partner naturally,1,wants marriage,1
to rescue,1,fair financial,1,clear limits,1,naturally contributes,1,marriage and,1
rescue isolation,1,financial arrangement,1,limits one,1,contributes when,1,soon whether,1
isolation dynamics,1,arrangement look,1,one provider,1,when family,1,strongly whether,1
dynamics discouraging,1,you rent,1,model you,1,arise if,1,family expects,1
discouraging you,1,rent food,1,you cover,1,if a,1,expects support,1
from friends,1,food travel,1,cover most,1,a parent,1,support even,1
friends or,1,travel emergencies,1,most her,1,parent gets,1,personally doesn,1
or secrecy,1,emergencies how,1,choice and,1,gets sick,1,ask how,1
secrecy the,1,family handle,1,she talks,1,sick what,1,she imagines,1
blanks you,1,handle money,1,talks about,1,partner time,1,imagines caregiving,1
be filling,1,when someone,1,the choice,1,time living,1,aging realities,1
filling in,1,someone needs,1,choice itself,1,living together,1,realities with,1
in even,1,needs help,1,itself don,1,together financial,1,gap whether,1
with sincerity,1,help what,1,skip the,1,does shared,1,tolerate a,1
sincerity on,1,partner i,1,two adult,1,finances mean,1,a slower,1
both sides,1,m open,1,adult topics,1,us keeping,1,slower staged,1
sides these,1,open to,1,topics children,1,keeping finances,1,without feeling,1
are common,1,to generosity,1,and marriage,1,separate while,1,feeling rejected,1
common blind,1,generosity but,1,t theoretical,1,while we,1,rejected the,1
spots daily,1,need it,1,theoretical ask,1,re learning,1,matter most,1
life friction,1,be agreed,1,directly do,1,learning if,1,most now,1
friction chores,1,agreed and,1,marriage important,1,two align,1,now ask,1
chores punctuality,1,and predictable,1,socially familially,1,align here,1,ask gently,1
punctuality cleanliness,1,predictable not,1,familially would,1,here your,1,gently directly,1
cleanliness spending,1,not pressured,1,would your,1,your odds,1,directly you,1
habits conflict,1,pressured or,1,expect it,1,odds improve,1,can frame,1
style cultural,1,or sudden,1,t marry,1,improve dramatically,1,frame this,1
cultural default,1,sudden green,1,marry is,1,dramatically a,1,m trying,1
default roles,1,response specific,1,that acceptable,1,ask these,1,this responsibly,1
roles expectations,1,specific calm,1,acceptable long,1,these questions,1,responsibly so,1
about a,1,calm collaborative,1,term misalignment,1,questions without,1,we protect,1
a man,1,collaborative no,1,misalignment here,1,suspicious use,1,protect what,1
man s,1,no guilt,1,common everything,1,use planning,1,what we,1
s provision,1,guilt tactics,1,everything felt,1,planning language,1,we have,1
provision a,1,tactics red,1,felt perfect,1,language not,1,have marriage,1
a woman,1,red response,1,perfect until,1,not trust,1,be married,1
woman s,1,response vagueness,1,until it,1,trust language,1,married if,1
s caretaking,1,vagueness we,1,t outcomes,1,language i,1,you children,1
caretaking and,1,ll see,1,outcomes family,1,i care,1,children do,1
involvement future,1,see or,1,closeness clarify,1,care about,1,children of,1
future timeline,1,or emotional,1,clarify expectations,1,seriously to,1,of your,1
mismatch her,1,emotional testing,1,expectations before,1,to plan,1,own if,1
her may,1,testing if,1,move being,1,plan well,1,that and,1
and marriage,1,help marriage,1,being close,1,well i,1,norms in,1
marriage your,1,because she,1,close to,1,imagine for,1,a man,1
your may,1,s even,1,a strength,1,not worried,1,man typically,1
about companionship,1,think you,1,strength and,1,worried you,1,typically contribute,1
companionship and,1,know confirm,1,and also,1,re using,1,contribute what,1
and stability,1,confirm it,1,also a,1,m trying,1,for shared,1
stability language,1,it plainly,1,major structural,1,avoid misunderstandings,1,expenses family,1
language nuance,1,plainly try,1,structural factor,1,misunderstandings that,1,obligations are,1
nuance you,1,try do,1,factor in,1,can hurt,1,you expected,1
can communicate,1,marriage if,1,your daily,1,hurt good,1,expected to,1
well in,1,yes why,1,life clarify,1,relationships a,1,to help,1
english and,1,tradition stability,1,often do,1,concrete next,1,help your,1
still miss,1,stability visa,1,you currently,1,step plan,1,parents financially,1
miss subtext,1,visa family,1,currently see,1,that matches,1,financially now,1
subtext politeness,1,timeline feels,1,them what,1,matches the,1,or later,1
politeness saving,1,feels real,1,would change,1,the fantasy,1,if so,1
saving face,1,real to,1,change if,1,fantasy step,1,so what,1
face indirect,1,to negotiate,1,i live,1,step one,1,for from,1
indirect disagreement,1,negotiate on,1,there would,1,one structured,1,partner aging,1
disagreement reality,1,the spot,1,we be,1,structured expectations,1,changes as,1
reality tests,1,spot you,1,be expected,1,expectations call,1,older what,1
t poison,1,you just,1,expected to,1,call minutes,1,is here,1
poison the,1,just need,1,live near,1,minutes agenda,1,here in,1
relationship these,1,need the,1,near them,1,agenda children,1,both you,1
t interrogations,1,truth aging,1,them or,1,finances daily,1,re listening,1
interrogations they,1,aging caregiving,1,or with,1,life emergencies,1,listening for,1
re ways,1,and worst,1,with them,1,emergencies family,1,clarity and,1
ways of,1,case planning,1,them if,1,support living,1,flexibility not,1
of letting,1,planning romantic,1,parent becomes,1,arrangement expectations,1,not perfection,1
letting normal,1,romantic relationships,1,becomes ill,1,expectations with,1,perfection a,1
life reveal,1,relationships still,1,ill what,1,her near,1,honor her,1
reveal truth,1,still need,1,role would,1,etc what,1,her partner,1
truth a,1,need this,1,i play,1,move and,1,sponsor stance,1
a ask,1,this try,1,play time,1,working exit,1,stance propose,1
for specific,1,try if,1,housing are,1,shame step,1,a structure,1
specific future,1,serious health,1,any family,1,minimum in,1,that supports,1
future planning,1,health problem,1,family members,1,normal mode,1,supports equality,1
planning not,1,problem in,1,members who,1,mode you,1,equality you,1
just someday,1,do local,1,who depend,1,you work,1,you contribute,1
someday talk,1,care paid,1,depend on,1,your normal,1,contribute fairly,1
talk instead,1,care return,1,her financially,1,normal hours,1,fairly to,1
of do,1,you had,1,financially now,1,hours you,1,to shared,1
future ask,1,emergency that,1,now this,1,you budget,1,life rent,1
ask walk,1,that required,1,t suspicion,1,budget like,1,rent food,1
walk me,1,required time,1,suspicion it,1,like residents,1,food trips,1
me through,1,time or,1,s respecting,1,residents not,1,trips proportional,1
through what,1,or money,1,respecting reality,1,not tourists,1,proportional to,1
normal tuesday,1,money how,1,reality run,1,tourists you,1,to income,1
tuesday looks,1,it together,1,a stress,1,see each,1,income but,1
do about,1,together green,1,test of,1,other tired,1,but without,1
about work,1,response willingness,1,normal conditions,1,tired bored,1,becoming an,1
hours alone,1,think together,1,conditions because,1,bored stressed,1,an open,1
time visiting,1,together not,1,ve mainly,1,stressed you,1,open ended,1
family seeing,1,not dismissing,1,mainly experienced,1,settings not,1,ended provider,1
seeing my,1,dismissing it,1,experienced each,1,just celebrations,1,provider no,1
kids what,1,as too,1,other in,1,celebrations step,1,large transfers,1
do if,1,too negative,1,in high,1,step month,1,transfers loans,1
parents strongly,1,negative a,1,high attention,1,clear emergency,1,loans property,1
strongly disagreed,1,a no,1,attention time,1,fund no,1,property purchases,1
disagreed with,1,no drama,1,time you,1,accounts agree,1,purchases or,1
with us,1,drama structure,1,need exposure,1,on two,1,or business,1
us b,1,seriously do,1,to low,1,review dates,1,business funding,1
b observe,1,in steps,1,low glamour,1,dates and,1,funding during,1
handles small,1,steps that,1,glamour life,1,what success,1,do give,1
small disappointments,1,t force,1,life design,1,success looks,1,give gifts,1
disappointments real,1,force either,1,a visit,1,supports this,1,gifts keep,1
real partnership,1,dependency step,1,visit that,1,this pacing,1,keep them,1
partnership shows,1,step longer,1,that includes,1,pacing it,1,them modest,1
in travel,1,chores bills,1,includes you,1,a strong,1,modest and,1
travel hiccups,1,bills meet,1,days remotely,1,strong compatibility,1,and mutual,1
hiccups misunderstandings,1,meet extended,1,remotely if,1,compatibility marker,1,mutual this,1
misunderstandings you,1,and see,1,feasible while,1,marker money,1,protects her,1
you needing,1,see conflict,1,while coexisting,1,money a,1,her dignity,1
needing solitude,1,repair in,1,coexisting at,1,simple boundary,1,dignity too,1
solitude you,1,real time,1,home handling,1,boundary that,1,too because,1
you saying,1,time step,1,handling a,1,dignity on,1,it reduces,1
saying i,1,step reversible,1,a logistical,1,on both,1,the risk,1
do that,1,relocation months,1,logistical problem,1,sides a,1,risk she,1
that watch,1,rent only,1,problem together,1,workable rule,1,she later,1
she repairs,1,only keep,1,together repairs,1,rule early,1,later feels,1
repairs sulks,1,t sponsor,1,repairs travel,1,early on,1,feels bought,1
sulks pressures,1,sponsor anyone,1,travel disruption,1,you pay,1,bought or,1
pressures or,1,anyone financially,1,disruption bureaucracy,1,pay your,1,or controlled,1
or problem,1,agreed budget,1,bureaucracy a,1,your share,1,controlled the,1
problem solves,1,budget step,1,month where,1,share often,1,the family,1
solves c,1,step irreversible,1,you track,1,often more,1,closeness piece,1
c verify,1,seen a,1,spending and,1,more while,1,piece handle,1
verify without,1,year holidays,1,on limits,1,re visiting,1,handle with,1
accusing you,1,holidays sickness,1,limits a,1,visiting because,1,with respect,1
a detective,1,sickness work,1,a conflict,1,can but,1,respect not,1
detective mindset,1,work stress,1,conflict conversation,1,but avoid,1,suspicion in,1
mindset but,1,family events,1,conversation and,1,avoid becoming,1,in many,1
can gently,1,events boredom,1,not manufactured,1,default solution,1,many places,1
gently align,1,boredom this,1,manufactured drama,1,solution for,1,places close,1
align reality,1,where real,1,drama just,1,for problems,1,to family,1
reality meet,1,real compatibility,1,just don,1,problems if,1,mean regular,1
her people,1,compatibility shows,1,t avoid,1,give gifts,1,regular visits,1
in different,1,up practical,1,avoid disagreement,1,gifts keep,1,emotional involvement,1
different contexts,1,practical boundary,1,disagreement how,1,keep them,1,involvement benign,1
contexts not,1,boundary that,1,two repair,1,them modest,1,benign decision,1
the presentation,1,keeps partner,1,repair is,1,modest and,1,making with,1
presentation meeting,1,sponsor true,1,than how,1,and consistent,1,family input,1
meeting spend,1,true a,1,two connect,1,consistent with,1,input neutral,1
spend time,1,a clean,1,connect if,1,with local,1,neutral but,1
her ordinary,1,clean model,1,relocate do,1,local norms,1,know or,1
ordinary environment,1,model many,1,experiment even,1,norms don,1,or financial,1
environment workplace,1,use early,1,even with,1,escalate quickly,1,not immoral,1
workplace area,1,early you,1,with green,1,quickly if,1,immoral but,1
area errands,1,you cover,1,flags the,1,if family,1,it must,1
errands budget,1,cover your,1,the asymmetry,1,arise respond,1,explicit a,1
budget shopping,1,your relocation,1,asymmetry age,1,with let,1,we built,1
shopping routine,1,relocation costs,1,age mobility,1,partner in,1,built a,1
routine meals,1,and maintain,1,mobility resources,1,in situations,1,much would,1
meals notice,1,maintain your,1,resources local,1,situations like,1,family be,1
life narrative,1,own financial,1,local knowledge,1,this before,1,be part,1
narrative matches,1,financial independence,1,knowledge means,1,any money,1,of our,1
matches what,1,independence shared,1,should keep,1,money moves,1,decisions what,1
her friends,1,expenses follow,1,your exit,1,moves practical,1,have your,1
family casually,1,follow an,1,exit door,1,reality checks,1,your best,1
casually reference,1,an agreed,1,door functional,1,checks you,1,step a,1
reference d,1,agreed ratio,1,functional a,1,should do,1,reversible real,1
d introduce,1,ratio not,1,a sane,1,do before,1,trial given,1
introduce a,1,necessarily but,1,sane structure,1,before relocating,1,given what,1
a slow,1,but explicit,1,structure first,1,relocating visa,1,shared the,1
slow boundary,1,explicit any,1,first stay,1,legality many,1,the cleanest,1
boundary and,1,any family,1,months trial,1,many countries,1,cleanest think,1
see what,1,support gifts,1,living not,1,countries restrict,1,think clearly,1
happens example,1,gifts or,1,vacation rental,1,restrict working,1,clearly move,1
example i,1,or big,1,finances pre,1,working remotely,1,is months,1
serious but,1,purchases require,1,pre set,1,remotely while,1,months in,1
i won,1,require a,1,set check,1,while on,1,in country,1
sell my,1,a hour,1,ins rules,1,on certain,1,country as,1
for at,1,hour pause,1,rules no,1,certain visas,1,trial on,1
year i,1,a mutual,1,transfers no,1,visas check,1,visa renting,1
long trial,1,decision this,1,signing no,1,check the,1,renting your,1
trial first,1,this prevents,1,commitments until,1,the actual,1,place even,1
first a,1,prevents sliding,1,until after,1,actual rules,1,together live,1
partner may,1,into sponsorship,1,trial safety,1,rules not,1,live normal,1
feel disappointed,1,sponsorship without,1,net enough,1,not anecdotes,1,normal life,1
will respect,1,anyone meaning,1,enough cash,1,anecdotes taxes,1,life workdays,1
respect it,1,meaning to,1,cash to,1,taxes you,1,workdays errands,1
it and,1,one small,1,return and,1,may trigger,1,errands minor,1
and collaborate,1,small test,1,restart without,1,trigger tax,1,conflicts illness,1
collaborate the,1,test that,1,asking anyone,1,residency or,1,days family,1
one conversation,1,that reveals,1,anyone for,1,or reporting,1,events budget,1
that clarifies,1,reveals a,1,for help,1,reporting requirements,1,budget talks,1
clarifies almost,1,lot propose,1,help this,1,requirements healthcare,1,talks if,1
almost everything,1,propose slowing,1,this protects,1,identify hospitals,1,is solid,1
everything ask,1,slowing the,1,protects both,1,use insurance,1,solid this,1
this directly,1,move while,1,being stuck,1,actually buy,1,this won,1
directly kindly,1,while increasing,1,stuck her,1,buy at,1,t cool,1
kindly what,1,increasing commitment,1,her from,1,what serious,1,cool it,1
negotiables for,1,commitment i,1,from feeling,1,illness would,1,will deepen,1
life partner,1,plan this,1,feeling she,1,cost independence,1,deepen it,1
partner kids,1,carefully and,1,for sacrifices,1,independence plan,1,it one,1
money caring,1,with relief,1,sacrifices one,1,plan how,1,one diagnostic,1
for parents,1,relief and,1,one truth,1,ll build,1,diagnostic question,1
parents where,1,teamwork that,1,truth to,1,own social,1,hard to,1
live i,1,s excellent,1,hold while,1,social network,1,fake ask,1
you mine,1,excellent if,1,you proceed,1,network so,1,ask her,1
mine too,1,with pressure,1,proceed her,1,relationship doesn,1,i choose,1
too then,1,pressure urgency,1,her declining,1,t carry,1,a careful,1
then share,1,urgency or,1,declining money,1,carry your,1,careful trial,1
share yours,1,or threats,1,money is,1,entire emotional,1,trial first,1
yours plainly,1,threats of,1,strong sign,1,emotional ecosystem,1,first so,1
plainly the,1,of ending,1,sign but,1,ecosystem one,1,risk my,1
risk isn,1,ending it,1,but motivation,1,thing to,1,my finances,1
t that,1,it that,1,motivation is,1,for subtle,1,coverage does,1
has needs,1,s important,1,is rarely,1,subtle but,1,like love,1
needs it,1,important data,1,rarely just,1,but important,1,commitment to,1
s that,1,data two,1,just one,1,important if,1,like i,1
that either,1,two details,1,thing people,1,s sincere,1,m holding,1
you avoids,1,details that,1,genuinely want,1,sincere she,1,holding back,1
avoids naming,1,me get,1,want love,1,she ll,1,back a,1
naming them,1,get very,1,and stability,1,ll usually,1,partner who,1
them a,1,very concrete,1,stability at,1,usually be,1,who truly,1
your judgment,1,concrete which,1,time especially,1,timelines boundaries,1,truly wants,1
judgment clean,1,what passport,1,especially across,1,boundaries trial,1,wants partnership,1
clean create,1,passport s,1,across an,1,periods if,1,partnership usually,1
two lists,1,s do,1,an age,1,becomes meaningfully,1,usually can,1
lists and,1,you hold,1,to eliminate,1,meaningfully upset,1,can accept,1
keep them,1,hold what,1,eliminate mixed,1,upset when,1,accept slow,1
them updated,1,your stance,1,motives it,1,verdict but,1,slow but,1
updated after,1,stance on,1,to ensure,1,sign you,1,but real,1
each visit,1,this stage,1,ensure your,1,you shouldn,1,re consistent,1
visit evidence,1,stage of,1,your agreements,1,shouldn t,1,and present,1
evidence list,1,with those,1,agreements make,1,permanently yet,1,present if,1
list observable,1,you shape,1,make mixed,1,yet if,1,specific trial,1
observable facts,1,shape a,1,motives safe,1,in southeast,1,plan timeline,1
did how,1,realistic plan,1,safe two,1,southeast asia,1,exact topics,1
she behaved,1,plan visa,1,two questions,1,asia and,1,topics to,1
behaved under,1,visa pathway,1,questions i,1,answer on,1,settle before,1
under stress,1,pathway healthcare,1,to tailor,1,unsure i,1,give up,1
stress how,1,insurance financial,1,tailor next,1,you map,1,up your,1
she handled,1,financial safeguards,1,next steps,1,map the,1,base what,1
handled boundaries,1,that supports,1,steps precisely,1,likely visa,1,re noticing,1
boundaries consistency,1,supports love,1,precisely which,1,visa pathways,1,noticing is,1
consistency of,1,love without,1,country are,1,pathways the,1,right kind,1
of stories,1,gambling your,1,from are,1,key cultural,1,of evidence,1
stories how,1,future what,1,to marriage,1,cultural family,1,not grand,1
others story,1,re noticing,1,or children,1,support norms,1,grand gestures,1
story list,1,noticing is,1,children or,1,norms to,1,gestures but,1
list interpretations,1,meaningful people,1,or are,1,to clarify,1,but tone,1
interpretations she,1,are performing,1,are either,1,clarify and,1,tone consistency,1
one this,1,performing often,1,those a,1,tight list,1,consistency interest,1
my last,1,avoid sustained,1,hard no,1,of questions,1,interest in,1
chance she,1,life can,1,no with,1,cover before,1,your whole,1
she would,1,tolerate nuanced,1,with those,1,any move,1,a sense,1
would never,1,nuanced questions,1,those i,1,move what,1,of being,1
never it,1,keep their,1,you map,1,describing is,1,real person,1
s destiny,1,their own,1,map a,1,what a,1,person rather,1
destiny you,1,own story,1,practical phased,1,promising relationship,1,a performance,1
re allowed,1,story either,1,healthcare taxes,1,relationship often,1,performance at,1
allowed to,1,either overly,1,taxes and,1,often looks,1,time your,1
story just,1,overly polished,1,matches your,1,like relaxed,1,caution i,1
just don,1,polished or,1,your risk,1,relaxed conversation,1,i might,1
make irreversible,1,or oddly,1,risk tolerance,1,conversation genuine,1,be seeing,1
decisions based,1,oddly vague,1,tolerance and,1,genuine interest,1,see is,1
it recommended,1,vague sharing,1,and values,1,in each,1,also healthy,1
recommended next,1,difficult history,1,values what,1,other s,1,healthy the,1
step given,1,history can,1,noticing is,1,s worlds,1,to replace,1
said do,1,sign of,1,is valid,1,worlds and,1,replace warmth,1
the extended,1,trust but,1,valid not,1,a sense,1,warmth with,1
extended normal,1,also right,1,not performed,1,sense of,1,with suspicion,1
stay months,1,mind can,1,performed often,1,of this,1,suspicion it,1
months with,1,can cooperate,1,often shows,1,t an,1,add enough,1
with no,1,cooperate with,1,up as,1,act your,1,enough structure,1
moves explicit,1,feeling especially,1,as consistency,1,is also,1,that reality,1
explicit conversations,1,after many,1,time specific,1,also healthy,1,reality can,1
finances aging,1,many years,1,specific details,1,healthy the,1,show itself,1
planned repair,1,of being,1,details that,1,to doubt,1,itself how,1
repair conversation,1,being alone,1,that match,1,doubt your,1,how authenticity,1
after a,1,alone by,1,match across,1,feelings it,1,authenticity usually,1
disagreement to,1,by filling,1,across stories,1,to ground,1,usually shows,1
both do,1,filling in,1,stories and,1,ground them,1,shows up,1
do repair,1,in unknowns,1,and curiosity,1,them in,1,up and,1
your ideal,1,unknowns with,1,curiosity that,1,in more,1,check it,1
ideal timeline,1,with hope,1,that isn,1,more contexts,1,the signals,1
timeline move,1,hope the,1,just flattering,1,contexts than,1,signals you,1
move in,1,the solution,1,flattering and,1,than romance,1,you named,1
months vs,1,solution isn,1,also right,1,romance and,1,named are,1
simple set,1,to distrust,1,to question,1,and reunion,1,are commonly,1
of non,1,distrust her,1,question your,1,reunion intensity,1,commonly associated,1
negotiables and,1,to shift,1,your lens,1,intensity how,1,associated with,1
keeps romance,1,shift from,1,lens because,1,tell real,1,with sincerity,1
romance intact,1,from how,1,because after,1,real from,1,sincerity reciprocal,1
intact while,1,to how,1,long quiet,1,from i,1,reciprocal curiosity,1
while protecting,1,up separate,1,quiet period,1,m seeing,1,curiosity your,1
protecting your,1,separate three,1,period the,1,seeing what,1,your kids,1
future honest,1,things that,1,the mind,1,prove sincerity,1,kids your,1
honest evaluation,1,that get,1,mind can,1,sincerity from,1,your daily,1
evaluation here,1,get blended,1,can treat,1,from vibe,1,just romance,1
means doing,1,blended early,1,treat aliveness,1,vibe alone,1,romance talk,1
doing two,1,early chemistry,1,aliveness as,1,can increase,1,talk unflattering,1
things at,1,chemistry how,1,proof separate,1,increase certainty,1,unflattering detail,1
once respect,1,how natural,1,separate three,1,certainty by,1,detail and,1
respect the,1,natural it,1,three things,1,by checking,1,and normal,1
the base,1,talk and,1,that feel,1,checking three,1,normal imperfections,1
base rates,1,and be,1,feel similar,1,three kinds,1,imperfections continuity,1
rates some,1,be together,1,similar connection,1,kinds of,1,continuity she,1
some risks,1,together character,1,connection you,1,of consistency,1,across weeks,1
risks are,1,character reliability,1,you enjoy,1,time a,1,weeks settings,1
are more,1,reliability accountability,1,enjoy each,1,a consistency,1,settings moods,1
more common,1,accountability empathy,1,other conversation,1,across contexts,1,moods non,1
in this,1,empathy boundaries,1,conversation flows,1,contexts ask,1,non performed,1
this scenario,1,boundaries compatibility,1,flows affection,1,ask does,1,performed time,1
scenario and,1,compatibility shared,1,affection is,1,she feel,1,time quiet,1
and treat,1,shared expectations,1,mutual compatibility,1,like the,1,quiet evenings,1
an individual,1,marriage lifestyle,1,compatibility daily,1,same person,1,evenings errands,1
individual your,1,lifestyle aging,1,life fit,1,person when,1,errands boredom,1
your actual,1,aging place,1,fit habits,1,not on,1,boredom without,1
actual data,1,have strong,1,habits conflict,1,on vacation,1,without needing,1
data matters,1,strong signals,1,style money,1,vacation workday,1,needing constant,1
matters more,1,signals on,1,money style,1,workday routines,1,constant stimulation,1
than the,1,on chemistry,1,style sex,1,routines errands,1,stimulation ways,1
the trope,1,and some,1,sex family,1,errands tired,1,ways to,1
trope the,1,some on,1,expectations commitment,1,tired evenings,1,test authenticity,1
way through,1,character compatibility,1,commitment safety,1,evenings you,1,authenticity without,1
through is,1,still largely,1,safety the,1,or slow,1,without interrogating,1
evidence not,1,largely untested,1,the logistics,1,slow things,1,interrogating watch,1
not optimism,1,untested and,1,logistics and,1,things down,1,watch what,1
optimism or,1,and compatibility,1,power asymmetries,1,down there,1,a visit,1
or cynicism,1,is what,1,asymmetries visa,1,a misunderstanding,1,visit date,1
cynicism replace,1,relocation is,1,visa finances,1,misunderstanding or,1,date an,1
replace is,1,is made,1,finances healthcare,1,or conflict,1,an expense,1
she genuine,1,made of,1,healthcare social,1,involved expectations,1,expense a,1
genuine with,1,of how,1,social dependence,1,expectations obligations,1,request a,1
with better,1,to reality,1,dependence won,1,obligations privacy,1,be disappointed,1
better questions,1,reality test,1,trap either,1,privacy you,1,disappointed without,1
questions genuine,1,test without,1,have strong,1,not giving,1,without punishing,1
genuine is,1,without becoming,1,strong evidence,1,attention you,1,punishing you,1
is rarely,1,becoming suspicious,1,re still,1,busy you,1,you watch,1
rarely all,1,suspicious or,1,still collecting,1,you end,1,watch repair,1
all or,1,or cold,1,collecting evidence,1,end a,1,repair after,1
nothing ask,1,cold these,1,the second,1,a call,1,after friction,1
ask are,1,are gentle,1,second and,1,call early,1,friction can,1
are our,1,gentle tests,1,and third,1,a performance,1,she apologize,1
our incentives,1,t accuse,1,third what,1,performance tends,1,apologize clarify,1
incentives aligned,1,accuse they,1,what distance,1,to crack,1,clarify and,1
aligned long,1,they just,1,distance intimacy,1,crack under,1,and reset,1
term or,1,just invite,1,intimacy tends,1,under friction,1,reset or,1
or only,1,invite real,1,to over,1,friction character,1,does conflict,1
only short,1,life into,1,over highlight,1,character tends,1,conflict become,1
short term,1,relationship a,1,highlight and,1,stay coherent,1,become withdrawal,1
term does,1,a consistency,1,hide it,1,coherent b,1,withdrawal guilt,1
respect my,1,consistency over,1,it highlights,1,b consistency,1,escalation watch,1
my autonomy,1,the simplest,1,highlights words,1,across stakes,1,watch consistency,1
autonomy and,1,simplest strongest,1,words intention,1,stakes people,1,contexts with,1
boundaries can,1,strongest signal,1,intention consistency,1,people can,1,her friends,1
handle real,1,signal over,1,consistency longing,1,be warm,1,friends with,1
life money,1,over the,1,longing idealized,1,and open,1,family when,1
money conflict,1,months watch,1,idealized focus,1,open when,1,s tired,1
health if,1,for do,1,focus best,1,the stakes,1,tired when,1
the benefits,1,her stories,1,best self,1,stakes are,1,re working,1
benefits to,1,stories remain,1,self presentation,1,the test,1,working the,1
her decreased,1,consistent when,1,presentation it,1,test is,1,two most,1
decreased no,1,when revisited,1,hide irritability,1,happens when,1,most common,1
money no,1,revisited naturally,1,irritability avoidance,1,introduce real,1,common self,1
no visa,1,naturally do,1,avoidance jealousy,1,real stakes,1,self deception,1
visa slower,1,values show,1,jealousy financial,1,stakes i,1,deception dynamics,1
me use,1,show up,1,financial assumptions,1,move permanently,1,dynamics in,1
use a,1,in small,1,assumptions family,1,permanently until,1,situation a,1
a disconfirming,1,small choices,1,family pressures,1,until we,1,a contrast,1
disconfirming evidence,1,choices punctuality,1,pressures how,1,need finances,1,contrast effect,1
evidence mindset,1,punctuality truthfulness,1,how each,1,first let,1,effect after,1
mindset the,1,truthfulness keeping,1,each person,1,talk explicitly,1,after long,1
honest tool,1,keeping promises,1,person behaves,1,explicitly about,1,solitude after,1
tool most,1,promises respect,1,behaves when,1,obligations a,1,after years,1
people only,1,respect under,1,when tired,1,partner who,1,years mostly,1
only collect,1,stress when,1,tired sick,1,who wants,1,mostly alone,1
collect confirming,1,when there,1,sick bored,1,partnership will,1,alone a,1
confirming evidence,1,s misunderstanding,1,bored and,1,usually engage,1,warm attentive,1
evidence when,1,misunderstanding does,1,how repair,1,engage not,1,attentive bond,1
when in,1,she repair,1,repair happens,1,not punish,1,bond can,1
to actively,1,repair or,1,after conflict,1,punish c,1,feel not,1
actively look,1,deflect blame,1,conflict so,1,c consistency,1,just good,1
for information,1,blame consistency,1,goal is,1,across time,1,good but,1
information that,1,consistency doesn,1,see her,1,time early,1,but corrective,1
could prove,1,t prove,1,and yourself,1,early intensity,1,corrective like,1
prove you,1,prove purity,1,yourself in,1,intensity can,1,like life,1
you wrong,1,purity but,1,in contexts,1,can mimic,1,life returning,1
wrong practical,1,but inconsistency,1,contexts where,1,mimic destiny,1,returning that,1
practical ways,1,inconsistency is,1,where different,1,destiny the,1,you understandably,1
ways set,1,a reliable,1,different traits,1,reliable signal,1,understandably protect,1
pace than,1,reliable warning,1,traits get,1,signal is,1,from anything,1
than she,1,warning b,1,get activated,1,is do,1,anything that,1
she prefers,1,b how,1,activated reality,1,same values,1,that feels,1
prefers trial,1,she handles,1,tests that,1,values and,1,feels like,1
period no,1,handles your,1,t poison,1,and behaviors,1,like it,1
home yet,1,your boundaries,1,poison the,1,behaviors persist,1,it could,1
yet see,1,boundaries a,1,relationship these,1,persist at,1,could puncture,1
if warmth,1,can hear,1,t gotchas,1,at month,1,puncture it,1
warmth remains,1,hear not,1,gotchas they,1,month especially,1,it hard,1
remains steady,1,try one,1,re ways,1,especially after,1,talks delays,1
steady maintain,1,one clear,1,ways to,1,the novelty,1,delays boundaries,1
financial boundaries,1,clear boundary,1,see more,1,novelty fades,1,boundaries counter,1
boundaries no,1,boundary soon,1,real system,1,fades you,1,move pre,1
gifts no,1,soon such,1,system you,1,to wait,1,few non,1
no commitments,1,before deciding,1,two form,1,wait years,1,negotiables trial,1
commitments see,1,deciding on,1,form together,1,years but,1,period finances,1
if affection,1,move or,1,together a,1,her in,1,separate no,1
affection is,1,or i,1,the stress,1,she shares,1,yet so,1
is unchanged,1,to merge,1,stress and,1,shares difficult,1,longing b,1
unchanged keep,1,merge money,1,test most,1,difficult things,1,b narrative,1
keep independence,1,purchases for,1,most predictive,1,things how,1,narrative completion,1
friends your,1,year green,1,predictive pick,1,to treat,1,completion your,1
own schedule,1,flag she,1,friction topic,1,treat that,1,your mind,1
schedule see,1,she engages,1,topic money,1,that wisely,1,mind may,1
it have,1,engages negotiates,1,expectations family,1,wisely vulnerability,1,may quietly,1
have hard,1,negotiates stays,1,involvement living,1,vulnerability can,1,quietly try,1
hard talks,1,warm red,1,arrangements discuss,1,be intimacy,1,try to,1
talks early,1,red flag,1,discuss it,1,intimacy building,1,to finish,1
early kids,1,flag guilt,1,feelings watch,1,building it,1,finish the,1
aging see,1,guilt anger,1,watch the,1,can also,1,the story,1
stays engaged,1,anger withdrawal,1,the repair,1,also create,1,story i,1
engaged rather,1,tactics c,1,repair do,1,a fast,1,not alone,1
than evasive,1,c put,1,both stay,1,fast bond,1,alone anymore,1
evasive if,1,put boring,1,stay respectful,1,bond that,1,anymore it,1
steps typically,1,boring life,1,respectful do,1,feels deeper,1,s finally,1
typically increase,1,life in,1,clarity does,1,deeper than,1,finally happening,1
trust evaluate,1,the mix,1,does anyone,1,than the,1,happening don,1
evaluate through,1,mix on,1,anyone punish,1,the foundation,1,t ruin,1
through behaviors,1,purpose talking,1,punish guilt,1,foundation actually,1,ruin it,1
behaviors that,1,talking for,1,guilt withdraw,1,actually is,1,it that,1
that are,1,for hours,1,withdraw or,1,few grounding,1,that story,1
are hard,1,hours is,1,or retaliate,1,grounding checks,1,story can,1
fake chemistry,1,is great,1,retaliate b,1,checks without,1,can cause,1
chemistry and,1,great now,1,the routine,1,without interrogating,1,cause you,1
and conversation,1,now add,1,routine test,1,interrogating her,1,interpret ambiguous,1
conversation are,1,add ordinary,1,test boring,1,or playing,1,ambiguous data,1
are easy,1,ordinary friction,1,boring on,1,playing therapist,1,data in,1
easy to,1,friction you,1,purpose during,1,therapist does,1,most hopeful,1
to produce,1,full schedule,1,live as,1,she share,1,hopeful way,1
produce for,1,schedule while,1,as if,1,share painful,1,way counter,1
for weeks,1,while there,1,you already,1,painful history,1,move actively,1
weeks certain,1,you run,1,already moved,1,history with,1,actively look,1
certain behaviors,1,run errands,1,moved you,1,with boundaries,1,for disconfirming,1
behaviors are,1,errands together,1,days you,1,a constant,1,disconfirming information,1
are harder,1,together deal,1,you run,1,constant emotional,1,information in,1
sustain look,1,deal with,1,run errands,1,emotional flood,1,way what,1
for consistency,1,with minor,1,errands manage,1,flood does,1,hard between,1
consistency over,1,minor bureaucracy,1,manage small,1,she show,1,between us,1
over months,1,bureaucracy have,1,small hassles,1,show current,1,friends worry,1
months mood,1,a sick,1,hassles cook,1,current functioning,1,what might,1
mood availability,1,sick day,1,cook clean,1,functioning work,1,might make,1
availability story,1,day manage,1,clean handle,1,work stability,1,this not,1
story details,1,manage a,1,handle a,1,stability friendships,1,not work,1
details priorities,1,small disagreement,1,budget see,1,friendships self,1,work about,1
priorities repair,1,disagreement you,1,see whether,1,self care,1,her sharing,1
repair skills,1,family in,1,the warmth,1,care not,1,sharing difficult,1
skills after,1,in non,1,warmth survives,1,only a,1,difficult past,1
conflict apology,1,non host,1,survives boredom,1,a story,1,past experiences,1
apology accountability,1,host settings,1,boredom and,1,story can,1,experiences self,1
accountability compromise,1,a planned,1,logistics c,1,she name,1,self disclosure,1
compromise how,1,planned dinner,1,the social,1,she learned,1,disclosure can,1
others with,1,dinner but,1,social context,1,learned how,1,sign of,1
less power,1,but everyday,1,context test,1,she copes,1,of trust,1
power service,1,everyday life,1,test meet,1,copes now,1,trust but,1
service staff,1,compatibility often,1,meet the,1,now even,1,also create,1
staff coworkers,1,often breaks,1,the parts,1,even simply,1,fast sense,1
coworkers family,1,breaks or,1,that shape,1,simply does,1,of bondedness,1
members respect,1,or proves,1,shape her,1,she respect,1,bondedness two,1
your existing,1,proves itself,1,her spend,1,respect your,1,practical cautions,1
existing life,1,itself in,1,spend time,1,your limits,1,cautions don,1
life her,1,in boring,1,family in,1,limits if,1,t let,1
own stability,1,boring logistics,1,in ordinary,1,can we,1,let disclosure,1
stability work,1,logistics d,1,ordinary settings,1,we slow,1,disclosure substitute,1
friendships goals,1,d triangulate,1,settings notice,1,down and,1,substitute for,1
goals that,1,triangulate through,1,notice how,1,and come,1,for compatibility,1
t depend,1,through her,1,treats service,1,come back,1,compatibility you,1
depend on,1,not through,1,service staff,1,back to,1,can care,1
you check,1,through interrogation,1,staff handles,1,to it,1,her pain,1
check for,1,interrogation without,1,handles disappointment,1,not evaluating,1,pain and,1
for asymmetry,1,without checking,1,disappointment sets,1,evaluating whether,1,need alignment,1
asymmetry without,1,checking up,1,sets boundaries,1,her past,1,money where,1
without moralizing,1,up increase,1,with relatives,1,past is,1,live don,1
moralizing it,1,increase how,1,relatives notice,1,acceptable you,1,t slide,1
it even,1,much of,1,notice whether,1,re assessing,1,slide into,1
even sincere,1,world you,1,hold your,1,assessing whether,1,into rescuer,1
sincere love,1,see meet,1,your dignity,1,two of,1,rescuer provider,1
love can,1,meet a,1,dignity in,1,can carry,1,provider dynamics,1
can sit,1,couple of,1,in front,1,carry reality,1,dynamics even,1
sit beside,1,of longtime,1,front of,1,together without,1,even kind,1
beside practical,1,only family,1,of others,1,without it,1,kind well,1
practical hopes,1,family see,1,others no,1,it becoming,1,well meaning,1
hopes stability,1,her workplace,1,no teasing,1,becoming a,1,meaning rescuing,1
stability improved,1,workplace area,1,teasing no,1,a rescue,1,rescuing can,1
improved life,1,area routines,1,no pressure,1,rescue dynamic,1,can later,1
life options,1,routines as,1,pressure no,1,dynamic practical,1,later turn,1
not automatically,1,as appropriate,1,no you,1,practical ways,1,turn into,1
automatically bad,1,appropriate notice,1,you must,1,reduce your,1,into resentment,1
bad the,1,notice whether,1,must d,1,own projection,1,an uneven,1
is whether,1,whether people,1,d the,1,projection without,1,uneven power,1
whether it,1,her know,1,the boundary,1,without going,1,power dynamic,1
becomes pressure,1,know about,1,test quietly,1,going cold,1,dynamic a,1
pressure entitlement,1,normal way,1,quietly crucial,1,cold projection,1,clean boundary,1
entitlement or,1,way a,1,crucial set,1,projection usually,1,boundary you,1
or deception,1,a performed,1,set one,1,usually shows,1,can hold,1
deception higher,1,performed relationship,1,one simple,1,up as,1,hold internally,1
higher risk,1,relationship often,1,simple boundary,1,as filling,1,internally i,1
asymmetries to,1,often avoids,1,boundary and,1,filling in,1,be compassionate,1
watch urgency,1,avoids integration,1,see if,1,in unknowns,1,compassionate without,1
urgency around,1,integration a,1,s respected,1,unknowns with,1,becoming responsible,1
around marriage,1,real one,1,respected i,1,with hope,1,responsible for,1
marriage relocation,1,one gradually,1,need one,1,hope replace,1,for fixing,1
relocation framed,1,gradually integrates,1,evening a,1,replace hope,1,fixing her,1
proof increasing,1,integrates vulnerability,1,a week,1,hope fill,1,life the,1
increasing expectation,1,vulnerability a,1,week to,1,fill with,1,life tests,1
expectation of,1,flag with,1,to myself,1,with curious,1,tests that,1
of financial,1,one caution,1,myself to,1,curious specifics,1,that reveal,1
support once,1,caution sharing,1,to call,1,specifics try,1,reveal what,1
you commit,1,difficult past,1,call my,1,try these,1,what romance,1
commit family,1,past experiences,1,my kids,1,these prompts,1,romance can,1
members treating,1,experiences can,1,kids i,1,prompts when,1,t because,1
treating you,1,be intimacy,1,not making,1,imagine us,1,you already,1
resource you,1,intimacy it,1,making relocation,1,us living,1,already know,1
you becoming,1,also sometimes,1,decisions until,1,living here,1,know you,1
becoming socially,1,sometimes become,1,we ve,1,normal tuesday,1,you connect,1
socially isolated,1,a bond,1,ve done,1,tuesday look,1,connect in,1
isolated and,1,bond built,1,done a,1,want from,1,in conversation,1
and dependent,1,built on,1,trial healthy,1,me when,1,conversation focus,1
dependent lower,1,rescue dynamics,1,disappointment is,1,re stressed,1,focus your,1
lower risk,1,dynamics two,1,allowed coercion,1,stressed what,1,next learning,1
asymmetries she,1,to quietly,1,coercion is,1,think you,1,learning on,1
wants a,1,quietly track,1,a short,1,would dislike,1,on areas,1
a stable,1,track do,1,short checklist,1,dislike about,1,areas that,1
stable partner,1,feel pulled,1,for am,1,about living,1,that predict,1
want companionship,1,pulled into,1,i seeing,1,living with,1,predict long,1
companionship openly,1,into being,1,seeing what,1,respected by,1,term outcomes,1
discussed mutually,1,being a,1,see use,1,by me,1,outcomes a,1
mutually agreed,1,a rescuer,1,use these,1,me in,1,routine autonomy,1
agreed not,1,rescuer provider,1,these questions,1,in front,1,autonomy can,1
not coerced,1,provider to,1,questions privately,1,front of,1,you work,1
coerced have,1,to soothe,1,privately journal,1,family if,1,remote hours,1
have one,1,soothe her,1,journal them,1,we end,1,hours without,1
one explicit,1,her pain,1,them after,1,it kindly,1,her feeling,1
explicit stereotype,1,pain does,1,visits do,1,kindly and,1,feeling neglected,1
stereotype conversation,1,she take,1,feel calmer,1,and safely,1,neglected can,1
conversation carefully,1,take responsibility,1,calmer over,1,sincere person,1,she have,1
carefully you,1,responsibility for,1,more anxious,1,usually answer,1,have her,1
accusing i,1,her healing,1,anxious urgent,1,answer this,1,her own,1
m aware,1,healing and,1,urgent am,1,this if,1,own life,1
aware of,1,and choices,1,i shrinking,1,answer concretely,1,life while,1
the stereotypes,1,choices or,1,shrinking parts,1,concretely you,1,have yours,1
stereotypes about,1,or subtly,1,of my,1,just bonding,1,yours can,1
about older,1,subtly make,1,life to,1,bonding you,1,both enjoy,1
older western,1,you responsible,1,connection smooth,1,building shared,1,enjoy time,1
western men,1,if vulnerability,1,smooth friends,1,reality the,1,time that,1
and younger,1,vulnerability leads,1,friends kids,1,best truth,1,t intense,1
younger local,1,to closeness,1,kids work,1,truth test,1,intense b,1
local women,1,closeness and,1,work focus,1,test one,1,power even,1
women i,1,and healthy,1,focus do,1,one longer,1,biggest shift,1
be naive,1,healthy autonomy,1,i excuse,1,longer stay,1,shift happens,1
naive or,1,autonomy that,1,excuse things,1,stay designed,1,move your,1
or insulting,1,good if,1,things i,1,to reveal,1,your presence,1
insulting can,1,it leads,1,d call,1,reveal real,1,presence can,1
we talk,1,to urgency,1,call not,1,life since,1,change her,1
talk openly,1,urgency dependency,1,okay if,1,since you,1,her status,1
openly about,1,dependency or,1,a friend,1,have weeks,1,status her,1
think people,1,re the,1,friend told,1,person total,1,family s,1
assume and,1,only one,1,told me,1,total the,1,s expectations,1
want from,1,one who,1,when something,1,step isn,1,the implicit,1
genuine partner,1,who can,1,is unclear,1,t more,1,implicit provider,1
usually appreciates,1,can save,1,unclear does,1,more romance,1,provider script,1
appreciates the,1,save me,1,she help,1,romance time,1,script even,1
the respect,1,me slow,1,help clarify,1,time it,1,personally rejects,1
and transparency,1,down the,1,clarify or,1,do weeks,1,rejects it,1
transparency a,1,best single,1,or steer,1,weeks where,1,it test,1
a manipulative,1,single tool,1,steer away,1,a routine,1,test agree,1
manipulative partner,1,tool ask,1,away from,1,routine your,1,simple shared,1
partner often,1,for specifics,1,from clarity,1,your work,1,method during,1
often reacts,1,specifics about,1,clarity is,1,hours her,1,during your,1
reacts with,1,future not,1,relationship becoming,1,her work,1,next long,1
with shame,1,to trap,1,becoming more,1,hours manage,1,long stay,1
shame anger,1,trap her,1,more real,1,manage minor,1,stay transparent,1
to drop,1,her just,1,world structured,1,minor logistics,1,transparent proportional,1
drop it,1,just to,1,structured or,1,logistics together,1,proportional calm,1
it use,1,see whether,1,or staying,1,together shopping,1,calm see,1
use safeguards,1,talk is,1,staying mostly,1,shopping transport,1,see how,1
protect both,1,is concrete,1,mostly emotional,1,transport small,1,how it,1
and don,1,concrete examples,1,emotional future,1,small disagreements,1,feels c,1
t imply,1,examples when,1,talk future,1,disagreements meet,1,c family,1
imply distrust,1,you picture,1,talk when,1,her wider,1,interface how,1
distrust these,1,picture day,1,live here,1,circle in,1,how are,1
are fair,1,day where,1,here isn,1,settings do,1,are decisions,1
fair adult,1,split expenses,1,t bad,1,a couple,1,decisions made,1
adult guardrails,1,expenses how,1,bad it,1,couple of,1,made in,1
guardrails staged,1,want our,1,just needs,1,of stressful,1,practice are,1
relocation month,1,our relationship,1,be matched,1,stressful tasks,1,are boundaries,1
trial keep,1,relationship to,1,matched by,1,tasks together,1,boundaries respected,1
no major,1,to look,1,by planning,1,together paperwork,1,respected does,1
major asset,1,in year,1,planning details,1,paperwork budgeting,1,she protect,1
moves no,1,year in,1,details and,1,budgeting a,1,from undue,1
no co,1,disappoint you,1,patience what,1,a trip,1,undue family,1
co signing,1,most if,1,ask next,1,trip dealing,1,family pressure,1
signing no,1,i moved,1,next direct,1,a minor,1,and do,1
transfers clear,1,moved there,1,direct non,1,minor problem,1,respect her,1
clear budgeting,1,disappoint me,1,accusatory pick,1,problem then,1,her closeness,1
budgeting what,1,me most,1,pick and,1,ask yourselves,1,closeness without,1
you cover,1,most people,1,ask slowly,1,yourselves do,1,without trying,1
cover what,1,are improvising,1,slowly one,1,we still,1,to isolate,1
she covers,1,improvising a,1,one conversation,1,s boring,1,isolate her,1
covers legal,1,a role,1,conversation at,1,or tense,1,her d,1
immigration clarity,1,role tend,1,does being,1,tense a,1,d dependability,1
clarity before,1,vague people,1,partner look,1,simple red,1,dependability under,1
before commitments,1,are sincere,1,financially in,1,flag green,1,stress pick,1
commitments your,1,sincere can,1,mind if,1,flag lens,1,pick something,1
system maintained,1,usually get,1,parents needed,1,lens for,1,real but,1
maintained friends,1,re nervous,1,help later,1,exact worry,1,but small,1
family know,1,nervous a,1,me time,1,worry green,1,small a,1
know regular,1,simple self,1,money living,1,flags she,1,a travel,1
regular check,1,self check,1,arrangements do,1,s consistent,1,hiccup a,1
ins if,1,check for,1,feels real,1,or less,1,a work,1
truly seeking,1,for projection,1,real to,1,less available,1,work deadline,1
seeking partnership,1,projection do,1,we tried,1,available she,1,deadline a,1
usually find,1,this after,1,tried living,1,she welcomes,1,illness notice,1
find these,1,after visits,1,together for,1,welcomes slow,1,team a,1
these reassuring,1,visits after,1,for months,1,structured planning,1,to reality,1
reassuring rather,1,each in,1,respectfully what,1,planning she,1,check without,1
than offensive,1,person trip,1,secure with,1,money separation,1,without damaging,1
offensive a,1,trip write,1,without me,1,separation early,1,damaging intimacy,1
simple honesty,1,two lists,1,me having,1,t rush,1,intimacy propose,1
honesty scorecard,1,lists observed,1,having to,1,rush commitment,1,propose this,1
scorecard you,1,observed facts,1,to rush,1,commitment to,1,this explicitly,1
use after,1,facts no,1,rush her,1,to stop,1,explicitly a,1
each trip,1,no interpretation,1,stay present,1,stop you,1,reversible timeline,1
trip month,1,interpretation what,1,present in,1,from thinking,1,timeline i,1
month rate,1,moments family,1,in these,1,thinking red,1,trial living,1
rate for,1,family moments,1,these talks,1,flags emotional,1,living here,1
each no,1,moments disagreements,1,talks is,1,emotional penalty,1,here before,1
no somewhat,1,disagreements follow,1,stronger signal,1,penalty for,1,mutual clarity,1
somewhat yes,1,follow through,1,signal than,1,for caution,1,clarity talk,1
yes respects,1,through stories,1,than her,1,caution if,1,talk not,1
respects my,1,stories my,1,her answers,1,you loved,1,not accusatory,1
my boundaries,1,mind is,1,answers a,1,loved me,1,accusatory marriage,1
and pace,1,is telling,1,judgment clean,1,would move,1,timeline children,1
pace consistent,1,telling this,1,clean without,1,now avoidance,1,children money,1
time clear,1,is my,1,without going,1,avoidance or,1,health scenarios,1
clear about,1,my last,1,going cold,1,or vagueness,1,scenarios a,1
expectations handles,1,chance she,1,cold make,1,vagueness on,1,a guardrail,1
handles conflict,1,she would,1,plan track,1,obligations push,1,guardrail no,1
conflict with,1,would never,1,a heart,1,push to,1,s sincere,1
with repair,1,never it,1,heart keep,1,independent friendships,1,and emotionally,1
repair no,1,will all,1,keep connecting,1,friendships or,1,emotionally mature,1
no financial,1,all work,1,connecting plan,1,or expat,1,mature she,1
financial visa,1,out once,1,plan joy,1,community contacts,1,not love,1
visa pressure,1,once i,1,joy allow,1,contacts pattern,1,love the,1
pressure encourages,1,i move,1,allow intimacy,1,of crises,1,the slowness,1
encourages my,1,the story,1,intimacy track,1,crises that,1,slowness but,1
my independence,1,story gets,1,b reality,1,love one,1,but she,1
independence integrates,1,gets ahead,1,reality set,1,one direct,1,usually respect,1
integrates me,1,ahead of,1,a date,1,direct question,1,respect the,1
me realistically,1,the facts,1,date for,1,that often,1,the logic,1
realistically into,1,facts that,1,structured trial,1,often clarifies,1,logic one,1
into her,1,your cue,1,period consult,1,clarifies everything,1,one question,1
moments if,1,cue to,1,consult on,1,everything is,1,that keeps,1
re consistently,1,slow the,1,on visa,1,asked gently,1,you honest,1
consistently at,1,not end,1,healthcare keep,1,gently this,1,honest ask,1
at after,1,say that,1,keep finances,1,real sticking,1,yourself weekly,1
after normal,1,preserves warmth,1,separate keep,1,sticking points,1,weekly and,1
life exposure,1,and increases,1,option if,1,points children,1,writing briefly,1
exposure cynicism,1,increases truth,1,specific trial,1,duty expectations,1,briefly what,1
cynicism is,1,truth i,1,decision points,1,expectations prior,1,what did,1
is less,1,feel how,1,points that,1,prior relationships,1,did i,1
less warranted,1,how real,1,that preserve,1,relationships financial,1,i observe,1
warranted if,1,real this,1,preserve what,1,financial realities,1,observe this,1
at with,1,is between,1,good without,1,realities in,1,this week,1
with pressure,1,between us,1,letting hope,1,feels safer,1,week that,1
pressure urgency,1,protect it,1,hope do,1,safer than,1,still be,1
urgency caution,1,it by,1,the steering,1,than interrogation,1,true if,1
caution is,1,by going,1,steering you,1,interrogation if,1,i weren,1
is warranted,1,going step,1,evaluate this,1,country even,1,t hopeful,1
warranted bottom,1,step i,1,this honestly,1,even just,1,hopeful this,1
line you,1,not questioning,1,honestly by,1,just which,1,chance that,1
t evaluate,1,questioning your,1,by treating,1,one and,1,that wanting,1
evaluate this,1,your intentions,1,treating stereotypes,1,and where,1,wanting it,1
this by,1,intentions i,1,as risk,1,you stand,1,are on,1
by trying,1,m respecting,1,risk hypotheses,1,stand on,1,the table,1
feel less,1,respecting how,1,hypotheses not,1,you tailor,1,table for,1
less in,1,how big,1,not conclusions,1,the specifics,1,draft the,1
you evaluate,1,big this,1,conclusions and,1,specifics conversation,1,exact clarity,1
it by,1,this decision,1,then collecting,1,conversation and,1,clarity conversation,1
by seeing,1,decision is,1,collecting disconfirming,1,and design,1,protects your,1
seeing whether,1,invites partnership,1,disconfirming and,1,stay plan,1,your finances,1
stays strong,1,partnership not,1,and confirming,1,fits local,1,finances visa,1
strong when,1,not defensiveness,1,confirming evidence,1,local visa,1,coverage while,1
you introduce,1,defensiveness if,1,evidence in,1,cultural realities,1,while giving,1
introduce time,1,country this,1,structured way,1,realities honest,1,giving the,1
time boundaries,1,practical staged,1,way use,1,honest evaluation,1,fair test,1
and ordinary,1,path visa,1,use base,1,evaluation here,1,can evaluate,1
ordinary life,1,healthcare finances,1,base rates,1,means separating,1,evaluate this,1
a possibility,1,finances that,1,rates without,1,separating pattern,1,this honestly,1
possibility for,1,emotionally open,1,letting them,1,pattern risk,1,honestly by,1
important culture,1,open while,1,them decide,1,risk what,1,by replacing,1
culture immigration,1,keeping your,1,decide truth,1,what commonly,1,replacing is,1
immigration pressure,1,future protected,1,truth some,1,commonly goes,1,is this,1
pressure points,1,protected you,1,some older,1,goes wrong,1,this stereotype,1
points to,1,be neither,1,older western,1,wrong from,1,stereotype true,1
to probe,1,neither naïve,1,western younger,1,from this,1,true with,1
probe and,1,naïve nor,1,younger asian,1,this specific,1,would genuine,1
concrete staged,1,nor cynical,1,asian relationships,1,specific person,1,genuine look,1
keeps you,1,cynical by,1,relationships involve,1,person what,1,like what,1
open without,1,by treating,1,involve immigration,1,she repeatedly,1,would transactional,1
being exposed,1,treating the,1,immigration financial,1,repeatedly does,1,transactional look,1
exposed you,1,the stereotype,1,financial motives,1,does then,1,like and,1
thinking about,1,stereotype as,1,motives and,1,then gathering,1,what evidence,1
right horizon,1,risk prior,1,and scams,1,gathering evidence,1,evidence do,1
horizon a,1,prior not,1,scams exist,1,in ways,1,have for,1
gap isn,1,conclusion in,1,exist also,1,are hard,1,each don,1
t mainly,1,other words,1,also truth,1,fake use,1,t fight,1
mainly about,1,words this,1,truth many,1,use stereotypes,1,fight the,1
can enjoy,1,this pattern,1,many are,1,stereotypes as,1,stereotype operationalize,1
enjoy each,1,pattern sometimes,1,are genuine,1,a risk,1,operationalize it,1
other now,1,sometimes goes,1,genuine mutual,1,risk map,1,stereotype points,1
s about,1,goes wrong,1,stable so,1,map not,1,points to,1
about timeline,1,wrong so,1,so let,1,verdict the,1,to structural,1
mismatch later,1,should verify,1,let the,1,stereotype points,1,structural risks,1
later health,1,verify key,1,the stereotype,1,to real,1,risks not,1
health energy,1,key failure,1,stereotype set,1,real failure,1,not mind,1
energy work,1,failure points,1,set your,1,failure modes,1,reading economic,1
work retirement,1,points rather,1,your due,1,modes money,1,economic gap,1
retirement caregiving,1,than this,1,diligence level,1,money residency,1,pressure entitlement,1
the younger,1,this must,1,level not,1,residency motives,1,entitlement or,1
younger partner,1,a scam,1,your verdict,1,motives imbalance,1,or dependency,1
partner s,1,scam or,1,verdict a,1,imbalance of,1,dependency even,1
s midlife,1,or love,1,a helpful,1,of leverage,1,if nobody,1
midlife needs,1,love proves,1,helpful mindset,1,leverage and,1,nobody intends,1
needs when,1,proves it,1,mindset from,1,dependency rescuer,1,intends it,1
the older,1,s safe,1,from evidence,1,rescuer rescued,1,it citizenship,1
is in,1,safe use,1,evidence based,1,rescued dynamics,1,citizenship visa,1
the frailty,1,a prior,1,based reasoning,1,dynamics social,1,visa leverage,1
frailty window,1,prior evidence,1,reasoning what,1,social status,1,leverage can,1
window what,1,evidence mindset,1,this were,1,status and,1,distort motives,1
what tends,1,mindset honest,1,were genuine,1,expectations short,1,and bargaining,1
happen in,1,without paranoia,1,genuine vs,1,short term,1,bargaining power,1
years the,1,paranoia stereotypes,1,vs primarily,1,term charm,1,power age,1
predictable parts,1,stereotypes are,1,instrumental then,1,charm that,1,age health,1
parts if,1,are essentially,1,then check,1,that fades,1,trajectory changes,1
re and,1,essentially crude,1,check over,1,fades after,1,term deal,1
s today,1,crude base,1,time look,1,after commitment,1,deal more,1
today then,1,base rate,1,for costly,1,commitment but,1,the short,1
then in,1,rate stories,1,signals and,1,but treating,1,term romance,1
years you,1,stories they,1,consistency stronger,1,treating the,1,romance social,1
be she,1,they remind,1,stronger than,1,stereotype as,1,social scripts,1
be you,1,remind you,1,than chemistry,1,a conclusion,1,scripts provider,1
be retired,1,you that,1,chemistry chemistry,1,conclusion will,1,provider expectations,1
retired or,1,that incentives,1,chemistry is,1,will make,1,expectations family,1
or winding,1,incentives exist,1,is easy,1,you misread,1,duty can,1
winding down,1,exist income,1,easy to,1,misread normal,1,be present,1
down she,1,income gaps,1,fake sustained,1,normal affection,1,present without,1
be in,1,gaps residency,1,sustained patterns,1,affection as,1,anyone calling,1
a career,1,pathways family,1,patterns are,1,as manipulation,1,calling it,1
career identity,1,expectations status,1,harder strong,1,manipulation treat,1,it money,1
identity peak,1,status but,1,strong indicators,1,as here,1,money for,1
peak statistically,1,only honest,1,of genuineness,1,here are,1,for love,1
statistically your,1,honest way,1,genuineness tend,1,the areas,1,love so,1
your chances,1,decide about,1,to include,1,areas to,1,your job,1
chances of,1,this woman,1,include no,1,reliable honesty,1,job is,1
of chronic,1,woman is,1,no escalation,1,honesty test,1,test are,1
chronic conditions,1,to update,1,pressure she,1,test collaboration,1,that remains,1
conditions rise,1,update from,1,s okay,1,collaboration with,1,remains respectful,1
rise cardiovascular,1,from observable,1,and doesn,1,with structure,1,and stable,1
cardiovascular orthopedic,1,observable evidence,1,t demand,1,avoid both,1,stable when,1
orthopedic metabolic,1,evidence over,1,demand fast,1,both naivety,1,when those,1
metabolic cognitive,1,good evidence,1,fast commitment,1,naivety and,1,those pressures,1
cognitive she,1,evidence consistency,1,commitment boundary,1,and cynicism,1,pressures are,1
may still,1,consistency across,1,respect when,1,cynicism introduce,1,are named,1
want an,1,across months,1,to moving,1,structure and,1,named and,1
an active,1,months not,1,money marriage,1,response propose,1,bounded use,1
active social,1,just intensity,1,marriage timing,1,a time,1,two hypothesis,1
social travel,1,intensity behavior,1,timing she,1,time boxed,1,hypothesis method,1
travel life,1,under mild,1,she stays,1,boxed trial,1,method keeps,1
may prefer,1,stress willingness,1,warm and,1,trial months,1,you open,1
prefer stability,1,discuss uncomfortable,1,and steady,1,normally separate,1,open and,1
stability or,1,uncomfortable practicalities,1,steady integrated,1,boundaries a,1,and rigorous,1
or you,1,practicalities respect,1,integrated life,1,mutual exit,1,rigorous hold,1
may stay,1,for boundaries,1,you meet,1,dignity a,1,hold two,1
stay vigorous,1,boundaries integration,1,meet friends,1,genuine partner,1,two working,1
vigorous but,1,into each,1,family repeatedly,1,typically says,1,working hypotheses,1
but the,1,s real,1,repeatedly and,1,says some,1,hypotheses at,1
risk spread,1,real lives,1,and her,1,some version,1,time h1,1
spread widens,1,lives evaluate,1,consistent across,1,of yes,1,h1 genuine,1
widens the,1,evaluate the,1,across people,1,yes let,1,partner fit,1
the caregiving,1,relationship on,1,people and,1,s plan,1,fit she,1
caregiving question,1,on three,1,and time,1,partner motivated,1,she values,1
question becomes,1,three layers,1,time balanced,1,motivated mainly,1,values you,1
becomes real,1,layers and,1,balanced curiosity,1,mainly by,1,a person,1
real not,1,let chemistry,1,curiosity she,1,by benefit,1,person wants,1
not would,1,chemistry grade,1,s interested,1,benefit often,1,a shared,1
you help,1,grade the,1,interested in,1,often reacts,1,tolerate boundaries,1
help me,1,other two,1,your inner,1,with pressure,1,and uncertainty,1
if sick,1,two a,1,inner life,1,pressure guilt,1,uncertainty while,1
sick for,1,a character,1,just your,1,guilt vagueness,1,build trust,1
a week,1,character who,1,your passport,1,vagueness or,1,trust h2,1
week but,1,who she,1,passport assets,1,or urgency,1,h2 primarily,1
but what,1,she is,1,or relocation,1,urgency evaluate,1,primarily instrumental,1
help for,1,is when,1,relocation timeline,1,evaluate incentives,1,instrumental the,1
for years,1,s inconvenient,1,timeline realistic,1,incentives without,1,is significantly,1
years none,1,inconvenient keeps,1,realistic planning,1,accusing ask,1,significantly driven,1
of this,1,keeps promises,1,planning she,1,and carefully,1,driven by,1
is fatal,1,promises shows,1,she engages,1,carefully ask,1,security mobility,1
fatal to,1,up tells,1,engages in,1,what each,1,mobility status,1
it just,1,tells the,1,in boring,1,you stands,1,you providing,1
just needs,1,truth even,1,boring details,1,stands to,1,providing money,1
needs planning,1,costs her,1,details budgets,1,to gain,1,relocation marriage,1
planning and,1,her can,1,budgets living,1,gain and,1,marriage visa,1
and explicit,1,can apologize,1,arrangements healthcare,1,and lose,1,visa you,1
explicit consent,1,apologize and,1,healthcare not,1,your incentives,1,not choosing,1
consent the,1,repair respects,1,just future,1,incentives companionship,1,choosing a,1
big future,1,your not,1,future fantasy,1,companionship intimacy,1,a belief,1
future fault,1,without punishment,1,fantasy run,1,intimacy meaning,1,belief you,1
fault lines,1,punishment b,1,few falsifiable,1,meaning renewed,1,re gathering,1
lines to,1,b compatibility,1,falsifiable tests,1,renewed vitality,1,gathering disconfirming,1
to address,1,compatibility what,1,tests science,1,vitality a,1,disconfirming evidence,1
address now,1,what life,1,science mindset,1,shared future,1,evidence what,1
now a,1,life would,1,mindset not,1,future risk,1,as strong,1
a children,1,actually be,1,suspicion these,1,risk isolation,1,not vibes,1
children often,1,be money,1,not traps,1,isolation financial,1,vibes strong,1
often the,1,money roles,1,traps they,1,financial legal,1,for genuine,1
the decisive,1,roles family,1,re reality,1,legal exposure,1,genuine she,1
decisive one,1,kids religion,1,checks that,1,exposure being,1,timeline no,1
feel time,1,culture where,1,that produce,1,being needed,1,no guilt,1
time pressure,1,how conflict,1,produce clear,1,needed more,1,guilt no,1
pressure if,1,conflict is,1,clear observations,1,than loved,1,threats no,1
a father,1,is handled,1,observations test,1,loved her,1,no urgency,1
father in,1,handled what,1,test a,1,her incentives,1,urgency manipulation,1
your 60s,1,what aging,1,boundary state,1,incentives love,1,manipulation she,1
60s 70s,1,care looks,1,state a,1,love partnership,1,accepts financial,1
70s if,1,like c,1,a policy,1,partnership stability,1,financial boundaries,1
yes parenting,1,c incentives,1,policy i,1,stability social,1,boundaries without,1
parenting energy,1,incentives constraints,1,early we,1,social standing,1,without sulking,1
energy schooling,1,constraints what,1,do proportional,1,standing future,1,sulking punishment,1
schooling costs,1,what pressures,1,expenses later,1,future security,1,punishment or,1
costs and,1,pressures could,1,together observe,1,security possibly,1,or escalating,1
possibility you,1,could bend,1,observe acceptance,1,possibly children,1,demands later,1
at a,1,bend intentions,1,acceptance and,1,children risk,1,later she,1
a child,1,family dependency,1,collaborative planning,1,risk judgment,1,there friends,1
child s,1,expectations your,1,planning good,1,others family,1,routines work,1
s graduation,1,your foreigner,1,good vs,1,family strain,1,time not,1
graduation if,1,status visa,1,vs guilt,1,strain giving,1,not isolating,1
can she,1,visa realities,1,anger urgency,1,giving prime,1,she engages,1
truly accept,1,realities healthcare,1,urgency bad,1,prime years,1,engages the,1
accept that,1,costs your,1,bad test,1,years to,1,hard topics,1
that without,1,future dependency,1,test b,1,partner a,1,marriage aging,1
without resentment,1,dependency risk,1,timeline boundary,1,both loving,1,aging family,1
resentment at,1,a genuine,1,boundary i,1,loving and,1,obligations with,1
moral issue,1,genuine person,1,t relocate,1,practical the,1,with realism,1
issue it,1,person can,1,relocate permanently,1,is whether,1,realism not,1
s logistics,1,still get,1,permanently until,1,practical parts,1,avoidance she,1
logistics life,1,get pulled,1,we complete,1,parts are,1,she shows,1
life meaning,1,pulled by,1,complete a,1,are spoken,1,shows repair,1
meaning b,1,by constraints,1,and have,1,spoken and,1,repair skills,1
and fairness,1,constraints later,1,have visa,1,and fair,1,skills after,1
fairness a,1,later talking,1,healthcare clarity,1,fair not,1,after conflict,1
hard but,1,talking about,1,clarity observe,1,not hidden,1,conflict accountability,1
but loving,1,about them,1,observe whether,1,hidden look,1,accountability compromise,1
loving question,1,them early,1,tolerate uncertainty,1,look for,1,compromise calm,1
needed daily,1,early is,1,uncertainty without,1,for costly,1,calm re,1
daily help,1,protective not,1,without escalating,1,signals of,1,re connection,1
help at,1,accusatory the,1,escalating pressure,1,of sincerity,1,connection strong,1
do home,1,the non,1,pressure test,1,sincerity costly,1,for instrumental,1
home care,1,non cynical,1,test c,1,signals are,1,instrumental move,1
care assisted,1,cynical tests,1,the conflict,1,are behaviors,1,me framing,1
living hired,1,that reveal,1,test pick,1,behaviors that,1,framing escalating,1
help moving,1,reveal a,1,one concrete,1,are inconvenient,1,escalating urgency,1
near my,1,lot these,1,concrete disagreement,1,inconvenient to,1,urgency when,1
kids moving,1,are practical,1,disagreement budget,1,respects no,1,trial phase,1
near yours,1,practical experiments,1,budget where,1,money to,1,phase a,1
yours you,1,experiments falsifiable,1,live family,1,to moving,1,a pattern,1
asking her,1,falsifiable in,1,involvement and,1,moving fast,1,of crises,1
to sign,1,the sense,1,and push,1,fast to,1,crises or,1
sign up,1,sense that,1,push it,1,to constant,1,or opportunities,1
asking whether,1,can observe,1,decision observe,1,constant availability,1,opportunities that,1
can design,1,observe outcomes,1,observe repair,1,availability she,1,that require,1
life c,1,outcomes test,1,accountability calm,1,she maintains,1,require your,1
c money,1,test boundary,1,calm negotiation,1,maintains her,1,your help,1
and retirement,1,test kind,1,negotiation and,1,her job,1,help even,1
retirement timing,1,kind but,1,to warmth,1,job life,1,ramp up,1
timing you,1,but firm,1,warmth beats,1,t push,1,up discomfort,1
ll likely,1,firm propose,1,beats perfect,1,push you,1,with transparency,1
likely reach,1,a slower,1,perfect harmony,1,to become,1,transparency basic,1
reach slow,1,slower staged,1,harmony that,1,become her,1,basic facts,1
slow down,1,plan longer,1,that avoids,1,her sole,1,facts consistent,1
down years,1,stay no,1,avoids reality,1,sole plan,1,consistent story,1
years earlier,1,no big,1,reality ask,1,plan she,1,story meeting,1
earlier will,1,big financial,1,directly about,1,she integrates,1,meeting stable,1
will your,1,financial moves,1,three motive,1,integrates you,1,stable friends,1
your income,1,moves no,1,motive hotspots,1,you into,1,family over,1
income drop,1,marriage green,1,hotspots and,1,into real,1,time punishment,1
drop while,1,green she,1,and normalize,1,just curated,1,for no,1
while her,1,collaborates stays,1,normalize it,1,curated moments,1,no or,1
her obligations,1,warm helps,1,say because,1,moments she,1,or emotional,1
obligations rise,1,helps plan,1,of stereotypes,1,shows consistency,1,emotional leverage,1
rise parents,1,plan red,1,stereotypes and,1,consistency when,1,leverage if,1
parents aging,1,red urgency,1,practical realities,1,not exciting,1,you loved,1
aging career,1,urgency guilt,1,realities i,1,exciting tired,1,loved me,1
career demands,1,guilt threats,1,need us,1,tired busy,1,me you,1
demands can,1,threats or,1,be explicit,1,busy stressed,1,d your,1
fund healthcare,1,or withdrawal,1,explicit so,1,stressed she,1,role quietly,1
and paid,1,withdrawal to,1,real children,1,she talks,1,quietly converges,1
needed if,1,to force,1,them timeline,1,about hard,1,converges on,1
you die,1,force compliance,1,she expect,1,realities aging,1,on provider,1
first probable,1,compliance test,1,you marriage,1,aging family,1,provider solution,1
probable is,1,test specificity,1,immigration is,1,duty children,1,solution citizenship,1
she financially,1,specificity test,1,expected culturally,1,children without,1,citizenship pathway,1
financially safe,1,test future,1,culturally familially,1,without avoidance,1,pathway the,1
being incentivized,1,talk becomes,1,familially is,1,avoidance you,1,that pierce,1
incentivized to,1,becomes concrete,1,is moving,1,one costly,1,pierce stereotypes,1
stay for,1,concrete ask,1,moving to,1,costly signal,1,stereotypes without,1
for security,1,for details,1,country a,1,signal declining,1,her these,1
security a,1,details not,1,a goal,1,offered good,1,are direct,1
good plan,1,not promises,1,goal family,1,good now,1,but respectful,1
plan protects,1,promises if,1,money genuineness,1,now test,1,respectful because,1
both you,1,i lived,1,genuineness often,1,test more,1,re about,1
from dependence,1,lived here,1,like clarity,1,more pressure,1,about planning,1
her from,1,would our,1,clarity nuance,1,clearest red,1,planning not,1
being trapped,1,our weekly,1,nuance and,1,flag more,1,not accusation,1
trapped d,1,weekly life,1,and willingness,1,than age,1,accusation timeline,1
d social,1,like work,1,to put,1,itself age,1,test if,1
and independence,1,hours expenses,1,put things,1,couples can,1,we do,1
independence at,1,expenses time,1,writing as,1,can thrive,1,trial before,1
t centered,1,family privacy,1,as agreements,1,thrive the,1,move or,1
centered on,1,privacy what,1,agreements even,1,thing that,1,that acceptable,1
on caregiving,1,what money,1,even informal,1,that predicts,1,acceptable to,1
caregiving agree,1,money responsibilities,1,informal ones,1,predicts trouble,1,you kids,1
agree now,1,responsibilities would,1,ones control,1,trouble is,1,kids clarity,1
now that,1,expect toward,1,control for,1,the gap,1,clarity do,1
she keeps,1,i got,1,own known,1,gap it,1,if that,1
keeps friendships,1,got sick,1,known biases,1,s rushed,1,happen with,1
friendships travel,1,sick what,1,biases without,1,rushed commitment,1,me money,1
travel and,1,do sincere,1,without shaming,1,commitment under,1,in day,1
and work,1,be specific,1,shaming yourself,1,under emotional,1,day expenses,1
work you,1,re unsure,1,yourself after,1,emotional pressure,1,expect if,1
you each,1,unsure performers,1,after years,1,pressure be,1,family had,1
have separate,1,vague or,1,this makes,1,be alert,1,a need,1
separate support,1,deflect test,1,me feel,1,alert for,1,need location,1
support networks,1,test integration,1,alive can,1,move soon,1,location flexibility,1
networks hiring,1,integration test,1,can amplify,1,soon you,1,flexibility would,1
hiring help,1,test real,1,amplify confirmation,1,t love,1,you ever,1
help is,1,life verification,1,confirmation bias,1,love me,1,ever consider,1
not failure,1,verification without,1,bias seeing,1,me my,1,consider living,1
failure it,1,without investigating,1,seeing supportive,1,my family,1,if health,1
plan scenario,1,investigating over,1,supportive evidence,1,needs x,1,health or,1
scenario planning,1,you naturally,1,evidence more,1,x appearing,1,or work,1
planning conversations,1,naturally become,1,than contradictory,1,appearing right,1,work required,1
this concrete,1,become part,1,contradictory evidence,1,right after,1,required it,1
concrete have,1,her actual,1,evidence scarcity,1,commit refusing,1,it aging,1
have these,1,actual world,1,scarcity last,1,refusing specifics,1,aging reality,1
these as,1,world longtime,1,chance framing,1,timelines budgets,1,reality what,1
as collaborative,1,introductions ordinary,1,framing overweighting,1,budgets expectations,1,m significantly,1
collaborative design,1,time not,1,overweighting near,1,expectations discouraging,1,significantly less,1
design talks,1,only celebratory,1,near term,1,discouraging you,1,mobile in,1
talks health,1,celebratory dinners,1,term relief,1,independent friends,1,key is,1
health scenario,1,dinners seeing,1,relief halo,1,friends or,1,right answers,1
scenario if,1,seeing her,1,halo effect,1,or advice,1,answers it,1
m healthy,1,her routines,1,effect warmth,1,advice if,1,can address,1
healthy at,1,routines and,1,warmth assuming,1,if none,1,address them,1
we want,1,her talk,1,assuming alignment,1,happening you,1,them maturely,1
want life,1,you test,1,on everything,1,being naive,1,maturely and,1
to look,1,test stress,1,everything else,1,naive by,1,and consistently,1
not what,1,stress and,1,else two,1,by staying,1,consistently run,1
s plan,1,repair test,1,practical antidotes,1,staying open,1,run small,1
boundaries what,1,test don,1,antidotes pre,1,open do,1,small real,1
care could,1,t manufacture,1,mortem assume,1,a grounded,1,world experiments,1
you offer,1,manufacture drama,1,assume we,1,grounded third,1,experiments better,1
offer willingly,1,drama but,1,we broke,1,third party,1,better than,1
willingly and,1,but notice,1,broke up,1,party reality,1,than interrogations,1
care would,1,notice what,1,up months,1,check without,1,interrogations say,1
out location,1,happens when,1,months after,1,without letting,1,to something,1
family would,1,it inevitably,1,moved what,1,letting outsiders,1,something benign,1
we ever,1,inevitably appears,1,what most,1,outsiders run,1,benign a,1
ever move,1,appears travel,1,most likely,1,run your,1,a trip,1
closer to,1,travel snafu,1,then mitigate,1,life talk,1,trip a,1
kids your,1,snafu illness,1,mitigate those,1,talk to,1,a purchase,1
what triggers,1,illness money,1,those causes,1,to one,1,purchase a,1
triggers that,1,money confusion,1,causes now,1,trusted friend,1,a schedule,1
that money,1,confusion jealousy,1,calibration choose,1,friend who,1,schedule and,1
money legacy,1,jealousy moment,1,choose grounded,1,who is,1,watch the,1
legacy if,1,moment family,1,and share,1,is calm,1,the response,1
i die,1,family tension,1,facts not,1,calm not,1,response hold,1
first what,1,tension the,1,feelings ask,1,not cynical,1,boundary for,1
okay what,1,the marker,1,what questions,1,cynical get,1,for days,1
want my,1,marker is,1,questions they,1,get practical,1,days e,1
children to,1,not no,1,want answered,1,practical counsel,1,g separate,1
to inherit,1,no conflict,1,answered before,1,counsel immigration,1,finances fixed,1
inherit can,1,conflict it,1,move time,1,immigration tax,1,fixed contribution,1
we respect,1,s repair,1,time is,1,tax health,1,contribution method,1
both if,1,quality watch,1,your ally,1,insurance so,1,if resentment,1
if these,1,watch your,1,ally use,1,so romance,1,resentment appears,1
these talks,1,cognitive distortions,1,use it,1,romance isn,1,appears do,1
talks create,1,distortions this,1,it deliberately,1,t carrying,1,do routine,1
create teamwork,1,where honesty,1,deliberately temporal,1,carrying those,1,routine weeks,1
teamwork that,1,honesty often,1,temporal reality,1,those uncertainties,1,weeks together,1
strong sign,1,often fails,1,reality the,1,uncertainties spend,1,together workdays,1
sign if,1,fails two,1,informative thing,1,with couples,1,workdays chores,1
if they,1,two common,1,thing you,1,couples like,1,chores boredom,1
they create,1,common ones,1,is watch,1,you expat,1,boredom minor,1
create avoidance,1,ones here,1,watch what,1,community groups,1,illness not,1
avoidance guilt,1,here euphoria,1,what stays,1,groups to,1,only vacation,1
pressure that,1,euphoria contrast,1,over months,1,to normalize,1,vacation style,1
s information,1,contrast effect,1,months does,1,normalize what,1,style time,1
information too,1,effect after,1,busy sick,1,normal and,1,time build,1
too practical,1,years alive,1,sick stressed,1,and spot,1,supports there,1
practical safeguards,1,again can,1,stressed or,1,spot what,1,there see,1
gap less,1,relationship feel,1,or less,1,simple decision,1,see whether,1
less risky,1,feel more,1,less available,1,honest stay,1,she encourages,1
risky health,1,more certain,1,available do,1,stay warm,1,encourages or,1
plan identify,1,certain than,1,do financial,1,warm move,1,or resists,1
coverage exists,1,is sunk,1,expectations stay,1,move slow,1,resists your,1
exists where,1,cost escalation,1,stay consistent,1,slow and,1,independence make,1
live price,1,escalation visits,1,consistent does,1,and only,1,any in,1
price private,1,visits daily,1,she accept,1,only make,1,reversible stages,1
private care,1,calls and,1,accept a,1,make irreversible,1,stages cynicism,1
care emergency,1,and imagined,1,a gradual,1,moves after,1,cynicism rushes,1
who contacts,1,imagined future,1,gradual path,1,after reversible,1,to never,1
contacts whom,1,future can,1,path without,1,reversible tests,1,never naivete,1
whom where,1,make slowing,1,without relationship,1,tests so,1,naivete rushes,1
treated whether,1,down feel,1,relationship tests,1,so keep,1,to everything,1
d return,1,like losing,1,tests a,1,keep loving,1,everything honesty,1
for major,1,losing countermeasure,1,common pattern,1,loving connection,1,honesty chooses,1
major care,1,countermeasure commit,1,pattern in,1,connection now,1,chooses reversibility,1
care financial,1,commit to,1,in non,1,now run,1,reversibility trial,1
financial structure,1,timeline of,1,non genuine,1,trial make,1,months keep,1
structure keep,1,of evidence,1,genuine situations,1,make expectations,1,healthcare tax,1
keep assets,1,evidence e,1,situations is,1,explicit don,1,tax compliance,1
assets clear,1,g no,1,is increasing,1,t merge,1,compliance intact,1
clear consider,1,irreversible move,1,commitment approaches,1,merge assets,1,intact rent,1
a will,1,move for,1,approaches a,1,or abandon,1,buy no,1
will consider,1,months reassess,1,practical verify,1,abandon your,1,of successful,1
a trust,1,reassess after,1,verify then,1,base until,1,successful day,1
trust beneficiary,1,after an,1,then escalate,1,has proven,1,together pre,1
that balances,1,from both,1,escalate plan,1,proven itself,1,pre agree,1
balances partner,1,both fantasy,1,plan now,1,itself under,1,home no,1
children care,1,fantasy and,1,now weeks,1,routine and,1,no shame,1
care budget,1,and fear,1,talks on,1,boundaries if,1,shame no,1
budget plan,1,fear separate,1,marriage finances,1,on marriage,1,threats if,1
for paid,1,separate money,1,support set,1,can give,1,s genuine,1
help rather,1,money hasn,1,set shared,1,give a,1,genuine this,1
than assuming,1,t come,1,shared expectations,1,a tighter,1,this will,1
assuming she,1,come up,1,expectations next,1,tighter checklist,1,will feel,1
ll do,1,up from,1,live normal,1,checklist of,1,like protecting,1
it staged,1,from money,1,days shared,1,of culturally,1,damage not,1
staged commitment,1,is resolved,1,chores budget,1,culturally common,1,not withholding,1
commitment don,1,resolved her,1,month family,1,common expectation,1,withholding love,1
make permanent,1,her declining,1,time then,1,expectation gaps,1,love one,1
permanent moves,1,strong green,1,a separate,1,gaps especially,1,one internal,1
moves until,1,flag still,1,finances b,1,around family,1,internal check,1
months a,1,still relocation,1,b rental,1,support and,1,check to,1
simple go,1,often turns,1,name c,1,most relevant,1,you balanced,1
go test,1,turns implicit,1,c no,1,relevant practical,1,balanced ask,1
test about,1,implicit expectations,1,transfers d,1,practical risks,1,i were,1
gap proceed,1,expectations into,1,d exit,1,risks for,1,would the,1
proceed toward,1,into explicit,1,plan e,1,specific location,1,relationship dynamics,1
toward relocation,1,explicit ones,1,e monthly,1,location you,1,dynamics and,1
relocation only,1,ones to,1,ins only,1,re asking,1,expectations still,1
can both,1,evaluate honestly,1,after that,1,asking the,1,respectful this,1
both say,1,honestly you,1,that consider,1,right question,1,this doesn,1
say sincerely,1,shared policy,1,relocation or,1,question with,1,solve anything,1
sincerely we,1,policy shared,1,or marriage,1,gap the,1,anything but,1
agree about,1,expenses what,1,marriage decisions,1,the issue,1,exposes hidden,1
children we,1,how decided,1,decisions hold,1,issue isn,1,hidden power,1
my aging,1,decided family,1,hold two,1,t whether,1,power assumptions,1
aging that,1,help whether,1,two stories,1,whether it,1,assumptions use,1
t sacrifice,1,whether how,1,stories in,1,it feels,1,use one,1
sacrifice your,1,much and,1,your head,1,good at,1,one outside,1
life we,1,and under,1,head at,1,at it,1,outside lens,1
afford healthcare,1,what conditions,1,at once,1,can design,1,lens pick,1
and hired,1,conditions emergency,1,once imagination,1,life that,1,trusted level,1
needed we,1,pause rule,1,imagination used,1,that stays,1,level headed,1
about death,1,rule hours,1,used responsibly,1,stays fair,1,headed person,1
death inheritance,1,hours before,1,responsibly story,1,and workable,1,counselor familiar,1
inheritance and,1,any large,1,mutual love,1,workable at,1,familiar with,1
without coercion,1,large transfer,1,benefits on,1,what typically,1,couples and,1
coercion if,1,transfer a,1,sides companionship,1,typically changes,1,share both,1
would consider,1,tolerate this,1,companionship for,1,changes in,1,both the,1
consider having,1,this clarity,1,stability for,1,years not,1,best and,1
having children,1,clarity is,1,is primarily,1,not guaranteed,1,and worst,1
unsure and,1,is higher,1,instrumental and,1,guaranteed but,1,worst case,1
re open,1,higher risk,1,my hope,1,but likely,1,case interpretations,1
marriage i,1,risk regardless,1,hope makes,1,likely your,1,interpretations ask,1
important future,1,of affection,1,me overlook,1,your side,1,for urgency,1
future scenarios,1,affection practical,1,overlook warning,1,side higher,1,urgency isolation,1
scenarios to,1,practical safeguards,1,warning signs,1,higher probability,1,isolation escalating,1
to map,1,t insult,1,signs your,1,of chronic,1,escalating financial,1
map and,1,insult her,1,your job,1,chronic conditions,1,you minimizing,1
the specific,1,her keep,1,job isn,1,conditions surgeries,1,minimizing concerns,1
specific wording,1,separate for,1,to pick,1,surgeries reduced,1,concerns to,1
wording to,1,year avoid,1,one early,1,reduced stamina,1,feeling that,1
raise them,1,property purchases,1,early it,1,stamina slower,1,good governance,1
it feel,1,purchases maintain,1,design steps,1,slower recovery,1,governance if,1
feel clinical,1,real both,1,steps where,1,recovery work,1,most important,1
clinical both,1,advice don,1,where the,1,work capacity,1,important culture,1
both things,1,let your,1,the stories,1,capacity may,1,culture immigration,1
things are,1,residency status,1,stories produce,1,may decline,1,immigration healthcare,1
true it,1,status make,1,produce different,1,decline or,1,healthcare questions,1
s her,1,or her,1,different observable,1,may choose,1,and help,1
an ethical,1,her financial,1,observable outcomes,1,choose to,1,hard conversation,1
ethical duty,1,financial security,1,outcomes pressure,1,to retire,1,clear without,1
duty not,1,security dependent,1,patience respect,1,retire income,1,suspicious you,1
that choice,1,you until,1,respect vs,1,income can,1,re asking,1
choice be,1,the full,1,vs leverage,1,more fixed,1,right question,1
be made,1,year a,1,leverage realism,1,fixed increasing,1,question the,1
a fog,1,a balanced,1,realism vs,1,increasing need,1,the issue,1
fog of,1,balanced conclusion,1,vs fantasy,1,for proximity,1,issue isn,1
of romance,1,conclusion to,1,fantasy if,1,to good,1,t whether,1
romance cultural,1,onto honest,1,are possibilities,1,good healthcare,1,whether a,1
expectations financial,1,honest evaluation,1,possibilities for,1,and reliable,1,work it,1
financial dependence,1,evaluation looks,1,relevant due,1,reliable support,1,two can,1
dependence or,1,like this,1,diligence questions,1,her side,1,fair when,1
or unspoken,1,this warm,1,trial timeline,1,side often,1,when time,1
unspoken assumptions,1,warm heart,1,fits typical,1,often peak,1,time starts,1
assumptions what,1,heart slow,1,typical visa,1,peak strong,1,starts applying,1
what fair,1,slow feet,1,re thinking,1,strong earning,1,applying pressure,1
fair looks,1,feet clear,1,thinking about,1,earning years,1,what typically,1
in an,1,clear agreements,1,right variable,1,years career,1,typically changes,1
an age,1,agreements time,1,variable not,1,career consolidation,1,changes over,1
gap relationship,1,re compatible,1,not whether,1,consolidation social,1,over years,1
s generally,1,compatible these,1,feels good,1,social energy,1,the predictable,1
generally fair,1,these steps,1,good now,1,energy if,1,predictable stress,1
fair when,1,steps will,1,gap does,1,the window,1,points if,1
when she,1,usually make,1,does to,1,window is,1,re and,1
she knows,1,relationship stronger,1,the system,1,is now,1,s now,1
knows the,1,not weaker,1,system over,1,now ish,1,now in,1
the likely,1,weaker if,1,time put,1,ish if,1,years you,1
likely trajectory,1,share the,1,put numbers,1,t midlife,1,be and,1
trajectory higher,1,most realistic,1,numbers on,1,midlife priorities,1,be many,1
higher probability,1,realistic staged,1,future it,1,priorities still,1,many couples,1
probability you,1,relocation pathway,1,it clarifies,1,still shift,1,couples thrive,1
help earlier,1,pathway and,1,clarifies fast,1,shift potential,1,there but,1
earlier she,1,the specific,1,fast in,1,potential resentment,1,up in,1
not being,1,specific practical,1,she the,1,feels she,1,in specific,1
being subtly,1,ask that,1,t old,1,s moving,1,specific ways,1
subtly cornered,1,that match,1,old vs,1,moving into,1,ways health,1
cornered visa,1,match that,1,vs young,1,caregiver role,1,and stamina,1
visa dependence,1,that country,1,young in,1,role too,1,stamina variance,1
dependence financial,1,country s,1,the abstract,1,early the,1,variance even,1
financial reliance,1,s visa,1,abstract it,1,that change,1,good habits,1
reliance family,1,healthcare realities,1,s that,1,change is,1,habits chronic,1
guilt you,1,realities you,1,that your,1,is lumpy,1,chronic conditions,1
not treating,1,re asking,1,health energy,1,lumpy one,1,conditions and,1
her love,1,asking the,1,energy decline,1,one stroke,1,and recovery,1
love as,1,right question,1,decline curve,1,stroke fall,1,recovery time,1
an implicit,1,question age,1,curve is,1,fall cancer,1,time tend,1
implicit caregiving,1,gap relationships,1,to begin,1,cancer diagnosis,1,to rise,1
caregiving contract,1,relationships don,1,begin earlier,1,diagnosis or,1,rise in,1
contract there,1,t usually,1,and steeper,1,or burnout,1,the late,1
credible plan,1,usually fail,1,steeper than,1,burnout can,1,late 60s,1
so her,1,because of,1,than hers,1,can compress,1,60s 70s,1
her yes,1,the number,1,hers while,1,compress decades,1,70s caregiving,1
yes doesn,1,number they,1,while her,1,decades into,1,caregiving reality,1
t require,1,they fail,1,her midlife,1,year the,1,reality she,1
require self,1,because couples,1,midlife priorities,1,the four,1,she could,1
self erasure,1,couples don,1,priorities may,1,four future,1,caregiver while,1
erasure it,1,t plan,1,be expanding,1,future scenarios,1,still in,1
becomes unfair,1,predictable asymmetries,1,expanding the,1,scenarios you,1,her peak,1
unfair when,1,asymmetries that,1,main long,1,should plan,1,peak earning,1
is basically,1,that appear,1,term friction,1,for together,1,earning energy,1
basically she,1,appear later,1,friction points,1,together think,1,energy years,1
handle it,1,what tends,1,points and,1,think of,1,years sexual,1
because she,1,change over,1,evaluate them,1,of planning,1,sexual desire,1
s younger,1,years even,1,them a,1,planning as,1,desire and,1
younger your,1,even in,1,a caregiving,1,as an,1,function can,1
your resources,1,in good,1,dependency questions,1,act of,1,can remain,1
resources could,1,good relationships,1,questions to,1,of love,1,remain strong,1
could fund,1,relationships health,1,answer explicitly,1,love not,1,strong but,1
fund care,1,health and,1,explicitly if,1,pessimism best,1,but changes,1
care but,1,independence at,1,i develop,1,stay healthy,1,more probable,1
expect her,1,the probability,1,develop mobility,1,healthy keep,1,probable for,1
to provide,1,probability of,1,mobility limits,1,keep working,1,you earlier,1
provide it,1,of some,1,limits would,1,or retire,1,earlier than,1
it anyway,1,some meaningful,1,caregiver hire,1,retire comfortably,1,than for,1
anyway she,1,meaningful health,1,hire help,1,comfortably travel,1,her resentment,1
realistically leave,1,health event,1,help or,1,and enjoy,1,resentment can,1
without losing,1,event or,1,or relocate,1,enjoy life,1,can grow,1
losing stability,1,or chronic,1,relocate me,1,life moderate,1,grow if,1
status or,1,chronic limitation,1,to care,1,moderate manageable,1,unspoken lifestyle,1
or legal,1,limitation by,1,care elsewhere,1,manageable chronic,1,lifestyle and,1
legal standing,1,by your,1,elsewhere what,1,chronic issues,1,and social,1
standing her,1,your early,1,does your,1,issues diabetes,1,social circle,1
choice only,1,early mid,1,expect a,1,diabetes hypertension,1,circle mismatch,1
only counts,1,mid 70s,1,a spouse,1,hypertension arthritis,1,mismatch she,1
counts if,1,70s is,1,spouse partner,1,arthritis more,1,want travel,1
has informed,1,not trivial,1,partner to,1,more routine,1,travel late,1
consent exit,1,trivial variance,1,do what,1,routine medical,1,late nights,1
options informed,1,variance is,1,if caregiving,1,needs hard,1,nights career,1
consent here,1,is huge,1,caregiving strains,1,hard case,1,career growth,1
means she,1,huge person,1,strains the,1,case one,1,growth you,1
she understands,1,person to,1,relationship practical,1,one major,1,may prefer,1
caregiving can,1,to person,1,moves price,1,event heart,1,prefer stability,1
can look,1,person but,1,price local,1,heart issue,1,medical predictability,1
a bad,1,the direction,1,local home,1,issue cancer,1,predictability work,1
bad week,1,direction is,1,home care,1,cancer mobility,1,work and,1
week years,1,is predictable,1,care help,1,mobility loss,1,and retirement,1
of mobility,1,predictable the,1,help assisted,1,loss requiring,1,retirement timing,1
mobility issues,1,practical issue,1,living options,1,requiring months,1,timing you,1
issues dementia,1,issue isn,1,and private,1,of help,1,to slow,1
dementia risk,1,t will,1,private nursing,1,help separation,1,down as,1
risk toileting,1,sick but,1,nursing where,1,separation case,1,as she,1
toileting medical,1,but what,1,live ensure,1,up kindly,1,to accelerate,1
medical advocacy,1,is if,1,ensure you,1,kindly what,1,accelerate mortality,1
advocacy the,1,do key,1,can fund,1,to housing,1,mortality planning,1
the tradeoffs,1,key planning,1,fund help,1,and immigration,1,planning she,1
tradeoffs with,1,planning points,1,help so,1,status if,1,to outlive,1
her future,1,points where,1,become she,1,plan only,1,outlive you,1
future career,1,you be,1,she must,1,works in,1,that affects,1
career travel,1,treated local,1,must sacrifice,1,in scenario,1,affects finances,1
travel sexuality,1,local vs,1,sacrifice her,1,scenario it,1,finances housing,1
sexuality social,1,vs return,1,life b,1,conversations that,1,emotional planning,1
life possibly,1,country who,1,b retirement,1,that make,1,planning none,1
possibly caring,1,who makes,1,retirement and,1,make or,1,none of,1
own parents,1,makes medical,1,timelines at,1,or break,1,of this,1
parents exit,1,medical decisions,1,at some,1,break age,1,this means,1
options means,1,decisions if,1,some point,1,couples a,1,means don,1
means if,1,incapacitated how,1,point you,1,a children,1,t it,1
things change,1,how is,1,may work,1,children even,1,it means,1
change she,1,is care,1,work less,1,think it,1,means name,1
can step,1,care funded,1,less she,1,s probably,1,name it,1
step back,1,funded insurance,1,be building,1,probably no,1,and design,1
back from,1,insurance savings,1,building when,1,no ask,1,design around,1
from caregiving,1,savings children,1,realistically want,1,ask plainly,1,around it,1
caregiving without,1,children involvement,1,want need,1,plainly do,1,the four,1
being ruined,1,involvement paid,1,stop working,1,yes how,1,four decisions,1
ruined financially,1,care work,1,what lifestyle,1,strongly and,1,decisions that,1
or legally,1,work identity,1,lifestyle does,1,she says,1,that determine,1
legally you,1,be partially,1,does each,1,says yes,1,determine whether,1
have contingency,1,partially or,1,expect at,1,yes and,1,problem a,1
contingency plans,1,or fully,1,at that,1,fully in,1,a children,1
plans that,1,fully retired,1,that stage,1,in don,1,children the,1
punish her,1,retired with,1,stage if,1,into ambiguity,1,non optional,1
her for,1,with different,1,your income,1,ambiguity this,1,optional clarity,1
for not,1,different income,1,income drops,1,is where,1,clarity item,1
can actively,1,income and,1,drops what,1,where people,1,item at,1
actively protect,1,purpose if,1,changes practical,1,people get,1,is time,1
freedom by,1,your consulting,1,moves build,1,get hurt,1,sensitive if,1
by designing,1,consulting income,1,a joint,1,hurt b,1,wants biological,1
designing the,1,income drops,1,joint later,1,b caregiving,1,biological children,1
relationship so,1,drops does,1,life budget,1,expectations say,1,kids and,1
she never,1,does the,1,budget now,1,say the,1,t or,1
never has,1,still work,1,now healthcare,1,the quiet,1,or can,1
has to,1,work financially,1,healthcare housing,1,quiet part,1,t realistically,1
to choose,1,financially and,1,housing help,1,part out,1,realistically parent,1
choose between,1,emotionally does,1,help keep,1,i needed,1,parent through,1
between love,1,expect you,1,keep assets,1,needed help,1,through your,1
life the,1,to provide,1,assets and,1,help bathing,1,your 70s,1
the clean,1,provide or,1,and accounts,1,bathing getting,1,70s the,1
clean way,1,be partners,1,accounts structured,1,getting to,1,relationship may,1
to handle,1,partners with,1,structured so,1,to appointments,1,be loving,1
handle this,1,with separate,1,care without,1,appointments or,1,loving but,1
this separate,1,separate autonomy,1,without creating,1,or couldn,1,but misaligned,1
separate partner,1,autonomy caregiving,1,creating chaos,1,couldn t,1,misaligned if,1
partner from,1,caregiving burden,1,chaos c,1,to happen,1,if neither,1
from care,1,burden and,1,c social,1,expect your,1,you wants,1
care system,1,and resentment,1,life and,1,family to,1,kids say,1
system a,1,resentment risk,1,and identity,1,to help,1,say it,1
a workable,1,risk if,1,identity a,1,help paid,1,it clearly,1
workable ethical,1,re she,1,common age,1,help or,1,clearly and,1
ethical stance,1,be working,1,gap issue,1,you personally,1,and revisit,1
stance is,1,working and,1,issue one,1,personally what,1,revisit once,1
and decision,1,and may,1,one partner,1,need from,1,once not,1
decision support,1,also have,1,becomes the,1,you didn,1,not endlessly,1
support person,1,have parental,1,other s,1,no romantic,1,endlessly b,1
person daily,1,parental caregiving,1,s whole,1,romantic answer,1,b where,1
daily physical,1,caregiving obligations,1,whole world,1,answer only,1,will live,1
physical care,1,obligations without,1,world as,1,only honest,1,live when,1
becomes extensive,1,without a,1,as mobility,1,honest ones,1,more healthcare,1
extensive is,1,default becomes,1,mobility narrows,1,ones c,1,healthcare this,1
primarily provided,1,becomes she,1,narrows will,1,c location,1,biggest practical,1
provided by,1,she cares,1,have your,1,location flexibility,1,practical issue,1
by paid,1,cares for,1,community there,1,flexibility if,1,issue in,1
paid professionals,1,for everyone,1,there can,1,if healthcare,1,gap relationships,1
professionals home,1,everyone sex,1,she pursue,1,healthcare or,1,relationships what,1
home health,1,sex energy,1,career social,1,or safety,1,need specialist,1
health aides,1,energy mismatch,1,life without,1,safety required,1,care long,1
aides assisted,1,mismatch sometimes,1,without you,1,required it,1,rehab or,1
living nursing,1,sometimes not,1,you feeling,1,or later,1,or assisted,1
nursing care,1,guaranteed but,1,feeling left,1,later life,1,living is,1
care with,1,but common,1,left behind,1,a third,1,she willing,1
her involvement,1,common enough,1,behind and,1,third country,1,relocate with,1
involvement by,1,to address,1,and without,1,we stay,1,needed are,1
not obligation,1,address with,1,her feeling,1,stay in,1,you willing,1
obligation this,1,with honesty,1,feeling trapped,1,in yours,1,relocate again,1
reduces resentment,1,honesty expectations,1,trapped practical,1,yours what,1,again later,1
risk and,1,around intimacy,1,moves plan,1,what city,1,her career,1
and preserves,1,intimacy as,1,for independent,1,city hospital,1,career family,1
preserves dignity,1,as bodies,1,independent routines,1,hospital would,1,family needs,1
dignity for,1,bodies change,1,routines language,1,we rely,1,needs change,1
the explicit,1,change whether,1,study groups,1,on d,1,change c,1
explicit conversation,1,whether affection,1,volunteering fitness,1,d money,1,c caregiving,1
conversation wording,1,affection and,1,fitness friends,1,money over,1,caregiving expectations,1
wording you,1,and closeness,1,friends d,1,time what,1,expectations explicit,1
use say,1,closeness have,1,d children,1,what retirement,1,explicit not,1
say something,1,have non,1,biggest fork,1,retirement income,1,not assumed,1
about something,1,non sexual,1,road at,1,income will,1,assumed some,1
something serious,1,sexual anchors,1,sensitive if,1,have in,1,some couples,1
serious because,1,anchors touch,1,you willing,1,in which,1,couples implicitly,1
you there,1,touch companionship,1,willing emotionally,1,which currency,1,implicitly assume,1
good chance,1,companionship shared,1,be an,1,currency and,1,assume spouse,1
chance that,1,shared projects,1,older father,1,how stable,1,spouse will,1
that in,1,projects life,1,father through,1,stable is,1,will care,1
need more,1,life stage,1,through your,1,you marry,1,for spouse,1
more help,1,stage differences,1,your 60s,1,marry inheritance,1,spouse with,1
help than,1,differences she,1,60s 70s,1,inheritance intentions,1,gap that,1
will i,1,want goals,1,70s if,1,intentions for,1,a heavy,1
to agree,1,goals that,1,not can,1,her vs,1,heavy ask,1
agree to,1,be done,1,she genuinely,1,vs your,1,what level,1
future where,1,with career,1,that long,1,your adult,1,of caregiving,1
re expected,1,career growth,1,term or,1,adult children,1,caregiving is,1
to give,1,growth relocation,1,she hoping,1,this needs,1,reasonable to,1
up your,1,relocation children,1,hoping you,1,needs clarity,1,to expect,1
to care,1,children social,1,ll change,1,clarity practical,1,from her,1
care for,1,life you,1,needs a,1,practical protections,1,t trapped,1
we build,1,need explicit,1,clear answer,1,protections that,1,trapped home,1
together i,1,explicit alignment,1,answer soon,1,that specifically,1,help nursing,1
that uses,1,alignment not,1,soon because,1,specifically address,1,nursing respite,1
uses my,1,not assumptions,1,because we,1,address the,1,respite care,1
my savings,1,concrete way,1,see can,1,the year,1,boundaries protect,1
savings insurance,1,it three,1,quietly become,1,year question,1,becoming only,1
and professional,1,three futures,1,become resentment,1,question health,1,only patient,1
needed so,1,futures conversation,1,resentment what,1,actually keep,1,patient caregiver,1
so any,1,conversation ask,1,success looks,1,keep as,1,caregiver d,1
any care,1,ask to,1,in age,1,age where,1,d financial,1
you give,1,discuss not,1,gap couples,1,live know,1,financial structure,1
give is,1,one heavy,1,the stable,1,know exclusions,1,fair a,1
to how,1,heavy sitting,1,stable ones,1,exclusions and,1,fair plan,1
feel hearing,1,sitting but,1,ones usually,1,and caps,1,plan usually,1
hearing that,1,but over,1,usually have,1,caps emergency,1,usually includes,1
that then,1,few calm,1,have explicit,1,fund long,1,includes you,1
of caregiving,1,calm talks,1,explicit agreements,1,term care,1,protect both,1
feel willing,1,talks three,1,agreements about,1,plan even,1,from dependency,1
be too,1,three scenarios,1,about care,1,if informal,1,dependency traps,1
too much,1,scenarios and,1,and autonomy,1,informal paid,1,traps separate,1
happen if,1,d do,1,autonomy resources,1,paid caregiver,1,separate assets,1
needed assisted,1,do scenario,1,resources earmarked,1,caregiver availability,1,assets clear,1
living would,1,scenario a,1,for later,1,availability cost,1,expenses you,1
okay with,1,healthy and,1,partner doesn,1,cost and,1,likely scenario,1
that rather,1,and active,1,plan mutual,1,and who,1,scenario that,1
you doing,1,active best,1,mutual growth,1,who manages,1,more paid,1
doing everything,1,best case,1,growth the,1,manages it,1,paid support,1
everything her,1,case where,1,t paused,1,it legal,1,support later,1
her ability,1,where do,1,paused the,1,legal structure,1,you marry,1
to engage,1,why how,1,the older,1,commit medical,1,marry you,1
engage thoughtfully,1,we keep,1,older partner,1,decision making,1,her widowhood,1
thoughtfully is,1,keep both,1,t infantilized,1,making authority,1,widowhood scenario,1
major compatibility,1,of our,1,infantilized family,1,authority wills,1,scenario housing,1
compatibility marker,1,our lives,1,family alignment,1,wills beneficiary,1,housing stability,1
marker concrete,1,lives full,1,boundaries so,1,beneficiary designations,1,stability survivorship,1
concrete actions,1,full friends,1,so external,1,designations and,1,survivorship plan,1
actions that,1,friends work,1,external pressure,1,and property,1,without creating,1
your ethics,1,work travel,1,pressure doesn,1,property rules,1,creating a,1
ethics real,1,travel what,1,t explode,1,rules in,1,a payoff,1
real financial,1,does fairness,1,explode later,1,country protect,1,payoff dynamic,1
financial capacity,1,like financially,1,simple scenario,1,your relationship,1,dynamic the,1
capacity check,1,financially scenario,1,scenario plan,1,relationship from,1,conversation to,1
check can,1,scenario b,1,do together,1,becoming nurse,1,have direct,1
afford private,1,b manageable,1,together one,1,nurse patient,1,but non,1
private healthcare,1,manageable decline,1,evening written,1,patient too,1,non morbid,1
care where,1,decline common,1,written down,1,early plan,1,morbid you,1
live plan,1,common case,1,down create,1,for outside,1,love how,1
b housing,1,example diabetes,1,create three,1,outside help,1,we are,1
housing independent,1,diabetes arthritis,1,scenarios for,1,help so,1,are now,1
independent living,1,arthritis a,1,years and,1,she isn,1,now i,1
living assisted,1,a fall,1,and discuss,1,only solution,1,i also,1
living skilled,1,fall reduced,1,discuss what,1,solution a,1,also want,1
skilled nursing,1,reduced mobility,1,d do,1,fairness test,1,protect you,1
nursing identify,1,mobility mild,1,do healthy,1,test for,1,from being,1
identify realistic,1,mild cognitive,1,healthy scenario,1,gap ask,1,caregiver role,1
realistic local,1,cognitive issues,1,scenario you,1,ask each,1,role too,1
local options,1,issues do,1,re active,1,you privately,1,too early,1
options legal,1,help how,1,active working,1,privately then,1,early and,1
legal planning,1,much who,1,working part,1,then discuss,1,protect us,1
planning medical,1,who manages,1,part time,1,discuss what,1,us from,1
medical power,1,manages it,1,does life,1,you afraid,1,avoidable stress,1
power of,1,move closer,1,life look,1,afraid you,1,stress can,1
of attorney,1,closer to,1,like moderate,1,might lose,1,what life,1
attorney equivalents,1,to better,1,moderate decline,1,lose by,1,life looks,1
equivalents will,1,better hospitals,1,decline chronic,1,by choosing,1,like when,1
will beneficiary,1,hospitals or,1,chronic condition,1,choosing this,1,m healthcare,1
that also,1,your support,1,condition reduced,1,feel proud,1,where we,1
also respects,1,network what,1,reduced mobility,1,proud of,1,live and,1
children no,1,what tasks,1,mobility who,1,of how,1,what support,1
no trap,1,tasks are,1,who helps,1,we handled,1,support we,1
trap rule,1,are partner,1,helps where,1,handled the,1,we d,1
rule keep,1,partner duties,1,live what,1,age difference,1,d buy,1
keep enough,1,duties vs,1,what gets,1,difference what,1,buy so,1
enough assets,1,vs paid,1,gets hired,1,either person,1,not carrying,1
assets under,1,paid professional,1,hired out,1,t answer,1,carrying it,1
control and,1,care scenario,1,out major,1,answer the,1,it alone,1
and enough,1,scenario c,1,event stroke,1,relationship may,1,then cover,1
enough legal,1,c high,1,stroke cancer,1,be running,1,cover children,1
legal clarity,1,high dependency,1,cancer cognitive,1,running on,1,no and,1
clarity that,1,dependency event,1,cognitive decline,1,on present,1,and timeline,1
can leave,1,event hard,1,decline what,1,present emotion,1,timeline where,1
leave if,1,hard case,1,what decisions,1,emotion without,1,d live,1
she must,1,example stroke,1,decisions are,1,shared adult,1,you needed,1
must and,1,cancer dementia,1,are made,1,adult plan,1,needed better,1
still get,1,dementia would,1,made by,1,next concrete,1,better care,1
get care,1,country for,1,by whom,1,one dedicated,1,what care,1
care the,1,care under,1,whom and,1,dedicated future,1,care means,1
the bottom,1,what trigger,1,is care,1,future planning,1,means rides,1
line it,1,trigger what,1,delivered you,1,planning talk,1,rides to,1
not wrong,1,legal authority,1,predicting you,1,talk children,1,to appointments,1
ask someone,1,authority does,1,testing whether,1,caregiving location,1,appointments vs,1
someone younger,1,she have,1,can plan,1,location money,1,vs hands,1
younger to,1,have and,1,plan as,1,money keep,1,care budget,1
to share,1,what authority,1,a team,1,it calm,1,d feel,1
share a,1,authority do,1,team practical,1,calm and,1,feel resentment,1
life with,1,do my,1,practical protections,1,and specific,1,d do,1
you it,1,children have,1,protections that,1,specific do,1,she did,1
s wrong,1,have what,1,that reduce,1,stay before,1,did build,1
that implicitly,1,the financial,1,reduce future,1,relocation draft,1,build time,1
implicitly include,1,financial ceiling,1,future asymmetry,1,written life,1,time tested,1
include and,1,ceiling for,1,asymmetry health,1,both agree,1,tested evidence,1
be my,1,care before,1,health insurance,1,agree is,1,just forecasts,1
my caregiver,1,before we,1,plan in,1,is fair,1,forecasts predictions,1
caregiver without,1,can engage,1,return for,1,fair in,1,predictions are,1
without explicit,1,engage these,1,care long,1,in scenarios,1,are hard,1
discussion and,1,these without,1,care funding,1,scenarios not,1,hard behaviors,1
plan if,1,defensiveness or,1,funding savings,1,just best,1,behaviors are,1
plan professional,1,or avoidance,1,savings set,1,case if,1,are testable,1
professional first,1,strong long,1,set aside,1,a whether,1,testable now,1
first and,1,term signal,1,aside or,1,want marriage,1,now during,1
freedom then,1,signal build,1,or insurance,1,marriage b,1,a longer,1
then it,1,build the,1,feasible legal,1,b whether,1,longer trial,1
truly becomes,1,plan on,1,legal documents,1,whether either,1,stay notice,1
becomes her,1,on facts,1,documents wills,1,you wants,1,notice how,1
fair one,1,facts not,1,wills medical,1,c which,1,she reacts,1
one if,1,vibes practical,1,medical directives,1,country i,1,reacts when,1
country you,1,practical steps,1,directives powers,1,realistic checklist,1,re tired,1
d relocate,1,steps get,1,powers of,1,checklist healthcare,1,tired sick,1
relocate to,1,full medical,1,attorney appropriate,1,healthcare visas,1,sick or,1
to and,1,medical baseline,1,appropriate to,1,visas legal,1,not fun,1
your rough,1,baseline this,1,to jurisdiction,1,legal steps,1,fun whether,1
rough financial,1,year cardio,1,jurisdiction a,1,steps tailored,1,respects your,1
financial insurance,1,cardio metabolic,1,reversible relocation,1,that location,1,your boundaries,1
situation retirement,1,metabolic cancer,1,relocation path,1,location and,1,respect hers,1
retirement savings,1,cancer screenings,1,path first,1,and to,1,hers whether,1
savings range,1,screenings meds,1,first trial,1,your likely,1,can have,1
range current,1,meds family,1,stay so,1,likely year,1,have hard,1
current coverage,1,family history,1,not locked,1,year needs,1,feel close,1
coverage i,1,history this,1,locked in,1,needs it,1,close afterward,1
you sketch,1,s planning,1,in before,1,to worry,1,afterward repair,1
sketch a,1,planning input,1,before these,1,worry and,1,the skill,1
realistic care,1,input run,1,are clear,1,the honest,1,skill you,1
plan framework,1,the numbers,1,clear a,1,honest answer,1,ll need,1
framework and,1,numbers retirement,1,a direct,1,answer isn,1,need later,1
the questions,1,retirement projections,1,direct question,1,t don,1,later practical,1
questions to,1,projections healthcare,1,and to,1,t ask,1,practical safeguards,1
ask about,1,costs where,1,answer yourself,1,ask or,1,safeguards that,1
about local,1,fund decide,1,yourself ask,1,s entirely,1,that specifically,1
local healthcare,1,your non,1,her when,1,entirely her,1,specifically address,1
care availability,1,negotiables now,1,m and,1,choice ethically,1,address the,1
availability you,1,now examples,1,re what,1,ethically you,1,gap future,1
ve named,1,examples i,1,life do,1,share responsibility,1,future keep,1
named one,1,i will,1,imagine and,1,responsibility she,1,keep mobility,1
important practical,1,will not,1,feel it,1,has agency,1,mobility options,1
practical risks,1,not rely,1,still fair,1,agency to,1,options don,1
risks social,1,her alone,1,then ask,1,you you,1,t burn,1
social and,1,alone for,1,do financially,1,a duty,1,burn bridges,1
medical fragility,1,for hands,1,her without,1,duty to,1,bridges with,1
fragility in,1,hands on,1,without buying,1,make sure,1,access legal,1
country the,1,on care,1,buying love,1,sure what,1,legal residency,1
can unintentionally,1,t live,1,love if,1,s choosing,1,residency financial,1
unintentionally become,1,live independently,1,desired by,1,choosing is,1,infrastructure until,1
your entire,1,independently we,1,by either,1,is clear,1,re sure,1
entire infrastructure,1,where medical,1,concrete year,1,clear revisable,1,sure health,1
lot of,1,medical care,1,year plan,1,revisable and,1,health planning,1
of pressure,1,and paid,1,plan healthcare,1,not structurally,1,planning now,1
pressure on,1,paid support,1,healthcare residency,1,structurally coercive,1,now comprehensive,1
it makes,1,support are,1,residency budgeting,1,coercive later,1,comprehensive insurance,1
you vulnerable,1,are strongest,1,budgeting and,1,what isn,1,insurance medical,1
vulnerable if,1,strongest legal,1,and legal,1,t fair,1,a written,1
anything shifts,1,legal readiness,1,legal steps,1,ask whether,1,written plan,1
shifts the,1,readiness especially,1,steps rather,1,partner knowing,1,for where,1
the core,1,border will,1,than just,1,knowing the,1,d go,1
core risk,1,attorney emergency,1,a worry,1,the statistical,1,go if,1
risk single,1,to accounts,1,worry it,1,statistical likelihood,1,if seriously,1
single point,1,accounts if,1,it isn,1,likelihood of,1,seriously ill,1
point of,1,marriage is,1,t fair,1,of earlier,1,ill legal,1
of failure,1,is considered,1,to implicitly,1,earlier health,1,legal planning,1
failure if,1,considered later,1,implicitly ask,1,decline what,1,planning wills,1
bridge to,1,later get,1,to spend,1,of support,1,wills medical,1
friends community,1,sides relationship,1,spend her,1,support she,1,medical proxy,1
community healthcare,1,relationship level,1,her vigorous,1,could imagine,1,proxy hipaa,1
healthcare navigation,1,level questions,1,vigorous years,1,imagine giving,1,hipaa equivalent,1
navigation language,1,that matter,1,years caring,1,giving emotional,1,equivalent releases,1
language bureaucracy,1,matter more,1,caring for,1,emotional support,1,releases and,1
bureaucracy emotional,1,gap if,1,you it,1,support coordination,1,and local,1
emotional grounding,1,she never,1,to explicitly,1,coordination some,1,local recognition,1
grounding then,1,never receives,1,explicitly offer,1,some hands,1,of partner,1
then any,1,receives significant,1,offer the,1,on help,1,spouse rights,1
any relationship,1,significant financial,1,relationship while,1,help whether,1,rights depends,1
relationship conflict,1,financial uplift,1,while making,1,want professional,1,on country,1
family tension,1,uplift from,1,making clear,1,professional caregivers,1,country support,1
tension or,1,from being,1,clear you,1,caregivers involved,1,support budget,1
or health,1,you does,1,your default,1,involved if,1,budget assume,1
health event,1,do become,1,default care,1,needs become,1,assume you,1
event becomes,1,less capable,1,plan whether,1,become significant,1,will eventually,1
becomes existential,1,if paid,1,s acceptable,1,significant whether,1,eventually pay,1
existential even,1,plan meaning,1,acceptable is,1,d prefer,1,for help,1
relationships can,1,meaning she,1,is ultimately,1,prefer certain,1,help decide,1
can crack,1,a nurse,1,ultimately her,1,certain living,1,decide what,1
crack under,1,nurse what,1,choice but,1,arrangements later,1,what lifestyle,1
under that,1,in terms,1,but only,1,later near,1,lifestyle trade,1
that load,1,terms of,1,s choosing,1,family near,1,trade offs,1
load your,1,of duty,1,choosing with,1,near a,1,offs that,1
your goal,1,duty and,1,with full,1,major hospital,1,that implies,1
build redundancy,1,money does,1,full information,1,hospital etc,1,implies a,1
redundancy multiple,1,sensitive and,1,information and,1,etc not,1,simple year,1
multiple supports,1,and must,1,realistic ability,1,not fair,1,year compatibility,1
supports multiple,1,be explicit,1,no now,1,assume without,1,compatibility litmus,1
multiple ways,1,explicit a,1,honest truth,1,without explicit,1,litmus test,1
ways to,1,workable compromise,1,truth about,1,explicit agreement,1,ask each,1
to function,1,compromise many,1,and probability,1,agreement and,1,to answer,1
function design,1,a phased,1,probability in,1,and resources,1,answer separately,1
design principles,1,preserves love,1,in any,1,resources that,1,separately then,1
principles for,1,and reduces,1,any long,1,will provide,1,then compare,1
a safer,1,reduces future,1,long relationship,1,provide years,1,compare in,1
safer relocation,1,future risk,1,relationship someone,1,of hands,1,years what,1
a don,1,risk now,1,someone may,1,on daily,1,good ordinary,1
permanently first,1,now deepen,1,may become,1,daily care,1,ordinary week,1
first treat,1,deepen the,1,caregiver with,1,care as,1,week look,1
extended placement,1,relationship do,1,year gap,1,default that,1,like for,1
placement not,1,do longer,1,odds increase,1,will sacrifice,1,for us,1
not emigration,1,life stays,1,increase that,1,sacrifice career,1,feel trapped,1
emigration keep,1,stays align,1,she faces,1,career health,1,trapped or,1
possible or,1,later years,1,faces caregiving,1,health social,1,or resentful,1
a clean,1,years choose,1,caregiving earlier,1,life or,1,resentful what,1
clean affordable,1,choose location,1,and for,1,or motherhood,1,feel cared,1
affordable return,1,location based,1,for longer,1,motherhood desires,1,cared for,1
return option,1,on healthcare,1,longer potentially,1,desires without,1,and free,1
option keep,1,healthcare quality,1,potentially while,1,without naming,1,free at,1
primary bank,1,quality support,1,while she,1,naming that,1,your pictures,1
bank identity,1,network and,1,still working,1,that trade,1,pictures can,1
identity systems,1,and affordability,1,working and,1,trade that,1,be reconciled,1
systems stable,1,affordability not,1,and relatively,1,that love,1,reconciled the,1
stable avoid,1,romance if,1,relatively young,1,love alone,1,the amplifier,1
avoid shipping,1,if health,1,young what,1,alone should,1,amplifier if,1
shipping everything,1,health declines,1,what matters,1,should cover,1,is healthcare,1
everything or,1,declines pre,1,matters ethically,1,cover increasing,1,visa varies,1
or buying,1,agreed trigger,1,ethically is,1,increasing medical,1,varies hugely,1
early b,1,trigger to,1,not could,1,practical burdens,1,hugely i,1
b build,1,relocate and,1,could this,1,burdens the,1,you map,1
purpose before,1,and pre,1,this happen,1,the moral,1,map a,1
before calling,1,pre funded,1,happen but,1,moral line,1,a realistic,1
calling it,1,funded paid,1,assume what,1,line is,1,realistic year,1
a move,1,care option,1,what pressures,1,is don,1,year plan,1
move ensure,1,option if,1,pressures you,1,let it,1,with concrete,1
these without,1,your likely,1,you create,1,it become,1,concrete decision,1
her get,1,likely retirement,1,fair framing,1,become the,1,decision points,1
get around,1,retirement health,1,framing i,1,the water,1,and protections,1
around the,1,situation i,1,you as,1,water she,1,protections it,1
the neighborhood,1,the scenarios,1,can love,1,she swims,1,choice to,1
neighborhood shop,1,scenarios into,1,love each,1,swims in,1,make but,1
shop for,1,realistic decision,1,other and,1,in without,1,s your,1
for basics,1,decision framework,1,still design,1,without choosing,1,your responsibility,1
basics handle,1,framework including,1,design the,1,choosing it,1,responsibility to,1
handle a,1,including what,1,relationship so,1,it why,1,to ensure,1
medical appointment,1,ask and,1,so that,1,choice isn,1,ensure it,1
appointment in,1,to put,1,that plan,1,the whole,1,an informed,1
english or,1,put in,1,care you,1,whole story,1,informed freely,1
via interpreter,1,writing it,1,fund arranged,1,story choices,1,freely made,1
interpreter manage,1,to worry,1,arranged in,1,choices can,1,made choice,1
manage your,1,worry about,1,in advance,1,become constrained,1,choice and,1
setup have,1,this and,1,advance plan,1,constrained over,1,a role,1
least social,1,should not,1,plan b,1,becomes financially,1,role she,1
social connections,1,not ask,1,b family,1,financially dependent,1,she slides,1
connections c,1,ask or,1,family community,1,you leaving,1,slides into,1
c make,1,or allow,1,community support,1,leaving later,1,into because,1
make time,1,allow this,1,support where,1,later may,1,because circumstances,1
apart normal,1,this to,1,where culturally,1,impossible if,1,circumstances leave,1
normal this,1,unspoken obligation,1,culturally appropriate,1,if immigration,1,leave no,1
reduces codependence,1,obligation but,1,appropriate also,1,status housing,1,no alternative,1
codependence and,1,but she,1,also planned,1,housing or,1,alternative what,1
and tests,1,can choose,1,planned plan,1,family reputation,1,s fair,1
tests health,1,choose a,1,plan c,1,reputation get,1,ask vs,1
health you,1,older partner,1,c partner,1,get entangled,1,s unfair,1
own gym,1,the choice,1,partner support,1,entangled she,1,assume fair,1
gym café,1,choice is,1,support only,1,she delays,1,ask ethically,1
café work,1,is clear,1,only to,1,delays children,1,ethically clean,1
work routine,1,clear revisited,1,the extent,1,children or,1,clean would,1
routine she,1,revisited over,1,extent she,1,or other,1,be with,1
sees friends,1,and backed,1,she freely,1,other life,1,with an,1
without you,1,backed by,1,freely wants,1,life goals,1,an older,1
you sometimes,1,by a,1,wants it,1,goals she,1,partner knowing,1
sometimes you,1,protects her,1,it companionship,1,feel she,1,knowing health,1
regular calls,1,future is,1,companionship advocacy,1,t start,1,likely for,1
calls with,1,it fair,1,advocacy not,1,start over,1,to give,1
and friends,1,fair depends,1,not default,1,over so,1,give and,1
friends back,1,depends on,1,default hands,1,so respecting,1,be too,1
home healthcare,1,on whether,1,on nursing,1,respecting her,1,much can,1
healthcare continuity,1,whether caregiving,1,nursing that,1,choice means,1,plan so,1
continuity treat,1,is assumed,1,that removes,1,means preserving,1,not trapped,1
non negotiable,1,assumed or,1,the moral,1,preserving her,1,trapped unfair,1
negotiable workstream,1,or chosen,1,moral trap,1,her real,1,assume even,1
workstream practical,1,chosen unfair,1,trap where,1,real options,1,she loves,1
practical steps,1,unfair common,1,where love,1,options as,1,loves you,1
steps get,1,common failure,1,love equals,1,future unfolds,1,provide hands,1
get a,1,mode you,1,equals obligation,1,unfolds the,1,years that,1
complete medical,1,you relocate,1,obligation make,1,the healthiest,1,will sacrifice,1
medical summary,1,relocate entwine,1,it an,1,healthiest frame,1,sacrifice her,1
summary from,1,entwine lives,1,an explicit,1,frame partner,1,her midlife,1
current doctors,1,lives and,1,explicit conversation,1,partner first,1,midlife goals,1
doctors conditions,1,later declining,1,conversation with,1,first care,1,goals career,1
conditions meds,1,declining health,1,concrete choices,1,care supported,1,career or,1
meds surgeries,1,health quietly,1,choices not,1,supported a,1,without resentment,1
surgeries allergies,1,quietly turns,1,a vague,1,term model,1,resentment that,1
allergies imaging,1,turns her,1,vague promise,1,model for,1,that love,1
imaging labs,1,default caregiver,1,promise say,1,for an,1,love automatically,1
labs ensure,1,caregiver because,1,something like,1,an age,1,automatically equals,1
can source,1,because there,1,like i,1,gap couple,1,equals caregiving,1
source your,1,no money,1,m aware,1,couple is,1,caregiving capacity,1
your medications,1,money plan,1,years i,1,is your,1,capacity most,1
medications locally,1,plan alternative,1,i may,1,your partner,1,most resentment,1
locally or,1,alternative social,1,may need,1,partner you,1,resentment in,1
via legal,1,good partner,1,help i,1,you pre,1,in age,1
legal import,1,partner wife,1,feel you,1,pre plan,1,gap couples,1
import identify,1,wife must,1,re signing,1,and fund,1,couples comes,1
identify one,1,must care,1,signing up,1,fund support,1,comes from,1
one reputable,1,care remove,1,up to,1,support systems,1,from default,1
reputable private,1,remove real,1,be my,1,systems so,1,default expectations,1
private clinic,1,real consent,1,my nurse,1,not forced,1,gap itself,1
hospital near,1,consent financial,1,nurse i,1,forced into,1,itself her,1
near where,1,financial dependence,1,planning financially,1,into being,1,choice can,1
live an,1,dependence makes,1,financially for,1,being your,1,become less,1
an english,1,no fair,1,for professional,1,your nurse,1,less free,1
english speaking,1,fair what,1,care what,1,nurse that,1,free unless,1
speaking primary,1,re aiming,1,of involvement,1,protects love,1,unless you,1
primary care,1,aiming for,1,involvement would,1,and dignity,1,design for,1
care doctor,1,you name,1,feel loving,1,dignity for,1,for freedom,1
doctor how,1,the likely,1,loving to,1,the conversation,1,freedom even,1
how emergencies,1,likely arc,1,like too,1,conversation to,1,feel locked,1
emergencies work,1,arc openly,1,much then,1,have clear,1,locked in,1
work ambulance,1,openly i,1,then get,1,clear not,1,in later,1
ambulance hospitals,1,i may,1,get specific,1,not heavy,1,later due,1
hospitals payment,1,may need,1,specific would,1,heavy handed,1,due to,1
payment confirm,1,help later,1,she be,1,handed you,1,to dependency,1
confirm insurance,1,later you,1,be comfortable,1,say something,1,you moved,1
insurance what,1,you explicitly,1,comfortable being,1,like i,1,moved there,1
s covered,1,explicitly state,1,a medical,1,m thinking,1,there you,1
covered exclusions,1,state i,1,medical advocate,1,thinking long,1,you rely,1
exclusions and,1,i do,1,advocate appointments,1,term because,1,her language,1
d need,1,do not,1,appointments decisions,1,i respect,1,language family,1
need evacuation,1,not want,1,decisions while,1,respect you,1,family navigation,1
evacuation coverage,1,to give,1,while professionals,1,years i,1,navigation social,1
coverage if,1,give up,1,professionals do,1,help i,1,social pressure,1
t secure,1,up your,1,daily care,1,re signing,1,pressure good,1
secure reliable,1,your vigorous,1,country if,1,signing up,1,partner duty,1
reliable care,1,vigorous years,1,occurs would,1,up to,1,duty financial,1
care access,1,years to,1,she consider,1,caregiver by,1,financial imbalance,1
access that,1,become my,1,consider living,1,by default,1,imbalance immigration,1
strong argument,1,my nurse,1,living separately,1,default if,1,immigration legal,1
argument for,1,nurse you,1,separately if,1,we build,1,legal ties,1
for trial,1,you build,1,rise still,1,together i,1,ties fear,1
only not,1,build practical,1,still together,1,where i,1,of looking,1
not permanent,1,practical alternatives,1,not co,1,i fund,1,looking disloyal,1
relocation protect,1,alternatives paid,1,co dependent,1,fund professional,1,disloyal so,1
protect your,1,care location,1,dependent her,1,professional care,1,your ethical,1
by reducing,1,location with,1,answer can,1,care if,1,ethical goal,1
reducing dependency,1,good healthcare,1,know but,1,becomes necessary,1,goal is,1
dependency paradoxically,1,healthcare legal,1,but she,1,necessary and,1,to preserve,1
paradoxically the,1,financial structure,1,she should,1,choosing what,1,preserve her,1
more strain,1,you create,1,be able,1,give not,1,yes and,1
strain you,1,create room,1,able to,1,not what,1,do that,1
you place,1,room for,1,to engage,1,have to,1,that level,1
the bond,1,choose with,1,engage not,1,give then,1,care without,1
bond tell,1,with dignity,1,not avoid,1,health declines,1,relationship collapsing,1
her explicitly,1,dignity what,1,avoid ensure,1,declines what,1,collapsing the,1
explicitly i,1,wants to,1,ensure consent,1,to still,1,best solution,1
become dependent,1,do without,1,consent stays,1,include at,1,solution is,1
dependent on,1,without being,1,stays real,1,at would,1,a care,1
my whole,1,being trapped,1,real over,1,help would,1,t rely,1
whole life,1,trapped her,1,time power,1,if caregiving,1,her body,1
life here,1,choice matters,1,dynamics matter,1,caregiving became,1,body the,1
here i,1,matters but,1,matter consent,1,became too,1,the fairest,1
build my,1,but your,1,consent isn,1,much what,1,fairest stance,1
my own,1,responsibility is,1,one time,1,a respectful,1,stance you,1
own supports,1,a free,1,time yes,1,respectful plan,1,can take,1
supports so,1,free choice,1,yes it,1,plan look,1,take is,1
so our,1,choice power,1,stays ethical,1,like her,1,is i,1
our relationship,1,power imbalances,1,ethical if,1,her answers,1,asking you,1
stays romantic,1,imbalances can,1,has financial,1,answers matter,1,spend your,1
romantic not,1,make choice,1,financial independence,1,matter as,1,your vigorous,1
not logistical,1,choice complicated,1,independence or,1,as much,1,vigorous years,1
logistical a,1,complicated age,1,least not,1,much as,1,years as,1
partner typically,1,status income,1,not dependence,1,affection make,1,as my,1
typically welcomes,1,income gap,1,dependence created,1,real with,1,my nurse,1
welcomes this,1,gap cultural,1,say i,1,a care,1,nurse i,1
that matches,1,cultural norms,1,this later,1,before permanent,1,asking whether,1
matches your,1,norms so,1,later without,1,relocation marriage,1,life with,1
concern stage,1,so your,1,without fear,1,marriage concrete,1,i will,1
stage next,1,your ethical,1,fear of,1,concrete items,1,will plan,1
next visit,1,ethical job,1,of abandonment,1,items that,1,and pay,1
visit weeks,1,job isn,1,abandonment shame,1,that turn,1,for professional,1
weeks choose,1,decide for,1,shame or,1,turn ethics,1,professional support,1
choose a,1,make sure,1,or retaliation,1,ethics into,1,changes practically,1
a neighborhood,1,sure she,1,retaliation you,1,into protection,1,practically that,1
neighborhood as,1,without coercion,1,you maintain,1,protection health,1,means building,1
as if,1,coercion don,1,a feasible,1,covers serious,1,building these,1
there start,1,make her,1,feasible exit,1,illness where,1,these into,1
start language,1,her economically,1,exit backup,1,live a,1,into your,1
basics daily,1,economically dependent,1,backup plan,1,dedicated care,1,plan early,1
daily do,1,you early,1,common unfairness,1,care fund,1,early budget,1
do errands,1,early don,1,unfairness is,1,fund even,1,for care,1
alone meet,1,residency finances,1,is accidental,1,if modest,1,care home,1
meet expat,1,finances hinge,1,accidental the,1,modest to,1,help respite,1
community groups,1,hinge on,1,dependent and,1,to start,1,respite assisted,1
groups visit,1,her caretaking,1,then choice,1,start and,1,living nursing,1
visit at,1,caretaking keep,1,choice isn,1,plan to,1,nursing care,1
one clinic,1,exit plan,1,t free,1,to grow,1,care insurance,1
hospital and,1,you feels,1,free practical,1,grow it,1,insurance strategy,1
and learn,1,feels trapped,1,steps that,1,for professional,1,strategy private,1
learn the,1,trapped a,1,this fair,1,professional in,1,private coverage,1
the process,1,it partner,1,fair in,1,in home,1,coverage long,1
process stage,1,nurse a,1,world regardless,1,home care,1,care options,1
stage months,1,a care,1,regardless of,1,care assisted,1,options where,1
months rent,1,like i,1,of country,1,assisted living,1,where available,1
rent your,1,future honestly,1,big levers,1,living options,1,available evacuation,1
place or,1,honestly because,1,levers ring,1,options locally,1,relevant location,1
a place,1,m older,1,fence future,1,locally availability,1,location plan,1
place with,1,older there,1,future care,1,availability and,1,illness where,1
with enough,1,there may,1,money a,1,and cost,1,where the,1
enough independence,1,may come,1,dedicated account,1,cost legal,1,for it,1
independence even,1,come a,1,account or,1,legal documents,1,it legal,1
you spend,1,a time,1,or investment,1,documents appropriate,1,legal authority,1
spend most,1,time i,1,investment bucket,1,appropriate to,1,authority medical,1
most nights,1,help i,1,bucket earmarked,1,decision maker,1,decision rights,1
nights together,1,to assume,1,feasible health,1,maker will,1,rights emergency,1
together keep,1,assume you,1,health coverage,1,will beneficiaries,1,emergency contacts,1
base establish,1,be my,1,coverage and,1,beneficiaries a,1,contacts documentation,1
establish a,1,my caregiver,1,where available,1,shared agreement,1,documentation recognized,1
local doctor,1,caregiver my,1,available long,1,agreement major,1,recognized locally,1
doctor and,1,my plan,1,care coverage,1,needs trigger,1,locally if,1
routine build,1,that if,1,coverage otherwise,1,trigger paid,1,if professional,1
build at,1,daily care,1,otherwise self,1,paid support,1,professional care,1
least non,1,care we,1,self funding,1,support not,1,default her,1
her anchors,1,help and,1,funding plan,1,not silent,1,her role,1
anchors one,1,or relocate,1,care options,1,silent expectation,1,role becomes,1
one friend,1,relocate to,1,options research,1,expectation a,1,becomes partner,1
friend one,1,is best,1,research now,1,fairness check,1,and advocate,1
one activity,1,best i,1,now cost,1,check for,1,advocate not,1
activity group,1,choose this,1,cost and,1,were my,1,not default,1
group one,1,relationship knowing,1,and availability,1,my daughter,1,caregiver have,1
one professional,1,knowing that,1,availability of,1,daughter niece,1,specific caregiving,1
professional contact,1,that and,1,home health,1,niece what,1,limits conversation,1
contact stage,1,and knowing,1,health aides,1,what safeguards,1,conversation now,1
stage only,1,knowing you,1,aides nursing,1,safeguards would,1,now keep,1
consider longer,1,not signing,1,nursing facilities,1,want for,1,it concrete,1
residency decisions,1,signing up,1,facilities assisted,1,her if,1,concrete example,1
decisions decide,1,up to,1,living and,1,answer includes,1,example prompts,1
not give,1,ask how,1,whether foreigners,1,includes don,1,prompts if,1
up given,1,how does,1,foreigners can,1,t get,1,needed help,1
family ties,1,that land,1,access them,1,get trapped,1,help with,1
ties it,1,land with,1,them legal,1,trapped as,1,with appointments,1
s reasonable,1,your culture,1,legal authority,1,a caretaker,1,appointments and,1
reasonable to,1,s normally,1,authority planning,1,caretaker then,1,and logistics,1
to set,1,normally expected,1,planning local,1,then build,1,logistics would,1
set hard,1,expected what,1,local compatible,1,build the,1,with that,1
hard lines,1,you make,1,compatible will,1,the structure,1,that if,1
lines such,1,it concrete,1,will medical,1,that prevents,1,needed daily,1
as i,1,concrete with,1,medical directive,1,prevents that,1,daily hands,1
not permanently,1,with if,1,directive power,1,that so,1,on help,1
permanently relocate,1,if then,1,power of,1,choice to,1,help bathing,1
relocate unless,1,then agreements,1,attorney clarity,1,you but,1,bathing toileting,1
unless i,1,agreements revisited,1,on who,1,s your,1,toileting would,1
have reliable,1,revisited every,1,decisions if,1,your responsibility,1,want professionals,1
healthcare access,1,every year,1,t periodic,1,responsibility to,1,professionals to,1
access and,1,year not,1,periodic review,1,to ensure,1,consider too,1
plan i,1,a rigid,1,review revisit,1,ensure the,1,much to,1
will visit,1,rigid contract,1,revisit the,1,the choice,1,ask of,1
visit my,1,contract but,1,plan every,1,choice stays,1,if caring,1
children x,1,but clear,1,every years,1,stays informed,1,caring for,1
x times,1,clear defaults,1,years as,1,informed and,1,me started,1
times per,1,defaults if,1,as health,1,and genuinely,1,started to,1
year or,1,help with,1,and relationship,1,genuinely free,1,to damage,1
or they,1,with bathing,1,relationship maturity,1,free as,1,damage your,1
they visit,1,bathing toileting,1,maturity change,1,as time,1,life what,1
visit i,1,toileting hour,1,change these,1,time changes,1,not seeking,1
will maintain,1,hour supervision,1,these steps,1,the playing,1,seeking a,1
financial independence,1,supervision then,1,steps reduce,1,playing field,1,a promise,1
option these,1,hire professional,1,the chance,1,field you,1,promise you,1
t lack,1,care not,1,chance that,1,re seeing,1,re seeking,1
lack of,1,not you,1,that love,1,seeing the,1,seeking shared,1
of commitment,1,if costs,1,love turns,1,issue clearly,1,shared reality,1
commitment they,1,costs exceed,1,into an,1,clearly relocation,1,and permission,1
they are,1,exceed x,1,an unchosen,1,relocation isn,1,permission to,1
are how,1,we relocate,1,unchosen duty,1,t just,1,to plan,1
stay stable,1,relocate return,1,duty a,1,just geography,1,practical fairness,1
stable one,1,country use,1,fair deal,1,geography it,1,fairness test,1
one key,1,use facility,1,deal isn,1,the power,1,plan protect,1
key question,1,if cognitive,1,t one,1,and safety,1,protect her,1
question for,1,cognitive decline,1,one answer,1,safety structure,1,future self,1
ended six,1,decline occurs,1,answer it,1,structure of,1,self ask,1
months after,1,occurs then,1,a negotiated,1,a loving,1,you were,1
you arrived,1,then medical,1,negotiated design,1,loving partner,1,plan still,1
arrived could,1,authority is,1,design possible,1,partner becoming,1,still allow,1
still live,1,is predefined,1,possible fair,1,becoming dependent,1,allow her,1
there safely,1,predefined and,1,fair designs,1,on one,1,work or,1
safely and,1,and my,1,designs you,1,one person,1,or pursue,1
and sanely,1,children s,1,choose together,1,person for,1,pursue interests,1
sanely for,1,s role,1,together together,1,social world,1,interests maintain,1
for another,1,role is,1,together now,1,world healthcare,1,maintain friendships,1
another month,1,is defined,1,now professional,1,healthcare navigation,1,friendships and,1
month while,1,defined too,1,care later,1,navigation and,1,ties travel,1
you reorganize,1,feel caregiving,1,later most,1,and daily,1,travel sometimes,1
reorganize financially,1,is harming,1,common and,1,daily competence,1,sometimes without,1
financially socially,1,harming your,1,and often,1,competence is,1,guilt avoid,1
socially medically,1,plan immediately,1,often fairest,1,a predictable,1,avoid being,1
medically if,1,immediately without,1,fairest live,1,predictable vulnerability,1,being physically,1
the answer,1,without guilt,1,written understanding,1,vulnerability what,1,physically exhausted,1
is no,1,guilt the,1,understanding that,1,changes when,1,exhausted leave,1
no you,1,the feasibility,1,that hands,1,move which,1,leave the,1
the city,1,feasibility backbone,1,care will,1,which parts,1,relationship if,1
city region,1,backbone money,1,be hired,1,parts of,1,she needed,1
region she,1,money insurance,1,hired lat,1,turn on,1,to without,1
she lives,1,insurance location,1,lat living,1,on off,1,without financial,1
lives in,1,location to,1,living apart,1,off at,1,financial ruin,1
in plus,1,make partner,1,apart together,1,at home,1,ruin or,1
d keep,1,nurse real,1,rise intimate,1,home your,1,or social,1
a residence,1,real you,1,intimate partners,1,autonomy is,1,social catastrophe,1
residence back,1,you generally,1,partners separate,1,high language,1,catastrophe if,1
home i,1,generally need,1,separate households,1,language systems,1,is yes,1
concrete independent,1,fund separate,1,households return,1,systems doctors,1,yes it,1
independent functioning,1,separate from,1,to home,1,friends children,1,s much,1
functioning checklist,1,from daily,1,country clause,1,is one,1,much more,1
checklist healthcare,1,daily living,1,clause if,1,one important,1,more ethically,1
healthcare language,1,living money,1,occurs so,1,important part,1,ethically sound,1
language community,1,money realistic,1,t stranded,1,stable base,1,sound what,1
community logistics,1,on where,1,stranded in,1,base there,1,next actionable,1
logistics to,1,where high,1,a system,1,there initially,1,actionable tell,1
to complete,1,high quality,1,system she,1,initially your,1,her explicitly,1
complete before,1,quality elder,1,t navigate,1,autonomy drops,1,default agree,1
you relocate,1,elder care,1,navigate the,1,drops language,1,a principle,1
relocate what,1,is accessible,1,hold onto,1,language bureaucracy,1,principle paid,1
described is,1,accessible a,1,onto not,1,bureaucracy medical,1,default if,1
real decision,1,a location,1,not is,1,medical system,1,if higher,1
decision hinge,1,location decision,1,ask but,1,system culture,1,higher need,1
hinge you,1,decision driven,1,but am,1,culture the,1,need care,1
afford the,1,driven by,1,i building,1,relationship becomes,1,care arises,1
the ordinary,1,by healthcare,1,life where,1,the bridge,1,arises during,1
ordinary months,1,and support,1,where she,1,to almost,1,stay discuss,1
months but,1,support not,1,s free,1,almost everything,1,discuss and,1
but not,1,romance legal,1,free to,1,that shift,1,and price,1
the worst,1,legal basics,1,to love,1,shift can,1,real options,1
worst month,1,basics will,1,without sacrificing,1,a feedback,1,options in,1
month in,1,will medical,1,sacrificing her,1,feedback loop,1,in home,1
in cross,1,attorney health,1,her future,1,loop you,1,help costs,1
border moves,1,health proxy,1,future if,1,lean on,1,costs insurance,1
moves that,1,proxy emergency,1,can honestly,1,her more,1,availability hospital,1
that tail,1,access plan,1,honestly say,1,more she,1,hospital quality,1
risk stroke,1,then bluntly,1,yes because,1,feels pressure,1,quality keep,1
stroke cardiac,1,bluntly the,1,ve planned,1,pressure role,1,independence options,1
cardiac event,1,plan defaults,1,planned resources,1,role overload,1,options home,1
event cancer,1,defaults to,1,resources alternatives,1,overload you,1,base return,1
cancer workup,1,children which,1,alternatives and,1,feel less,1,plan until,1
workup serious,1,avoid the,1,and ongoing,1,less secure,1,re confident,1
serious infection,1,the moral,1,ongoing consent,1,secure you,1,confident the,1
infection accident,1,moral bottom,1,consent then,1,lean more,1,is workable,1
accident is,1,line it,1,then it,1,planning is,1,workable in,1
what turns,1,s her,1,be her,1,is how,1,in that,1
turns a,1,choice to,1,choice if,1,you prevent,1,likely i,1
a romantic,1,to love,1,share your,1,prevent that,1,exact practical,1
romantic decision,1,love an,1,hers i,1,that loop,1,practical items,1
a financial,1,older man,1,relevant care,1,loop the,1,items to,1
financial and,1,man it,1,insurance legal,1,the non,1,research health,1
medical trap,1,responsibility to,1,legal items,1,negotiable principle,1,coverage residency,1
trap clarify,1,to ensure,1,to check,1,principle don,1,residency rights,1
clarify your,1,ensure that,1,check because,1,relocate faster,1,rights and,1
profile simple,1,that love,1,because plan,1,build independence,1,how partner,1
simple but,1,love doesn,1,care depends,1,independence if,1,spouse status,1
but decisive,1,t quietly,1,depends heavily,1,this aim,1,status affects,1
decisive you,1,quietly convert,1,heavily on,1,aim for,1,affects medical,1
want answers,1,convert into,1,on local,1,two pillars,1,making and,1
answers to,1,into an,1,local availability,1,pillars not,1,and long,1
to three,1,an unchosen,1,availability and,1,not one,1,access you,1
three questions,1,unchosen caretaking,1,and foreign,1,one the,1,re naming,1
questions before,1,caretaking burden,1,foreign resident,1,relationship your,1,core practical,1
any long,1,burden the,1,resident rules,1,your independent,1,practical danger,1
term move,1,way you,1,rules you,1,independent life,1,danger clearly,1
move where,1,you prove,1,re naming,1,there medical,1,clearly moving,1
treated for,1,prove that,1,naming one,1,medical social,1,language networks,1
complex event,1,not with,1,biggest real,1,social practical,1,networks and,1
event locally,1,with promises,1,world failure,1,practical competence,1,continuity can,1
locally in,1,promises it,1,failure points,1,competence if,1,can turn,1
a nearby,1,s with,1,points relocation,1,you only,1,turn a,1
nearby regional,1,with structures,1,can turn,1,only have,1,a loving,1
hub e,1,structures reversible,1,turn a,1,have pillar,1,loving relationship,1
e g,1,commitments now,1,relationship into,1,pillar the,1,a single,1
g singapore,1,now and,1,into your,1,has to,1,failure not,1
singapore bangkok,1,a funded,1,your entire,1,to carry,1,because she,1
bangkok kl,1,funded care,1,system that,1,carry too,1,s bad,1
kl or,1,plan later,1,s heavy,1,much a,1,be structurally,1
or back,1,your approximate,1,heavy for,1,safer structure,1,structurally dependent,1
home how,1,approximate financial,1,it makes,1,structure staged,1,dependent treat,1
you pay,1,financial picture,1,you vulnerable,1,staged move,1,treat dependency,1
pay for,1,picture retirement,1,vulnerable if,1,move maintained,1,dependency as,1
for diagnostics,1,retirement income,1,if anything,1,maintained ties,1,a design,1
diagnostics surgery,1,income range,1,anything changes,1,ties phase,1,design problem,1
surgery icu,1,range savings,1,changes treat,1,phase trial,1,a character,1
icu rehab,1,savings range,1,treat dependency,1,weeks with,1,character judgment,1
rehab ongoing,1,range and,1,dependency load,1,independence agenda,1,judgment even,1
ongoing meds,1,in i,1,load as,1,agenda during,1,partner heavy,1
meds how,1,you outline,1,primary decision,1,the stay,1,heavy dependence,1
be moved,1,outline a,1,decision variable,1,stay explicitly,1,dependence can,1
moved and,1,realistic care,1,variable ask,1,explicitly prioritize,1,her translator,1
and who,1,that matches,1,ended or,1,prioritize language,1,social organizer,1
would coordinate,1,matches actual,1,or she,1,language daily,1,organizer fixer,1
coordinate it,1,actual costs,1,she got,1,daily study,1,fixer loss,1
it if,1,and visa,1,got busy,1,study a,1,loss of,1
if local,1,healthcare constraints,1,busy ill,1,a tutor,1,of dignity,1
local care,1,re naming,1,ill for,1,tutor 3x,1,dignity for,1
care isn,1,naming one,1,month could,1,3x week,1,sides reduced,1
t adequate,1,biggest real,1,could i,1,week enough,1,reduced ability,1
adequate if,1,real risks,1,not really,1,handle basics,1,leave if,1
are i,1,risks and,1,really then,1,basics healthcare,1,to so,1
not sure,1,not hypothetical,1,then a,1,one primary,1,do without,1
sure you,1,hypothetical even,1,now is,1,primary clinic,1,making her,1
for permanent,1,even strong,1,is premature,1,a new,1,infrastructure don,1
relocation insurance,1,strong relationships,1,premature not,1,new patient,1,do full,1
insurance don,1,can buckle,1,structure isn,1,patient visit,1,full move,1
move without,1,buckle when,1,t safe,1,visit get,1,first do,1
without solving,1,when one,1,safe design,1,get records,1,staged move,1
solving this,1,one partner,1,design for,1,records transferred,1,move with,1
this cheaper,1,partner becomes,1,for autonomy,1,transferred digitally,1,a safety,1
cheaper healthcare,1,s only,1,autonomy on,1,digitally community,1,safety net,1
healthcare doesn,1,only interpreter,1,purpose so,1,two recurring,1,net a,1
t help,1,interpreter social,1,be your,1,her expat,1,a safer,1
the reliable,1,social organizer,1,your partner,1,expat group,1,safer progression,1
reliable tier,1,organizer medical,1,infrastructure minimum,1,group volunteering,1,progression extended,1
tier is,1,navigator and,1,minimum autonomy,1,volunteering sport,1,months on,1
is expensive,1,and emotional,1,autonomy targets,1,sport coworking,1,visa split,1
expensive or,1,emotional anchor,1,targets before,1,coworking class,1,period months,1
or requires,1,anchor the,1,move language,1,class mobility,1,months spend,1
requires upfront,1,core issue,1,language enough,1,mobility learn,1,spend part,1
upfront payment,1,issue dependency,1,handle taxis,1,learn transport,1,year there,1
payment things,1,dependency load,1,taxis pharmacies,1,transport banking,1,there part,1
a specialist,1,load on,1,pharmacies basic,1,basics sim,1,part at,1
specialist broker,1,and on,1,basic medical,1,sim phone,1,home if,1
broker who,1,move all,1,medical intake,1,phone local,1,feasible with,1
who handles,1,in with,1,intake and,1,local apps,1,work only,1
handles expats,1,no language,1,and daily,1,apps so,1,then consider,1
expats international,1,and no,1,daily transactions,1,not helpless,1,consider permanent,1
international major,1,network three,1,transactions healthcare,1,helpless if,1,permanent residency,1
major medical,1,things tend,1,healthcare continuity,1,s busy,1,residency selling,1
medical not,1,to happen,1,continuity a,1,busy phase,1,selling property,1
just travel,1,happen your,1,for records,1,phase split,1,property fully,1
travel insurance,1,your autonomy,1,records medications,1,year if,1,fully severing,1
insurance coverage,1,autonomy shrinks,1,medications and,1,feasible instead,1,severing routines,1
for pre,1,shrinks you,1,would receive,1,move consider,1,routines key,1
conditions often,1,t easily,1,receive serious,1,consider months,1,key principle,1
often excluded,1,easily solve,1,care social,1,there months,1,principle keep,1
excluded or,1,solve problems,1,social base,1,months home,1,have proven,1
or loaded,1,problems alone,1,base at,1,home or,1,proven you,1
loaded inpatient,1,alone her,1,few relationships,1,or blocks,1,there with,1
inpatient limits,1,her responsibility,1,relationships that,1,blocks for,1,supports build,1
limits you,1,responsibility load,1,that aren,1,months keeps,1,an independence,1
want high,1,load grows,1,t her,1,you connected,1,stack before,1
high uncapped,1,grows she,1,her people,1,doctors tests,1,you commit,1
uncapped if,1,becomes guide,1,people navigation,1,tests whether,1,commit aim,1
possible medical,1,guide translator,1,navigation competence,1,relationship thrives,1,aim to,1
medical evacuation,1,translator administrator,1,competence you,1,thrives in,1,to reduce,1
evacuation and,1,administrator the,1,errands and,1,time lets,1,reduce reliance,1
and repatriation,1,the container,1,and transport,1,a network,1,reliance on,1
repatriation this,1,container for,1,transport without,1,network gradually,1,her in,1
is crucial,1,everything love,1,t picture,1,gradually phase,1,in four,1
crucial in,1,love logistics,1,picture achieving,1,phase only,1,four areas,1
your scenario,1,logistics identity,1,achieving these,1,then consider,1,areas a,1
scenario whether,1,identity which,1,these within,1,consider permanent,1,continuity identify,1
plan includes,1,which raises,1,within months,1,relocation permanent,1,identify an,1
includes access,1,raises conflict,1,months that,1,permanent makes,1,an english,1
to higher,1,conflict stakes,1,strong signal,1,makes sense,1,english speaking,1
higher quality,1,stakes this,1,signal to,1,sense when,1,speaking primary,1
quality regional,1,about distrust,1,to slow,1,stable visa,1,primary care,1
regional hospitals,1,distrust it,1,relocation model,1,visa path,1,care clinic,1
hospitals whether,1,about preventing,1,model that,1,trusted doctor,1,clinic hospital,1
you must,1,preventing a,1,risk stage,1,doctor hospital,1,hospital you,1
must pay,1,a fragile,1,stage extended,1,hospital option,1,you trust,1
pay upfront,1,fragile structure,1,extended trial,1,option you,1,trust get,1
upfront and,1,structure a,1,months choose,1,have friends,1,get your,1
and seek,1,better target,1,a neighborhood,1,activities that,1,medical records,1
seek reimbursement,1,target than,1,neighborhood with,1,that do,1,records organized,1
reimbursement cash,1,there is,1,practical support,1,do not,1,organized digital,1
cash flow,1,is build,1,support walkability,1,not rely,1,digital copies,1
flow matters,1,a parallel,1,walkability clinics,1,emergencies and,1,copies medication,1
matters if,1,parallel support,1,clinics hospitals,1,and for,1,medication lists,1
if comprehensive,1,support system,1,hospitals reliable,1,for return,1,lists imaging,1
comprehensive coverage,1,system before,1,reliable internet,1,return protect,1,imaging history,1
coverage is,1,you commit,1,internet expat,1,your connection,1,history secure,1
is unaffordable,1,commit aim,1,expat community,1,connection to,1,secure insurance,1
unaffordable treat,1,aim to,1,community groups,1,future self,1,that works,1
treat that,1,have at,1,groups rent,1,self before,1,works there,1
that as,1,least partial,1,independently your,1,any big,1,there at,1
strong signal,1,partial versions,1,name you,1,big move,1,understand exclusions,1
signal to,1,of what,1,afford it,1,move have,1,exclusions plan,1
move temporary,1,re leaving,1,it alone,1,a direct,1,emergencies where,1
temporary seasonal,1,leaving medical,1,alone keep,1,direct talk,1,go who,1
seasonal rather,1,medical continuity,1,keep home,1,talk with,1,who advocates,1
permanent build,1,continuity identify,1,country ties,1,your kids,1,advocates and,1
medical crisis,1,identify an,1,ties active,1,kids what,1,need medical,1
protect it,1,an english,1,active weekly,1,re considering,1,coverage b,1
it since,1,english speaking,1,weekly friend,1,considering and,1,b language,1
since savings,1,speaking primary,1,friend calls,1,and why,1,daily function,1
savings aren,1,primary care,1,calls regular,1,why how,1,function autonomy,1
t enough,1,care doctor,1,regular time,1,often you,1,autonomy you,1
enough for,1,doctor and,1,with kids,1,visit they,1,need fluency,1
event you,1,and one,1,kids via,1,they d,1,fluency but,1
a protected,1,near where,1,via visits,1,visit what,1,do need,1
protected buffer,1,live create,1,visits stage,1,sick where,1,need basic,1
buffer practical,1,a portable,1,stage dual,1,be treated,1,basic agency,1
practical approach,1,medical file,1,base months,1,treated who,1,agency commit,1
approach ring,1,file summaries,1,months maintain,1,d rely,1,month language,1
fence months,1,summaries meds,1,maintain some,1,on even,1,plan tutor,1
of living,1,meds imaging,1,some form,1,if they,1,tutor daily,1
living expenses,1,imaging allergies,1,form of,1,re independent,1,daily practice,1
expenses plus,1,allergies verify,1,base downsized,1,independent proximity,1,practice learn,1
a dedicated,1,verify health,1,downsized if,1,proximity often,1,learn transport,1
dedicated medical,1,actually works,1,needed so,1,often becomes,1,transport pharmacy,1
medical evac,1,works there,1,so returning,1,becomes more,1,pharmacy food,1
evac buffer,1,there not,1,returning isn,1,more important,1,food basic,1
buffer often,1,just nominal,1,catastrophic rotate,1,important as,1,basic medical,1
often 20k,1,nominal coverage,1,rotate e,1,age specific,1,medical phrases,1
20k 50k,1,coverage social,1,months there,1,specific safeguards,1,phrases numbers,1
50k depending,1,social continuity,1,there month,1,safeguards that,1,numbers money,1
depending on,1,continuity non,1,month home,1,that reduce,1,money set,1
on region,1,non negotiable,1,home adjust,1,reduce dependency,1,set up,1
region and,1,negotiable join,1,adjust to,1,dependency money,1,up local,1
and evacuation,1,one expat,1,to visa,1,money maintain,1,local sim,1
evacuation costs,1,local interest,1,visa rules,1,maintain your,1,sim banking,1
costs keep,1,interest group,1,rules only,1,own accounts,1,banking method,1
it liquid,1,group you,1,independently should,1,accounts and,1,and maps,1
liquid and,1,you attend,1,should you,1,fund that,1,maps translation,1
and accessible,1,attend weekly,1,you consider,1,covers immediate,1,translation tools,1
accessible internationally,1,weekly without,1,full move,1,immediate return,1,tools c,1
internationally consider,1,her establish,1,move concrete,1,return travel,1,c social,1
consider maintaining,1,establish independent,1,steps to,1,travel several,1,social network,1
maintaining a,1,independent contacts,1,to reduce,1,several months,1,network that,1
a credit,1,contacts neighbors,1,reduce isolation,1,living costs,1,t through,1
credit line,1,neighbors colleagues,1,isolation quickly,1,costs medical,1,her before,1
line as,1,colleagues hobby,1,quickly language,1,medical records,1,relocation you,1
as backstop,1,hobby group,1,language plan,1,records consolidate,1,want at,1
backstop but,1,group set,1,plan hours,1,consolidate digitally,1,least acquaintances,1
but don,1,a routine,1,hours week,1,digitally med,1,acquaintances you,1
as plan,1,routine that,1,week with,1,med list,1,her arranging,1
a if,1,t rely,1,a tutor,1,list allergies,1,arranging it,1
t build,1,her availability,1,tutor daily,1,allergies surgeries,1,it expat,1
build this,1,availability practical,1,daily practice,1,surgeries imaging,1,group gym,1
this buffer,1,practical independence,1,practice measure,1,imaging reports,1,gym volunteer,1
buffer don,1,independence learn,1,measure progress,1,reports insurance,1,volunteer hobby,1
t put,1,language for,1,progress monthly,1,insurance confirm,1,hobby one,1
put yourself,1,for taxis,1,monthly independent,1,confirm coverage,1,practical contact,1
yourself in,1,taxis pharmacies,1,independent community,1,coverage where,1,contact a,1
a country,1,pharmacies emergencies,1,community commit,1,live consider,1,a local,1
country where,1,emergencies addresses,1,to weekly,1,consider medevac,1,local fixer,1
already doubt,1,addresses basic,1,class volunteering,1,medevac options,1,fixer agent,1
doubt complex,1,basic negotiations,1,volunteering meetup,1,options local,1,agent bilingual,1
reliability maintain,1,negotiations set,1,meetup co,1,local first,1,bilingual neighbor,1
maintain a,1,set up,1,co working,1,first responders,1,neighbor or,1
a viable,1,up banking,1,working medical,1,responders identify,1,or expat,1
viable return,1,sim transportation,1,medical setup,1,identify at,1,expat friend,1
option this,1,transportation apps,1,setup identify,1,two people,1,friend for,1
s resilience,1,apps and,1,identify an,1,people locally,1,emergencies a,1
resilience keep,1,any required,1,an english,1,locally you,1,routine outside,1
your residency,1,required registrations,1,english speaking,1,can call,1,outside the,1
residency eligibility,1,registrations yourself,1,speaking clinic,1,call besides,1,relationship class,1
eligibility for,1,yourself with,1,clinic hospital,1,besides her,1,class coworking,1
for healthcare,1,with help,1,hospital arrange,1,her boundaries,1,coworking space,1
healthcare at,1,help initially,1,arrange a,1,boundaries agree,1,space sport,1
home rules,1,initially but,1,new primary,1,agree that,1,sport d,1
rules vary,1,but with,1,primary doctor,1,will build,1,d logistics,1
vary keep,1,goal of,1,doctor carry,1,not your,1,logistics and,1
practical landing,1,of competence,1,carry a,1,your translator,1,legal footing,1
landing plan,1,competence rule,1,a concise,1,translator administrator,1,footing know,1
on short,1,rule of,1,concise medical,1,administrator the,1,know your,1
short notice,1,of thumb,1,summary and,1,that decides,1,your visa,1
notice and,1,thumb if,1,and translated,1,decides whether,1,and renewal,1
d restart,1,t comfortably,1,translated medication,1,whether moving,1,renewal risk,1
restart care,1,comfortably spend,1,medication list,1,moving is,1,risk have,1
care keep,1,spend a,1,list kids,1,is wise,1,independent access,1
medical records,1,week there,1,kids friends,1,wise ask,1,to money,1
records digitized,1,there while,1,friends protection,1,ended respectfully,1,money local,1
digitized and,1,while she,1,protection set,1,respectfully would,1,local atm,1
and current,1,busy or,1,set fixed,1,i still,1,atm bank,1
current a,1,away you,1,fixed visit,1,okay living,1,bank solution,1
a common,1,relocation protect,1,visit rhythms,1,there for,1,solution maintain,1
common middle,1,protect your,1,rhythms e,1,months while,1,maintain a,1
path live,1,your ties,1,g you,1,while i,1,a mailing,1
there part,1,ties at,1,you return,1,i transition,1,address and,1
time several,1,home children,1,home twice,1,transition home,1,and financial,1
several months,1,friends doctors,1,twice a,1,home if,1,infrastructure at,1
months per,1,doctors you,1,year kids,1,if no,1,home until,1
year while,1,can honor,1,kids visit,1,no you,1,until stable,1
primary medical,1,without cutting,1,visit once,1,move do,1,stable protect,1
medical home,1,cutting your,1,once a,1,trial or,1,relationship by,1
base choose,1,your lifelines,1,feasible put,1,or split,1,by reducing,1
choose location,1,lifelines consider,1,put dates,1,plan first,1,reducing the,1
and lifestyle,1,consider structures,1,dates on,1,first if,1,the load,1
lifestyle to,1,structures like,1,calendar early,1,thinking city,1,load on,1
reduce medical,1,like two,1,early make,1,city vs,1,on it,1
medical downside,1,model best,1,dependency explicit,1,vs smaller,1,it frame,1
downside if,1,best early,1,explicit with,1,smaller town,1,frame it,1
you proceed,1,early on,1,is relationship,1,town and,1,as care,1
proceed with,1,on keep,1,relationship protective,1,health situation,1,build my,1
with any,1,base spend,1,protective tell,1,situation insurance,1,supports so,1
any extended,1,spend months,1,her plainly,1,insurance constraints,1,t carry,1
stay live,1,there months,1,plainly i,1,constraints i,1,carry my,1
near the,1,months home,1,m worried,1,outline an,1,my whole,1
best private,1,home reversible,1,worried about,1,independence first,1,life on,1
private hospital,1,sell store,1,about becoming,1,first checklist,1,your shoulders,1
hospital available,1,store rather,1,becoming dependent,1,checklist tailored,1,shoulders a,1
available in,1,than liquidate,1,socially and,1,that setting,1,partner usually,1
in country,1,liquidate keep,1,practically i,1,setting you,1,usually feels,1
country not,1,your mailing,1,to succeed,1,ve identified,1,feels relieved,1
not cheap,1,mailing address,1,succeed so,1,identified the,1,relieved not,1
cheap but,1,address and,1,own footing,1,key practical,1,not threatened,1
but capable,1,healthcare access,1,footing there,1,practical limiter,1,threatened by,1
capable minimize,1,access at,1,there that,1,limiter medical,1,by that,1
minimize accident,1,feasible planned,1,means time,1,risk lower,1,that maintain,1
accident risk,1,planned visitation,1,time for,1,lower routine,1,maintain closeness,1
risk scooters,1,visitation cadence,1,for language,1,routine costs,1,closeness to,1
scooters night,1,cadence schedule,1,and routines,1,costs don,1,children without,1
night driving,1,schedule trips,1,routines even,1,t compensate,1,making them,1
driving high,1,trips home,1,s less,1,compensate for,1,them a,1
high risk,1,home in,1,less romantic,1,for one,1,a veto,1
risk activities,1,advance e,1,romantic at,1,one high,1,veto or,1
activities get,1,g every,1,at first,1,impact event,1,an afterthought,1
get routine,1,every weeks,1,first a,1,re underinsured,1,afterthought practical,1
routine screenings,1,weeks so,1,partner who,1,underinsured and,1,practical steps,1
screenings done,1,so distance,1,who s,1,and far,1,steps tell,1
done either,1,distance drift,1,good for,1,far from,1,tell them,1
either at,1,drift doesn,1,term will,1,from your,1,them your,1
a regional,1,t slowly,1,support that,1,your known,1,staged and,1
regional center,1,slowly sever,1,re optimizing,1,known system,1,and reversible,1
center you,1,sever bonds,1,optimizing for,1,system translate,1,reversible pre,1
trust what,1,bonds also,1,re weighing,1,translate this,1,pre schedule,1
what this,1,also talk,1,weighing two,1,clear decision,1,schedule return,1
this means,1,talk to,1,two legitimate,1,rule don,1,visits or,1
means for,1,children early,1,legitimate goods,1,relocation until,1,or their,1
relationship decision,1,early not,1,goods love,1,answer yes,1,their visits,1
move toward,1,to seek,1,love companionship,1,to both,1,visits so,1
toward her,1,seek permission,1,companionship and,1,both if,1,so connection,1
her without,1,permission but,1,shared daily,1,event there,1,connection doesn,1
without betting,1,but to,1,life continuity,1,there i,1,t become,1
betting your,1,keep trust,1,continuity of,1,access high,1,become when,1
and assets,1,trust and,1,care family,1,high quality,1,can think,1
assets trial,1,and reduce,1,family proximity,1,quality care,1,think through,1
stay first,1,reduce later,1,proximity and,1,care quickly,1,through what,1
first no,1,later resentment,1,and belonging,1,quickly locally,1,if scenarios,1
until a,1,resentment or,1,belonging there,1,locally or,1,scenarios if,1
a insurance,1,or shock,1,s no,1,or via,1,if a,1
evac is,1,shock stress,1,no correct,1,via transfer,1,a child,1
solved and,1,test the,1,correct answer,1,transfer paying,1,child needs,1
and b,1,relationship by,1,answer only,1,that event,1,needs you,1
b you,1,by reducing,1,only a,1,event won,1,you how,1
and c,1,reducing reliance,1,a design,1,t force,1,how quickly,1
c a,1,reliance on,1,design that,1,force a,1,quickly can,1
plan this,1,a loving,1,that keeps,1,a fire,1,return and,1
this also,1,loving act,1,keeps you,1,fire sale,1,and for,1
also protects,1,act not,1,you safe,1,sale of,1,for how,1
protects the,1,a cold,1,safe while,1,of assets,1,long a,1
became ill,1,cold one,1,learn the,1,or trap,1,t permanently,1
ill and,1,one try,1,the key,1,trap me,1,relocate until,1
money got,1,try during,1,key is,1,me financially,1,can answer,1
got tight,1,during your,1,to pay,1,financially if,1,answer yes,1
tight it,1,next stay,1,for intimacy,1,either is,1,to these,1
force dynamics,1,stay do,1,intimacy with,1,no unknown,1,these i,1
dynamics neither,1,do some,1,with isolation,1,unknown you,1,access healthcare,1
you wants,1,some errands,1,isolation two,1,for permanent,1,healthcare competently,1
wants concrete,1,alone pharmacy,1,two high,1,permanent what,1,competently without,1
steps price,1,pharmacy groceries,1,high leverage,1,next actionable,1,small social,1
price international,1,groceries transit,1,leverage options,1,actionable in,1,social routine,1
insurance with,1,transit spend,1,to consider,1,in order,1,routine not,1
with evacuation,1,with people,1,consider if,1,order step,1,not dependent,1
evacuation quotes,1,people without,1,full relocation,1,step get,1,can communicate,1
quotes minimum,1,her present,1,relocation feels,1,get precise,1,communicate at,1
minimum based,1,present make,1,feels too,1,precise about,1,at a,1
medical history,1,make one,1,too costly,1,about the,1,a basic,1
history decide,1,medical appointment,1,costly she,1,two biggest,1,basic level,1
decide your,1,appointment or,1,she moves,1,biggest uncertainties,1,level in,1
your complex,1,or insurance,1,moves temporarily,1,uncertainties a,1,a financially,1
care destination,1,insurance inquiry,1,temporarily or,1,a legal,1,financially and,1
destination home,1,inquiry yourself,1,or permanently,1,legal ability,1,legally realistic,1
home vs,1,yourself even,1,permanently to,1,live and,1,realistic exit,1
vs regional,1,if imperfect,1,trial if,1,and work,1,country i,1
hub and,1,imperfect take,1,feasible and,1,work there,1,concrete independence,1
ensure the,1,take a,1,and desired,1,there confirm,1,stack checklist,1
the policy,1,short solo,1,desired third,1,type renewal,1,checklist healthcare,1
policy supports,1,solo day,1,place living,1,renewal and,1,healthcare insurance,1
it build,1,day trip,1,living spend,1,whether remote,1,insurance visa,1
build ring,1,trip observe,1,spend significant,1,work is,1,visa pathway,1
fence emergency,1,observe do,1,significant time,1,is permitted,1,pathway language,1
emergency funds,1,feel capable,1,time together,1,permitted ignored,1,community building,1
funds and,1,she support,1,together in,1,ignored enforced,1,building options,1
access them,1,support your,1,both function,1,enforced confirm,1,options tailored,1
them abroad,1,your independence,1,function more,1,confirm tax,1,tailored to,1
abroad do,1,independence or,1,more language,1,residency triggers,1,to that,1
month stay,1,or prefer,1,language access,1,triggers and,1,that location,1
stay only,1,prefer you,1,access expat,1,and double,1,location what,1
after are,1,dependent a,1,infrastructure easier,1,double tax,1,ve described,1
are in,1,who truly,1,easier healthcare,1,tax risks,1,described is,1
in place,1,truly wants,1,healthcare then,1,risks b,1,a workable,1
place keeping,1,sponsor usually,1,decide if,1,b catastrophic,1,workable setup,1
base intact,1,usually also,1,to and,1,catastrophic medical,1,setup if,1
me your,1,also wants,1,realistically can,1,you likely,1,you deliberately,1
citizenship and,1,dependent decide,1,can visit,1,likely need,1,deliberately cover,1
and any,1,decide in,1,visit your,1,need one,1,cover the,1
major pre,1,stages with,1,you draft,1,one or,1,year scenario,1
conditions even,1,explicit exit,1,draft a,1,a combination,1,scenario name,1
even broadly,1,exit ramps,1,practical trial,1,combination of,1,real financial,1
broadly like,1,ramps a,1,move plan,1,of international,1,financial problem,1
like cardiac,1,practical sequence,1,with specific,1,international expat,1,not monthly,1
cardiac diabetes,1,sequence next,1,specific autonomy,1,expat health,1,monthly costs,1
diabetes none,1,next trip,1,autonomy milestones,1,events watch,1,costs but,1
none i,1,trip weeks,1,milestones and,1,watch exclusions,1,but tail,1
you outline,1,life plus,1,a fallback,1,exclusions caps,1,risk day,1
outline what,1,plus language,1,fallback path,1,caps age,1,day affordability,1
ask insurers,1,basics and,1,path what,1,age related,1,affordability is,1
insurers and,1,routines after,1,classic trade,1,related pricing,1,good the,1
coverage pitfalls,1,after evaluate,1,trade low,1,pricing pre,1,the danger,1
pitfalls to,1,evaluate do,1,low routine,1,conditions regional,1,danger is,1
what looks,1,a doctor,1,costs vs,1,regional coverage,1,is hospitalization,1
looks real,1,doctor insurance,1,vs high,1,coverage that,1,hospitalization complications,1
real based,1,insurance clarity,1,high uncertain,1,includes treatment,1,complications long,1
your evidence,1,clarity social,1,uncertain crisis,1,treatment in,1,rehab need,1
evidence sustained,1,social anchors,1,crisis costs,1,a higher,1,quickly for,1
sustained interest,1,anchors and,1,costs the,1,higher tier,1,for specialist,1
interest and,1,and basic,1,right way,1,tier nearby,1,care inability,1
and consistency,1,basic day,1,to think,1,nearby country,1,inability to,1
consistency daily,1,day competence,1,think about,1,evacuation coverage,1,work during,1
daily calls,1,competence only,1,it is,1,coverage to,1,during recovery,1
calls over,1,only then,1,is can,1,a regional,1,recovery and,1
over six,1,month rental,1,you afford,1,regional center,1,and paying,1
months repeated,1,rental based,1,the worst,1,center a,1,paying privately,1
repeated visits,1,based stay,1,worst plausible,1,defined return,1,privately while,1
visits suggest,1,with home,1,plausible year,1,plan thresholds,1,re between,1
suggest more,1,base preserved,1,year not,1,thresholds for,1,between systems,1
a holiday,1,preserved permanent,1,not the,1,for when,1,systems so,1
holiday fling,1,move only,1,the average,1,you fly,1,plan should,1
fling mutual,1,if independence,1,average year,1,fly back,1,should be,1
mutual engagement,1,independence and,1,year define,1,back because,1,built around,1
engagement not,1,healthcare are,1,your medical,1,because rules,1,around catastrophic,1
just flattery,1,are genuinely,1,medical catastrophe,1,rules products,1,medical income,1
flattery she,1,genuinely in,1,catastrophe plan,1,products differ,1,income interruption,1
s curious,1,in place,1,plan before,1,differ by,1,interruption not,1
curious about,1,place one,1,need answers,1,by country,1,not routine,1
work and,1,sentence that,1,to three,1,country you,1,routine expenses,1
talk for,1,you safe,1,three questions,1,ll want,1,expenses minimum,1
hours it,1,safe and,1,questions in,1,want quotes,1,minimum safeguards,1
feels unforced,1,and keeps,1,writing for,1,quotes and,1,safeguards before,1
unforced social,1,keeps it,1,for yourself,1,and policy,1,you really,1
social integration,1,it romantic,1,yourself where,1,policy wording,1,really move,1
integration she,1,romantic i,1,want complex,1,wording before,1,a catastrophic,1
s introduced,1,m excited,1,delivered local,1,deciding step,1,coverage non,1
introduced you,1,excited about,1,hospital regional,1,step build,1,negotiable you,1
family harder,1,about a,1,hub like,1,dedicated reserve,1,want one,1
fake long,1,to work,1,like singapore,1,reserve for,1,these to,1
term than,1,work long,1,singapore bangkok,1,for get,1,true preferably,1
than private,1,term i,1,bangkok or,1,get me,1,preferably both,1
private romance,1,build my,1,home how,1,me home,1,both international,1
romance not,1,my own,1,i get,1,home stabilize,1,international health,1
not overtly,1,own footing,1,not well,1,stabilize me,1,health insurance,1
overtly transactional,1,footing there,1,well enough,1,me if,1,that covers,1
transactional so,1,there friends,1,to travel,1,fully insure,1,covers major,1
so far,1,language doctors,1,travel normally,1,insure you,1,major events,1
far she,1,doctors so,1,normally escort,1,medical liquidity,1,events with,1
she declined,1,not relying,1,escort ambulance,1,liquidity buffer,1,with high,1
declined money,1,relying on,1,ambulance flight,1,buffer immediate,1,high limits,1
money when,1,everything if,1,flight medevac,1,immediate cash,1,limits and,1
when offered,1,solid she,1,medevac how,1,flights deposits,1,clear hospital,1
offered she,1,ll likely,1,i pay,1,deposits private,1,hospital network,1
she frames,1,likely feel,1,pay without,1,private hospital,1,network rules,1
as partner,1,feel relieved,1,without liquidating,1,hospital admission,1,rules and,1
sponsor your,1,relieved if,1,liquidating my,1,admission caregiver,1,can afford,1
internal shift,1,share which,1,life if,1,caregiver help,1,afford premiums,1
shift is,1,city you,1,t answer,1,few months,1,premiums long,1
real feeling,1,considering and,1,answer all,1,it accessible,1,term at,1
genuine data,1,would mean,1,all three,1,accessible and,1,at medical,1
data point,1,mean selling,1,three don,1,and separate,1,understand exactly,1
point about,1,vs keeping,1,move yet,1,separate from,1,exactly triggers,1
your capacity,1,it length,1,yet do,1,from long,1,triggers destinations,1
capacity for,1,length of,1,stay while,1,term investments,1,destinations exclusions,1
for attachment,1,of stay,1,build the,1,investments the,1,exclusions pre,1
and meaning,1,stay i,1,insurance separate,1,exact number,1,pre authorization,1
meaning what,1,concrete independence,1,separate routine,1,number depends,1,authorization and,1
what remains,1,independence checklist,1,from ruinous,1,depends on,1,whether it,1
remains genuinely,1,relocation plan,1,ruinous care,1,on country,1,it covers,1
genuinely uncertain,1,plan given,1,care in,1,and insurance,1,covers you,1
uncertain and,1,given what,1,in many,1,insurance but,1,from that,1
be solved,1,said the,1,many lower,1,but the,1,country to,1
solved by,1,the decisive,1,lower cost,1,the concept,1,your chosen,1
by intuition,1,decisive variable,1,cost countries,1,concept is,1,chosen hospital,1
intuition day,1,variable isn,1,countries you,1,is non,1,hospital home,1
day compatibility,1,t day,1,can self,1,negotiable step,1,country practical,1
compatibility the,1,day cost,1,self pay,1,step choose,1,practical target,1
the tuesday,1,cost it,1,pay routine,1,choose geography,1,target enough,1
tuesday test,1,s catastrophic,1,care but,1,geography with,1,enough coverage,1
test travel,1,catastrophic health,1,but still,1,healthcare in,1,coverage that,1
time hides,1,health risk,1,still get,1,in mind,1,a complex,1
hides the,1,risk cross,1,get wiped,1,mind not,1,complex event,1
the friction,1,border logistics,1,wiped out,1,just romance,1,event doesn,1
friction points,1,logistics you,1,out by,1,romance if,1,force you,1
points chores,1,relationship work,1,by cancer,1,relocate strongly,1,to liquidate,1
chores work,1,work better,1,cancer care,1,strongly prefer,1,liquidate assets,1
work stress,1,better by,1,care cardiac,1,prefer a,1,pressure b,1
stress conflict,1,by making,1,cardiac events,1,major city,1,b liquidity,1
style spending,1,making that,1,events icu,1,city with,1,buffer separate,1
habits privacy,1,that risk,1,icu stays,1,with top,1,separate from,1
privacy needs,1,risk explicit,1,stays major,1,top tier,1,from investments,1
needs libido,1,explicit and,1,major surgery,1,tier private,1,investments if,1
libido changes,1,and funded,1,surgery complications,1,private hospitals,1,t cover,1
changes boredom,1,funded treat,1,complications long,1,hospitals proximity,1,cover a,1
boredom and,1,this like,1,long hospitalizations,1,an international,1,major event,1
routines her,1,like risk,1,hospitalizations or,1,international airport,1,event without,1
her expectations,1,risk management,1,or rehab,1,airport availability,1,without selling,1
expectations still,1,management cheap,1,rehab medical,1,availability of,1,selling assets,1
still not,1,routine expensive,1,medical evacuation,1,of english,1,assets you,1
fully explicit,1,expensive crisis,1,repatriation practical,1,english speaking,1,a buffer,1
explicit especially,1,crisis many,1,steps price,1,speaking clinicians,1,buffer designed,1
be time,1,many lower,1,medical insurance,1,clinicians and,1,designed for,1
time sensitive,1,cost countries,1,insurance not,1,and transparent,1,for speed,1
sensitive even,1,countries are,1,just travel,1,transparent billing,1,speed cash,1
t press,1,are great,1,travel insurance,1,billing this,1,cash near,1
press it,1,great for,1,insurance specifically,1,this single,1,near cash,1
it yet,1,for routine,1,specifically asking,1,single choice,1,cash reserve,1
yet marriage,1,and living,1,asking about,1,choice changes,1,reserve for,1
marriage personal,1,living well,1,about pre,1,changes your,1,months of,1
personal and,1,well but,1,existing condition,1,your risk,1,living expenses,1
and cultural,1,the failure,1,condition rules,1,risk more,1,expenses plus,1
cultural family,1,mode is,1,rules age,1,than many,1,a dedicated,1
expectations money,1,is icu,1,age based,1,many other,1,dedicated medical,1
norms shared,1,icu cancer,1,based premium,1,other factors,1,medical contingency,1
expenses supporting,1,cancer cardiac,1,premium increases,1,factors step,1,contingency deductibles,1
parents gifts,1,cardiac neuro,1,increases coverage,1,trial move,1,deductibles out,1
gifts property,1,neuro care,1,coverage in,1,move with,1,of network,1
property role,1,quality varies,1,and annual,1,diligence as,1,network flights,1
role expectations,1,varies you,1,annual lifetime,1,a goal,1,flights home,1
expectations provider,1,may want,1,lifetime limits,1,goal during,1,home short,1
provider protector,1,want treatment,1,limits add,1,during a,1,term private,1
protector vs,1,treatment elsewhere,1,add evacuation,1,visit a,1,private care,1
vs egalitarian,1,elsewhere often,1,coverage if,1,a recommended,1,care this,1
egalitarian partner,1,often your,1,not clearly,1,recommended hospital,1,from panic,1
partner family,1,or a,1,clearly included,1,clinic do,1,panic decisions,1
involvement incentives,1,hub costs,1,included if,1,a general,1,decisions and,1
incentives that,1,costs stack,1,full international,1,general checkup,1,protects the,1
be sincere,1,stack fast,1,international coverage,1,checkup see,1,the emergency,1
sincere yet,1,fast hospitalization,1,coverage is,1,how the,1,emergency backstop,1
yet still,1,hospitalization companion,1,is unaffordable,1,the system,1,backstop c,1
still destabilizing,1,companion travel,1,unaffordable consider,1,system feels,1,c keep,1
destabilizing even,1,travel private,1,a hybrid,1,feels confirm,1,until this,1
even loving,1,private care,1,hybrid local,1,confirm how,1,is solved,1
loving partners,1,care lost,1,local coverage,1,how prescriptions,1,solved even,1
partners can,1,lost work,1,coverage separate,1,prescriptions work,1,there most,1
can have,1,work time,1,separate evac,1,how emergencies,1,most of,1
have additional,1,time so,1,evac plan,1,emergencies are,1,year avoid,1
additional incentives,1,question becomes,1,dedicated crisis,1,handled identify,1,avoid burning,1
incentives stability,1,becomes what,1,fund but,1,identify what,1,burning the,1
status future,1,need complex,1,honest this,1,would do,1,the ships,1
future security,1,is sell,1,this still,1,a worst,1,ships selling,1
security the,1,assets in,1,still leaves,1,worst week,1,selling closing,1
issue isn,1,a panic,1,leaves gaps,1,week scenario,1,closing accounts,1
t does,1,panic you,1,gaps because,1,scenario who,1,accounts letting,1
she benefit,1,full move,1,because countries,1,who calls,1,letting insurance,1
benefit it,1,move minimum,1,countries and,1,calls ambulance,1,insurance lapse,1
s whether,1,minimum viable,1,and insurers,1,ambulance where,1,lapse losing,1
whether anything,1,viable safety,1,insurers vary,1,who translates,1,losing provider,1
anything important,1,net before,1,vary hugely,1,translates relationship,1,provider access,1
is unspoken,1,before relocating,1,hugely you,1,relationship protecting,1,access until,1
unspoken and,1,relocating long,1,ll need,1,protecting framing,1,your coverage,1
and later,1,term a,1,need quotes,1,framing so,1,coverage is,1
later becomes,1,a insurance,1,quotes not,1,t feel,1,real tested,1
becomes leverage,1,covers the,1,not guesses,1,like rejection,1,tested and,1
leverage or,1,the scenario,1,guesses build,1,rejection you,1,and renewable,1
or resentment,1,you fear,1,a ring,1,can afford,1,renewable your,1
resentment relocation,1,fear you,1,ring fenced,1,afford daily,1,your buffer,1
relocation risk,1,re likely,1,fenced crisis,1,thing i,1,buffer exists,1
risk isolation,1,likely looking,1,buffer since,1,t improvise,1,exists and,1
isolation dependency,1,for some,1,since you,1,improvise is,1,period without,1
dependency if,1,some combination,1,you said,1,we solve,1,without surprises,1
t speak,1,combination of,1,said you,1,solve healthcare,1,surprises stress,1
speak the,1,of international,1,could be,1,healthcare coverage,1,stress test,1
the language,1,insurance with,1,be forced,1,coverage and,1,test your,1
language and,1,with high,1,forced to,1,feel safe,1,with scenarios,1
and have,1,high annual,1,to sell,1,safe building,1,scenarios do,1
have no,1,annual limits,1,sell assets,1,building a,1,this on,1
no local,1,limits and,1,assets in,1,sincere partner,1,on paper,1
local supports,1,and solid,1,event create,1,typically appreciates,1,paper even,1
supports the,1,solid inpatient,1,a buffer,1,appreciates this,1,simple spreadsheet,1
relationship becomes,1,inpatient coverage,1,buffer that,1,this because,1,spreadsheet months,1
becomes your,1,coverage medical,1,is liquid,1,it reduces,1,months unable,1
your infrastructure,1,repatriation coverage,1,liquid accessible,1,reduces future,1,unable to,1
can strain,1,coverage med,1,accessible fast,1,future crisis,1,work illness,1
strain even,1,med evac,1,fast from,1,crisis burden,1,illness or,1
and leaves,1,evac can,1,from abroad,1,burden on,1,or burnout,1
leaves you,1,very expensive,1,abroad sufficient,1,her too,1,burnout can,1
you exposed,1,expensive clear,1,sufficient based,1,too practical,1,you cover,1
exposed if,1,clear rules,1,your chosen,1,practical tradeoffs,1,cover life,1
things wobble,1,rules on,1,chosen care,1,tradeoffs to,1,and insurance,1
wobble health,1,on pre,1,location separate,1,to consider,1,insurance premiums,1
aging tail,1,conditions waiting,1,separate not,1,consider explicitly,1,premiums hospitalization,1
risk your,1,waiting periods,1,not gradually,1,explicitly cheaper,1,hospitalization return,1
your binding,1,periods age,1,gradually spent,1,cheaper daily,1,home can,1
binding constraint,1,age related,1,spent on,1,life may,1,you pay,1
constraint you,1,related premium,1,on lifestyle,1,may let,1,for immediate,1
plainly complex,1,premium increases,1,lifestyle upgrades,1,you save,1,immediate care,1
reliable locally,1,increases and,1,upgrades a,1,save more,1,care locally,1
locally and,1,which hospitals,1,practical rule,1,more if,1,locally and,1
and one,1,hospitals are,1,rule fund,1,you maintain,1,a rapid,1
one major,1,in network,1,fund get,1,maintain discipline,1,rapid return,1
event could,1,network important,1,get me,1,discipline and,1,return for,1
force asset,1,important reality,1,me treated,1,and don,1,complex treatment,1
asset sales,1,reality at,1,treated and,1,into lifestyle,1,treatment if,1
sales this,1,at good,1,and stabilized,1,lifestyle creep,1,needed relationship,1
biggest practical,1,good coverage,1,stabilized money,1,creep or,1,relationship strain,1
practical risk,1,coverage can,1,money first,1,or informal,1,strain breakup,1
risk in,1,be costly,1,first hospital,1,informal family,1,breakup abroad,1
the whole,1,costly and,1,hospital deposit,1,support less,1,you house,1
whole picture,1,and cheaper,1,deposit flights,1,less reliable,1,house yourself,1
picture legal,1,cheaper policies,1,flights escort,1,reliable complex,1,yourself navigate,1
tax realities,1,policies often,1,escort first,1,care means,1,navigate care,1
realities your,1,often fail,1,first months,1,means your,1,and return,1
your ability,1,fail exactly,1,care then,1,plan must,1,home without,1
stay work,1,exactly in,1,then worry,1,must include,1,her help,1
work remotely,1,the crisis,1,worry about,1,include either,1,help if,1
remotely access,1,crisis scenario,1,about optimizing,1,either a,1,any scenario,1
access insurance,1,ll want,1,optimizing cost,1,a better,1,scenario breaks,1
keep residency,1,to read,1,living keep,1,better insurance,1,breaks the,1
residency healthcare,1,read exclusions,1,home for,1,or b,1,plan don,1
healthcare ties,1,exclusions carefully,1,care option,1,b staying,1,t hope,1
ties at,1,carefully or,1,option alive,1,staying part,1,happen adjust,1
home can,1,or use,1,alive if,1,time maintaining,1,adjust the,1
make or,1,a broker,1,if complex,1,maintaining home,1,structure structural,1
or break,1,broker with,1,more reliable,1,base access,1,structural choices,1
break feasibility,1,with fiduciary,1,reliable at,1,access remote,1,choices that,1
feasibility and,1,fiduciary like,1,home then,1,income is,1,that reduce,1
s often,1,like incentives,1,then relocating,1,is only,1,reduce risk,1
often more,1,incentives if,1,relocating safely,1,only stable,1,risk without,1
more complicated,1,if available,1,safely often,1,stable if,1,the dream,1
complicated than,1,available b,1,often means,1,if visa,1,dream split,1
than people,1,b an,1,means not,1,tax compliance,1,living for,1
assume what,1,an emergency,1,not burning,1,compliance doesn,1,a while,1
be asking,1,fund that,1,burning bridges,1,t disrupt,1,while months,1
asking but,1,not the,1,bridges maintain,1,disrupt you,1,keep medical,1
but should,1,the house,1,health system,1,you verify,1,continuity and,1
should a,1,house set,1,system access,1,verify early,1,and reduce,1
a the,1,a number,1,access if,1,realistic good,1,reduce isolation,1
children question,1,number that,1,possible depends,1,good enough,1,isolation rent,1
question directly,1,covers deductible,1,country s,1,enough model,1,buy initially,1
directly and,1,deductible out,1,s rules,1,model if,1,initially avoid,1
and soon,1,of pocket,1,rules keep,1,fully de,1,avoid locking,1
at all,1,pocket max,1,keep records,1,de risk,1,locking capital,1
all if,1,max flights,1,records and,1,if full,1,capital into,1
handle losing,1,flights accommodation,1,primary physician,1,full coverage,1,into illiquid,1
she needs,1,accommodation for,1,physician relationship,1,coverage is,1,illiquid property,1
needs them,1,her during,1,relationship if,1,too expensive,1,property abroad,1
them if,1,during treatment,1,feasible maintain,1,expensive or,1,abroad do,1
yes are,1,treatment several,1,practical place,1,or unavailable,1,not commingle,1
to parent,1,several months,1,place to,1,unavailable at,1,commingle finances,1
parent into,1,a buffer,1,to land,1,the pragmatic,1,obligations that,1
into your,1,buffer for,1,land your,1,pragmatic compromise,1,that assume,1
your 70s,1,for cash,1,place or,1,compromise is,1,assume she,1
70s and,1,cash upfront,1,a firm,1,often split,1,will rescue,1
fund that,1,upfront hospital,1,firm arrangement,1,base living,1,rescue you,1
that securely,1,hospital requirements,1,arrangement with,1,living significant,1,crisis choose,1
securely b,1,requirements if,1,family friends,1,significant time,1,choose location,1
she think,1,t reach,1,friends at,1,time there,1,location strategically,1
think she,1,reach that,1,least during,1,there but,1,strategically near,1
s signing,1,that number,1,trial phase,1,but keep,1,best hospitals,1
signing up,1,number yet,1,phase this,1,keep home,1,hospitals you,1
for with,1,yet you,1,the difference,1,country access,1,access and,1
gap ask,1,still pursue,1,difference between,1,doctors a,1,and near,1
ask explicitly,1,pursue the,1,between a,1,a firm,1,near an,1
explicitly when,1,relationship just,1,a manageable,1,firm return,1,an international,1
when i,1,just keep,1,manageable crisis,1,care threshold,1,international airport,1
m and,1,the relocation,1,crisis and,1,threshold a,1,airport not,1
and less,1,relocation reversible,1,a financially,1,a liquidity,1,just where,1
less capable,1,reversible c,1,financially destructive,1,liquidity reserve,1,where it,1
capable what,1,c a,1,destructive one,1,reserve specifically,1,s cheapest,1
imagine our,1,a predefined,1,one operational,1,specifically for,1,cheapest what,1
our life,1,predefined complex,1,operational prep,1,for rapid,1,next in,1
life looks,1,pathway pick,1,prep that,1,rapid return,1,in order,1
like what,1,pick in,1,risk immediately,1,return and,1,order price,1
out this,1,advance the,1,immediately create,1,and treatment,1,price international,1
s informed,1,best local,1,page medical,1,treatment that,1,international major,1
consent c,1,local hospital,1,summary conditions,1,can let,1,medical evac,1
are her,1,hospital you,1,conditions meds,1,pursue love,1,evac for,1
family s,1,d use,1,meds allergies,1,love without,1,and pre,1
s expectations,1,use for,1,allergies surgeries,1,making one,1,pre existing,1
expectations of,1,emergencies the,1,surgeries emergency,1,one medical,1,existing conditions,1
you specifically,1,the regional,1,emergency contacts,1,event financially,1,conditions use,1
specifically not,1,regional or,1,contacts and,1,financially fatal,1,a broker,1
not do,1,or home,1,it on,1,fatal if,1,broker read,1
do they,1,country destination,1,your phone,1,share the,1,read exclusions,1
they like,1,destination for,1,phone and,1,plus any,1,exclusions decide,1
like me,1,complex issues,1,and printed,1,major pre,1,decide your,1
but is,1,who coordinates,1,printed keep,1,you currently,1,your target,1
is financial,1,coordinates you,1,keep months,1,currently have,1,target buffer,1
support expected,1,your adult,1,of essential,1,have health,1,buffer number,1
expected will,1,adult child,1,essential medication,1,covers you,1,number living,1
be expected,1,child if,1,plan availability,1,you abroad,1,living medical,1
to live,1,incapacitated where,1,availability varies,1,abroad i,1,medical return,1
near them,1,where your,1,varies identify,1,can outline,1,home costs,1
them attend,1,your medical,1,identify the,1,outline the,1,costs and,1
attend obligations,1,medical records,1,hospital you,1,common viable,1,long it,1
obligations contribute,1,records live,1,d actually,1,viable coverage,1,will take,1
to ceremonies,1,how they,1,actually use,1,evacuation setups,1,take to,1
ceremonies etc,1,re shared,1,use visit,1,setups and,1,build plan,1
etc how,1,shared quickly,1,visit it,1,what questions,1,stay while,1
much decision,1,quickly housing,1,next stay,1,ask insurers,1,home coverage,1
making autonomy,1,housing asset,1,stay decide,1,insurers to,1,and assets,1
autonomy will,1,asset strategy,1,decide who,1,avoid nasty,1,assets stable,1
will she,1,strategy don,1,can act,1,nasty surprises,1,stable only,1
have if,1,t trade,1,act for,1,surprises what,1,after the,1
if family,1,trade safety,1,re incapacitated,1,what looks,1,the above,1
family disagrees,1,for lower,1,incapacitated and,1,looks real,1,above revisit,1
disagrees d,1,lower rent,1,whether that,1,real evidence,1,revisit permanent,1
d if,1,rent if,1,is legally,1,based mutual,1,me your,1
ended after,1,medical crisis,1,legally recognized,1,mutual attachment,1,citizenship home,1
you relocated,1,crisis would,1,recognized there,1,compatibility in,1,and any,1
relocated what,1,force asset,1,there decision,1,the present,1,any significant,1
happens this,1,asset liquidation,1,decision thresholds,1,present repeated,1,significant medical,1
question that,1,liquidation avoid,1,thresholds simple,1,long in,1,medical history,1
that reveals,1,avoid making,1,simple practical,1,person stays,1,history categories,1
reveals whether,1,making your,1,practical consider,1,stays daily,1,categories if,1
life or,1,your assets,1,relocation only,1,calls ease,1,re comfortable,1
a dependency,1,assets illiquid,1,say if,1,ease of,1,comfortable i,1
dependency where,1,illiquid or,1,event next,1,of conversation,1,you list,1
live could,1,or hard,1,next month,1,conversation mutual,1,list the,1
afford to,1,to unwind,1,month i,1,mutual curiosity,1,exact insurance,1
leave quickly,1,unwind prefer,1,know where,1,curiosity behavioral,1,insurance evac,1
quickly would,1,prefer renting,1,d go,1,behavioral consistency,1,evac questions,1
visa allow,1,renting over,1,go how,1,months contact,1,key numbers,1
allow you,1,over buying,1,d get,1,contact has,1,numbers to,1
stay independently,1,buying abroad,1,pay the,1,has persisted,1,to estimate,1
independently could,1,abroad if,1,first phase,1,persisted beyond,1,estimate for,1
function socially,1,you own,1,phase without,1,beyond a,1,the buffer,1
socially and,1,own a,1,without selling,1,a holiday,1,buffer what,1
and medically,1,home now,1,selling core,1,holiday window,1,looks real,1
medically without,1,now consider,1,core assets,1,window social,1,real based,1
her e,1,consider keeping,1,assets i,1,integration is,1,shared there,1
e what,1,it or,1,keep working,1,least partially,1,there is,1
you regret,1,least not,1,working legally,1,partially genuine,1,relationship not,1
regret moving,1,not selling,1,legally remotely,1,genuine introductions,1,just messaging,1
moving even,1,selling until,1,remotely there,1,introductions to,1,messaging weeks,1
you loved,1,is proven,1,my banking,1,family not,1,in person,1
loved her,1,proven maintain,1,banking tax,1,definitive but,1,across multiple,1
her examples,1,maintain access,1,tax setup,1,but meaningful,1,visits plus,1
examples distance,1,to cash,1,setup won,1,meaningful key,1,plus daily,1
distance from,1,cash without,1,trap my,1,key green,1,daily video,1
from children,1,without punitive,1,my funds,1,flag on,1,video calls,1
children loss,1,punitive early,1,funds i,1,on money,1,calls is,1
of trusted,1,early withdrawal,1,not socially,1,money you,1,is substantial,1
trusted healthcare,1,border friction,1,socially medically,1,offered help,1,substantial for,1
healthcare loss,1,friction this,1,medically dependent,1,help she,1,for six,1
of autonomy,1,s what,1,on my,1,she declined,1,six months,1
autonomy financial,1,what keeps,1,my partner,1,declined she,1,months mutual,1
financial exposure,1,from becoming,1,partner as,1,she articulates,1,mutual engagement,1
exposure name,1,becoming dependent,1,the single,1,articulates partner,1,engagement seems,1
name these,1,on emergency,1,this concrete,1,sponsor your,1,seems present,1
these now,1,emergency generosity,1,concrete if,1,your renewed,1,present she,1
now they,1,generosity from,1,share a,1,renewed aliveness,1,s curious,1
they become,1,children relationship,1,a your,1,real data,1,curious about,1
your guardrails,1,relationship benefit,1,to or,1,data this,1,life she,1
guardrails f,1,benefit clarity,1,or even,1,is meeting,1,she shares,1
f what,1,clarity reduces,1,even the,1,meeting needs,1,shares difficult,1
your legacy,1,reduces hidden,1,the city,1,needs you,1,difficult parts,1
legacy at,1,hidden pressure,1,city region,1,d stopped,1,parts of,1
matters how,1,pressure when,1,suggest a,1,stopped expecting,1,her past,1
how will,1,a medical,1,realistic menu,1,expecting to,1,past it,1
you balance,1,the unspoken,1,of options,1,be met,1,feels unperformed,1
balance commitment,1,unspoken pressure,1,to price,1,met what,1,unperformed to,1
commitment to,1,pressure becomes,1,international insurance,1,what remains,1,she presents,1
partner with,1,becomes if,1,insurance vs,1,remains genuinely,1,presents as,1
with responsibility,1,if he,1,vs local,1,genuinely uncertain,1,as functioning,1
responsibility to,1,he gets,1,local evac,1,uncertain the,1,functioning and,1
children will,1,gets sick,1,evac likely,1,the unknowns,1,and rooted,1
base to,1,sick i,1,likely regional,1,unknowns that,1,rooted modest,1
to remain,1,m responsible,1,regional medical,1,matter relationship,1,modest but,1
remain present,1,i get,1,medical hubs,1,relationship psychology,1,but stable,1
present what,1,sick there,1,hubs and,1,psychology ordinary,1,stable job,1
what legal,1,there i,1,matches the,1,life compatibility,1,lifestyle close,1
legal estate,1,have nowhere,1,describing what,1,compatibility you,1,close family,1
estate plan,1,nowhere to,1,the strongest,1,have limited,1,ties introductions,1
plan avoids,1,to go,1,strongest signals,1,limited exposure,1,family a,1
avoids future,1,go those,1,signals you,1,exposure to,1,a key,1
future conflict,1,those anxieties,1,can trust,1,to boring,1,key dignity,1
conflict g,1,anxieties can,1,trust as,1,boring weeks,1,dignity signal,1
g are,1,can corrode,1,as signals,1,weeks conflict,1,signal she,1
you choosing,1,corrode even,1,signals the,1,conflict fatigue,1,she declined,1
or choosing,1,sincere love,1,the bond,1,fatigue routine,1,offered and,1
choosing escape,1,love a,1,bond is,1,routine chores,1,and says,1
escape not,1,concrete plan,1,not imaginary,1,chores and,1,says she,1
an accusation,1,x happens,1,imaginary daily,1,compromise her,1,sponsor that,1
accusation just,1,happens we,1,daily calls,1,her concrete,1,that meaningfully,1
just clarity,1,do y,1,calls plus,1,concrete expectations,1,meaningfully lowers,1
clarity if,1,y funded,1,plus weeks,1,expectations marriage,1,lowers doesn,1
she lived,1,funded by,1,weeks together,1,timeline children,1,eliminate the,1
lived in,1,by z,1,together and,1,obligations spending,1,chance of,1
my town,1,z is,1,and repeat,1,spending norms,1,purely transactional,1
town would,1,most relationship,1,repeat visits,1,norms some,1,transactional dynamic,1
fast am,1,relationship protective,1,more data,1,some may,1,dynamic you,1
i minimizing,1,protective things,1,data than,1,may exist,1,not chasing,1
minimizing risks,1,relocation shape,1,than many,1,exist even,1,chasing novelty,1
risks because,1,shape given,1,many long,1,asking now,1,novelty only,1
m afraid,1,given your,1,long distance,1,now power,1,only you,1
afraid this,1,your constraints,1,distance relationships,1,dependency dynamics,1,re reawakening,1
this won,1,constraints based,1,relationships have,1,dynamics after,1,reawakening feeling,1
t come,1,you wrote,1,have at,1,move once,1,again is,1
come again,1,wrote the,1,this stage,1,re in,1,real data,1
again the,1,most feasible,1,stage she,1,country without,1,data you,1
honest way,1,feasible near,1,she shows,1,without language,1,have capacity,1
proceed without,1,near term,1,shows several,1,and network,1,attachment and,1
without cynicism,1,term model,1,several credibility,1,network your,1,and meaning,1
cynicism or,1,model is,1,credibility markers,1,your leverage,1,meaning that,1
or naivety,1,is extended,1,markers steady,1,leverage drops,1,that had,1
naivety convert,1,stays reversible,1,to friends,1,drops and,1,had gone,1
convert the,1,reversible base,1,family consistent,1,her role,1,gone quiet,1
decision from,1,base e,1,consistent affection,1,role load,1,quiet what,1
from move,1,there then,1,affection declined,1,load increases,1,remains genuinely,1
to test,1,then back,1,offered you,1,increases practical,1,genuinely uncertain,1
test do,1,back repeat,1,are changed,1,practical structural,1,uncertain and,1
stay not,1,repeat keep,1,changed by,1,structural visa,1,be solved,1
not tourist,1,keep building,1,by it,1,legality and,1,solved by,1
tourist life,1,building savings,1,it feeling,1,and tax,1,by intuition,1
intact make,1,savings insurance,1,feeling alive,1,residency whether,1,intuition alone,1
the implicit,1,insurance until,1,alive again,1,can live,1,alone relationship,1
implicit explicit,1,until your,1,again is,1,there long,1,relationship unknowns,1
explicit have,1,your complex,1,real information,1,term and,1,unknowns fit,1
have four,1,is robust,1,information about,1,and legally,1,fit under,1
four non,1,robust use,1,your needs,1,legally keep,1,under load,1
non romantic,1,use those,1,needs and,1,keep remote,1,load conflict,1
romantic conversations,1,those stays,1,and capacity,1,income rules,1,and repair,1
conversations and,1,stays to,1,capacity to,1,rules vary,1,repair how,1
agree children,1,language medical,1,to connect,1,vary enforcement,1,how each,1
obligations marriage,1,medical contacts,1,connect even,1,enforcement varies,1,you behaves,1
timeline health,1,contacts and,1,prove the,1,varies healthcare,1,behaves when,1
care solve,1,independence then,1,the final,1,issue complex,1,hurt jealous,1
solve tail,1,then reassess,1,final outcome,1,care reliability,1,jealous stressed,1
permanence no,1,reassess a,1,outcome relocation,1,reliability limited,1,or disappointed,1
have workable,1,ve secured,1,genuinely feasible,1,limited savings,1,disappointed and,1
workable international,1,secured the,1,feasible in,1,savings for,1,whether repair,1
health coverage,1,the safety,1,one sense,1,event isolation,1,is possible,1
coverage evacuation,1,net specific,1,sense you,1,risk leaving,1,possible without,1
repatriation plan,1,specific next,1,remotely and,1,leaving kids,1,without withdrawal,1
plan or,1,next actions,1,living is,1,kids doctors,1,withdrawal blame,1
clear plan,1,actions practical,1,is lower,1,friends rebuilding,1,blame or,1
plan to,1,practical and,1,lower what,1,rebuilding a,1,escalation values,1
care an,1,and quick,1,s uncertain,1,a support,1,values in,1
emergency fund,1,quick get,1,uncertain the,1,support system,1,practice fidelity,1
fund you,1,get quotes,1,the outcomes,1,system from,1,boundaries privacy,1
access abroad,1,quotes for,1,be known,1,from zero,1,privacy gender,1
abroad a,1,for international,1,known yet,1,zero exit,1,gender provider,1
credible return,1,international medical,1,yet relationship,1,exit costs,1,roles expectations,1
option build,1,coverage at,1,relationship compatibility,1,costs if,1,expectations around,1
purpose language,1,at your,1,compatibility most,1,quickly can,1,around family,1
basics your,1,your age,1,most important,1,you leave,1,involvement children,1
routines expat,1,age and,1,important ordinary,1,leave what,1,how urgent,1
community contacts,1,and destination,1,compatibility how,1,what money,1,urgent and,1
contacts and,1,destination options,1,two do,1,money assets,1,serious concretely,1
one doctor,1,options compare,1,do with,1,assets are,1,concretely means,1
doctor clinic,1,compare exclusions,1,boredom chores,1,are at,1,means cohabitation,1
clinic you,1,exclusions define,1,chores stress,1,at risk,1,cohabitation vs,1
trust so,1,define your,1,conflict jealousy,1,what emotional,1,vs marriage,1
not your,1,your emergency,1,jealousy differing,1,emotional logistical,1,marriage vs,1
your lifeline,1,emergency number,1,differing routines,1,logistical damage,1,vs timeline,1
lifeline a,1,number the,1,routines illness,1,damage occurs,1,timeline family,1
final reality,1,the amount,1,illness definitions,1,occurs time,1,obligations even,1
check question,1,amount of,1,definitions what,1,time year,1,ask for,1
question set,1,of liquid,1,means behaviorally,1,year horizon,1,money her,1
set if,1,liquid cash,1,behaviorally money,1,horizon age,1,family system,1
answer these,1,cash you,1,money exclusivity,1,gap realities,1,system may,1
be clear,1,want before,1,exclusivity living,1,realities probability,1,may carry,1
clear if,1,before full,1,arrangements boundaries,1,decline rising,1,carry implicit,1
children what,1,relocation identify,1,sensitive avoiding,1,rising while,1,implicit expectations,1
is our,1,identify one,1,avoiding clarity,1,a vigorous,1,expectations over,1
our plan,1,her one,1,clarity can,1,vigorous life,1,time structural,1
and is,1,one complex,1,create delayed,1,life stage,1,structural unknowns,1
truly shared,1,destination hospital,1,delayed heartbreak,1,stage potential,1,unknowns dependence,1
shared if,1,hospital system,1,heartbreak structural,1,potential caregiver,1,dependence and,1
i become,1,system regional,1,structural risks,1,caregiver burden,1,reversibility your,1
become ill,1,hub or,1,risks created,1,burden and,1,your autonomy,1
ill do,1,country have,1,the move,1,if unplanned,1,autonomy after,1
funded care,1,direct talk,1,move often,1,unplanned longevity,1,after relocation,1
fight can,1,talk with,1,often underestimated,1,of desire,1,relocation language,1
we repair,1,serious medical,1,underestimated dependency,1,desire vs,1,barrier leaving,1
had to,1,issue here,1,dependency language,1,vs longevity,1,leaving your,1
leave in,1,not carrying,1,life navigation,1,of structure,1,your doctors,1
in hours,1,carrying it,1,healthcare could,1,structure strong,1,doctors friends,1
hours could,1,it alone,1,could make,1,strong now,1,friends kids,1
i do,1,country citizenship,1,your single,1,now doesn,1,kids could,1
it financially,1,to i,1,failure healthcare,1,t predict,1,could make,1
financially logistically,1,can outline,1,risk routine,1,predict when,1,make her,1
logistically if,1,outline the,1,care may,1,when things,1,your gatekeeper,1
i keep,1,common workable,1,be affordable,1,things get,1,gatekeeper socially,1
keep my,1,workable healthcare,1,affordable but,1,get medically,1,practically visa,1
year does,1,and return,1,but one,1,medically or,1,residency stability,1
respect that,1,return for,1,could exceed,1,or financially,1,stability whether,1
that or,1,care setups,1,exceed savings,1,financially hard,1,can legally,1
pressure me,1,setups people,1,savings and,1,re likely,1,legally stay,1
a yes,1,people use,1,and force,1,asking but,1,stay long,1
no maybe,1,use in,1,force asset,1,but should,1,term and,1
maybe for,1,that corridor,1,liquidation legal,1,should these,1,how fragile,1
exact conversation,1,corridor and,1,legal tax,1,prevent avoidable,1,fragile renewal,1
prompts and,1,what pitfalls,1,tax work,1,avoidable heartbreak,1,renewal rules,1
plan with,1,pitfalls to,1,work reality,1,heartbreak and,1,rules are,1
with go,1,looks real,1,reality your,1,and preventable,1,are healthcare,1
your finances,1,real high,1,your ability,1,preventable financial,1,risk cheaper,1
finances and,1,high confidence,1,and work,1,financial health,1,cheaper routine,1
and health,1,confidence signals,1,remotely without,1,health disasters,1,routine care,1
health risk,1,signals from,1,without violating,1,disasters children,1,care but,1
risk constraints,1,your facts,1,violating local,1,the silent,1,but uncertain,1
constraints you,1,facts a,1,local rules,1,silent deal,1,uncertain complex,1
should ask,1,relationship exists,1,rules tax,1,breaker do,1,care reliability,1
ask not,1,exists beyond,1,residency and,1,children aren,1,reliability limited,1
t trust,1,a trip,1,and access,1,t possible,1,limited liquid,1
trust her,1,trip daily,1,funds future,1,possible or,1,liquid reserves,1
her but,1,daily video,1,future caregiving,1,t happen,1,reserves is,1
but because,1,video calls,1,caregiving in,1,you resent,1,stakes vulnerability,1
because moving,1,calls for,1,years the,1,resent it,1,vulnerability aging,1
moving countries,1,months plus,1,the probability,1,m uncertain,1,aging asymmetry,1
countries requires,1,plus two,1,you needing,1,uncertain what,1,asymmetry in,1
requires explicit,1,two additional,1,needing help,1,do end,1,years she,1
explicit understanding,1,additional month,1,help rises,1,it now,1,be in,1
understanding of,1,month long,1,rises what,1,now or,1,her prime,1
of what,1,long visits,1,assume vs,1,or is,1,prime while,1
is choosing,1,visits is,1,fund matters,1,both accept,1,you face,1
choosing and,1,is nontrivial,1,matters what,1,accept family,1,face higher,1
because being,1,nontrivial continuity,1,be asking,1,obligations that,1,higher odds,1
being able,1,continuity mutual,1,asking but,1,t look,1,of chronic,1
able to,1,mutual emotional,1,but should,1,like asking,1,chronic illness,1
about vulnerable,1,emotional engagement,1,should the,1,asking for,1,illness reduced,1
vulnerable topics,1,engagement long,1,road questions,1,money if,1,reduced mobility,1
topics is,1,long conversations,1,questions children,1,parent sibling,1,mobility and,1
is itself,1,conversations curiosity,1,children what,1,sibling has,1,and care,1
itself a,1,children work,1,s yes,1,has a,1,care needs,1
of relationship,1,work and,1,yes and,1,crisis what,1,needs your,1
relationship quality,1,and sharing,1,m no,1,partner to,1,your internal,1
quality the,1,difficult personal,1,no or,1,to contribute,1,internal unknowns,1
the mindset,1,personal history,1,or uncertain,1,contribute time,1,unknowns judgment,1
mindset that,1,history are,1,uncertain what,1,time housing,1,judgment and,1
it non,1,are typical,1,happens marriage,1,money what,1,and motive,1
non insulting,1,typical of,1,social legitimacy,1,what financial,1,motive how,1
insulting make,1,of genuine,1,legitimacy is,1,commitments already,1,much aliveness,1
about closeness,1,genuine bonding,1,you your,1,already exist,1,is her,1
closeness and,1,bonding several,1,together what,1,exist in,1,she unlocked,1
and clarity,1,several green,1,be unacceptable,1,family medical,1,unlocked in,1
clarity not,1,flag behaviors,1,unacceptable to,1,needs debts,1,relationship ends,1
not suspicion,1,behaviors modest,1,term where,1,debts support,1,ends do,1
suspicion lead,1,modest independent,1,is home,1,support expectations,1,you lose,1
your feelings,1,independent life,1,home in,1,budget and,1,lose your,1
feelings and,1,life employment,1,crisis if,1,hard boundary,1,your vitality,1
your responsibility,1,employment family,1,event do,1,boundary can,1,vitality or,1
responsibility i,1,family ties,1,we plan,1,with it,1,have you,1
m considering,1,ties and,1,care here,1,shame pressure,1,you regained,1
considering a,1,and declining,1,here in,1,pressure caregiving,1,regained a,1
a big,1,offered reduce,1,back in,1,caregiving and,1,a part,1
big step,1,reduce not,1,we execute,1,aging explicit,1,of yourself,1
understand us,1,not erase,1,execute that,1,consent plan,1,can keep,1
us clearly,1,erase the,1,the fairness,1,need daily,1,building regardless,1
clearly ask,1,dynamic you,1,fairness and,1,daily help,1,regardless how,1
for positives,1,are thinking,1,consent questions,1,want and,1,much urgency,1
positives and,1,clearly enough,1,questions age,1,you not,1,urgency is,1
and specifics,1,to doubt,1,gap specific,1,want are,1,is last,1
specifics not,1,doubt yourself,1,specific caregiving,1,paid caregivers,1,chance framing,1
not justification,1,that self,1,expectations if,1,caregivers so,1,framing not,1
justification answer,1,self skepticism,1,help at,1,nurse where,1,not irrational,1
same question,1,skepticism is,1,what involvement,1,where would,1,irrational just,1
question back,1,protective what,1,involvement feels,1,live if,1,just dangerous,1
back and,1,s uncertain,1,feels loving,1,health requires,1,dangerous if,1
i choose,1,uncertain the,1,loving vs,1,requires higher,1,it compresses,1
choose you,1,the variables,1,much i,1,higher complexity,1,compresses due,1
ask scripts,1,variables that,1,planning paid,1,complexity care,1,diligence what,1
scripts you,1,that decide,1,care are,1,care the,1,not be,1
use pick,1,decide outcomes,1,you aligned,1,the move,1,be asking,1
pick the,1,outcomes ordinary,1,aligned your,1,move definition,1,asking but,1
tone that,1,compatibility you,1,autonomy how,1,definition often,1,but should,1
fits you,1,seen each,1,how will,1,often assumed,1,should these,1
option a,1,other mostly,1,will i,1,assumed rarely,1,usually decide,1
direct can,1,mostly in,1,friends language,1,rarely defined,1,whether this,1
i ask,1,in concentrated,1,language medical,1,defined when,1,this becomes,1
ask you,1,concentrated relationship,1,medical support,1,say move,1,stable partnership,1
you something,1,relationship time,1,not responsible,1,here do,1,partnership or,1
something personal,1,time unknowns,1,responsible for,1,you mean,1,painful expensive,1
personal i,1,unknowns include,1,here the,1,mean live,1,expensive dependency,1
m feeling,1,include conflict,1,money without,1,together immediately,1,dependency what,1
feeling serious,1,style repair,1,without accusation,1,immediately marriage,1,what exactly,1
d love,1,repair jealousy,1,accusation questions,1,marriage living,1,exactly are,1
love to,1,boundaries division,1,questions family,1,living near,1,building by,1
you choose,1,division of,1,is customary,1,near your,1,by when,1
me not,1,of labor,1,customary expected,1,family shared,1,when are,1
not in,1,labor and,1,later money,1,finances what,1,we exclusive,1
a general,1,life boredom,1,housing time,1,what freedoms,1,exclusive is,1
general way,1,boredom tolerance,1,time budget,1,freedoms would,1,goal marriage,1
way but,1,tolerance and,1,budget model,1,i keep,1,feels necessary,1
but specifically,1,long run,1,model do,1,keep my,1,necessary to,1
specifically option,1,run routines,1,you prefer,1,my own,1,be success,1
option b,1,routines how,1,prefer proportional,1,own friends,1,success one,1
b shared,1,how each,1,proportional or,1,friends travel,1,one year,1
shared vulnerability,1,you behaves,1,or provider,1,travel alone,1,year from,1
vulnerability often,1,behaves when,1,the limits,1,alone time,1,now do,1
often best,1,when disappointed,1,limits so,1,the break,1,is no,1
best i,1,disappointed incentives,1,so resentment,1,up plan,1,no with,1
i haven,1,incentives and,1,resentment doesn,1,of maturity,1,me this,1
t felt,1,expectations even,1,t grow,1,maturity not,1,most time,1
felt this,1,even with,1,we break,1,pessimism if,1,sensitive relationship,1
this alive,1,good intentions,1,break up,1,we discovered,1,relationship defining,1
alive in,1,intentions even,1,up if,1,discovered after,1,defining variable,1
long time,1,can drift,1,work after,1,period that,1,variable at,1
matters to,1,drift once,1,a respectful,1,that it,1,at her,1
to me,1,once circumstances,1,respectful separation,1,working how,1,her age,1
building i,1,circumstances change,1,separation plan,1,respectfully who,1,age avoid,1
i sometimes,1,change family,1,plan housing,1,who moves,1,avoid vague,1
sometimes worry,1,expectations of,1,timelines the,1,moves out,1,vague maybe,1
worry about,1,support time,1,the is,1,out what,1,maybe later,1
about stereotypes,1,time duty,1,is this,1,money spent,1,and situations,1
stereotypes and,1,duty implicit,1,this real,1,spent on,1,situations you,1
and misunderstandings,1,implicit provider,1,life or,1,on housing,1,need shared,1
misunderstandings can,1,provider benefactor,1,or visit,1,housing how,1,shared definitions,1
you value,1,benefactor roles,1,visit life,1,quickly must,1,definitions before,1
value most,1,roles that,1,life questions,1,must i,1,before life,1
most about,1,that emerge,1,questions conflict,1,i leave,1,life forces,1
imagine with,1,emerge after,1,repair when,1,leave legally,1,forces them,1
me option,1,relocation social,1,disagree what,1,legally medical,1,we split,1
option c,1,social pressure,1,do withdraw,1,medical crisis,1,split day,1
c future,1,pressure around,1,pursue problem,1,crisis protocol,1,day costs,1
future oriented,1,around marriage,1,problem solve,1,protocol your,1,costs what,1
oriented less,1,children reputation,1,solve what,1,event here,1,help vs,1
less emotionally,1,reputation structural,1,does an,1,where do,1,vs support,1
emotionally loaded,1,structural risks,1,an apology,1,we go,1,support vs,1
loaded when,1,risks of,1,apology look,1,who decides,1,vs responsibility,1
say when,1,of moving,1,you social,1,decides how,1,responsibility what,1
what part,1,moving not,1,social transparency,1,we pay,1,family has,1
of that,1,but decisive,1,transparency are,1,pay when,1,has an,1
that future,1,decisive visa,1,any relationships,1,home do,1,emergency if,1
future is,1,residency can,1,relationships obligations,1,we agree,1,move there,1
is most,1,you stay,1,obligations or,1,agree now,1,there and,1
what needs,1,term without,1,or expectations,1,now on,1,it strains,1
needs are,1,without marriage,1,expectations i,1,a threshold,1,or fails,1
hoping this,1,and are,1,t understand,1,threshold for,1,fails what,1
relationship meets,1,are rules,1,understand yet,1,for evacuation,1,the exit,1
meets for,1,rules stable,1,yet that,1,evacuation return,1,plan emotionally,1
option d,1,stable healthcare,1,that could,1,own vulnerability,1,practically a,1
d balanced,1,risk cheap,1,could surprise,1,vulnerability to,1,tolerate this,1
balanced and,1,care but,1,surprise me,1,to scarcity,1,this discussion,1
and reciprocal,1,but fragile,1,me later,1,this ended,1,discussion where,1
reciprocal i,1,fragile complex,1,clear way,1,kindly would,1,live how,1
m drawn,1,pathway one,1,evaluate honestly,1,moving still,1,would money,1
but first,1,one major,1,honestly without,1,life positive,1,money be,1
first i,1,major event,1,cynicism think,1,positive decision,1,be handled,1
to hear,1,panic asset,1,predictions and,1,decision am,1,handled would,1
hear why,1,sales isolation,1,and tests,1,her specifically,1,would there,1
why do,1,isolation and,1,tests not,1,specifically or,1,there be,1
partner then,1,and dependency,1,not vibes,1,loneliness or,1,be anger,1
ll share,1,dependency language,1,vibes if,1,or both,1,anger shame,1
share mine,1,language barrier,1,solid she,1,both and,1,shame pressure,1
mine what,1,barrier no,1,she will,1,what guardrails,1,pressure retaliation,1
answer sounds,1,network can,1,will tolerate,1,guardrails do,1,retaliation what,1
like you,1,can turn,1,plan welcome,1,need if,1,is our,1
for character,1,turn her,1,welcome clarity,1,s both,1,and where,1
character based,1,into your,1,clarity talks,1,both the,1,where does,1
based reasons,1,your entire,1,talks respect,1,picture as,1,care happen,1
reasons how,1,entire social,1,respect money,1,as i,1,happen make,1
her stability,1,social administrative,1,timeline boundaries,1,it synthesis,1,this concrete,1
stability kindness,1,administrative infrastructure,1,and collaborate,1,synthesis this,1,concrete if,1
kindness humor,1,infrastructure aging,1,collaborate on,1,is promising,1,care do,1
humor emotional,1,aging asymmetry,1,on boring,1,promising the,1,home would,1
emotional presence,1,asymmetry at,1,boring logistics,1,the connection,1,would she,1
presence reliability,1,at or,1,logistics if,1,connection has,1,she come,1
shared values,1,or caregiving,1,s fragile,1,has depth,1,come with,1
values realistic,1,and location,1,fragile or,1,depth she,1,you who,1
realistic appreciation,1,location decisions,1,or instrumental,1,shows independence,1,who makes,1
appreciation she,1,decisions become,1,ll often,1,independence and,1,makes medical,1
sees your,1,become real,1,often see,1,money pressure,1,medical decisions,1
your flaws,1,real not,1,see urgency,1,pressure has,1,decisions if,1
flaws limits,1,theoretical your,1,urgency vagueness,1,has not,1,re impaired,1
limits and,1,cognitive pressure,1,visa pressure,1,not appeared,1,impaired what,1
still chooses,1,pressure last,1,down or,1,appeared the,1,what paid,1
chooses you,1,chance aliveness,1,or avoidance,1,main danger,1,t default,1
concrete vision,1,aliveness can,1,avoidance of,1,danger is,1,caregiver how,1
vision not,1,can bias,1,of specifics,1,s fake,1,we prevent,1
just romance,1,bias timing,1,specifics the,1,fake it,1,prevent isolation,1
romance but,1,timing not,1,the pragmatic,1,you could,1,isolation from,1
but how,1,not feelings,1,pragmatic path,1,could make,1,relationship what,1
live together,1,feelings the,1,forward reversible,1,make an,1,is your,1
together day,1,is pace,1,steps two,1,an irreversible,1,plan to,1
what an,1,necessarily the,1,two explicit,1,irreversible relocation,1,and language,1
an answer,1,may not,1,conversations record,1,has been,1,language competence,1
answer that,1,not be,1,record your,1,been tested,1,competence does,1
that deserves,1,be asking,1,your notes,1,tested under,1,she support,1
deserves follow,1,asking but,1,notes a,1,under ordinary,1,support you,1
up looks,1,but should,1,a children,1,and before,1,having an,1
not automatic,1,should these,1,timeline b,1,ve built,1,there what,1
automatic bad,1,the questions,1,obligations caregiving,1,built the,1,negotiables on,1
bad but,1,that determine,1,caregiving assumptions,1,the medical,1,sides you,1
but needs,1,determine whether,1,assumptions trial,1,financial social,1,know hers,1
needs clarification,1,whether love,1,months designed,1,social infrastructure,1,hers not,1
clarification mostly,1,love can,1,designed as,1,infrastructure that,1,just yours,1
mostly about,1,can survive,1,as normal,1,you safe,1,yours boundaries,1
provide money,1,survive the,1,time shared,1,safe if,1,boundaries with,1
money security,1,the system,1,chores real,1,move without,1,family religion,1
security passport,1,system it,1,real budgeting,1,without that,1,religion culture,1
passport status,1,will live,1,budgeting with,1,that infrastructure,1,culture expectations,1
status with,1,live inside,1,with housing,1,infrastructure you,1,money location,1
little about,1,inside a,1,housing you,1,you risk,1,location marriage,1
person vague,1,a children,1,transfers loans,1,risk becoming,1,picture as,1
vague grand,1,and marriage,1,property scheduled,1,becoming isolated,1,i see,1
grand statements,1,marriage time,1,scheduled check,1,isolated medically,1,see it,1
statements without,1,at does,1,ins monthly,1,medically exposed,1,it synthesis,1
without specifics,1,timeline and,1,monthly a,1,exposed and,1,synthesis you,1
specifics fate,1,what role,1,a defined,1,and emotionally,1,have enough,1
fate destiny,1,role do,1,defined exit,1,emotionally dependent,1,enough positive,1
destiny plus,1,want does,1,return funds,1,dependent conditions,1,positive evidence,1
plus urgency,1,tradition family,1,funds healthcare,1,conditions under,1,justify taking,1
urgency avoidance,1,family stability,1,healthcare financial,1,under which,1,taking this,1
anger at,1,stability legal,1,financial safety,1,which even,1,this seriously,1
she mentions,1,visa practicality,1,safety architecture,1,even a,1,and continuing,1
mentions stability,1,practicality if,1,architecture before,1,good relationship,1,continuing to,1
stability security,1,children can,1,permanence decide,1,can degrade,1,invest but,1
security that,1,can she,1,decide where,1,degrade what,1,not enough,1
be healthy,1,she genuinely,1,happen price,1,d do,1,irreversible move,1
healthy if,1,genuinely accept,1,medical evac,1,your position,1,you medically,1
s alongside,1,accept that,1,evac repatriation,1,position decision,1,medically socially,1
alongside love,1,that without,1,repatriation options,1,gates not,1,legally dependent,1
if expectations,1,without hoping,1,options ring,1,not vibes,1,biggest objective,1
expectations are,1,hoping you,1,fence a,1,vibes one,1,objective risk,1
are openly,1,ll change,1,buffer real,1,one explicit,1,risk isn,1
discussed follow,1,change b,1,world example,1,explicit alignment,1,t that,1
it respectful,1,b money,1,example a,1,alignment conversation,1,fake it,1
respectful what,1,money philosophy,1,trial where,1,conversation children,1,s that,1
i bring,1,philosophy and,1,you rent,1,boundaries family,1,that sincere,1
bring to,1,obligations before,1,independently near,1,obligations caregiving,1,sincere affection,1
practically what,1,before it,1,near strong,1,expectations a,1,affection plus,1
me regarding,1,becomes implicit,1,strong medical,1,weeks designed,1,plus structural,1
regarding your,1,implicit in,1,medical facilities,1,include routine,1,structural asymmetry,1
about being,1,normal expectation,1,facilities and,1,not tourism,1,asymmetry age,1
being with,1,expectation of,1,and expat,1,tourism a,1,age visa,1
with an,1,support from,1,infrastructure take,1,with separate,1,visa language,1
older man,1,would she,1,take language,1,finances emergency,1,healthcare can,1
man what,1,a parent,1,language lessons,1,fund defined,1,a trap,1
safe with,1,parent sibling,1,lessons 3x,1,defined exit,1,trap for,1
i move,1,sibling has,1,week keep,1,plan healthcare,1,for either,1
there slowly,1,has a,1,a fixed,1,healthcare insurance,1,you once,1
slowly rather,1,financial emergency,1,fixed weekly,1,a personal,1,once the,1
than permanently,1,emergency what,1,weekly call,1,personal social,1,the honeymoon,1
permanently at,1,does partner,1,call with,1,social routine,1,honeymoon fades,1
at first,1,sponsor mean,1,agree in,1,routine independent,1,fades or,1
first how,1,mean in,1,writing that,1,independent of,1,honest next,1
the sting,1,in numbers,1,that professional,1,of her,1,step adopt,1
sting start,1,numbers and,1,decline two,1,then decide,1,adopt a,1
start with,1,boundaries c,1,two final,1,decide on,1,staged reversible,1
your why,1,c your,1,final reality,1,on permanent,1,reversible commitment,1
open with,1,your health,1,checks for,1,relocation and,1,commitment month,1
with i,1,health decline,1,judgment would,1,financial merging,1,stay not,1
know what,1,decline plan,1,would this,1,plus your,1,vacation mode,1
i admire,1,she isn,1,were wrong,1,major health,1,mode ideally,1
ask your,1,t default,1,wrong about,1,health conditions,1,ideally with,1
your question,1,default nurse,1,relationship it,1,conditions i,1,you maintaining,1
question it,1,nurse if,1,be survivable,1,can turn,1,maintaining a,1
it frames,1,daily assistance,1,survivable not,1,concrete checklist,1,base separate,1
as mutual,1,assistance is,1,not catastrophic,1,checklist visa,1,major entanglements,1
mutual choosing,1,care facility,1,catastrophic would,1,evacuation questions,1,entanglements explicit,1
choosing not,1,care relocation,1,would it,1,suggested script,1,talks kids,1
not cross,1,relocation funded,1,were right,1,script for,1,obligations illness,1
cross examination,1,funded how,1,right it,1,key conversations,1,plan parallel,1
examination if,1,how where,1,should help,1,should ask,1,parallel workstream,1
want paste,1,where is,1,help the,1,ask not,1,workstream insurance,1
paste what,1,the complex,1,relationship not,1,not because,1,evacuation and,1
thinking of,1,destination home,1,not strain,1,because she,1,buffer sized,1
saying a,1,or regional,1,strain it,1,s suspect,1,sized for,1
few sentences,1,hub and,1,hers even,1,suspect but,1,for one,1
sentences and,1,what triggers,1,even just,1,but because,1,year if,1
ll rewrite,1,triggers that,1,just region,1,because permanent,1,no unsure,1
rewrite it,1,that decision,1,turn the,1,relocation requires,1,unsure i,1
it to,1,decision who,1,the above,1,requires explicit,1,turn the,1
to match,1,who has,1,above into,1,explicit understanding,1,the missing,1
match your,1,has medical,1,specific checklist,1,understanding and,1,missing questions,1
your voice,1,incapacitated and,1,for visas,1,because a,1,questions into,1
voice and,1,children fit,1,visas work,1,a healthy,1,specific conversation,1
non defensive,1,fit into,1,staged timeline,1,healthy partner,1,a go,1
defensive both,1,into that,1,fits your,1,usually receive,1,go checklist,1
can absolutely,1,that d,1,your constraints,1,receive a,1,trial move,1
absolutely be,1,d power,1,constraints yes,1,sincere question,1,should ask,1
true in,1,power and,1,yes ask,1,question about,1,ask not,1
in fact,1,and autonomy,1,re considering,1,about meaning,1,as prove,1
fact in,1,autonomy quiet,1,considering moving,1,meaning how,1,not using,1
in many,1,quiet relationship,1,countries it,1,ask without,1,using me,1
many healthy,1,relationship killer,1,s more,1,without insulting,1,me but,1
healthy relationships,1,killer how,1,more respectful,1,insulting her,1,but as,1
relationships same,1,you ensure,1,respectful to,1,the framing,1,help me,1
same country,1,have friends,1,ask plainly,1,framing avoid,1,me understand,1
country same,1,language competence,1,plainly than,1,avoid frames,1,understand what,1
same age,1,competence and,1,than to,1,that imply,1,re choosing,1
age people,1,independent functioning,1,to carry,1,imply interrogation,1,choosing and,1
people choose,1,functioning there,1,carry silent,1,interrogation are,1,for in,1
choose each,1,there how,1,silent suspicion,1,you using,1,gap relationship,1
other partly,1,you prevent,1,suspicion that,1,me is,1,relationship where,1
partly for,1,prevent resentment,1,that later,1,this about,1,may relocate,1
how life,1,resentment from,1,later leaks,1,visa why,1,relocate not,1
life feels,1,from her,1,leaks out,1,why would,1,asking can,1
feels and,1,her becoming,1,out as,1,a woman,1,create bigger,1
and functions,1,becoming your,1,as control,1,woman like,1,bigger problems,1
functions with,1,your interpreter,1,control testing,1,want an,1,problems later,1
that person,1,interpreter administrator,1,testing or,1,older man,1,later unspoken,1
person stability,1,administrator what,1,resentment how,1,man use,1,unspoken expectations,1
stability reliability,1,relationship struggles,1,ask without,1,use frames,1,expectations quiet,1
shared resources,1,struggles after,1,without insulting,1,that communicate,1,quiet doubts,1
resources social,1,moved can,1,insulting her,1,communicate intimacy,1,doubts or,1
social belonging,1,both separate,1,the framing,1,intimacy responsibility,1,resentment why,1
belonging cross,1,separate without,1,framing make,1,responsibility i,1,why asking,1
border and,1,without catastrophe,1,it about,1,see in,1,asking is,1
and age,1,catastrophe e,1,about closeness,1,build this,1,reasonable and,1
gap relationships,1,e legal,1,closeness and,1,this wisely,1,and often,1
relationships just,1,financial protections,1,and planning,1,wisely not,1,often romantic,1
just make,1,protections not,1,planning not,1,just emotionally,1,romantic when,1
make those,1,romantic essential,1,not doubt,1,emotionally a,1,when done,1
those practical,1,essential if,1,doubt name,1,good script,1,done well,1
practical factors,1,you buy,1,the context,1,script simple,1,well it,1
factors more,1,property whose,1,context age,1,simple and,1,it surfaces,1
more visible,1,whose name,1,gap stereotypes,1,and respectful,1,surfaces what,1
visible can,1,name what,1,as external,1,respectful pick,1,actually loves,1
you separate,1,what rights,1,external noise,1,moment and,1,loves your,1
separate caring,1,rights what,1,noise you,1,and say,1,your temperament,1
caring from,1,what exit,1,handle responsibly,1,say can,1,temperament steadiness,1
from security,1,exit if,1,responsibly make,1,can i,1,steadiness humor,1
security not,1,you marry,1,it mutual,1,ask you,1,humor curiosity,1
not cleanly,1,marry what,1,and answerable,1,something a,1,curiosity values,1
cleanly and,1,default property,1,answerable you,1,a little,1,values kindness,1
to human,1,property inheritance,1,you also,1,little vulnerable,1,kindness how,1
human choices,1,inheritance rules,1,also answer,1,vulnerable i,1,treat people,1
choices are,1,rules and,1,answer why,1,feel very,1,people it,1
are usually,1,pre post,1,choose her,1,very close,1,it reveals,1
usually multi,1,post nuptial,1,simple script,1,close to,1,reveals whether,1
multi causal,1,nuptial agreement,1,script direct,1,us i,1,her vision,1
causal she,1,agreement do,1,direct warm,1,you better,1,vision is,1
emotionally drawn,1,have an,1,warm can,1,better what,1,is you,1
see you,1,a documented,1,i ask,1,you choose,1,as person,1
as stable,1,documented plan,1,something a,1,choose me,1,as solution,1
and safe,1,plan to,1,a little,1,you value,1,solution security,1
safe you,1,home a,1,little vulnerable,1,value in,1,security exit,1
be drawn,1,clear feasible,1,vulnerable i,1,me as,1,exit route,1
her and,1,feasible way,1,m thinking,1,partner then,1,route status,1
and enjoy,1,proceed a,1,thinking seriously,1,then add,1,status it,1
enjoy feeling,1,pilot that,1,seriously about,1,add the,1,it lets,1
feeling needed,1,answers the,1,about our,1,future oriented,1,lets you,1
needed admired,1,the uncertainties,1,our future,1,oriented part,1,you align,1
admired and,1,uncertainties two,1,future because,1,part and,1,align expectations,1
and reawakened,1,two alignment,1,age difference,1,imagine our,1,expectations early,1
reawakened the,1,plan get,1,difference and,1,few years,1,early before,1
question isn,1,specific not,1,the fact,1,years what,1,moves how,1
t purity,1,not poetic,1,fact that,1,you picture,1,ask without,1
purity the,1,poetic week,1,s cross,1,picture daily,1,her the,1
is proportion,1,trial you,1,cross country,1,life marriage,1,the framing,1
proportion transparency,1,handle errands,1,country i,1,marriage or,1,framing pick,1
power when,1,and spend,1,you truly,1,not family,1,conflict not,1
much healthy,1,spend some,1,truly value,1,money where,1,not when,1
healthy mix,1,time socially,1,value about,1,where we,1,re anxious,1
name what,1,socially without,1,me why,1,live this,1,anxious and,1
she loves,1,her reversible,1,choose me,1,this makes,1,and lead,1
loves about,1,relocation only,1,me specifically,1,makes it,1,lead with,1
you character,1,only for,1,specifically not,1,about connection,1,with vulnerability,1
character how,1,assets liquid,1,a sponsor,1,connection and,1,vulnerability responsibility,1
her values,1,liquid no,1,sponsor but,1,planning not,1,responsibility option,1
values in,1,finances no,1,but as,1,suspicion ask,1,option a,1
in specific,1,property lock,1,partner then,1,the reciprocal,1,warm direct,1
specific terms,1,lock the,1,then pause,1,reciprocal question,1,direct i,1
terms she,1,the tail,1,pause let,1,question keeps,1,ask you,1
own functioning,1,plan international,1,her speak,1,keeps it,1,you something,1
functioning life,1,repatriation plan,1,speak follow,1,it balanced,1,something personal,1
t rushing,1,plan defined,1,up questions,1,balanced follow,1,personal because,1
rushing you,1,fund identified,1,questions that,1,follow with,1,you matter,1
you she,1,identified hospitals,1,that keep,1,with i,1,i ve,1
no immediate,1,hospitals decision,1,it from,1,ll answer,1,ve been,1
visa asset,1,gate at,1,from sounding,1,answer too,1,been single,1
moves money,1,at months,1,like an,1,too do,1,single a,1
calm no,1,of ordinary,1,an interrogation,1,know why,1,long time,1
no hidden,1,exposure then,1,interrogation pick,1,why i,1,and this,1
hidden obligations,1,consider permanent,1,pick when,1,i chose,1,relationship feels,1
obligations no,1,permanent moves,1,us in,1,chose you,1,feels important,1
no escalating,1,moves irreversible,1,you hope,1,you mutuality,1,important what,1
escalating needs,1,commitments reality,1,hope our,1,mutuality prevents,1,it about,1
needs you,1,check what,1,our life,1,prevents the,1,to choose,1
feel free,1,know from,1,life feels,1,question from,1,choose me,1
free to,1,here i,1,like day,1,from feeling,1,me especially,1
no without,1,t reliably,1,think i,1,feeling like,1,age difference,1
punishment in,1,reliably judge,1,i meet,1,test what,1,difference option,1
in that,1,intentions or,1,meet for,1,to listen,1,option b,1
that case,1,your specific,1,want me,1,for signals,1,b mutual,1
case security,1,specific visa,1,to meet,1,signals not,1,mutual symmetrical,1
security is,1,healthcare feasibility,1,meet that,1,not perfection,1,symmetrical can,1
a feature,1,feasibility without,1,not meeting,1,perfection healthy,1,both answer,1
feature of,1,without the,1,meeting yet,1,healthy answers,1,answer a,1
of partnership,1,your rough,1,about being,1,answers tend,1,a question,1
partnership not,1,rough financial,1,man what,1,tend to,1,respect about,1
the foundation,1,financial insurance,1,secure what,1,include specific,1,what worries,1
foundation when,1,situation any,1,dealbreaker for,1,specific character,1,worries you,1
lot risk,1,any confident,1,us make,1,character traits,1,about us,1
risk mix,1,confident conclusion,1,it reciprocal,1,traits kindness,1,ll answer,1
lot if,1,conclusion without,1,reciprocal this,1,kindness steadiness,1,answer too,1
if practical,1,without those,1,this removes,1,steadiness curiosity,1,too option,1
benefits become,1,those would,1,the insult,1,curiosity humor,1,option c,1
the driver,1,be pretending,1,insult after,1,humor values,1,c future,1
driver and,1,pretending if,1,after she,1,values concrete,1,future oriented,1
start shaping,1,share her,1,she answers,1,concrete moments,1,oriented practical,1
shaping behavior,1,children i,1,answers thank,1,moments how,1,practical when,1
behavior urgency,1,the above,1,thank you,1,you treated,1,imagine us,1
quick marriage,1,above into,1,i tell,1,treated her,1,us long,1
marriage paperwork,1,concrete checklist,1,you why,1,her how,1,term what,1
paperwork or,1,that fits,1,why i,1,you listened,1,most excited,1
or permanent,1,fits the,1,i choose,1,listened how,1,excited about,1
relocation as,1,actual constraints,1,then share,1,you behaved,1,me as,1
proof conditional,1,ll face,1,share specific,1,behaved with,1,partner these,1
conditional affection,1,face yes,1,specific qualities,1,with others,1,these versions,1
affection warmth,1,yes ask,1,qualities not,1,others a,1,versions signal,1
warmth rises,1,considering relocating,1,re beautiful,1,realistic picture,1,signal care,1
rises falls,1,relocating it,1,beautiful how,1,picture of,1,and maturity,1
falls with,1,s reasonable,1,treats people,1,future that,1,maturity not,1
provide entitlement,1,reasonable and,1,people her,1,includes tradeoffs,1,suspicion follow,1
entitlement creep,1,emotionally intimate,1,her steadiness,1,tradeoffs age,1,up questions,1
creep expectations,1,intimate to,1,steadiness how,1,age distance,1,that make,1
expectations increase,1,understand what,1,handles money,1,distance family,1,it meaningful,1
increase after,1,choosing not,1,money her,1,family concerning,1,meaningful and,1
commitment dependence,1,just that,1,her curiosity,1,concerning patterns,1,and informative,1
dependence traps,1,that she,1,curiosity your,1,patterns aren,1,informative after,1
traps she,1,you why,1,your emotional,1,t practical,1,after she,1
she or,1,why asking,1,emotional safety,1,practical motives,1,she answers,1
or her,1,asking is,1,safety with,1,motives by,1,answers gently,1
family becomes,1,sign not,1,to listen,1,by themselves,1,gently deepen,1
becomes financially,1,a lack,1,listen for,1,themselves practical,1,deepen what,1
financially reliant,1,lack of,1,for honest,1,practical can,1,what needs,1
reliant on,1,trust it,1,honest evaluation,1,be normal,1,needs of,1
you making,1,s relational,1,evaluation without,1,normal they,1,of yours,1
making choice,1,relational clarity,1,cynicism green,1,re primarily,1,yours do,1
choice less,1,clarity not,1,green signs,1,primarily vague,1,think i,1
less free,1,not policing,1,signs specific,1,vague flattering,1,i meet,1
free you,1,policing it,1,specific traits,1,flattering language,1,meet what,1
start managing,1,it helps,1,traits and,1,language with,1,think you,1
managing her,1,helps you,1,and moments,1,with few,1,give me,1
life rather,1,you detect,1,moments not,1,few specifics,1,need what,1
than sharing,1,detect whether,1,not generic,1,specifics heavy,1,feel secure,1
sharing one,1,character lifestyle,1,generic praise,1,heavy emphasis,1,secure with,1
one the,1,lifestyle money,1,praise values,1,emphasis on,1,me emotionally,1
most useful,1,gap realities,1,values based,1,on rescue,1,practically what,1
useful distinction,1,realities it,1,based reasons,1,rescue security,1,would disappoint,1
distinction side,1,it also,1,reasons character,1,with little,1,disappoint you,1
side benefit,1,also gives,1,character shared,1,little interest,1,or feel,1
benefit vs,1,to feel,1,goals she,1,in who,1,feel unfair,1
vs primary,1,feel seen,1,she includes,1,are urgency,1,unfair over,1
primary project,1,seen for,1,includes your,1,lock commitment,1,i couldn,1
project ask,1,values not,1,children your,1,commitment without,1,couldn t,1
yourself and,1,not reduced,1,life realistically,1,without engaging,1,permanently soon,1
and gently,1,reduced to,1,realistically she,1,engaging hard,1,building this,1
gently explore,1,to stereotypes,1,can talk,1,realities kids,1,this that,1
if citizenship,1,stereotypes how,1,about fears,1,kids money,1,that last,1
citizenship relocation,1,ask without,1,fears and,1,caregiving if,1,last one,1
relocation were,1,without insulting,1,and practicalities,1,re worried,1,one is,1
were impossible,1,insulting her,1,practicalities without,1,worried it,1,strong non,1
impossible would,1,the framing,1,without shutting,1,signals low,1,insulting test,1
you kept,1,framing the,1,shutting down,1,low trust,1,test of,1
kept finances,1,the safest,1,down yellow,1,trust name,1,of motive,1
separate and,1,safest frame,1,yellow signs,1,name that,1,flexibility what,1
and moved,1,frame is,1,signs needs,1,that gently,1,to listen,1
moved slowly,1,you better,1,needs more,1,gently i,1,listen for,1
slowly would,1,better so,1,more clarity,1,t trust,1,for more,1
relationship remain,1,can plan,1,clarity mostly,1,trust you,1,exact words,1
remain warm,1,and love,1,mostly vague,1,m asking,1,words green,1
and stable,1,you well,1,vague destiny,1,because this,1,flag answers,1
stable if,1,well do,1,destiny love,1,this matters,1,answers usually,1
became less,1,do three,1,no concrete,1,matters to,1,usually include,1
less financially,1,things in,1,concrete picture,1,me and,1,include specific,1
financially able,1,in order,1,picture of,1,want either,1,specific traits,1
able later,1,order lead,1,together avoids,1,assume things,1,traits and,1
relationship still,1,lead with,1,avoids any,1,things that,1,and moments,1
still make,1,feel own,1,any talk,1,that usually,1,not generic,1
make sense,1,own your,1,talk of,1,usually lands,1,generic praise,1
sense to,1,your vulnerability,1,of future,1,lands well,1,praise realism,1
need hypothetical,1,vulnerability no,1,future realities,1,well one,1,realism about,1
hypothetical purity,1,no blame,1,realities kids,1,one optional,1,gap reciprocity,1
purity tests,1,blame ask,1,aging red,1,optional deeper,1,reciprocity what,1
tests you,1,ask open,1,red signs,1,deeper version,1,she gives,1
need evidence,1,open endedly,1,signs pressure,1,version only,1,gives not,1
tolerate delayed,1,endedly and,1,pressure urgency,1,the first,1,only what,1
delayed benefits,1,invite honesty,1,urgency if,1,first goes,1,she receives,1
benefits and,1,honesty a,1,me guilt,1,goes well,1,receives willingness,1
this safe,1,simple script,1,punishment answers,1,well is,1,go slowly,1
turning cynical,1,use direct,1,answers centered,1,asked softly,1,slowly and,1
cynical make,1,direct but,1,centered primarily,1,softly this,1,and plan,1
make motives,1,but warm,1,primarily on,1,real hidden,1,plan responsibly,1
motives discussable,1,warm can,1,resources passport,1,expectations early,1,responsibly watch,1
discussable you,1,i ask,1,passport status,1,early when,1,watch outs,1
i understand,1,ask you,1,status inconsistent,1,still easy,1,outs not,1
understand i,1,something personal,1,inconsistent story,1,easy to,1,not automatic,1
i represent,1,personal i,1,story over,1,handle them,1,automatic deal,1
represent stability,1,because this,1,time if,1,them if,1,breakers but,1
stability and,1,this could,1,she gets,1,a bit,1,but clarifying,1
and options,1,could become,1,gets hurt,1,bit about,1,clarifying heavy,1
options i,1,together i,1,hurt a,1,about her,1,heavy emphasis,1
not offended,1,you more,1,a repair,1,her communication,1,emphasis on,1
offended by,1,more deeply,1,repair line,1,communication style,1,can provide,1
by that,1,deeply what,1,line i,1,style direct,1,provide money,1
i just,1,about me,1,m sorry,1,direct vs,1,money rescue,1
just want,1,a future,1,sorry my,1,vs indirect,1,rescue status,1
want us,1,me and,1,my intention,1,indirect conflict,1,status relocation,1
us to,1,what kind,1,intention isn,1,conflict avoidant,1,relocation with,1
honest so,1,build together,1,to accuse,1,avoidant vs,1,with little,1
so neither,1,together then,1,accuse you,1,vs straightforward,1,little about,1
of us,1,then pause,1,you this,1,straightforward i,1,your character,1
us feels,1,answer fully,1,is me,1,the wording,1,character urgency,1
feels disappointed,1,fully make,1,me trying,1,wording so,1,urgency or,1
disappointed later,1,it reciprocal,1,good partner,1,it fits,1,or prove,1
later what,1,reciprocal reduces,1,partner and,1,fits her,1,prove it,1
you hope,1,reduces defensiveness,1,not make,1,her culture,1,it framing,1
hope this,1,defensiveness after,1,assumptions i,1,culture and,1,framing discomfort,1
relationship changes,1,after she,1,d rather,1,and temperament,1,with any,1
changes in,1,answers share,1,rather be,1,temperament both,1,any uncertainty,1
love about,1,share yours,1,honest now,1,both can,1,uncertainty or,1
person a,1,value in,1,than let,1,and in,1,or staged,1
sincere partner,1,in you,1,let anxiety,1,many real,1,staged planning,1
usually experiences,1,this turns,1,anxiety grow,1,real marriages,1,planning if,1
experiences this,1,turns it,1,grow later,1,marriages they,1,re afraid,1
as respect,1,into bonding,1,later one,1,they are,1,answer that,1
respect keep,1,bonding rather,1,question you,1,are love,1,fear is,1
the power,1,than an,1,should ask,1,practical benefit,1,exactly why,1
power balanced,1,an interview,1,yourself first,1,benefit aren,1,s worth,1
balanced with,1,interview better,1,first so,1,t opposites,1,worth asking,1
with structure,1,better versions,1,t ask,1,opposites they,1,re making,1
structure no,1,of why,1,ask from,1,they become,1,making high,1
early no,1,why me,1,from panic,1,become a,1,stakes choices,1
no rushing,1,me more,1,panic write,1,problem when,1,choices the,1
rushing immigration,1,more informative,1,answer to,1,practical part,1,a perfect,1
immigration steps,1,informative less,1,to why,1,part is,1,perfect reassurance,1
steps keep,1,less loaded,1,why her,1,is unspoken,1,reassurance it,1
plan agree,1,loaded mix,1,what am,1,unspoken disproportionate,1,a true,1
fair explicit,1,mix one,1,i afraid,1,disproportionate or,1,true answer,1
explicit approach,1,two of,1,afraid is,1,or becomes,1,answer you,1
approach to,1,these into,1,is true,1,the primary,1,on if,1
expenses structure,1,same conversation,1,true if,1,primary engine,1,want paste,1
structure prevents,1,conversation values,1,know your,1,engine while,1,paste what,1
prevents love,1,values focused,1,your fear,1,while pretending,1,thinking of,1
being distorted,1,you admire,1,fear being,1,pretending it,1,of saying,1
distorted by,1,admire in,1,being used,1,it isn,1,saying or,1
by leverage,1,what qualities,1,used being,1,t can,1,or tell,1
leverage watch,1,qualities matter,1,being left,1,you separate,1,me her,1
down if,1,matter most,1,left when,1,separate them,1,her communication,1
stays steady,1,most to,1,age being,1,them not,1,communication style,1
you delay,1,partner life,1,being laughed,1,not cleanly,1,you tune,1
delay a,1,life design,1,laughed at,1,cleanly attraction,1,tune it,1
move you,1,design focused,1,for clarity,1,attraction is,1,it so,1
you decline,1,good partnership,1,clarity rather,1,is rarely,1,so it,1
decline a,1,partnership look,1,than reassurance,1,rarely pure,1,it lands,1
a costly,1,you day,1,reassurance if,1,pure people,1,lands as,1
costly request,1,day when,1,paste what,1,people choose,1,as intimate,1
request you,1,you picturing,1,d like,1,choose partners,1,intimate and,1
prioritize time,1,picturing exactly,1,say in,1,partners partly,1,respectful rather,1
children then,1,exactly age,1,own words,1,partly for,1,than suspicious,1
then the,1,gap reality,1,ll tighten,1,for how,1,suspicious yes,1
practical incentives,1,check without,1,tighten it,1,how life,1,yes both,1
incentives are,1,without shame,1,it so,1,with them,1,true and,1
are likely,1,shame how,1,it lands,1,them will,1,it often,1
main engine,1,feel about,1,lands as,1,will feel,1,often is,1
engine bottom,1,difference when,1,as warmth,1,feel and,1,is true,1
line yes,1,later money,1,warmth seriousness,1,and function,1,true very,1
yes both,1,independence consistent,1,seriousness not,1,function the,1,very few,1
true and,1,consistent with,1,suspicion both,1,t purity,1,few long,1
to poison,1,with partner,1,both can,1,purity it,1,term relationships,1
poison anything,1,sponsor you,1,be true,1,s proportion,1,relationships are,1
anything it,1,said partner,1,and in,1,proportion and,1,purely romantic,1
matters only,1,sponsor i,1,in real,1,and honesty,1,romantic in,1
benefits create,1,that what,1,life they,1,honesty is,1,in motive,1
create pressure,1,does financial,1,they often,1,she choosing,1,motive considerations,1
pressure dependency,1,financial fairness,1,often are,1,with security,1,considerations like,1
dependency or,1,what expectations,1,are few,1,security as,1,like safety,1
or hidden,1,expectations might,1,few long,1,a bonus,1,safety temperament,1
hidden expectations,1,might your,1,term partnerships,1,bonus or,1,temperament financial,1
expectations the,1,family have,1,partnerships are,1,choosing security,1,financial steadiness,1
you find,1,have of,1,are motive,1,the vehicle,1,steadiness family,1
find out,1,to listen,1,motive pure,1,vehicle you,1,family fit,1
by talking,1,listen for,1,pure they,1,t read,1,fit and,1
talking explicitly,1,for signals,1,re mixtures,1,read this,1,life opportunities,1
explicitly and,1,signals not,1,mixtures of,1,this from,1,opportunities almost,1
and proceeding,1,not perfect,1,of affection,1,from feelings,1,almost always,1
proceeding slowly,1,perfect words,1,affection companionship,1,feelings alone,1,always matter,1
slowly enough,1,words healthy,1,companionship shared,1,you infer,1,matter the,1
enough that,1,healthy answers,1,shared values,1,infer it,1,question isn,1
that behavior,1,answers often,1,values and,1,it from,1,t is,1
behavior not,1,often sound,1,benefits cross,1,from patterns,1,security it,1
not hope,1,like specific,1,relationships just,1,patterns over,1,much is,1
hope answers,1,specific traits,1,just make,1,time especially,1,by it,1
answers the,1,traits kindness,1,benefits more,1,around boundaries,1,it bonus,1
has ever,1,kindness steadiness,1,more visible,1,planning does,1,bonus vs,1
ever mentioned,1,steadiness curiosity,1,visible and,1,does it,1,vs primary,1
mentioned marriage,1,curiosity how,1,and therefore,1,it matter,1,primary driver,1
marriage children,1,you treat,1,therefore more,1,matter it,1,driver is,1
children or,1,live realistic,1,more anxiety,1,it matters,1,the arrangement,1
or moving,1,realistic life,1,anxiety provoking,1,matters in,1,arrangement fair,1
moving to,1,life vision,1,provoking can,1,in three,1,and freely,1
country even,1,vision work,1,separate genuine,1,three specific,1,freely chosen,1
even casually,1,work home,1,genuine care,1,specific ways,1,chosen or,1
casually i,1,home family,1,from security,1,ways a,1,structure create,1
most revealing,1,time boundaries,1,citizenship not,1,a fairness,1,dependency can,1
revealing follow,1,boundaries willingness,1,not cleanly,1,fairness ethical,1,both talk,1
questions for,1,discuss hard,1,cleanly and,1,ethical if,1,it openly,1
your specific,1,topics without,1,to what,1,your resources,1,openly without,1
specific situation,1,without urgency,1,can separate,1,resources passport,1,without shame,1
situation that,1,tactics concerning,1,separate is,1,passport mobility,1,shame manipulation,1
that thought,1,concerning answers,1,she cares,1,mobility are,1,manipulation or,1
thought feels,1,answers tend,1,cares for,1,are a,1,or denial,1
feels true,1,to include,1,for me,1,major part,1,denial can,1
true because,1,include mostly,1,me experienced,1,the value,1,can both,1
emotionally honest,1,mostly vague,1,experienced in,1,value proposition,1,both be,1
honest you,1,vague flattery,1,behavior over,1,proposition it,1,true absolutely,1
quiet and,1,flattery with,1,time from,1,fair only,1,absolutely i,1
t guarantee,1,no concrete,1,from she,1,being misled,1,love you,1
guarantee another,1,concrete reasons,1,she is,1,misled about,1,you offer,1
another lightning,1,reasons heavy,1,is with,1,being pressured,1,offer stability,1
lightning strike,1,heavy emphasis,1,me primarily,1,pressured into,1,stability can,1
strike connection,1,emphasis on,1,primarily for,1,into irreversible,1,coexist in,1
connection the,1,rescue provider,1,for instrumental,1,commitments she,1,healthy way,1
turns the,1,provider narratives,1,instrumental reasons,1,she retains,1,way when,1
into panic,1,narratives avoidance,1,reasons revealed,1,retains real,1,she would,1
panic management,1,of practical,1,revealed by,1,real agency,1,still choose,1
management instead,1,questions or,1,by patterns,1,agency not,1,choose you,1
life design,1,or pressure,1,like urgency,1,not trapped,1,practical upsides,1
design two,1,love quickly,1,urgency leverage,1,trapped by,1,upsides were,1
things can,1,quickly one,1,leverage secrecy,1,by dependency,1,were smaller,1
true at,1,one awkward,1,secrecy conditional,1,dependency b,1,smaller or,1
once this,1,awkward answer,1,affection or,1,b stability,1,or delayed,1
a rare,1,answer isn,1,or escalating,1,stability practical,1,delayed she,1
rare meaningful,1,a verdict,1,escalating financial,1,practical if,1,boundaries that,1
meaningful opportunity,1,verdict some,1,financial immigration,1,if security,1,prevent you,1
opportunity you,1,some people,1,immigration demands,1,security citizenship,1,you becoming,1
still don,1,people need,1,demands the,1,citizenship is,1,becoming a,1
decide it,1,need time,1,prove there,1,a big,1,sponsor she,1
it under,1,to articulate,1,s zero,1,big driver,1,she contributes,1
under a,1,articulate what,1,zero instrumental,1,driver risk,1,contributes meaningfully,1
a gun,1,what matters,1,instrumental benefit,1,risk rises,1,meaningfully effort,1
gun what,1,matters is,1,benefit it,1,rises around,1,effort care,1
s off,1,the pattern,1,to determine,1,around urgency,1,care compromise,1
off about,1,pattern and,1,determine whether,1,marry or,1,compromise social,1
about if,1,s willing,1,the center,1,or relocate,1,social integration,1
what it,1,willing to,1,center of,1,relocate quickly,1,integration work,1
it collapses,1,keep talking,1,of gravity,1,quickly conflict,1,when possible,1
collapses many,1,talking timing,1,gravity or,1,conflict when,1,possible the,1
many possibilities,1,timing and,1,or whether,1,introduce safeguards,1,relationship deepens,1
possibilities into,1,and tone,1,a means,1,safeguards separate,1,deepens under,1
a false,1,tone this,1,means does,1,finances trial,1,and stress,1
false binary,1,this matters,1,it matter,1,periods relationship,1,stress not,1
binary all,1,matters ask,1,matter if,1,relationship cooling,1,just under,1
in move,1,ask when,1,if both,1,cooling once,1,under promise,1
her vs,1,re connected,1,both are,1,once the,1,promise does,1
alone there,1,connected and,1,are true,1,practical goal,1,it matter,1
are other,1,calm not,1,true it,1,goal is,1,matter it,1
other options,1,not during,1,matters in,1,is achieved,1,matters only,1
that respect,1,during conflict,1,in three,1,achieved c,1,practical incentives,1
both your,1,conflict or,1,three ways,1,your emotional,1,incentives distort,1
for prudence,1,or immediately,1,ways transparency,1,emotional safety,1,distort consent,1
reversible relocation,1,immediately after,1,transparency and,1,safety if,1,consent accelerate,1
relocation living,1,after sex,1,consent fairness,1,to believe,1,accelerate commitment,1
living part,1,sex use,1,fairness if,1,s only,1,commitment or,1
time there,1,a gentle,1,if security,1,only love,1,or create,1
and part,1,gentle preface,1,citizenship is,1,love you,1,one sided,1
time near,1,preface this,1,a meaningful,1,feel destabilized,1,sided deal,1
near your,1,is tender,1,meaningful part,1,destabilized by,1,deal mixed,1
children bringing,1,tender for,1,the picture,1,by any,1,mixed motives,1
bringing her,1,me to,1,picture it,1,any practical,1,motives become,1
to spend,1,ask avoid,1,s healthiest,1,practical element,1,problem when,1
spend extended,1,avoid referencing,1,healthiest when,1,element if,1,when commitment,1
country if,1,referencing stereotypes,1,s openly,1,tolerate both,1,on benefits,1
feasible committing,1,stereotypes or,1,openly acknowledged,1,both you,1,benefits move,1
committing emotionally,1,or scams,1,acknowledged rather,1,ll make,1,now marry,1
emotionally while,1,scams in,1,than silently,1,make clearer,1,now fast,1
while delaying,1,question itself,1,silently driving,1,clearer decisions,1,fast track,1
delaying legal,1,itself keep,1,driving decisions,1,decisions when,1,track papers,1
legal financial,1,re afraid,1,decisions otherwise,1,acceptable green,1,papers your,1
entanglement building,1,the answer,1,end up,1,green conditions,1,your leverage,1
building community,1,answer that,1,up with,1,conditions both,1,leverage increases,1
community and,1,that fear,1,with covert,1,is usually,1,increases she,1
and dating,1,fear is,1,covert bargains,1,usually fine,1,t safely,1
dating openness,1,is important,1,bargains you,1,fine if,1,safely say,1
openness at,1,important information,1,you provide,1,are true,1,no because,1
home in,1,information it,1,provide stability,1,true she,1,because her,1
in parallel,1,it usually,1,stability she,1,she loves,1,future depends,1
parallel with,1,usually points,1,she provides,1,loves about,1,resentment grows,1
with being,1,of three,1,provides devotion,1,in specific,1,grows you,1
being honest,1,scared she,1,devotion both,1,specific personal,1,feel used,1
her not,1,ll name,1,both feel,1,personal terms,1,used she,1
not secretly,1,something you,1,feel uneasy,1,terms not,1,she feels,1
secretly but,1,t won,1,uneasy naming,1,just you,1,feels controlled,1
but as,1,t give,1,it power,1,re good,1,controlled or,1
as part,1,give marriage,1,dependency if,1,good to,1,or audited,1
of not,1,moving you,1,you financially,1,re stable,1,audited truth,1
making her,1,scared you,1,financially or,1,stable she,1,truth is,1
her your,1,re replaceable,1,or legally,1,supports slow,1,is taboo,1
only lifeline,1,replaceable you,1,legally her,1,structured steps,1,taboo you,1
lifeline even,1,scared of,1,to freely,1,stay no,1,t discuss,1
you never,1,you introduce,1,freely choose,1,no asset,1,duty or,1
meet someone,1,introduce seriousness,1,can erode,1,merging early,1,or visa,1
else you,1,seriousness but,1,erode that,1,you that,1,visa reality,1
still refuse,1,but seriousness,1,s bad,1,that doesn,1,reality without,1
refuse to,1,seriousness is,1,bad for,1,t depend,1,without conflict,1
make one,1,relocation requires,1,ll doubt,1,depend on,1,conflict if,1
one person,1,requires if,1,doubt the,1,on extracting,1,relationship stays,1
person the,1,relationship can,1,love she,1,extracting maximum,1,stays respectful,1
the sole,1,tolerate honest,1,feel trapped,1,maximum benefit,1,and reciprocal,1
sole solution,1,honest questions,1,trapped or,1,benefit e,1,reciprocal even,1
solution to,1,want paste,1,or indebted,1,g she,1,you limit,1
to loneliness,1,paste what,1,indebted so,1,she keeps,1,limit the,1
loneliness a,1,thinking of,1,matters structurally,1,keeps working,1,benefits and,1
a more,1,of saying,1,structurally not,1,working doesn,1,and slow,1
more accurate,1,saying a,1,not morally,1,escalate requests,1,timeline then,1
accurate less,1,few lines,1,morally time,1,requests respects,1,the mixed,1
less coercive,1,lines and,1,time how,1,boundaries practical,1,mixed motive,1
coercive question,1,you refine,1,how motives,1,practical goals,1,threat it,1
question replace,1,refine it,1,motives evolve,1,goals residency,1,s part,1
replace if,1,to fit,1,evolve motives,1,residency finances,1,of adult,1
what with,1,fit your,1,motives change,1,support are,1,evaluate it,1
what step,1,your voice,1,change early,1,are discussed,1,it honestly,1
step lets,1,voice direct,1,early on,1,discussed openly,1,honestly without,1
lets me,1,direct respectful,1,the different,1,openly and,1,without mind,1
me honor,1,and culturally,1,different life,1,and feel,1,reading think,1
honor this,1,sensitive both,1,life factor,1,feel mutually,1,in tests,1
without burning,1,both can,1,factor can,1,mutually fair,1,tests of,1
burning my,1,true and,1,be strong,1,fair when,1,of robustness,1
my bridges,1,normal that,1,strong later,1,both becomes,1,robustness not,1
bridges that,1,that they,1,later shared,1,problem red,1,not purity,1
the adult,1,they might,1,shared history,1,red conditions,1,purity the,1
adult version,1,very few,1,history can,1,conditions she,1,test tell,1
of hope,1,few relationships,1,main adhesive,1,becomes avoidant,1,no immediate,1
the psychological,1,relationships same,1,adhesive or,1,avoidant angry,1,immediate permanent,1
psychological trap,1,same country,1,resentment can,1,angry or,1,marriage watch,1
trap to,1,border are,1,can grow,1,guilt inducing,1,watch whether,1
for after,1,are purely,1,if expectations,1,inducing when,1,warm and,1
after long,1,purely romantic,1,expectations weren,1,ask about,1,engaged good,1
long solitude,1,romantic they,1,t aligned,1,visa children,1,good becomes,1
solitude it,1,they also,1,aligned you,1,caregiving there,1,becomes urgent,1
s easy,1,also involve,1,a setup,1,s persistent,1,urgent panicked,1
easy for,1,involve stability,1,setup that,1,persistent urgency,1,panicked or,1
new relationship,1,stability belonging,1,stable as,1,urgency move,1,or punitive,1
become companionship,1,belonging and,1,age and,1,now marry,1,punitive concerning,1
companionship meaning,1,and future,1,and as,1,marry now,1,concerning the,1
meaning identity,1,future options,1,as her,1,now prove,1,benefits delayed,1
identity future,1,options the,1,goals develop,1,it the,1,delayed test,1
future and,1,honest question,1,develop a,1,is great,1,test very,1
and proof,1,question isn,1,a more,1,great when,1,very informative,1
proof you,1,t is,1,more useful,1,re giving,1,informative you,1
re still,1,any practical,1,useful question,1,attention resources,1,this carefully,1
still desired,1,incentive it,1,question than,1,resources but,1,carefully i,1
desired all,1,s if,1,than is,1,but destabilizes,1,make promises,1
once that,1,incentive disappeared,1,it love,1,destabilizes when,1,promises about,1
that bundle,1,disappeared would,1,love or,1,or say,1,about permanent,1
bundle increases,1,still make,1,or security,1,no her,1,relocation or,1
increases the,1,make sense,1,security ask,1,her future,1,marriage on,1
the cost,1,sense if,1,i removed,1,future vision,1,fast timeline,1
cost of,1,the romance,1,removed or,1,vision centers,1,timeline are,1
saying not,1,romance cooled,1,or delayed,1,centers on,1,still happy,1
yet so,1,cooled at,1,delayed the,1,on outcomes,1,building with,1
you stop,1,at times,1,benefits would,1,outcomes marriage,1,me if,1
stop negotiating,1,times as,1,would the,1,relocation status,1,her investment,1
negotiating your,1,will would,1,relationship still,1,status more,1,investment collapses,1
your job,1,the partnership,1,still progress,1,than on,1,collapses when,1
job is,1,partnership still,1,progress you,1,on how,1,when benefits,1
keep negotiating,1,and voluntary,1,can test,1,ll actually,1,benefits are,1
negotiating kindly,1,voluntary for,1,test this,1,actually live,1,are delayed,1
kindly a,1,you separate,1,this without,1,together day,1,the incentives,1
protects you,1,genuine care,1,without cruelty,1,day how,1,incentives may,1
from fear,1,care from,1,cruelty by,1,accusing you,1,be the,1
fear make,1,from security,1,by setting,1,reality neutrally,1,the engine,1
a rule,1,security citizenship,1,setting reasonable,1,neutrally i,1,engine the,1
rule now,1,citizenship not,1,reasonable boundaries,1,know that,1,the boundary,1
now while,1,not cleanly,1,boundaries slower,1,being with,1,boundary test,1
re clear,1,cleanly motives,1,slower timeline,1,me might,1,test money,1
clear no,1,motives are,1,for relocation,1,might also,1,autonomy hold,1
decisions while,1,are usually,1,relocation marriage,1,also represent,1,hold clear,1
while the,1,usually blended,1,marriage no,1,represent stability,1,boundaries separate,1
still mostly,1,blended she,1,large financial,1,stability and,1,loans you,1
mostly long,1,safer about,1,financial transfers,1,more options,1,independent friends,1
distance and,1,love her,1,transfers trial,1,options i,1,language a,1
and recent,1,feel younger,1,together before,1,t think,1,partner typically,1
recent irreversible,1,younger more,1,permanent commitments,1,think that,1,typically experiences,1
irreversible selling,1,more alive,1,commitments clear,1,s shameful,1,experiences this,1
selling your,1,alive and,1,clear agreement,1,shameful i,1,as stabilizing,1
home moving,1,and less,1,can pursue,1,i just,1,stabilizing not,1
moving most,1,less alone,1,career and,1,just want,1,not threatening,1
most assets,1,alone the,1,and independence,1,be honest,1,threatening the,1
assets marrying,1,goal isn,1,if warmth,1,honest about,1,the reciprocity,1
marrying quickly,1,t purity,1,warmth and,1,we each,1,reciprocity test,1
quickly cutting,1,purity it,1,and commitment,1,each want,1,she reliably,1
cutting off,1,s proportion,1,commitment remain,1,want so,1,reliably bring,1
off local,1,proportion transparency,1,remain steady,1,so nobody,1,bring something,1
local medical,1,transparency and,1,steady under,1,nobody feels,1,real to,1
medical care,1,and freedom,1,under those,1,feels used,1,relationship beyond,1
care becoming,1,freedom when,1,those conditions,1,used later,1,beyond affection,1
becoming visa,1,matter healthy,1,conditions you,1,later then,1,affection effort,1
visa dependent,1,healthy blend,1,re seeing,1,love about,1,effort problem,1
be deeply,1,blend it,1,seeing something,1,would still,1,problem solving,1
deeply committed,1,matter much,1,something robust,1,true if,1,solving compromise,1
committed while,1,much if,1,robust how,1,i lived,1,compromise care,1
while refusing,1,can articulate,1,it without,1,lived here,1,your wellbeing,1
refusing irreversible,1,articulate specific,1,it accusatory,1,here permanently,1,wellbeing integration,1
moves turn,1,specific reasons,1,accusatory you,1,permanently and,1,integration into,1
turn urgency,1,reasons she,1,can name,1,you never,1,into her,1
urgency into,1,she values,1,name reality,1,never moved,1,and support,1
it serves,1,values you,1,reality without,1,moved to,1,support for,1
serves you,1,you beyond,1,without implying,1,we never,1,independence how,1
afraid time,1,beyond opportunity,1,implying bad,1,never pursued,1,without accusing,1
running use,1,opportunity she,1,bad faith,1,pursued citizenship,1,accusing her,1
use that,1,respects boundaries,1,faith i,1,citizenship or,1,her name,1
that to,1,when practical,1,know that,1,or moving,1,the structural,1
to accelerate,1,delayed you,1,that being,1,moving to,1,structural reality,1
accelerate information,1,not coerced,1,me could,1,country would,1,reality not,1
information not,1,coerced into,1,could also,1,still choose,1,not her,1
not commitment,1,into financial,1,also mean,1,choose this,1,her character,1
commitment have,1,financial visa,1,mean more,1,your hopes,1,character i,1
money marriage,1,visa decisions,1,more stability,1,hopes around,1,i know,1
marriage aging,1,decisions to,1,stability and,1,around travel,1,know being,1
aging talks,1,love she,1,possibly more,1,travel residency,1,me might,1
talks soon,1,she keeps,1,more options,1,residency and,1,might also,1
stay soon,1,keeps her,1,options in,1,important are,1,also mean,1
soon solve,1,her agency,1,life i,1,are they,1,mean stability,1
evacuation planning,1,agency work,1,t judge,1,they to,1,and options,1
planning soon,1,work friendships,1,judge that,1,point is,1,options i,1
soon meet,1,friendships identity,1,just want,1,to trap,1,t judge,1
real world,1,keep yours,1,honest so,1,trap her,1,judge that,1
world soon,1,yours finances,1,us carries,1,her it,1,i think,1
soon you,1,finances exit,1,carries unspoken,1,the implicit,1,think practical,1
move fast,1,options support,1,unspoken expectations,1,implicit explicit,1,matter in,1
fast on,1,network in,1,expectations how,1,explicit the,1,in life,1
on learning,1,that case,1,see that,1,simplest way,1,i just,1
learning while,1,case security,1,that part,1,make both,1,just want,1
while moving,1,security is,1,part then,1,both safe,1,honest so,1
moving slow,1,of building,1,then follow,1,safe keep,1,so neither,1
slow on,1,building a,1,follow with,1,keep choices,1,us feels,1
on binding,1,life normal,1,with specifics,1,choices reversible,1,feels pressure,1
binding the,1,normal when,1,specifics because,1,reversible early,1,resentment later,1
quiet truth,1,it does,1,because specifics,1,early trial,1,what practical,1
truth that,1,does matter,1,specifics reduce,1,trial living,1,hopes do,1
that loosens,1,matter transaction,1,reduce paranoia,1,arrangement and,1,have from,1
loosens the,1,transaction risk,1,paranoia do,1,timeline separate,1,from this,1
the pressure,1,risk it,1,to ever,1,purchases early,1,relationship and,1
already proved,1,matters a,1,ever live,1,early clear,1,you then,1
proved something,1,lot if,1,country or,1,clear visa,1,then add,1
important you,1,see signs,1,here how,1,visa legal,1,about my,1
alive and,1,signs that,1,how important,1,legal facts,1,my hopes,1
and connected,1,that commitment,1,important is,1,facts before,1,hopes too,1
connected again,1,commitment is,1,is legal,1,any binding,1,too companionship,1
that means,1,is tightly,1,status citizenship,1,binding move,1,companionship building,1
means your,1,tightly tied,1,citizenship to,1,move an,1,not becoming,1
future isn,1,to accelerating,1,if that,1,that preserves,1,becoming dependent,1
t this,1,accelerating benefits,1,that never,1,preserves dignity,1,socially or,1
nothing it,1,benefits marriage,1,never happened,1,dignity and,1,or medically,1
be this,1,marriage now,1,happened would,1,independence for,1,medically the,1
and even,1,now sponsorship,1,you still,1,if both,1,the ethical,1
m capable,1,sponsorship now,1,still want,1,is true,1,ethical bottom,1
not consolation,1,now property,1,want this,1,solid these,1,line it,1
consolation it,1,property now,1,relationship what,1,these safeguards,1,be healthy,1
s leverage,1,now there,1,what answers,1,safeguards won,1,healthy if,1
leverage against,1,a pattern,1,answers are,1,t threaten,1,she chooses,1
against desperation,1,pattern of,1,are actually,1,threaten it,1,chooses you,1
desperation a,1,of tests,1,actually reassuring,1,they ll,1,you with,1
a timeline,1,tests if,1,reassuring reassurance,1,ll strengthen,1,open you,1
timeline like,1,d she,1,reassurance is,1,strengthen it,1,buy love,1
there within,1,becomes angry,1,is less,1,it that,1,t create,1
within the,1,angry or,1,less about,1,that thought,1,a situation,1
next year,1,or withdrawn,1,right words,1,thought isn,1,situation where,1
year keeping,1,withdrawn when,1,more about,1,t irrational,1,where she,1
base if,1,you propose,1,the shape,1,irrational it,1,t freely,1
if after,1,propose slower,1,shape of,1,s incomplete,1,freely choose,1
after that,1,slower reversible,1,the response,1,incomplete what,1,choose later,1
we both,1,steps the,1,response she,1,s true,1,way you,1
feel good,1,relationship feels,1,hold nuance,1,true in,1,you ensure,1
good and,1,feels less,1,nuance yes,1,it dating,1,ensure that,1
and we,1,less warm,1,yes stability,1,dating pools,1,commitments clear,1
ve solved,1,not providing,1,stability matters,1,pools can,1,and realistic,1
solved healthcare,1,providing time,1,also genuinely,1,can shrink,1,realistic planning,1
big topics,1,money status,1,genuinely love,1,shrink with,1,planning for,1
topics we,1,status plans,1,t rush,1,with age,1,health visa,1
ll plan,1,plans those,1,rush or,1,age and,1,visa finances,1
plan the,1,those patterns,1,or punish,1,of mutual,1,finances if,1
the permanent,1,patterns suggest,1,punish the,1,mutual spark,1,marriage citizenship,1
permanent step,1,incentive is,1,question she,1,spark you,1,citizenship is,1
step if,1,is steering,1,preserves her,1,found may,1,is something,1
truly choosing,1,steering the,1,her dignity,1,not appear,1,something she,1
usually accept,1,relationship the,1,dignity and,1,appear often,1,s mentioned,1
accept a,1,useful lens,1,your trust,1,often after,1,mentioned explicitly,1
that demonstrates,1,lens dependency,1,trust phased,1,just choosing,1,craft a,1
demonstrates seriousness,1,dependency vs,1,phased steps,1,person you,1,respectful conversation,1
seriousness and,1,vs choice,1,steps financial,1,a return,1,that surfaces,1
and wisdom,1,choice a,1,financial boundaries,1,to companionship,1,surfaces practical,1
wisdom if,1,relationship stays,1,boundaries realistic,1,companionship meaning,1,hopes without,1
irreversible would,1,healthy when,1,realistic timelines,1,meaning and,1,sounding like,1
mean for,1,when neither,1,it not,1,and touch,1,like an,1
you sell,1,trapped so,1,okay it,1,touch that,1,an interrogation,1
sell house,1,so design,1,becomes a,1,s significant,1,interrogation what,1
house move,1,design for,1,a problem,1,significant what,1,re saying,1
move away,1,for no,1,problem if,1,what becomes,1,saying has,1
away from,1,no early,1,you observe,1,becomes distorted,1,has two,1
from kids,1,early dependency,1,observe patterns,1,distorted if,1,two truths,1
kids give,1,dependency keep,1,like love,1,not her,1,truths in,1
you define,1,separate no,1,love becomes,1,her then,1,it at,1
define a,1,no major,1,becomes conditional,1,then years,1,once it,1
that reduces,1,assets transferred,1,conditional on,1,alone is,1,be statistically,1
reduces fear,1,transferred avoid,1,fast paying,1,forced binary,1,statistically rarer,1
fear driven,1,avoid sponsorship,1,paying or,1,binary even,1,rarer to,1
driven yes,1,sponsorship dynamics,1,or providing,1,the odds,1,to meet,1
pressure last,1,dynamics reversible,1,providing status,1,odds of,1,meet someone,1
chance isn,1,steps rent,1,status she,1,of someone,1,someone who,1
t always,1,t burn,1,avoids clarity,1,someone like,1,who feels,1
always distortion,1,bridges at,1,clarity while,1,this are,1,feels this,1
distortion at,1,home time,1,while pushing,1,the outcomes,1,this alive,1
at there,1,based proof,1,pushing commitment,1,outcomes are,1,alive making,1
are real,1,proof don,1,commitment she,1,only her,1,making again,1
real constraints,1,make immigration,1,she frames,1,or permanent,1,again at,1
constraints smaller,1,immigration marriage,1,frames your,1,permanent loneliness,1,at especially,1
smaller dating,1,marriage the,1,your caution,1,loneliness there,1,especially if,1
dating pool,1,the foundation,1,caution as,1,there are,1,not actively,1
pool less,1,foundation until,1,as betrayal,1,are other,1,actively dating,1
less appetite,1,seen ordinary,1,betrayal if,1,other futures,1,dating in,1
for starting,1,together over,1,t tolerate,1,futures different,1,high volume,1
starting over,1,longer period,1,structure your,1,different partner,1,volume way,1
over health,1,period if,1,your decision,1,partner different,1,way scarcity,1
health uncertainty,1,sincere these,1,decision you,1,different country,1,scarcity thinking,1
uncertainty and,1,these choices,1,re the,1,country arrangement,1,thinking can,1
and fewer,1,choices usually,1,the arbiter,1,arrangement part,1,distort choices,1
fewer decades,1,feel reassuring,1,arbiter you,1,time companionship,1,choices by,1
decades to,1,reassuring not,1,to demand,1,companionship a,1,by making,1
to experiment,1,not threatening,1,demand pure,1,a rich,1,making any,1
experiment what,1,threatening how,1,pure love,1,rich single,1,any no,1
often distorted,1,it without,1,get to,1,single life,1,no feel,1
distorted is,1,without accusation,1,what mix,1,with closeness,1,life sentence,1
the conclusion,1,accusation you,1,mix is,1,closeness and,1,sentence the,1
conclusion people,1,about reality,1,is acceptable,1,community or,1,through is,1
people draw,1,reality not,1,acceptable many,1,or this,1,to argue,1
draw from,1,not suspicion,1,people would,1,relationship continuing,1,argue with,1
from those,1,suspicion i,1,be fine,1,continuing without,1,feeling but,1
those constraints,1,i know,1,fine with,1,a full,1,to change,1
constraints therefore,1,know being,1,with she,1,full relocation,1,change the,1
therefore i,1,me could,1,she loves,1,relocation the,1,decision from,1
must say,1,could also,1,loves me,1,key move,1,a binary,1
yes quickly,1,mean more,1,me and,1,move separate,1,binary move,1
quickly and,1,more security,1,also improve,1,separate choosing,1,move don,1
and permanently,1,security and,1,improve her,1,her from,1,move into,1
permanently what,1,and options,1,life as,1,from closing,1,structured sequence,1
what honest,1,options and,1,as long,1,closing your,1,you while,1
honest realism,1,t judge,1,long as,1,exits you,1,you pursue,1
realism sounds,1,judge that,1,as it,1,relationship without,1,pursue it,1
like vs,1,that life,1,not exploitative,1,without saying,1,it reframe,1
vs what,1,real what,1,exploitative and,1,most irreversible,1,reframe the,1
what distortion,1,want is,1,being cornered,1,irreversible version,1,decision if,1
distortion sounds,1,for us,1,cornered into,1,of it,1,is too,1
like honest,1,honest about,1,into irreversible,1,it permanent,1,too big,1
honest recognition,1,about what,1,commitments if,1,relocation merged,1,big the,1
recognition of,1,what each,1,d ever,1,merged finances,1,more accurate,1
of reality,1,is getting,1,ever consider,1,finances loss,1,accurate question,1
reality tends,1,getting from,1,has expressed,1,loss of,1,question is,1
be probabilistic,1,from this,1,expressed interest,1,of home,1,not moving,1
probabilistic opportunities,1,this so,1,interest in,1,base a,1,moving permanently,1
opportunities like,1,t accidentally,1,in living,1,clean principle,1,permanently right,1
like this,1,accidentally build,1,living in,1,principle let,1,what next,1
be rarer,1,build something,1,country specifically,1,let love,1,step best,1
rarer for,1,something that,1,specifically i,1,love accelerate,1,best preserves,1
me specific,1,feels transactional,1,most targeted,1,accelerate learning,1,preserves my,1
specific grounded,1,transactional later,1,targeted questions,1,learning not,1,my chance,1
grounded in,1,move slowly,1,boundaries trial,1,not commitment,1,love while,1
in facts,1,slowly and,1,that tests,1,commitment earn,1,while protecting,1
facts age,1,keep things,1,tests this,1,earn permanence,1,protecting my,1
age geography,1,things fair,1,this gently,1,permanence through,1,health finances,1
geography preferences,1,fair i,1,gently but,1,through tested,1,autonomy that,1
preferences health,1,i think,1,but honestly,1,tested reality,1,usually yields,1
health social,1,think it,1,honestly that,1,reality a,1,yields a,1
social circle,1,it protects,1,that if,1,without losing,1,sane middle,1
circle planful,1,us then,1,what voice,1,losing momentum,1,middle path,1
planful leads,1,what parts,1,voice is,1,momentum time,1,path keep,1
leads to,1,parts of,1,is understandable,1,time box,1,building the,1
to sensible,1,me feel,1,understandable and,1,box the,1,relationship with,1
sensible actions,1,feel most,1,will push,1,decision not,1,with seriousness,1
actions be,1,important to,1,push you,1,relationship pick,1,seriousness but,1
be intentional,1,emotional practical,1,you toward,1,review horizon,1,but keep,1
intentional communicate,1,practical future,1,toward over,1,horizon e,1,keep reversibility,1
communicate create,1,future if,1,over commitment,1,months or,1,reversibility until,1
create chances,1,we never,1,commitment if,1,or months,1,until the,1
chances non,1,never lived,1,only frame,1,tell yourself,1,the big,1
non coercive,1,country would,1,frame the,1,yourself i,1,big unknowns,1
coercive doesn,1,this the,1,honest counter,1,m committed,1,unknowns resolve,1
t demand,1,same way,1,counter frame,1,committed to,1,resolve low,1
demand immediate,1,way if,1,frame isn,1,to exploring,1,low odds,1
immediate irreversible,1,i couldn,1,t stop,1,exploring this,1,odds doesn,1
irreversible commitment,1,couldn t,1,stop feeling,1,seriously until,1,mean accept,1
commitment distortion,1,t provide,1,feeling that,1,until then,1,accept high,1
distortion tends,1,provide financially,1,s broaden,1,then but,1,high risk,1
be binary,1,beyond being,1,broaden the,1,not making,1,risk even,1
binary this,1,being stable,1,the menu,1,making irreversible,1,opportunity the,1
or years,1,stable for,1,of outcomes,1,moves until,1,correct response,1
alone urgent,1,for myself,1,outcomes what,1,the review,1,response to,1
urgent i,1,myself would,1,true in,1,date choose,1,to rarity,1
now mind,1,would this,1,your thought,1,choose the,1,rarity is,1
mind reading,1,this still,1,thought and,1,the reversible,1,not blind,1
reading fate,1,still feel,1,t true,1,reversible yes,1,blind commitment,1
fate language,1,feel good,1,true at,1,yes next,1,commitment it,1
language i,1,good to,1,less time,1,next instead,1,s careful,1
ll never,1,practical proof,1,time energy,1,move choose,1,careful protection,1
meet anyone,1,answers your,1,energy for,1,choose one,1,protection of,1
anyone again,1,your question,1,endless restarting,1,these month,1,the opportunity,1
again this,1,question propose,1,restarting a,1,month normal,1,opportunity a,1
my only,1,where the,1,a connection,1,stay separate,1,that leaves,1
only shot,1,biggest practical,1,connection like,1,finances structured,1,leaves you,1
shot avoidant,1,delayed but,1,be rare,1,structured check,1,you isolated,1
avoidant of,1,the emotional,1,rare and,1,ins split,1,isolated medically,1
of due,1,commitment continues,1,and rarity,1,year e,1,medically vulnerable,1
diligence treats,1,continues longer,1,rarity creates,1,there then,1,financially exposed,1
treats questions,1,stay clear,1,creates urgency,1,then home,1,exposed can,1
and safeguards,1,clear budget,1,urgency you,1,home repeat,1,can destroy,1
safeguards as,1,budget boundaries,1,to drift,1,repeat while,1,destroy the,1
as threats,1,boundaries no,1,into another,1,build language,1,re trying,1
threats to,1,visa linked,1,another decade,1,language doctors,1,to save,1
love in,1,linked steps,1,decade of,1,plan build,1,save so,1
you often,1,if her,1,isolation by,1,a still,1,the guiding,1
often have,1,her care,1,by default,1,still okay,1,guiding principle,1
a blend,1,and engagement,1,default not,1,okay if,1,principle becomes,1
blend some,1,engagement remain,1,not necessarily,1,ends life,1,becomes don,1
some realism,1,remain strong,1,necessarily true,1,permanently ensure,1,t gamble,1
realism some,1,strong under,1,true that,1,ensure you,1,gamble the,1
some fear,1,under that,1,only alternatives,1,return without,1,whole stack,1
fear the,1,ll have,1,alternatives are,1,without financial,1,stack to,1
to separate,1,have your,1,move permanently,1,financial damage,1,feeling of,1
separate them,1,your answer,1,permanently for,1,damage you,1,of scarcity,1
them how,1,answer in,1,or b,1,keep close,1,scarcity expand,1
tell the,1,only form,1,b years,1,close contact,1,expand your,1
the difference,1,form that,1,alone that,1,contact rhythms,1,your option,1
difference in,1,that really,1,that moving,1,rhythms with,1,set so,1
case a,1,really counts,1,fast is,1,have medical,1,not negotiating,1
a self,1,counts sustained,1,only way,1,social continuity,1,negotiating with,1
self audit,1,sustained behavior,1,keep something,1,continuity options,1,with fear,1
audit use,1,behavior over,1,something genuine,1,t say,1,fear instead,1
these checks,1,time if,1,genuine replace,1,okay even,1,of two,1
checks if,1,and her,1,replace the,1,this ends,1,two options,1
answer yes,1,country i,1,the binary,1,ends the,1,options move,1
to several,1,also flag,1,binary with,1,decision pressure,1,move lose,1
several you,1,flag which,1,a 3rd,1,too high,1,her consider,1
in distortion,1,which immigration,1,3rd option,1,high the,1,consider at,1
distortion territory,1,immigration pathways,1,option yes,1,that neutralizes,1,least these,1
territory the,1,pathways create,1,us not,1,neutralizes scarcity,1,these four,1
the reversibility,1,create the,1,to irreversible,1,real and,1,four a,1
reversibility test,1,strongest pressure,1,irreversible a,1,and strong,1,trial relocation,1
i take,1,rush and,1,a mature,1,strong will,1,relocation months,1
take a,1,avoid letting,1,mature commitment,1,will it,1,reversible rent,1
careful reversible,1,letting the,1,commitment often,1,it survive,1,rent keep,1
reversible step,1,the visa,1,like pace,1,survive me,1,base test,1
step trial,1,visa system,1,pace not,1,me going,1,test routine,1
stay no,1,system rather,1,not hesitation,1,slower and,1,life b,1
home does,1,relationship set,1,hesitation i,1,and making,1,b split,1
chance voice,1,your timeline,1,you seriously,1,making a,1,living years,1
voice get,1,that thought,1,seriously i,1,careful plan,1,years several,1
get louder,1,thought isn,1,also choosing,1,is yes,1,there each,1
louder and,1,t irrational,1,choosing a,1,yes you,1,each year,1
and insist,1,mix of,1,us from,1,re safe,1,year several,1
insist that,1,of truth,1,avoidable structural,1,safe to,1,months near,1
that prudence,1,truth and,1,structural failure,1,to proceed,1,near kids,1
prudence will,1,and pressure,1,failure that,1,proceed carefully,1,kids doctors,1
will ruin,1,pressure what,1,yes in,1,carefully if,1,doctors while,1
ruin everything,1,s true,1,t gamble,1,no because,1,community c,1
s fear,1,true in,1,gamble your,1,it requires,1,c invite,1
fear talking,1,at opportunities,1,and support,1,requires urgency,1,invite her,1
talking if,1,opportunities feel,1,system on,1,urgency sacrifice,1,spend extended,1
no that,1,feel rarer,1,on incomplete,1,sacrifice or,1,extended time,1
realism guiding,1,rarer because,1,incomplete data,1,or leverage,1,time in,1
guiding a,1,because life,1,practical decision,1,leverage that,1,your country,1
good pace,1,is narrower,1,breaks scarcity,1,that tells,1,feasible to,1
pace the,1,narrower fewer,1,scarcity pressure,1,tells you,1,test the,1
the alternatives,1,fewer new,1,pressure ask,1,important one,1,your turf,1
alternatives test,1,new social,1,do if,1,sentence you,1,turf too,1
test write,1,social contexts,1,i felt,1,use with,1,too d,1
down three,1,contexts less,1,felt as,1,her that,1,d choose,1
three plausible,1,less appetite,1,as hopeful,1,protects both,1,choose not,1
plausible alternatives,1,appetite for,1,hopeful not,1,m choosing,1,to continue,1
alternatives to,1,for casual,1,not then,1,you seriously,1,continue still,1
permanently now,1,casual dating,1,then do,1,seriously but,1,still an,1
now such,1,dating more,1,do that,1,become isolated,1,an option,1
as month,1,more risk,1,it tends,1,isolated or,1,option but,1
trial there,1,risk awareness,1,to produce,1,or medically,1,only alternative,1
keeping home,1,awareness meeting,1,produce the,1,medically vulnerable,1,alternative to,1
base part,1,meeting someone,1,right level,1,vulnerable and,1,to permanent,1
living seasons,1,someone with,1,of caution,1,and so,1,permanent loneliness,1
seasons her,1,with mutual,1,caution without,1,t end,1,loneliness your,1
her visiting,1,mutual chemistry,1,without killing,1,end up,1,fear narrows,1
visiting you,1,and intent,1,killing the,1,up carrying,1,narrows you,1
for extended,1,is uncommon,1,relationship make,1,carrying burdens,1,a or,1
feasible continuing,1,uncommon at,1,that answers,1,burdens we,1,or nothing,1
continuing long,1,at any,1,answers the,1,t plan,1,nothing your,1
distance while,1,any age,1,real fear,1,both want,1,keep b,1
you solve,1,age you,1,fear ending,1,regarding marriage,1,b and,1
insurance visa,1,drift another,1,ending up,1,concrete staged,1,c alive,1
visa if,1,another decade,1,up alone,1,timeline trial,1,alive because,1
your mind,1,decade out,1,alone again,1,base permanent,1,they preserve,1
mind insists,1,of inertia,1,again the,1,decision that,1,preserve both,1
insists none,1,inertia what,1,the antidote,1,your constraints,1,both love,1
these count,1,s dangerous,1,antidote to,1,reduces the,1,and safety,1
count only,1,dangerous in,1,to scarcity,1,the last,1,safety a,1
only permanent,1,it the,1,scarcity isn,1,relationship no,1,handle the,1
relocation counts,1,t choosing,1,t cynicism,1,no last,1,the pressure,1
counts that,1,choosing her,1,cynicism it,1,chance thinking,1,rule with,1
s usually,1,danger is,1,s building,1,always distortion,1,checkpoints set,1
usually distortion,1,is letting,1,t collapse,1,distortion it,1,a rule,1
distortion the,1,letting scarcity,1,collapse to,1,distortion when,1,rule now,1
the values,1,scarcity set,1,to zero,1,it acts,1,now while,1
values test,1,the terms,1,zero if,1,acts like,1,re clear,1
this ended,1,terms rushing,1,work concrete,1,a deadline,1,clear no,1
ended what,1,rushing relocation,1,steps maintain,1,deadline that,1,moves selling,1
to still,1,relocation merging,1,maintain strengthen,1,that isn,1,assets abandoning,1
true about,1,merging finances,1,strengthen ties,1,t real,1,abandoning medical,1
my life,1,finances early,1,ties with,1,real or,1,continuity marriage,1
life common,1,early ignoring,1,friends on,1,or when,1,marriage property,1
common answers,1,ignoring health,1,a schedule,1,it turns,1,property entanglement,1
answers close,1,visa isolation,1,schedule not,1,turns uncertainty,1,entanglement until,1
close to,1,isolation risks,1,not when,1,forced yes,1,done an,1
children medically,1,risks accepting,1,start building,1,yes it,1,an extended,1
medically safe,1,accepting arrangements,1,building social,1,s honest,1,stay you,1
safe financially,1,arrangements you,1,social and,1,recognition when,1,had explicit,1
financially intact,1,you wouldn,1,practical independence,1,it accurately,1,talks on,1
intact socially,1,t otherwise,1,independence in,1,accurately reflects,1,aging you,1
socially connected,1,otherwise accept,1,country before,1,reflects your,1,ve secured,1
connected if,1,accept because,1,permanence language,1,still allows,1,secured catastrophic,1
if last,1,alternative feels,1,language community,1,allows deliberate,1,medical coverage,1
chance pushes,1,feels like,1,community healthcare,1,deliberate reality,1,coverage evacuation,1
to violate,1,like emptiness,1,plan keep,1,based choices,1,buffer you,1
violate your,1,emptiness scarcity,1,a financial,1,choices what,1,a minimal,1
core values,1,thinking doesn,1,financial and,1,what honest,1,minimal independent,1
values it,1,t necessarily,1,and logistical,1,recognition looks,1,independent social,1
s distorting,1,necessarily pick,1,logistical return,1,like opportunities,1,social footing,1
distorting if,1,pick the,1,option real,1,opportunities like,1,footing there,1
it pushes,1,wrong person,1,real for,1,this may,1,there this,1
to act,1,person it,1,year that,1,be rarer,1,t hesitation,1
act in,1,often picks,1,that way,1,rarer now,1,hesitation it,1
in line,1,picks the,1,way trying,1,take this,1,opportunity from,1
line with,1,wrong structure,1,trying doesn,1,m willing,1,from turning,1
them be,1,structure replace,1,t equal,1,to invest,1,turning into,1
brave and,1,replace the,1,equal betting,1,invest time,1,a preventable,1
and prudent,1,the binary,1,betting everything,1,time effort,1,preventable trap,1
realism the,1,binary this,1,everything a,1,effort travel,1,trap the,1
the evidence,1,this or,1,boxed path,1,and vulnerability,1,key emotional,1
evidence test,1,or years,1,forward so,1,vulnerability i,1,emotional maneuver,1
what evidence,1,years alone,1,not stuck,1,ll move,1,maneuver separate,1
evidence do,1,alone a,1,in limbo,1,move forward,1,separate her,1
have that,1,more accurate,1,limbo propose,1,forward but,1,the part,1
be alone,1,accurate set,1,and evidence,1,ll do,1,that woke,1
alone forever,1,set of,1,evidence next,1,t blow,1,woke up,1
forever if,1,of options,1,about aging,1,up my,1,up even,1
work most,1,options is,1,care next,1,health finances,1,the catalyst,1
people don,1,is pursue,1,next trip,1,finances or,1,catalyst the,1
have evidence,1,carefully most,1,trip live,1,family ties,1,also you,1
evidence just,1,most aligned,1,mode and,1,ties it,1,a parallel,1
just dread,1,your stated,1,and routine,1,produces more,1,parallel commitment,1
dread a,1,stated goals,1,routine mode,1,more learning,1,commitment pursue,1
realistic statement,1,goals pursue,1,mode then,1,learning more,1,pursue the,1
statement is,1,it quickly,1,with independent,1,planning and,1,relationship seriously,1
might take,1,quickly and,1,housing separate,1,more truth,1,and build,1
take longer,1,and gamble,1,written exit,1,truth telling,1,life that,1
longer and,1,gamble highest,1,plan decision,1,telling not,1,t collapse,1
and be,1,highest regret,1,checkpoint after,1,not impulsivity,1,collapse if,1
be harder,1,regret risk,1,trial choose,1,impulsivity what,1,work friends,1
harder not,1,risk pause,1,choose among,1,what distortion,1,friends health,1
not never,1,pause step,1,among extend,1,distortion looks,1,health routines,1
never the,1,step back,1,trial split,1,this now,1,routines purpose,1
the somatic,1,back lower,1,split time,1,be alone,1,purpose maybe,1
somatic test,1,lower risk,1,time dual,1,alone forever,1,maybe dating,1
test body,1,risk but,1,or commit,1,forever if,1,dating openness,1
body signal,1,can breed,1,commit more,1,ask hard,1,openness later,1
signal when,1,breed regret,1,more permanently,1,might ruin,1,later this,1
think i,1,regret pursue,1,permanently this,1,ruin it,1,the psychological,1
must do,1,it while,1,this approach,1,t i,1,psychological hostage,1
this now,1,also rebuilding,1,approach directly,1,lock this,1,hostage effect,1
now do,1,rebuilding a,1,directly answers,1,this down,1,effect where,1
feel tightened,1,a fuller,1,answers if,1,down move,1,feel you,1
tightened chest,1,fuller life,1,what with,1,move marry,1,you must,1
chest agitation,1,home best,1,with this,1,marry merge,1,avoid going,1
agitation racing,1,best antidote,1,this pursued,1,merge finances,1,to numbness,1
racing thoughts,1,antidote to,1,pursued wisely,1,finances to,1,numbness a,1
thoughts poor,1,scarcity pressure,1,wisely a,1,real it,1,a sentence,1
poor sleep,1,you remain,1,a final,1,produces avoidance,1,sentence you,1
sleep fear,1,remain exclusive,1,final grounding,1,of due,1,her that,1
fear urgency,1,exclusive you,1,grounding question,1,diligence and,1,is loving,1
or steady,1,you only,1,question if,1,and irreversible,1,loving and,1
steady sadness,1,only need,1,imagine future,1,irreversible leaps,1,and firm,1
sadness resolve,1,avoid option,1,future you,1,leaps that,1,firm i,1
resolve realism,1,option a,1,you at,1,are mainly,1,keep choosing,1
realism fear,1,hold both,1,at looking,1,mainly about,1,choosing you,1
fear can,1,both truths,1,looking back,1,about relieving,1,protects us,1
be useful,1,truths i,1,back which,1,relieving anxiety,1,move immediately,1
useful but,1,m all,1,which regret,1,anxiety how,1,immediately but,1
a poor,1,not all,1,regret is,1,tell which,1,can commit,1
poor decision,1,move you,1,is worse,1,one is,1,serious trial,1
decision driver,1,decide yes,1,worse i,1,happening in,1,period and,1
driver for,1,m pursuing,1,moved too,1,you practical,1,timeline to,1
for irreversible,1,pursuing her,1,and damaged,1,practical tests,1,decide if,1
moves a,1,her seriously,1,damaged my,1,tests test,1,s aligned,1
that honors,1,seriously no,1,my stability,1,test a,1,aligned with,1
honors realism,1,no i,1,i took,1,a does,1,with partnership,1
realism without,1,making irreversible,1,took months,1,does the,1,partnership she,1
without obeying,1,evidence catches,1,months to,1,the thought,1,usually prefer,1
obeying panic,1,catches up,1,it properly,1,thought narrow,1,prefer this,1
panic let,1,up that,1,properly before,1,narrow your,1,this over,1
let realism,1,future without,1,before committing,1,your options,1,over a,1
realism change,1,without denying,1,committing if,1,a binary,1,a rushed,1
change how,1,denying your,1,what permanent,1,binary distortion,1,rushed move,1
you gather,1,heart a,1,mean in,1,distortion her,1,that later,1
gather data,1,simple structure,1,mind selling,1,or nothing,1,later implodes,1
data not,1,reduces the,1,healthcare distance,1,nothing reality,1,implodes if,1
not how,1,the pressure,1,distance from,1,reality her,1,me a,1
how fast,1,pressure immediately,1,from your,1,is worth,1,country b,1
fast you,1,immediately set,1,you shape,1,worth pursuing,1,b whether,1
you bind,1,horizon not,1,shape a,1,pursuing permanence,1,c how,1
bind yourself,1,not endless,1,matches that,1,permanence must,1,move and,1
yourself move,1,endless not,1,specific risk,1,be earned,1,month plan,1
move faster,1,not rushed,1,risk last,1,earned if,1,specific checkpoints,1
faster on,1,rushed pick,1,thinking is,1,still name,1,criteria last,1
on hard,1,pick months,1,not always,1,name viable,1,thinking is,1
conversations longer,1,months by,1,always distortion,1,viable alternative,1,not always,1
trial stays,1,month alignment,1,distortion it,1,alternative paths,1,always distortion,1
stays meeting,1,talks completed,1,becomes distortion,1,paths split,1,becomes distortion,1
meeting family,1,completed money,1,distortion when,1,base longer,1,distortion when,1
family clarifying,1,plan by,1,it stops,1,longer trial,1,it stops,1
clarifying kids,1,month one,1,stops being,1,trial continue,1,stops being,1
marriage getting,1,stay done,1,a description,1,continue relationship,1,being a,1
getting insurance,1,done by,1,description of,1,relationship while,1,a sober,1
insurance sorted,1,month decide,1,of constraints,1,while building,1,sober assessment,1
sorted move,1,decide on,1,constraints over,1,building independence,1,assessment of,1
move slower,1,on reversible,1,and turns,1,independence you,1,of constraints,1
slower on,1,relocation vs,1,that bypasses,1,re closer,1,constraints and,1
on selling,1,vs not,1,bypasses evidence,1,closer to,1,and becomes,1
assets permanent,1,not this,1,evidence what,1,reality than,1,a pressure,1
marriage joint,1,this converts,1,reality vs,1,than distortion,1,pressure engine,1
joint finances,1,converts last,1,s distortion,1,distortion test,1,engine that,1
finances this,1,chance anxiety,1,distortion reality,1,test b,1,that overrides,1
this respects,1,anxiety into,1,based scarcity,1,b does,1,overrides due,1
respects the,1,can respect,1,scarcity recognition,1,does urgency,1,diligence when,1
the clock,1,respect keep,1,recognition usually,1,urgency increase,1,honest recognition,1
clock without,1,keep reversibility,1,like my,1,increase your,1,of reality,1
without letting,1,reversibility until,1,my dating,1,your respect,1,reality it,1
letting it,1,have proof,1,dating pool,1,respect for,1,more reality,1
it hijack,1,proof rent,1,pool is,1,for facts,1,the thought,1
hijack you,1,sell the,1,is smaller,1,facts or,1,thought is,1
one sentence,1,the home,1,smaller at,1,or decrease,1,specific probabilistic,1
sentence calibration,1,or don,1,at than,1,decrease it,1,probabilistic and,1
calibration you,1,establish until,1,than at,1,it reality,1,and leads,1
use if,1,the reality,1,at i,1,reality you,1,leads to,1
say this,1,reality build,1,less appetite,1,more willing,1,to constructive,1
and mean,1,build life,1,appetite for,1,discuss children,1,constructive action,1
mean it,1,life oxygen,1,endless uncertainty,1,caregiving visas,1,action examples,1
likely in,1,oxygen outside,1,uncertainty if,1,visas healthcare,1,examples time,1
in realism,1,relationship this,1,want partnership,1,healthcare distortion,1,sensitive constraints,1
realism this,1,about shopping,1,partnership i,1,distortion you,1,constraints are,1
lot so,1,shopping for,1,i should,1,become less,1,real health,1
m going,1,for alternatives,1,should act,1,less willing,1,trajectory energy,1
proceed carefully,1,alternatives it,1,act deliberately,1,willing because,1,energy willingness,1
carefully but,1,about not,1,deliberately not,1,it might,1,relocate and,1
not going,1,the sole,1,not passively,1,might scare,1,relevant her,1
to rush,1,sole answer,1,passively some,1,scare her,1,her fertility,1
rush into,1,answer to,1,some doors,1,her off,1,fertility window,1
into irreversible,1,to loneliness,1,doors fertility,1,off test,1,window your,1
irreversible commitments,1,loneliness strengthen,1,fertility certain,1,test c,1,your dating,1
commitments out,1,health routine,1,certain visas,1,c are,1,dating pipeline,1
of fear,1,routine one,1,visas my,1,you willing,1,pipeline is,1
fear if,1,two weekly,1,my energy,1,to risk,1,is currently,1
t say,1,social commitments,1,energy are,1,risk losing,1,currently low,1
say it,1,commitments this,1,sensitive those,1,losing it,1,low you,1
feels intolerable,1,this makes,1,are factual,1,by going,1,you weren,1
intolerable that,1,makes your,1,factual constraints,1,slower counterintuitive,1,t trying,1
your signal,1,your yes,1,constraints about,1,counterintuitive but,1,trying much,1
signal that,1,yes cleaner,1,time health,1,but strong,1,much for,1
that fear,1,cleaner because,1,social opportunity,1,strong if,1,years so,1
fear is,1,s less,1,opportunity distortion,1,you insist,1,of meeting,1
running the,1,less fear,1,distortion based,1,careful trial,1,meeting someone,1
the show,1,through scarcity,1,based last,1,period even,1,someone similar,1
show if,1,scarcity if,1,chance usually,1,even at,1,similar without,1
irreversible step,1,relationship is,1,like if,1,risk she,1,without changing,1
step you,1,still available,1,t say,1,might leave,1,changing your,1
most tempted,1,available to,1,this exact,1,leave you,1,your behavior,1
tempted to,1,to me,1,situation i,1,thinking more,1,behavior may,1
to take,1,me a,1,be alone,1,more clearly,1,may indeed,1
take sell,1,a year,1,alone forever,1,clearly if,1,indeed be,1
sell home,1,year from,1,forever any,1,re under,1,be low,1
home resign,1,now under,1,any delay,1,under scarcity,1,low opportunity,1
resign leases,1,under careful,1,delay means,1,scarcity pressure,1,opportunity costs,1
leases marry,1,careful pacing,1,means i,1,pressure test,1,costs are,1
marry move,1,pacing would,1,ll lose,1,test d,1,t live,1
assets give,1,would i,1,lose her,1,d are,1,live every,1
you design,1,want it,1,i must,1,you trading,1,every life,1
that satisfies,1,it if,1,must decide,1,trading away,1,life choosing,1
satisfies the,1,yes then,1,decide now,1,away core,1,choosing to,1
the realistic,1,then slow,1,now before,1,core supports,1,invest here,1
realistic part,1,slow is,1,before i,1,supports to,1,here means,1
of last,1,threat it,1,the information,1,to relieve,1,means not,1
chance while,1,a filter,1,information i,1,relieve discomfort,1,not investing,1
while neutralizing,1,filter that,1,d normally,1,discomfort if,1,investing elsewhere,1
neutralizing the,1,protects something,1,normally require,1,if last,1,elsewhere signs,1
the distorted,1,something valuable,1,a risky,1,up doctors,1,s reality,1
distorted part,1,valuable one,1,risky move,1,doctors proximity,1,based in,1
part you,1,sentence to,1,is justified,1,children financial,1,it motivates,1
navigate between,1,her reduces,1,justified because,1,safety and,1,motivates you,1
between those,1,reduces fear,1,the alternative,1,and independent,1,to clarify,1
those errors,1,fear on,1,alternative is,1,life before,1,clarify plan,1
errors by,1,sides i,1,is emotional,1,ordinary compatibility,1,and test,1
by separating,1,it sustainable,1,emotional pain,1,compatibility that,1,to skip,1
separating emotional,1,sustainable step,1,pain that,1,distortion s,1,skip steps,1
emotional commitment,1,step with,1,s when,1,s signature,1,steps you,1
commitment from,1,clear plan,1,when fear,1,signature test,1,say this,1
from structural,1,responds well,1,fear turns,1,test e,1,opportunity so,1
structural commitment,1,well to,1,a possibility,1,e reversibility,1,ll treat,1
commitment you,1,to that,1,possibility into,1,reversibility check,1,it carefully,1
be all,1,that it,1,a certainty,1,check ask,1,carefully not,1
in emotionally,1,s strong,1,certainty and,1,ask is,1,not i,1
emotionally present,1,strong evidence,1,and removes,1,is my,1,i must,1
present affectionate,1,just being,1,removes your,1,my next,1,yes when,1
affectionate serious,1,being swept,1,your agency,1,step reversible,1,more distortion,1
serious while,1,swept along,1,agency how,1,reversible within,1,distortion based,1
while being,1,along by,1,tell which,1,within days,1,becomes global,1
being deliberately,1,by timing,1,one you,1,days at,1,global absolute,1
deliberately slow,1,timing if,1,a self,1,at tolerable,1,absolute and,1
slow and,1,what a,1,self test,1,tolerable cost,1,and binary,1
and evidence,1,yes would,1,test can,1,cost reality,1,binary if,1
evidence based,1,require from,1,state your,1,based last,1,then nothing,1
based with,1,from you,1,chance claim,1,chance action,1,nothing if,1
the irreversible,1,you sell,1,claim in,1,action favors,1,down i,1
irreversible parts,1,sell house,1,in numbers,1,favors reversible,1,her and,1
parts relocation,1,house move,1,numbers write,1,reversible steps,1,be alone,1
up home,1,permanently marry,1,write the,1,year distortion,1,alone forever,1
base healthcare,1,marry and,1,the sentence,1,distortion favors,1,forever i,1
healthcare adopt,1,you convert,1,sentence then,1,favors irreversible,1,t afford,1
adopt a,1,convert it,1,then answer,1,irreversible steps,1,afford to,1
a guiding,1,preserves your,1,answer what,1,steps selling,1,ask hard,1
guiding stance,1,your dignity,1,mean by,1,selling home,1,questions signs,1
stance warm,1,dignity your,1,by last,1,home merging,1,distortion in,1
heart hard,1,relationship and,1,chance last,1,merging assets,1,you you,1
edges warm,1,future last,1,chance to,1,assets permanent,1,feel rushed,1
heart assume,1,not always,1,be loved,1,relocation without,1,rushed ashamed,1
assume goodwill,1,always distortion,1,loved to,1,quick self,1,ashamed of,1
goodwill stay,1,distortion it,1,to remarry,1,self audit,1,of needing,1
stay curious,1,becomes distortion,1,remarry to,1,audit score,1,needing clarity,1
curious let,1,distortion when,1,alive to,1,each no,1,clarity or,1
let yourself,1,s used,1,have sex,1,no partly,1,or afraid,1
yourself love,1,used to,1,sex to,1,partly yes,1,afraid to,1
love don,1,justify decisions,1,a home,1,yes i,1,to set,1
t interrogate,1,decisions your,1,home over,1,can imagine,1,set boundaries,1
interrogate hard,1,your calmer,1,next years,1,imagine a,1,boundaries you,1
edges protect,1,calmer self,1,s my,1,work out,1,re tempted,1
protect health,1,self wouldn,1,my honest,1,out i,1,tempted to,1
health money,1,t endorse,1,honest probability,1,m actively,1,to relieve,1
money legal,1,endorse what,1,of finding,1,actively verifying,1,relieve anxiety,1
legal status,1,s realistic,1,finding a,1,verifying practical,1,anxiety sell,1
status and,1,realistic vs,1,a satisfying,1,practical constraints,1,assets permanently,1
and autonomy,1,vs what,1,satisfying partner,1,constraints visa,1,relocate marry,1
and staged,1,s distorted,1,partner if,1,visa taxes,1,marry quickly,1
staged steps,1,distorted realistic,1,i keep,1,taxes healthcare,1,quickly your,1
steps this,1,realistic recognition,1,keep trying,1,healthcare emergency,1,your standards,1
t hedging,1,recognition tends,1,trying even,1,emergency funds,1,standards quietly,1
hedging it,1,like opportunities,1,a rough,1,funds i,1,quietly drop,1
what responsible,1,opportunities may,1,rough range,1,discuss hard,1,drop i,1
responsible adults,1,be fewer,1,range if,1,topics with,1,later replaces,1
adults do,1,fewer at,1,t quantify,1,her directly,1,replaces i,1
do when,1,at so,1,quantify at,1,directly i,1,know x,1
when stakes,1,should engage,1,all it,1,not rushing,1,x before,1
stakes are,1,engage seriously,1,s often,1,rushing irreversible,1,before y,1
are high,1,seriously when,1,often fear,1,commitments to,1,y a,1
high make,1,something good,1,fear talk,1,to calm,1,to tell,1
staged decision,1,good appears,1,talk if,1,calm anxiety,1,tell the,1
decision ladder,1,appears time,1,can quantify,1,anxiety my,1,the difference,1
ladder so,1,time matters,1,quantify and,1,plan protects,1,difference the,1
t argue,1,matters i,1,still low,1,protects my,1,the option,1
argue with,1,drift i,1,low that,1,and my,1,set test,1
yourself daily,1,should prioritize,1,reality but,1,my medical,1,ask does,1
daily a,1,prioritize what,1,still doesn,1,medical safety,1,does this,1
simple ladder,1,and act,1,prove this,1,safety net,1,this thought,1
ladder step,1,act this,1,answer does,1,net if,1,thought expand,1
step deepen,1,urgency still,1,does last,1,re mostly,1,expand options,1
deepen truth,1,still allows,1,chance force,1,mostly last,1,options or,1
truth now,1,allows good,1,force an,1,is likely,1,or collapse,1
now months,1,good process,1,an irreversible,1,likely distorting,1,collapse them,1
months have,1,process distortion,1,step reality,1,distorting if,1,them reality,1
explicit talks,1,distortion tends,1,based thinking,1,if mostly,1,urgency usually,1
talks children,1,like if,1,thinking supports,1,mostly it,1,usually expands,1
care agree,1,t say,1,supports reversible,1,s more,1,expands into,1
on pace,1,yes now,1,reversible escalation,1,more likely,1,into given,1
pace and,1,now i,1,escalation try,1,likely sober,1,given time,1
what serious,1,be alone,1,try seriously,1,sober realism,1,time what,1
serious means,1,forever slowing,1,seriously gather,1,realism in,1,steps trial,1
means step,1,down will,1,gather evidence,1,case the,1,living healthcare,1
step normal,1,will ruin,1,evidence then,1,the cleanest,1,healthcare planning,1
trial months,1,ruin it,1,decide distortion,1,cleanest way,1,planning explicit,1
there in,1,it any,1,distortion pushes,1,honor reality,1,talks distortion,1
in routine,1,any risk,1,pushes irreversible,1,reality without,1,distortion collapses,1
routine mode,1,is worth,1,irreversible leaps,1,without distortion,1,collapses into,1
mode you,1,worth it,1,leaps sell,1,distortion adopt,1,into only,1
maintain your,1,alternative is,1,sell everything,1,adopt a,1,one move,1
work schedule,1,is nothing,1,everything move,1,yourself commit,1,move counts,1
schedule you,1,nothing i,1,now merge,1,commit to,1,counts right,1
contacts step,1,decide permanently,1,merge finances,1,to exploration,1,still see,1
step evaluate,1,permanently before,1,finances now,1,exploration delay,1,see at,1
evaluate with,1,data this,1,now a,1,delay irreversible,1,least viable,1
with criteria,1,urgency attacks,1,good rule,1,commitments concretely,1,viable paths,1
not mood,1,attacks reversibility,1,rule when,1,concretely a,1,paths trial,1
mood decide,1,reversibility and,1,when information,1,stay a,1,base her,1
decide yes,1,and evidence,1,information is,1,defined trial,1,her visiting,1
no using,1,evidence how,1,is incomplete,1,relocation period,1,visiting you,1
using pre,1,tell which,1,incomplete prefer,1,period a,1,you continuing,1
pre written,1,which one,1,prefer decisions,1,healthcare evacuation,1,continuing without,1
written criteria,1,one you,1,decisions you,1,plan financial,1,without moving,1
criteria step,1,in diagnostics,1,can undo,1,financial boundaries,1,moving yet,1
step only,1,diagnostics you,1,undo does,1,boundaries this,1,yet you,1
consider permanence,1,can actually,1,you shrink,1,this treats,1,re probably,1
permanence longer,1,actually use,1,shrink your,1,treats your,1,probably in,1
residency property,1,use the,1,your standards,1,timeline seriously,1,in reality,1
marriage asset,1,the reversibility,1,standards or,1,seriously while,1,urgency if,1
moves if,1,reversibility test,1,just increase,1,while refusing,1,feel only,1
t tolerate,1,test strongest,1,increase your,1,refusing to,1,one path,1
tolerate step,1,strongest indicator,1,your effort,1,to let,1,path exists,1
step it,1,indicator ask,1,effort healthy,1,let fear,1,exists you,1
it wasn,1,ask am,1,healthy scarcity,1,fear write,1,re likely,1
wasn t,1,i being,1,be more,1,write the,1,likely in,1
t ready,1,being pulled,1,more intentional,1,the contract,1,in distortion,1
for step,1,pulled toward,1,intentional clearer,1,contract if,1,distortion the,1
step define,1,toward irreversible,1,clearer and,1,a the,1,the reversibility,1
define non,1,steps sell,1,and braver,1,country b,1,reversibility test,1
negotiables the,1,home merge,1,braver about,1,b your,1,test highly,1
the guardrails,1,finances rush,1,about dating,1,current health,1,highly diagnostic,1
guardrails that,1,rush marriage,1,dating commitment,1,insurance situation,1,diagnostic ask,1
that prevent,1,marriage burn,1,commitment unhealthy,1,situation i,1,yourself am,1
prevent foolish,1,bridges sooner,1,unhealthy scarcity,1,your real,1,i using,1
foolish pick,1,sooner than,1,ll accept,1,real constraints,1,using last,1
pick typical,1,than necessary,1,accept ambiguity,1,reduces last,1,thinking to,1
typical ones,1,necessary if,1,ambiguity about,1,relationship the,1,irreversible commitment,1
ones in,1,yes last,1,about kids,1,path is,1,commitment before,1
situation no,1,likely distorting,1,healthcare because,1,not cautious,1,before i,1
evacuation plan,1,distorting pace,1,t risk,1,cautious hopeful,1,have irreversible,1
solved keep,1,pace if,1,risk losing,1,hopeful it,1,irreversible level,1
months no,1,can pursue,1,losing this,1,s hopeful,1,level evidence,1
financial transfers,1,pursue her,1,this what,1,hopeful action,1,if last,1
transfers or,1,her while,1,happens to,1,action cautious,1,chance is,1
early clear,1,keeping exit,1,your body,1,cautious structure,1,is pushing,1
no timeline,1,more likely,1,body when,1,structure you,1,toward reversible,1
timeline clear,1,likely realistic,1,a slower,1,your heart,1,reversible information,1
on support,1,realistic prioritization,1,slower path,1,heart open,1,information rich,1
family limits,1,prioritization the,1,path try,1,open while,1,rich steps,1
limits maintain,1,the falsifiability,1,try imagining,1,design the,1,steps it,1
regular access,1,falsifiability test,1,imagining we,1,next steps,1,s functioning,1
children visits,1,test science,1,month phased,1,steps so,1,functioning well,1
visits calls,1,science minded,1,and independent,1,so that,1,well if,1
calls trips,1,minded ask,1,independent footing,1,being wrong,1,s pushing,1
trips non,1,what evidence,1,footing if,1,wrong doesn,1,toward irreversible,1
negotiables don,1,would change,1,feel relief,1,t cost,1,irreversible dependence,1
t kill,1,mind if,1,relief last,1,cost you,1,dependence medical,1
kill love,1,can name,1,likely distortion,1,future replace,1,medical social,1
from bargaining,1,name specific,1,distortion if,1,replace the,1,social legal,1
bargaining with,1,specific disconfirming,1,feel sadness,1,right choice,1,financial before,1
with fear,1,disconfirming evidence,1,sadness but,1,choice problem,1,ve tested,1
fear define,1,evidence pressure,1,but steadiness,1,a right,1,tested routine,1
define what,1,pressure inconsistency,1,steadiness it,1,right sequence,1,conflict it,1
what missing,1,inconsistency incompatibility,1,it may,1,sequence problem,1,s distorting,1
missing something,1,money avoidance,1,be reality,1,problem instead,1,distorting the,1
something real,1,of planning,1,reality plus,1,of deciding,1,the regret,1
real would,1,planning you,1,plus grief,1,deciding now,1,regret comparison,1
would actually,1,clearly if,1,grief about,1,now decide,1,comparison exercise,1
actually look,1,if nothing,1,time in,1,to learn,1,exercise minutes,1
like usually,1,nothing could,1,your case,1,learn next,1,minutes written,1
usually it,1,could change,1,case what,1,next and,1,written write,1
moved too,1,mind you,1,s likely,1,and choose,1,two short,1
too slowly,1,in scarcity,1,likely true,1,choose steps,1,short paragraphs,1
slowly it,1,scarcity capture,1,true the,1,steps that,1,paragraphs a,1
s i,1,capture the,1,odds of,1,increase real,1,a if,1
i stayed,1,the counterfactual,1,of meeting,1,world information,1,go slower,1
stayed emotionally,1,counterfactual calm,1,meeting a,1,information quickly,1,slower what,1
emotionally guarded,1,calm test,1,a similarly,1,quickly keep,1,years b,1
guarded i,1,test imagine,1,similarly strong,1,exits intact,1,b if,1
i avoided,1,imagine she,1,strong connection,1,intact test,1,fast commit,1
avoided hard,1,says i,1,connection may,1,test compatibility,1,commit hard,1
conversations i,1,but let,1,be lower,1,compatibility under,1,hard and,1
i made,1,s take,1,lower than,1,under normal,1,goes badly,1
made her,1,take months,1,than earlier,1,life this,1,badly what,1
her carry,1,months and,1,earlier in,1,this prevents,1,years then,1
carry all,1,it carefully,1,life especially,1,prevents both,1,ask which,1
all uncertainty,1,carefully if,1,been out,1,both errors,1,which regret,1
uncertainty alone,1,relief your,1,the dating,1,errors you,1,more life,1
alone so,1,is mostly,1,dating stream,1,freeze and,1,life altering,1
antidote is,1,mostly about,1,stream for,1,t leap,1,altering and,1
is be,1,about good,1,years but,1,leap blindly,1,and less,1
emotionally explicit,1,good prioritization,1,this does,1,blindly use,1,less recoverable,1
explicit while,1,prioritization if,1,does not,1,use commitments,1,recoverable often,1
while remaining,1,feel panic,1,not logically,1,commitments that,1,often the,1
remaining structurally,1,panic your,1,logically equal,1,that match,1,fast and,1
structurally cautious,1,likely fear,1,equal years,1,match the,1,it implodes,1
cautious tell,1,the options,1,alone you,1,the evidence,1,implodes regret,1
her i,1,options test,1,have levers,1,evidence a,1,one with,1
also careful,1,test detects,1,levers location,1,simple ladder,1,with heavier,1
careful with,1,detects false,1,location effort,1,ladder emotional,1,heavier longer,1
with irreversible,1,false binaries,1,effort social,1,emotional commitment,1,longer consequences,1
decisions i,1,binaries write,1,social networks,1,commitment already,1,consequences healthcare,1
that proves,1,write plausible,1,networks dating,1,already happening,1,healthcare disruption,1
proves we,1,plausible futures,1,dating intent,1,happening honesty,1,disruption asset,1
we work,1,futures besides,1,intent therapy,1,honesty consistency,1,asset loss,1
work in,1,besides move,1,therapy coaching,1,consistency affection,1,loss isolation,1
life use,1,now vs,1,coaching community,1,affection time,1,isolation that,1
use tests,1,vs alone,1,community building,1,time commitment,1,that suggests,1
tests instead,1,forever such,1,building none,1,commitment longer,1,suggests slowing,1
of trust,1,as two,1,none guarantee,1,life stays,1,slowing down,1
trust leaps,1,model for,1,guarantee results,1,stays weeks,1,down is,1
leaps replace,1,months extended,1,results but,1,weeks logistics,1,avoidance it,1
replace do,1,stays building,1,they change,1,logistics commitment,1,s protection,1
i trust,1,language network,1,change probabilities,1,commitment trial,1,protection in,1
trust this,1,network reversible,1,probabilities your,1,with independence,1,your case,1
this with,1,assets continuing,1,your current,1,independence building,1,case a,1
would demonstrate,1,continuing relationship,1,current relationship,1,building legal,1,a balanced,1
demonstrate it,1,without relocating,1,be pursued,1,financial commitment,1,balanced conclusion,1
it key,1,relocating yet,1,pursued seriously,1,commitment only,1,conclusion from,1
key demonstrations,1,yet returning,1,seriously without,1,only after,1,from what,1
demonstrations she,1,returning home,1,without turning,1,the above,1,shared it,1
s steady,1,home periodically,1,turning it,1,above marriage,1,honest that,1
pace she,1,periodically to,1,door the,1,marriage property,1,that this,1
punish boundaries,1,maintain doctors,1,way forward,1,property asset,1,this feels,1
boundaries you,1,doctors children,1,forward honors,1,re tempted,1,feels rare,1
repair after,1,children ties,1,honors time,1,tempted to,1,rare and,1
conflict money,1,ties if,1,time without,1,to jump,1,that time,1
calm you,1,you struggle,1,without panicking,1,jump from,1,time matters,1
function without,1,struggle to,1,panicking use,1,from that,1,matters the,1
bridge add,1,to generate,1,next months,1,s hope,1,likely distortion,1
add one,1,generate options,1,months track,1,hope outrunning,1,distortion risk,1
one external,1,options scarcity,1,a commit,1,outrunning evidence,1,not you,1
external reality,1,scarcity is,1,a non,1,evidence put,1,re wrong,1
check pick,1,is narrowing,1,non naive,1,put decision,1,wrong about,1
pick one,1,narrowing your,1,naive way,1,gates in,1,but that,1
one a,1,your thinking,1,way have,1,calendar removes,1,of returning,1
a therapist,1,thinking the,1,the explicit,1,removes constant,1,returning to,1
therapist coach,1,the values,1,plan do,1,constant rumination,1,loneliness could,1
coach for,1,values vs,1,relocation build,1,rumination set,1,could push,1
for sessions,1,vs anxiety,1,build autonomy,1,set two,1,push you,1
sessions focused,1,anxiety test,1,plan independent,1,review points,1,into premature,1
focused on,1,test ask,1,housing track,1,points for,1,premature permanent,1
on decision,1,i remove,1,b reduce,1,for example,1,relocation despite,1
making not,1,remove fear,1,the terror,1,example after,1,despite known,1
not relationship,1,of loneliness,1,terror of,1,after weeks,1,known vulnerabilities,1
relationship bashing,1,loneliness from,1,of nothing,1,weeks of,1,vulnerabilities language,1
bashing a,1,from the,1,nothing else,1,of normal,1,isolation complex,1
a trusted,1,the equation,1,else not,1,together after,1,risk limited,1
trusted friend,1,equation do,1,to replace,1,relocation at,1,limited crisis,1
friend or,1,want the,1,replace her,1,at each,1,crisis liquidity,1
or sibling,1,same plan,1,but to,1,each gate,1,liquidity so,1
sibling who,1,plan at,1,honest reinvest,1,gate you,1,right move,1
who will,1,same speed,1,reinvest in,1,you review,1,honor urgency,1
will ask,1,speed wanting,1,in friendships,1,review conflict,1,urgency with,1
ask hard,1,wanting her,1,friendships community,1,conflict handling,1,with structure,1
hard questions,1,her may,1,community and,1,handling money,1,structure a,1
and whom,1,may remain,1,and health,1,marriage alignment,1,and no,1
whom you,1,remain wanting,1,routines at,1,alignment your,1,steps until,1
you promise,1,wanting to,1,home decide,1,social independence,1,financial visa,1
promise not,1,rush often,1,what a,1,independence there,1,visa tail,1
to sell,1,often doesn,1,good life,1,there visa,1,covered and,1
sell the,1,do in,1,life even,1,tax healthcare,1,long routine,1
to practical,1,your case,1,if alone,1,healthcare readiness,1,trial one,1
practical professionals,1,case a,1,alone looks,1,readiness whether,1,sentence to,1
professionals immigration,1,gambling adopt,1,like so,1,more free,1,you anchored,1
tax insurance,1,adopt a,1,not bargaining,1,free or,1,anchored rare,1
insurance they,1,a policy,1,bargaining from,1,more trapped,1,rare doesn,1
they cut,1,policy urgency,1,from dread,1,the trend,1,mean rushed,1
cut through,1,urgency for,1,dread keep,1,trend is,1,rushed rare,1
through fantasy,1,for commitment,1,viable return,1,is positive,1,rare means,1
fantasy fast,1,commitment patience,1,option for,1,positive you,1,means i,1
fast a,1,patience for,1,if track,1,you escalate,1,i protect,1
simple internal,1,irreversible logistics,1,b feels,1,escalate one,1,protect this,1
internal rule,1,logistics commit,1,like betrayal,1,one step,1,by going,1
rule for,1,commit emotionally,1,betrayal that,1,step if,1,going stepwise,1
the in,1,emotionally clarity,1,s usually,1,not you,1,stepwise if,1
in between,1,clarity exclusivity,1,usually a,1,you pause,1,you translate,1
between when,1,exclusivity if,1,a sign,1,pause or,1,translate urgency,1
feel pulled,1,if desired,1,sign the,1,or step,1,urgency into,1
pulled to,1,desired serious,1,the last,1,step back,1,specific month,1
to either,1,serious planning,1,chance frame,1,back ask,1,month decision,1
either extreme,1,planning delay,1,frame is,1,prevent self,1,decision path,1
extreme do,1,delay irreversible,1,is running,1,deception without,1,path that,1
this say,1,ve run,1,running the,1,without becoming,1,reduces distortion,1
to connection,1,run an,1,the show,1,becoming cynical,1,distortion without,1
connection say,1,trial and,1,show one,1,cynical these,1,without draining,1
to permanence,1,and solved,1,question that,1,not gotcha,1,draining the,1
permanence that,1,solved healthcare,1,that exposes,1,gotcha questions,1,the life,1
the sweet,1,visa tail,1,exposes distortion,1,questions they,1,life out,1
sweet spot,1,concrete structure,1,distortion fast,1,re reality,1,you navigate,1
spot if,1,structure decision,1,fast if,1,reality questions,1,navigate between,1
want list,1,horizon months,1,i knew,1,questions what,1,between those,1
list your,1,months evidence,1,knew i,1,you expecting,1,those errors,1
your top,1,evidence gates,1,i would,1,expecting about,1,errors by,1
top fears,1,gates alignment,1,would meet,1,it what,1,by changing,1
fears on,1,aging plan,1,meet someone,1,partner owe,1,changing the,1
on each,1,plan one,1,someone else,1,owe your,1,goal from,1
each side,1,stay reversibility,1,else good,1,in hard,1,from be,1
side missing,1,reversibility rules,1,good in,1,hard times,1,be certain,1
missing it,1,rules rent,1,do about,1,times if,1,certain to,1
it vs,1,home medical,1,about this,1,i get,1,make good,1
vs being,1,medical child,1,relationship right,1,sick later,1,good decisions,1
being fooled,1,child ties,1,now if,1,how will,1,decisions under,1
fooled i,1,ties yet,1,still pursue,1,we use,1,under uncertainty,1
you turn,1,yet parallel,1,re likely,1,use paid,1,uncertainty that,1
turn each,1,parallel life,1,likely seeing,1,we find,1,means maximize,1
each fear,1,life building,1,seeing clearly,1,find it,1,maximize learning,1
fear into,1,building strengthen,1,clearly if,1,working after,1,learning while,1
a question,1,health routines,1,answer flips,1,trial how,1,while minimizing,1
question to,1,routines so,1,flips to,1,respectfully a,1,minimizing irreversible,1
ask or,1,so this,1,to i,1,genuine relationship,1,irreversible downside,1
concrete safeguard,1,relationship isn,1,d slow,1,tolerate clarity,1,downside replace,1
safeguard so,1,t your,1,a lot,1,clarity protect,1,replace cautious,1
decision becomes,1,oxygen source,1,lot last,1,against the,1,cautious vs,1
becomes navigable,1,source if,1,is inflating,1,biggest practical,1,vs hopeful,1
navigable rather,1,what yes,1,inflating the,1,practical failure,1,hopeful with,1
than emotional,1,yes concretely,1,to take,1,failure mode,1,with two,1
emotional tug,1,concretely entails,1,take your,1,mode dependency,1,two dials,1
tug of,1,entails sell,1,your sovereignty,1,dependency make,1,dials you,1
of war,1,home permanent,1,sovereignty in,1,will not,1,can control,1
war it,1,move marriage,1,in this,1,not permanently,1,control dial,1
answer in,1,country then,1,re perfectly,1,permanently relocate,1,dial a,1
the sense,1,design the,1,perfectly rational,1,relocate until,1,a emotional,1
sense that,1,the least,1,rational you,1,workable healthcare,1,emotional openness,1
s coherent,1,regret path,1,need a,1,plan including,1,openness keep,1
coherent adult,1,that honors,1,that makes,1,including complex,1,it high,1
adult and,1,honors time,1,makes your,1,care and,1,high let,1
not manipulative,1,time without,1,your choice,1,evacuation an,1,let yourself,1
manipulative she,1,without surrendering,1,choice yours,1,fund for,1,yourself love,1
t over,1,surrendering to,1,yours not,1,for exit,1,love enjoy,1
over romanticize,1,scarcity the,1,not fear,1,exit stabilization,1,enjoy plan,1
romanticize she,1,the middle,1,fear s,1,stabilization at,1,be vulnerable,1
t pressure,1,path is,1,boxed evidence,1,two independent,1,vulnerable don,1
she named,1,not medium,1,evidence seeking,1,social anchors,1,t turn,1
named something,1,medium caution,1,seeking and,1,anchors there,1,turn caution,1
something many,1,s high,1,and reversible,1,there groups,1,caution into,1
people legitimately,1,high warmth,1,reversible where,1,groups friends,1,into distance,1
legitimately want,1,warmth high,1,where possible,1,activities basic,1,distance or,1
who feels,1,high structure,1,possible if,1,language or,1,or testing,1
feels steady,1,forward deliberately,1,what irreversible,1,or functional,1,testing her,1
and emotionally,1,deliberately but,1,step you,1,functional competence,1,her constantly,1
emotionally safe,1,t freeze,1,most tempted,1,competence for,1,constantly dial,1
safe acknowledging,1,freeze use,1,tempted toward,1,for daily,1,dial b,1
acknowledging people,1,use progressive,1,toward selling,1,daily tasks,1,b structural,1
people will,1,commitment the,1,healthcare distancing,1,tasks a,1,structural commitment,1
will judge,1,core strategy,1,distancing from,1,a maintained,1,commitment increase,1
judge us,1,strategy progressive,1,from children,1,maintained connection,1,increase slowly,1
us is,1,commitment means,1,yes sequence,1,connection rhythm,1,slowly the,1
also realistic,1,means increase,1,sequence that,1,rhythm with,1,the bigger,1
realistic and,1,increase commitment,1,time while,1,this keeps,1,bigger the,1
and suggests,1,commitment in,1,while protecting,1,keeps love,1,the irreversible,1
suggests she,1,in ways,1,protecting you,1,love from,1,cost healthcare,1
not naïve,1,ways that,1,the specific,1,only support,1,healthcare isolation,1
naïve about,1,are reversible,1,specific downside,1,support beam,1,isolation legal,1
the optics,1,reversible first,1,downside you,1,beam a,1,legal status,1
optics what,1,first make,1,d most,1,quick internal,1,status finances,1
what makes,1,after time,1,most regret,1,internal compass,1,finances the,1
it incomplete,1,typically looks,1,regret replace,1,compass do,1,more evidence,1
incomplete is,1,like emotional,1,replace pick,1,feel expanded,1,evidence you,1
still high,1,commitment and,1,pick the,1,expanded or,1,you require,1
high level,1,clarity now,1,right belief,1,or narrowed,1,require this,1
level stable,1,now practical,1,belief with,1,narrowed after,1,avoid cynicism,1
stable serious,1,practical entanglement,1,with run,1,after interactions,1,cynicism and,1
serious calm,1,entanglement selling,1,run the,1,interactions and,1,and avoid,1
calm those,1,home marriage,1,right process,1,and decisions,1,avoid foolishness,1
those can,1,visa buying,1,process you,1,decisions ask,1,foolishness use,1
can mean,1,property merging,1,her motives,1,ask do,1,use staged,1
mean very,1,merging money,1,motives with,1,more myself,1,commitments the,1
very different,1,later this,1,certainty you,1,myself more,1,core technique,1
different things,1,from foolishness,1,can design,1,more capable,1,technique a,1
to different,1,foolishness without,1,where being,1,capable more,1,practical ladder,1
different people,1,without starving,1,being wrong,1,more connected,1,ladder continue,1
people and,1,starving something,1,wrong isn,1,reality good,1,continue building,1
and they,1,real decide,1,catastrophic and,1,sign or,1,building more,1
they can,1,decide what,1,and being,1,or do,1,more time,1
be about,1,re optimizing,1,being right,1,feel anxious,1,together more,1
your character,1,optimizing for,1,right still,1,anxious rushed,1,more ordinary,1
character or,1,for least,1,still leads,1,rushed secretive,1,life more,1
or about,1,regret not,1,leads to,1,secretive cut,1,more people,1
what your,1,not maximum,1,to commitment,1,cut off,1,people in,1
life represents,1,maximum certainty,1,commitment a,1,off from,1,in each,1
represents the,1,t get,1,practical target,1,others afraid,1,each other,1
to invite,1,get certainty,1,target maximize,1,ask questions,1,other s,1
specificity and,1,certainty here,1,maximize expected,1,questions warning,1,s circles,1
then see,1,d still,1,expected value,1,warning sign,1,circles trial,1
her answers,1,still respect,1,value under,1,sign healthy,1,months routine,1
answers stay,1,respect if,1,under uncertainty,1,healthy love,1,workdays minor,1
stay consistent,1,it failed,1,uncertainty by,1,to expand,1,conflicts family,1
and across,1,failed a,1,by a,1,expand you,1,events rent,1
across boundaries,1,relationship structure,1,a increasing,1,you precarious,1,buy split,1
to follow,1,that stays,1,increasing information,1,precarious love,1,period if,1
up without,1,healthy if,1,information fast,1,to narrow,1,feasible months,1
turning it,1,it succeeds,1,b limiting,1,narrow you,1,language community,1
it into,1,succeeds that,1,limiting downside,1,you one,1,community medical,1
into an,1,the sweet,1,downside while,1,sentence that,1,plan permanent,1
interrogation ask,1,sweet spot,1,learn use,1,captures the,1,permanent decision,1
for concrete,1,spot create,1,yes escalation,1,path and,1,decision only,1
concrete examples,1,create two,1,escalation ladder,1,m all,1,after compatibility,1
examples what,1,two guardrails,1,ladder only,1,all in,1,compatibility under,1
what have,1,guardrails that,1,only move,1,in on,1,stress visa,1
i done,1,that prevent,1,move up,1,on exploring,1,visa clarity,1
done that,1,prevent both,1,up when,1,exploring us,1,clarity catastrophic,1
me when,1,both errors,1,when tests,1,seriously and,1,plan liquidity,1
when did,1,errors guardrail,1,tests pass,1,m going,1,buffer each,1
you first,1,excessive caution,1,pass level,1,going to,1,each stage,1
first start,1,caution scheduled,1,level keep,1,we protect,1,stage answers,1
start feeling,1,scheduled forward,1,keep dating,1,protect what,1,answers specific,1
feeling that,1,motion set,1,dating now,1,building and,1,specific questions,1
that way,1,timeline e,1,now calls,1,and neither,1,questions you,1
way what,1,months with,1,visits warmth,1,us ends,1,need faith,1
does serious,1,with concrete,1,warmth no,1,ends up,1,faith to,1
serious look,1,concrete steps,1,steps level,1,up trapped,1,next rung,1
day you,1,steps so,1,level clarity,1,ve decided,1,rung just,1
for lived,1,drift plan,1,clarity agreements,1,decided about,1,just evidence,1
lived experience,1,next meaningful,1,agreements kids,1,short checklist,1,evidence put,1
experience how,1,meaningful real,1,obligations exclusivity,1,checklist for,1,put guardrails,1
you speak,1,exposure week,1,exclusivity conflict,1,for each,1,guardrails in,1
speak to,1,week stay,1,style level,1,each decision,1,writing so,1
her how,1,routine guardrail,1,level normal,1,gate so,1,longing examples,1
handle conflict,1,excessive hope,1,country in,1,not carrying,1,examples of,1
conflict reliability,1,hope irreversibility,1,mode level,1,carrying this,1,of guardrails,1
reliability kindness,1,irreversibility rules,1,level dual,1,this alone,1,guardrails that,1
kindness not,1,rules for,1,base period,1,alone in,1,that fit,1
just labels,1,year no,1,months splitting,1,your head,1,fit your,1
labels clarify,1,property purchase,1,splitting time,1,head yes,1,situation no,1
clarify the,1,purchase no,1,time keep,1,yes overall,1,no selling,1
negotiables behind,1,accounts large,1,viable home,1,overall it,1,assets no,1
behind serious,1,large transfers,1,base and,1,good answer,1,purchase abroad,1
serious when,1,transfers keep,1,and medical,1,answer with,1,abroad for,1
imagine a,1,ties children,1,medical continuity,1,with two,1,least months,1
serious relationship,1,children doctors,1,continuity level,1,two important,1,months separate,1
relationship do,1,doctors prematurely,1,level permanent,1,important positives,1,finances clear,1
you mean,1,prematurely if,1,relocation legal,1,positives she,1,method no,1
mean marriage,1,genuine these,1,legal commitments,1,she described,1,loans no,1
marriage when,1,these guardrails,1,commitments only,1,described an,1,no funding,1
when do,1,guardrails usually,1,after levels,1,an internal,1,funding relatives,1
timeline what,1,usually build,1,levels are,1,internal experience,1,relatives maintain,1
expectations would,1,build trust,1,are stable,1,experience with,1,access or,1
family have,1,trust rather,1,stable rule,1,you rather,1,a credible,1
serious partner,1,than damage,1,rule don,1,than only,1,credible substitute,1
partner gently,1,damage it,1,t advance,1,only external,1,substitute until,1
gently test,1,it make,1,advance levels,1,external benefits,1,until complex,1
test alignment,1,the unknowns,1,levels to,1,benefits that,1,covered pre,1
alignment with,1,unknowns testable,1,to relieve,1,a meaningful,1,pre agreed,1
your cautious,1,testable turn,1,relieve anxiety,1,meaningful relational,1,agreed review,1
cautious approach,1,turn feelings,1,anxiety advance,1,relational signal,1,dates at,1
approach i,1,feelings into,1,advance only,1,signal she,1,assess x,1
base then,1,into evidence,1,when new,1,she acknowledged,1,x at,1
then decide,1,not choosing,1,new evidence,1,acknowledged social,1,assess y,1
decide would,1,choosing between,1,evidence supports,1,social judgment,1,y guardrails,1
that feel,1,between cynicism,1,supports it,1,judgment which,1,guardrails aren,1
okay to,1,cynicism and,1,it build,1,which implies,1,t distrust,1
healthy answer,1,and fantasy,1,build guardrails,1,implies she,1,distrust they,1
is some,1,fantasy you,1,guardrails that,1,not pretending,1,re how,1
some version,1,re gathering,1,that protect,1,pretending the,1,how adults,1
of disappointment,1,gathering data,1,protect you,1,gap optics,1,adults protect,1
disappointment maybe,1,data tests,1,you without,1,optics don,1,protect love,1
maybe but,1,tests to,1,without accusing,1,t exist,1,love from,1
but respect,1,run in,1,accusing her,1,exist and,1,damage choose,1
and collaboration,1,months alignment,1,her these,1,and may,1,small number,1
collaboration not,1,alignment talk,1,these reduce,1,be anticipating,1,number of,1
not guilt,1,talk money,1,reduce hopeful,1,anticipating real,1,of must,1
pressure how,1,plan boundary,1,hopeful foolishness,1,real friction,1,must answer,1
to interpret,1,test propose,1,foolishness while,1,friction rather,1,answer questions,1
interpret tired,1,plan see,1,still allowing,1,than idealizing,1,to prevent,1
tired of,1,see if,1,allowing love,1,idealizing what,1,prevent endless,1
of men,1,collaborates or,1,love separate,1,s missing,1,endless analysis,1
men her,1,or pressures,1,early proportional,1,missing isn,1,analysis pick,1
her age,1,pressures ordinary,1,expenses only,1,a red,1,pick non,1
age who,1,trial work,1,after cohabitation,1,flag it,1,negotiable uncertainties,1
who play,1,hours there,1,cohabitation proves,1,s simply,1,uncertainties to,1
play games,1,there handle,1,proves stable,1,simply the,1,to resolve,1
games this,1,chores errands,1,stable exit,1,next layer,1,resolve before,1
be entirely,1,errands mild,1,logistics that,1,layer you,1,relocation children,1
entirely normal,1,stress independence,1,that lets,1,need before,1,timeline marriage,1
normal dating,1,independence test,1,you leave,1,you make,1,marriage yes,1
dating fatigue,1,test build,1,drama if,1,make big,1,legal implications,1
fatigue and,1,build some,1,needed healthcare,1,big moves,1,implications money,1
also be,1,some social,1,plan where,1,moves what,1,obligations where,1
a mild,1,social functional,1,happens how,1,s strong,1,complex medical,1
mild yellow,1,functional capacity,1,there how,1,strong about,1,medical care,1
yellow flag,1,capacity without,1,pay insurance,1,it green,1,care how,1
flag if,1,her language,1,evac crisis,1,flags preference,1,will avoid,1
becomes i,1,basics groups,1,fund independence,1,preference for,1,avoid isolation,1
because men,1,groups errands,1,routines so,1,for seriousness,1,isolation language,1
men my,1,errands solo,1,t your,1,seriousness stability,1,language your,1
my age,1,solo tail,1,your sole,1,stability is,1,own community,1
age are,1,plan insurance,1,sole support,1,normal legitimate,1,community if,1
are bad,1,evacuation defined,1,system guardrails,1,legitimate reason,1,if those,1
bad rather,1,fund if,1,guardrails are,1,reason to,1,those aren,1
than i,1,fund it,1,not cynicism,1,choose a,1,t answerable,1
because of,1,it you,1,cynicism they,1,partner especially,1,answerable the,1
of who,1,relocation each,1,re engineering,1,especially at,1,move isn,1
who you,1,these produces,1,engineering use,1,at calm,1,t ready,1
good follow,1,produces observable,1,use two,1,calm often,1,ready use,1
up what,1,observable outcomes,1,two calibrated,1,with compatibility,1,use behavior,1
you appreciate,1,outcomes use,1,calibrated tests,1,compatibility conflict,1,behavior based,1
appreciate about,1,simple decision,1,tests to,1,style nervous,1,based evidence,1
t find,1,decision rule,1,avoid both,1,nervous system,1,not reassurance,1
find in,1,rule a,1,both errors,1,system fit,1,reassurance ask,1
in others,1,good middle,1,errors a,1,fit trust,1,ask less,1
others besides,1,path rule,1,detects exploitation,1,trust awareness,1,less do,1
besides age,1,rule is,1,exploitation instability,1,awareness of,1,watch more,1
age bottom,1,is move,1,instability state,1,of judgment,1,more how,1
line green,1,forward if,1,state one,1,judgment suggests,1,she responds,1
flag not,1,if behavior,1,firm boundary,1,suggests realism,1,responds to,1
final verdict,1,behavior stays,1,boundary timeline,1,realism and,1,to not,1
verdict it,1,time she,1,timeline or,1,and some,1,yet timeline,1
a reasonable,1,supports clarity,1,or money,1,some willingness,1,timeline how,1
reasonable why,1,clarity and,1,money healthy,1,to bear,1,handles no,1
need it,1,pacing you,1,but respect,1,bear costs,1,no boundaries,1
it connected,1,a viable,1,respect no,1,costs what,1,boundaries how,1
connected to,1,viable medical,1,no punishment,1,still too,1,two repair,1
to specifics,1,financial safety,1,punishment no,1,too generic,1,repair conflict,1
specifics and,1,net and,1,no urgency,1,generic needs,1,conflict whether,1
and matched,1,create some,1,urgency escalation,1,needs follow,1,independence whether,1
matched with,1,some independence,1,escalation b,1,up her,1,whether affection,1
clear discussions,1,independence in,1,b ordinary,1,answer mostly,1,affection stays,1
discussions about,1,in country,1,ordinary stress,1,mostly describes,1,stays steady,1
aging plus,1,country slow,1,detects incompatibility,1,describes a,1,steady when,1
plus evidence,1,if pressure,1,incompatibility during,1,a category,1,when life,1
she accepts,1,pressure increases,1,trial include,1,category of,1,is boring,1
accepts a,1,increases stories,1,include chores,1,of man,1,boring add,1
reversible path,1,stories commitments,1,chores budgets,1,man stable,1,external reality,1
path if,1,commitments become,1,budgets family,1,stable serious,1,check pick,1
you said,1,become inconsistent,1,time bureaucracy,1,serious and,1,one a,1
said in,1,inconsistent you,1,conversation watch,1,with peers,1,counselor session,1
in response,1,isolated dependent,1,not harmony,1,peers games,1,session together,1
response even,1,dependent or,1,harmony put,1,games it,1,together or,1
even roughly,1,or the,1,calendar temporal,1,t yet,1,or one,1
roughly i,1,the healthcare,1,temporal discipline,1,yet tell,1,who knows,1
next two,1,visa financial,1,discipline examples,1,tell you,1,knows the,1
two questions,1,plan can,1,examples in,1,she values,1,full picture,1
tone warm,1,made robust,1,in days,1,values about,1,picture the,1
warm while,1,robust how,1,days clarity,1,you specifically,1,purpose is,1
while getting,1,to communicate,1,obligations after,1,specifically what,1,to judge,1
getting the,1,communicate this,1,after next,1,is envisioning,1,judge her,1
most clarifying,1,without killing,1,person decide,1,envisioning in,1,her it,1
clarifying information,1,killing romance,1,decide whether,1,in concrete,1,to catch,1
information you,1,romance try,1,whether to,1,concrete terms,1,catch you,1
re noticing,1,serious i,1,trial at,1,terms marriage,1,you when,1
noticing a,1,us step,1,at month,1,children timeline,1,when emotion,1
real problem,1,step if,1,month of,1,finances caregiving,1,emotion compresses,1
problem it,1,it right,1,of trial,1,expectations generic,1,compresses your,1
it fits,1,right we,1,stay adjust,1,generic answers,1,rule to,1
fits what,1,be stronger,1,adjust leave,1,answers can,1,to hold,1
want is,1,not slower,1,leave decision,1,sincere but,1,hold the,1
s false,1,slower a,1,decision based,1,should convert,1,the center,1
false it,1,real partner,1,on agreed,1,convert general,1,center be,1
s just,1,partner typically,1,agreed criteria,1,general into,1,be all,1
just not,1,typically hears,1,criteria annual,1,into specific,1,all in,1
true the,1,hears that,1,annual review,1,specific because,1,in emotionally,1
way out,1,that as,1,review update,1,because your,1,emotionally be,1
to stop,1,as devotion,1,update aging,1,your next,1,be stepwise,1
stop treating,1,devotion plus,1,and finances,1,next decisions,1,stepwise materially,1
treating sincerity,1,plus maturity,1,this prevents,1,are high,1,materially if,1
sincerity as,1,maturity a,1,prevents drifting,1,high stakes,1,of timeline,1
feel and,1,plan minimal,1,drifting into,1,stakes the,1,s asking,1
start treating,1,minimal effective,1,into permanence,1,best follow,1,asking for,1
treating it,1,effective schedule,1,permanence by,1,up question,1,country it,1
you infer,1,call explicitly,1,by inertia,1,question non,1,ll propose,1
infer from,1,explicitly for,1,inertia a,1,non insulting,1,checkpoints that,1
from evidence,1,expectations schedule,1,simple scoring,1,insulting deepening,1,s neither,1
evidence shift,1,call for,1,scoring matrix,1,deepening you,1,neither timid,1
shift from,1,for marriage,1,matrix keeps,1,that means,1,timid nor,1
from do,1,plan plan,1,keeps your,1,means a,1,nor reckless,1
i believe,1,plan an,1,honest rate,1,few specific,1,reckless yes,1
believe her,1,gate in,1,rate each,1,moments when,1,yes as,1
to what,1,in parallel,1,each no,1,you felt,1,as far,1
i expect,1,parallel price,1,no unclear,1,felt calm,1,far as,1
expect to,1,price international,1,unclear yes,1,me or,1,as these,1
true if,1,health evacuation,1,yes proceed,1,or things,1,conversations go,1
her calm,1,coverage and,1,proceed to,1,things i,1,go it,1
calm stability,1,and set,1,next level,1,i did,1,a positive,1
stability story,1,your exit,1,level only,1,did that,1,positive signal,1
story is,1,exit emergency,1,if most,1,you trust,1,signal why,1
is sincere,1,to and,1,most are,1,trust me,1,sign she,1
sincere you,1,would practically,1,and none,1,me listen,1,she gave,1
expect she,1,practically mean,1,none are,1,examples how,1,gave a,1
can point,1,mean sell,1,are in,1,you handled,1,a coherent,1
point to,1,vs keep,1,in critical,1,handled a,1,coherent why,1
to specific,1,keep desired,1,areas critical,1,a conflict,1,why that,1
specific moments,1,desired timeline,1,areas kids,1,conflict kept,1,t transactional,1
moments how,1,timeline i,1,marriage alignment,1,kept a,1,transactional on,1
you handled,1,a tight,1,alignment money,1,a promise,1,on its,1
handled a,1,tight personalized,1,expectations clarity,1,promise treated,1,its face,1
a misunderstanding,1,personalized phased,1,clarity boundary,1,treated staff,1,face wanting,1
misunderstanding how,1,yes overall,1,respect conflict,1,staff family,1,wanting stability,1
treated her,1,overall it,1,repair skills,1,family responded,1,stability seriousness,1
family how,1,good answer,1,skills family,1,responded when,1,seriousness and,1
you listened,1,answer with,1,obligations understood,1,when she,1,and feeling,1
listened she,1,one important,1,understood your,1,she was,1,feeling calm,1
she remains,1,important caveat,1,social transport,1,was stressed,1,calm are,1
remains warm,1,caveat what,1,transport healthcare,1,stressed specificity,1,common legitimate,1
warm when,1,good about,1,healthcare crisis,1,specificity is,1,legitimate partner,1
are less,1,it she,1,crisis plan,1,is hard,1,partner selection,1
less convenient,1,s naming,1,plan funded,1,time turn,1,selection reasons,1
convenient busy,1,naming qualities,1,insured visa,1,turn judgment,1,reasons it,1
busy work,1,qualities not,1,legality clarified,1,judgment into,1,s specific,1
work week,1,not demands,1,clarified with,1,practical compatibility,1,specific enough,1
week fatigue,1,demands stable,1,with professionals,1,compatibility test,1,be testable,1
fatigue saying,1,stable serious,1,professionals keep,1,test ask,1,testable you,1
saying no,1,are relationship,1,a third,1,ask how,1,can observe,1
no she,1,relationship centered,1,third path,1,handle judgment,1,observe whether,1
careful pace,1,centered reasons,1,path in,1,from friends,1,actually values,1
pace trial,1,reasons and,1,in view,1,family coworkers,1,values seriousness,1
stay boundaries,1,calm is,1,view prevents,1,coworkers if,1,seriousness accepts,1
boundaries because,1,often a,1,prevents false,1,it happens,1,accepts a,1
because seriousness,1,strong indicator,1,false binaries,1,happens what,1,plan respects,1
seriousness includes,1,indicator of,1,binaries you,1,want me,1,boundaries handles,1
includes prudence,1,of felt,1,choose between,1,do and,1,handles conflict,1
prudence if,1,felt safety,1,between miss,1,this reveals,1,conflict maturely,1
s primarily,1,safety compatibility,1,miss love,1,reveals resilience,1,maturely she,1
primarily strategic,1,compatibility she,1,and bet,1,resilience boundaries,1,she acknowledged,1
strategic you,1,s comparing,1,bet everything,1,expects you,1,acknowledged judgment,1
expect vague,1,comparing patterns,1,everything dual,1,solve social,1,judgment that,1
vague compliments,1,patterns not,1,base living,1,pressure with,1,s realism,1
compliments with,1,not idealizing,1,living longer,1,with money,1,realism people,1
little detail,1,idealizing you,1,longer trials,1,money marriage,1,who are,1
detail increased,1,you men,1,trials her,1,marriage speed,1,purely chasing,1
increased pressure,1,men my,1,her visiting,1,speed the,1,chasing fantasy,1
pressure when,1,my age,1,visiting relocating,1,next required,1,fantasy often,1
down affection,1,age play,1,relocating temporarily,1,required topics,1,often minimize,1
affection that,1,play games,1,temporarily a,1,topics because,1,minimize downsides,1
that fluctuates,1,games is,1,regional third,1,because stable,1,downsides she,1
fluctuates with,1,a common,1,place with,1,stable and,1,s naming,1
provide time,1,common believable,1,with better,1,and serious,1,naming one,1
money commitment,1,believable motive,1,better healthcare,1,serious can,1,one what,1
commitment milestones,1,motive for,1,healthcare infrastructure,1,can imply,1,it still,1
milestones use,1,for seeking,1,infrastructure the,1,imply them,1,still doesn,1
the specificity,1,seeking a,1,sentence that,1,them stability,1,t answer,1
specificity test,1,more mature,1,that threads,1,stability seriousness,1,stable can,1
test kindly,1,mature partner,1,threads the,1,seriousness often,1,mean stable,1
kindly people,1,partner she,1,the needle,1,often implicitly,1,stable is,1
people who,1,she acknowledged,1,needle you,1,implicitly points,1,is ambiguous,1
who are,1,acknowledged judgment,1,can tell,1,to marriage,1,ambiguous across,1
are sincere,1,judgment that,1,m saying,1,marriage does,1,across cultures,1
sincere usually,1,that shows,1,saying yes,1,she mean,1,cultures and,1
usually can,1,shows she,1,also going,1,mean that,1,life situations,1
can answer,1,not naive,1,in stages,1,that children,1,situations it,1
are three,1,naive about,1,stages so,1,that part,1,mean emotionally,1
three things,1,the optics,1,us gets,1,of serious,1,emotionally steady,1
things you,1,optics and,1,gets trapped,1,serious for,1,steady and,1
you admire,1,and potential,1,trapped if,1,her timeline,1,and faithful,1
my character,1,potential friction,1,real we,1,timeline how,1,faithful good,1
character when,1,friction she,1,ll only,1,soon does,1,good consistent,1
when have,1,s already,1,only get,1,want major,1,and mature,1
i disappointed,1,already thinking,1,get stronger,1,major commitments,1,mature good,1
disappointed you,1,thinking in,1,stronger if,1,commitments money,1,good financially,1
how did,1,world terms,1,concrete staged,1,does stable,1,financially secure,1
did it,1,terms the,1,staged plan,1,stable mean,1,secure provider,1
it affect,1,the caveat,1,with the,1,mean day,1,provider not,1
t like,1,caveat stable,1,relevant legal,1,day a,1,not inherently,1
like about,1,stable can,1,healthcare checks,1,clean transition,1,inherently bad,1
but accept,1,mean emotionally,1,checks and,1,transition line,1,but must,1
accept strategic,1,emotionally steady,1,realistic timeline,1,line when,1,explicit or,1
strategic answers,1,steady reliable,1,timeline it,1,say serious,1,or able,1
answers tend,1,reliable consistent,1,answer in,1,serious do,1,to take,1
avoid negatives,1,consistent great,1,the sense,1,imagine marriage,1,take me,1
negatives or,1,great and,1,sense that,1,marriage do,1,me out,1
or stay,1,or financially,1,it points,1,feels right,1,of uncertainty,1
stay generic,1,financially secure,1,points to,1,you how,1,uncertainty can,1
generic this,1,secure socially,1,to relationship,1,to interpret,1,unspoken so,1
to trap,1,socially elevated,1,relationship relevant,1,interpret it,1,so treat,1
trap her,1,elevated a,1,relevant motives,1,it over,1,treat her,1
her it,1,a safer,1,motives calm,1,time the,1,answer as,1
she relates,1,safer life,1,calm stability,1,test treat,1,as green,1
relates to,1,life trajectory,1,stability seriousness,1,this answer,1,green leaning,1
a whole,1,trajectory not,1,seriousness and,1,answer as,1,leaning but,1
whole person,1,not inherently,1,social realism,1,promising hypothesis,1,but incomplete,1
person use,1,inherently bad,1,realism people,1,hypothesis confirmation,1,incomplete the,1
the costly,1,bad but,1,people will,1,confirmation comes,1,best follow,1
costly signal,1,but must,1,will judge,1,comes if,1,up keeps,1
signal test,1,made explicit,1,judge us,1,she also,1,keeps it,1
most reliable,1,explicit so,1,us rather,1,also supports,1,it warm,1
reliable sincerity,1,unspoken contract,1,than immediate,1,plan trial,1,warm gets,1
sincerity shows,1,contract so,1,immediate transactional,1,stay not,1,gets clarity,1
up when,1,flag not,1,transactional goals,1,not rushed,1,say something,1
when there,1,conclusion the,1,goals nothing,1,rushed permanent,1,like that,1
a cost,1,best follow,1,nothing in,1,move remains,1,that meant,1
the person,1,follow ups,1,you quoted,1,remains consistent,1,meant a,1
person stays,1,ups keep,1,quoted is,1,set boundaries,1,lot to,1
stays consistent,1,keep them,1,a red,1,boundaries time,1,to hear,1
consistent costs,1,them warm,1,flag by,1,time money,1,hear when,1
costs don,1,warm but,1,by itself,1,money pace,1,say stable,1
be dramatic,1,but make,1,itself what,1,pace engages,1,stable do,1
dramatic you,1,make them,1,is remove,1,engages the,1,you mean,1
staged move,1,them concrete,1,remove uncertainty,1,topics directly,1,mean mostly,1
move and,1,concrete you,1,uncertainty because,1,directly without,1,mostly emotional,1
and keeping,1,two calm,1,still high,1,guilt or,1,emotional stability,1
a no,1,calm conversations,1,high level,1,want paste,1,stability or,1
big money,1,define stable,1,level stable,1,paste roughly,1,or also,1
money boundary,1,stable when,1,and serious,1,roughly what,1,also financial,1
boundary you,1,say stable,1,serious can,1,you replied,1,financial stability,1
prioritize visiting,1,stable what,1,can mean,1,replied to,1,stability what,1
visa steps,1,that mean,1,mean very,1,me whether,1,do in,1
steps if,1,emotionally financially,1,very different,1,marriage were,1,in everyday,1
s sincere,1,financially lifestyle,1,different things,1,were discussed,1,everyday life,1
sincere she,1,lifestyle what,1,practice and,1,discussed i,1,life money,1
be disappointed,1,would make,1,and sometimes,1,next conversation,1,housing helping,1
will collaborate,1,feel secure,1,sometimes it,1,it stays,1,family plans,1
collaborate if,1,secure in,1,s partly,1,stays warm,1,plans for,1
ll often,1,in our,1,partly code,1,warm but,1,the future,1
often see,1,our day,1,code for,1,but gets,1,future then,1
see guilt,1,day life,1,for reliable,1,gets you,1,ask two,1
urgency anger,1,together future,1,reliable provider,1,the concrete,1,two concrete,1
or escalating,1,future structure,1,provider even,1,concrete clarity,1,concrete items,1
escalating demands,1,structure what,1,even when,1,clarity you,1,items you,1
demands use,1,you living,1,when someone,1,need you,1,need kids,1
use time,1,together marriage,1,someone is,1,become objective,1,kids timeline,1
time as,1,timeline do,1,is sincere,1,objective by,1,you marriage,1
an ally,1,you imagining,1,sincere the,1,by trying,1,that how,1
ally not,1,imagining money,1,the way,1,feel suspicious,1,interpret her,1
an enemy,1,expectations what,1,evaluate it,1,suspicious enough,1,answer over,1
enemy manipulation,1,expect regarding,1,it honestly,1,enough you,1,time the,1
manipulation is,1,regarding supporting,1,honestly is,1,become clearer,1,real test,1
is hard,1,supporting your,1,to translate,1,clearer by,1,answer becomes,1
sustain when,1,family if,1,translate it,1,by shifting,1,becomes better,1
when months,1,if anything,1,into specifics,1,shifting from,1,better if,1
months pass,1,anything if,1,specifics and,1,from is,1,accepts your,1
pass routines,1,emergency happened,1,then watch,1,this the,1,your staged,1
routines replace,1,happened what,1,watch whether,1,the perfect,1,staged approach,1
replace novelty,1,you hope,1,whether her,1,perfect answer,1,approach trial,1
novelty you,1,hope a,1,behavior stays,1,answer to,1,yet supports,1
you meet,1,partner would,1,stays consistent,1,to does,1,you building,1
your boundaries,1,would do,1,s strong,1,does her,1,building independence,1
boundaries stay,1,do age,1,strong about,1,her behavior,1,independence there,1
steady that,1,gap realism,1,answer green,1,behavior keep,1,there language,1
s why,1,realism when,1,green leaning,1,keep matching,1,language friends,1
why your,1,what concerns,1,leaning signals,1,matching her,1,routines can,1
your best,1,concerns you,1,signals she,1,her story,1,can discuss,1
best protection,1,most about,1,she named,1,story under,1,without defensiveness,1
protection is,1,difference if,1,named a,1,under conditions,1,defensiveness or,1
longer normal,1,later how,1,a felt,1,conditions that,1,vagueness stays,1
life period,1,handle care,1,felt experience,1,t reward,1,yet to,1
period before,1,care so,1,experience with,1,reward performance,1,if stable,1
before permanent,1,t fall,1,you which,1,performance why,1,stable starts,1
permanent decisions,1,fall on,1,which is,1,s what,1,starts translating,1
get out,1,alone what,1,is often,1,hear is,1,translating into,1
the would,1,watch next,1,often harder,1,not by,1,into urgency,1
i prefer,1,next behavioral,1,fake than,1,by itself,1,urgency escalating,1
prefer she,1,behavioral proof,1,than flattery,1,itself evidence,1,demands or,1
she said,1,proof after,1,flattery she,1,evidence against,1,or guilt,1
said something,1,that conversation,1,she framed,1,against her,1,guilt when,1
something bad,1,conversation the,1,framed the,1,her most,1,down that,1
bad trap,1,is whether,1,the problem,1,most people,1,s when,1
need bad,1,time supports,1,problem as,1,people who,1,you reassess,1
bad answers,1,supports a,1,as fit,1,who like,1,reassess if,1
answers you,1,staged non,1,fit with,1,will say,1,you said,1
need complete,1,non rushed,1,her peers,1,say things,1,said back,1
complete answers,1,rushed plan,1,peers behavior,1,things you,1,back and,1
answers a,1,plan and,1,behavior not,1,hear that,1,wants next,1
complete answer,1,and engages,1,as your,1,normal if,1,next timeline,1
includes positives,1,engages practical,1,resources she,1,were insincere,1,moving i,1
positives what,1,practical planning,1,she anticipated,1,insincere she,1,suggest a,1
she values,1,planning without,1,anticipated stigma,1,d also,1,respectful script,1
values realism,1,without pressure,1,stigma which,1,also try,1,next conversation,1
realism what,1,pressure if,1,which suggests,1,say what,1,that clarifies,1
what worries,1,she does,1,suggests she,1,hear so,1,clarifies expectations,1
worries her,1,answer wasn,1,not naïvely,1,the content,1,expectations without,1
her specificity,1,just good,1,naïvely idealizing,1,content alone,1,turning it,1
specificity examples,1,good it,1,idealizing the,1,alone can,1,cross examination,1
examples and,1,s predictive,1,the situation,1,t decide,1,examination you,1
and alignment,1,predictive of,1,situation what,1,decide it,1,right that,1
alignment shared,1,workable partnership,1,s missing,1,so don,1,not fully,1
shared plans,1,partnership if,1,missing normal,1,to outsmart,1,fully objective,1
plans about,1,me how,1,normal and,1,outsmart the,1,objective and,1
aging aim,1,you responded,1,and important,1,possibility with,1,be you,1
for completeness,1,responded in,1,important what,1,with vibe,1,a process,1
completeness not,1,the moment,1,means marriage,1,vibe based,1,process that,1
not emotional,1,moment and,1,marriage living,1,based suspicion,1,t require,1
emotional discomfort,1,re planning,1,together exclusivity,1,suspicion use,1,require objectivity,1
discomfort a,1,planning next,1,exclusivity timeline,1,use tests,1,objectivity to,1
stay honest,1,next another,1,timeline kids,1,tests that,1,work stop,1
yourself after,1,visit a,1,kids at,1,that convert,1,stop using,1
each meaningful,1,you choose,1,a central,1,convert uncertainty,1,using it,1
meaningful interaction,1,useful next,1,central fork,1,into evidence,1,feels good,1
interaction write,1,next questions,1,fork money,1,evidence three,1,good as,1
write two,1,gate to,1,expectations not,1,three ways,1,as evidence,1
two quick,1,keep this,1,because she,1,to evaluate,1,evidence either,1
quick notes,1,this moving,1,s asking,1,evaluate sincerity,1,either way,1
notes facts,1,moving forward,1,asking now,1,sincerity when,1,way a,1
did said,1,forward safely,1,because relocation,1,know you,1,a pleasing,1
said observable,1,safely you,1,relocation age,1,re biased,1,pleasing answer,1
observable story,1,right it,1,gap makes,1,biased a,1,of manipulation,1
story what,1,it matches,1,makes money,1,a specificity,1,a discomforting,1
you inferred,1,matches what,1,money an,1,specificity upgrade,1,discomforting answer,1
inferred she,1,i d,1,an inevitable,1,upgrade words,1,of honesty,1
wants security,1,d want,1,inevitable structuring,1,words verifiable,1,honesty what,1
security she,1,to hear,1,structuring force,1,verifiable detail,1,matters is,1
truly loves,1,hear is,1,force family,1,detail ask,1,is whether,1
loves me,1,a legitimate,1,obligations closeness,1,examples when,1,specific stable,1
me etc,1,legitimate warning,1,closeness can,1,when did,1,stable over,1
etc over,1,sign but,1,become expectations,1,did i,1,and costly,1
time see,1,s false,1,expectations once,1,i do,1,costly to,1
the facts,1,false it,1,re local,1,do that,1,to maintain,1
facts keep,1,a warning,1,local aging,1,that felt,1,maintain if,1
keep supporting,1,warning that,1,care expectations,1,felt serious,1,fake so,1
supporting the,1,that words,1,expectations what,1,serious or,1,to increase,1
story especially,1,words alone,1,role does,1,or stable,1,increase costliness,1
especially when,1,alone are,1,she imagine,1,stable what,1,costliness in,1
set boundaries,1,are low,1,imagine later,1,s something,1,fair way,1
boundaries one,1,low quality,1,best follow,1,something about,1,through time,1
one good,1,quality evidence,1,up non,1,think could,1,time reality,1
good next,1,evidence when,1,accusatory makes,1,be difficult,1,boundaries not,1
move ask,1,re emotionally,1,makes her,1,difficult to,1,through suspicion,1
ask a,1,emotionally primed,1,answer real,1,with sincere,1,suspicion evaluate,1
a follow,1,primed to,1,real you,1,sincere answers,1,evaluate sincerity,1
up that,1,to believe,1,same tone,1,answers usually,1,sincerity with,1
s warm,1,believe them,1,tone curious,1,usually include,1,with three,1
warm but,1,them the,1,curious collaborative,1,include particular,1,three kinds,1
but diagnostic,1,way out,1,collaborative define,1,particular moments,1,kinds of,1
diagnostic when,1,out is,1,define serious,1,moments and,1,of consistency,1
say you,1,evaluate sincerity,1,serious when,1,and balanced,1,consistency a,1
what moments,1,sincerity through,1,say serious,1,balanced realism,1,a consistency,1
moments made,1,through observable,1,serious do,1,realism strengths,1,consistency over,1
made you,1,observable repeatable,1,you mean,1,strengths and,1,time do,1
feel that,1,repeatable behaviors,1,mean marriage,1,and friction,1,do her,1
that and,1,behaviors and,1,or life,1,friction points,1,her reasons,1
not feel,1,and through,1,life partnership,1,points b,1,reasons and,1
calm what,1,through costly,1,partnership without,1,b boundary,1,and tone,1
about us,1,signals don,1,without marriage,1,boundary test,1,tone remain,1
us a,1,t ask,1,marriage what,1,test gentle,1,remain similar,1
sincere person,1,ask did,1,feels right,1,gentle not,1,similar over,1
person usually,1,did she,1,you kids,1,not punitive,1,months or,1
usually has,1,she say,1,kids do,1,punitive set,1,or do,1
has worries,1,say the,1,if no,1,a small,1,do they,1
worries and,1,right thing,1,no are,1,small reasonable,1,they shift,1
name them,1,thing ask,1,you certain,1,reasonable boundary,1,shift with,1
drama if,1,ask is,1,certain stability,1,boundary and,1,with circumstances,1
share how,1,it costly,1,stability emotional,1,response pacing,1,circumstances especially,1
reacts when,1,costly for,1,emotional vs,1,pacing boundary,1,especially when,1
timeline even,1,be consistent,1,vs financial,1,trial before,1,you pull,1
a little,1,consistent sincerity,1,financial when,1,move finance,1,pull back,1
little that,1,sincerity shows,1,say you,1,finance boundary,1,back practical,1
be one,1,up when,1,want someone,1,first time,1,practical ask,1
the strongest,1,costs something,1,someone stable,1,time boundary,1,ask the,1
strongest indicators,1,something to,1,stable what,1,boundary some,1,same question,1
indicators of,1,maintain costly,1,what parts,1,some days,1,question again,1
of whether,1,are hard,1,parts matter,1,days i,1,again in,1
whether this,1,to fake,1,matter most,1,be busy,1,in weeks,1
is grounded,1,fake long,1,most character,1,busy and,1,a different,1
grounded partnership,1,term she,1,character consistency,1,t talk,1,different form,1
partnership or,1,your pacing,1,consistency financial,1,talk long,1,form and,1
or momentum,1,it delays,1,financial stability,1,long sincerity,1,core is,1
momentum toward,1,delays benefits,1,or all,1,sincerity doesn,1,is stable,1
toward a,1,benefits moving,1,all of,1,t mean,1,stable b,1
a particular,1,moving marriage,1,feel fair,1,mean she,1,b consistency,1
particular outcome,1,marriage status,1,fair between,1,she likes,1,contexts is,1
outcome it,1,status she,1,between us,1,likes every,1,she the,1
s human,1,you set,1,us judgment,1,every boundary,1,person with,1
human to,1,set boundaries,1,judgment social,1,boundary it,1,family present,1
be afraid,1,money timeline,1,social pressure,1,it means,1,present with,1
to bring,1,timeline independence,1,pressure how,1,means she,1,with friends,1
could change,1,independence she,1,think your,1,can respond,1,friends when,1
everything but,1,she tells,1,will handle,1,with respect,1,re busy,1
but if,1,tells you,1,handle the,1,respect problem,1,busy with,1
you continue,1,you uncomfortable,1,the judgment,1,solving and,1,when plans,1
continue building,1,uncomfortable truths,1,want from,1,and emotional,1,plans change,1
building plans,1,truths disagreements,1,it shows,1,emotional steadiness,1,change when,1
plans when,1,disagreements needs,1,up relocation,1,steadiness not,1,s stressed,1
here while,1,needs family,1,process i,1,not guilt,1,or tired,1
keeping back,1,expectations without,1,period before,1,or withdrawal,1,tired performances,1
back a,1,without manipulating,1,with months,1,withdrawal c,1,performances often,1
a fact,1,manipulating you,1,have how,1,c time,1,often fray,1
could be,1,she integrates,1,tell if,1,time stress,1,fray under,1
be existential,1,integrates you,1,answer over,1,stress test,1,and inconvenience,1
existential for,1,into her,1,to watch,1,test character,1,inconvenience c,1
that becomes,1,life over,1,watch a,1,character shows,1,c consistency,1
becomes avoidance,1,time friends,1,answer becomes,1,up in,1,consistency under,1
avoidance with,1,family routines,1,becomes trustworthy,1,in friction,1,under cost,1
with consequences,1,routines without,1,trustworthy when,1,friction plan,1,cost no,1
consequences for,1,without secrecy,1,it matches,1,plan experiences,1,yet test,1
should bring,1,secrecy she,1,matches patterns,1,experiences that,1,test this,1
up now,1,she follows,1,like she,1,that include,1,most diagnostic,1
now at,1,follows through,1,she respects,1,include mild,1,diagnostic and,1
at if,1,through reliably,1,respects slower,1,mild stress,1,least insulting,1
children time,1,reliably on,1,slower pacing,1,stress travel,1,insulting you,1
matters delaying,1,on small,1,pacing and,1,travel day,1,you decline,1
delaying the,1,small commitments,1,and boundaries,1,day logistics,1,decline a,1
conversation effectively,1,commitments low,1,boundaries without,1,logistics dealing,1,request you,1
effectively makes,1,low cost,1,without guilt,1,a mistake,1,independence if,1
makes the,1,cost signals,1,punishment she,1,mistake misunderstanding,1,engaged sincerity,1
decision for,1,signals pleasant,1,can discuss,1,misunderstanding a,1,sincerity is,1
she later,1,pleasant but,1,discuss kids,1,a budget,1,likely if,1
later learns,1,but weak,1,expectations concretely,1,budget constraint,1,she becomes,1
learns you,1,weak evidence,1,and calmly,1,constraint a,1,becomes punitive,1
you withheld,1,evidence affectionate,1,calmly she,1,family obligation,1,punitive urgent,1
withheld it,1,affectionate talk,1,supports you,1,obligation you,1,urgent or,1
it the,1,talk future,1,independence there,1,you being,1,or manipulative,1
issue won,1,talk praise,1,plan her,1,being tired,1,manipulative that,1
just be,1,praise calm,1,her warmth,1,tired or,1,s meaningful,1
be fertility,1,true also,1,warmth is,1,or preoccupied,1,meaningful data,1
be trust,1,also easy,1,consistent when,1,preoccupied watch,1,data turn,1
trust if,1,easy to,1,busy tired,1,watch whether,1,turn stable,1
children it,1,say so,1,tired or,1,her kindness,1,and serious,1
non issue,1,so treat,1,in romance,1,kindness honesty,1,serious into,1
issue and,1,answer as,1,romance mode,1,honesty and,1,into observable,1
ll both,1,as fine,1,mode one,1,and stability,1,observable specifics,1
feel relieved,1,fine and,1,one small,1,stability persist,1,specifics follow,1
relieved so,1,and now,1,small refinement,1,persist when,1,up gently,1
so not,1,now test,1,refinement you,1,romantic use,1,gently when,1
not cowardice,1,test whether,1,for to,1,a disconfirming,1,say you,1
cowardice as,1,behavior matches,1,to increase,1,disconfirming evidence,1,want someone,1
moral failing,1,matches it,1,increase specificity,1,evidence practice,1,someone serious,1
failing but,1,it use,1,specificity without,1,practice keeps,1,serious what,1
a critical,1,use specificity,1,without pressure,1,honest once,1,that look,1
critical conversation,1,specificity over,1,pressure can,1,once a,1,handle disagreement,1
conversation you,1,to separate,1,me specific,1,a week,1,disagreement what,1
re avoiding,1,genuine from,1,specific things,1,week ask,1,partner do,1
avoiding and,1,from performative,1,things about,1,what evidence,1,do when,1
it needs,1,performative performers,1,me habits,1,evidence would,1,other person,1
needs to,1,stay in,1,habits values,1,make me,1,person is,1
happen how,1,in generalities,1,values how,1,me slow,1,is stressed,1
raise it,1,generalities sincere,1,i treat,1,down did,1,or sick,1
threat or,1,get concrete,1,treat you,1,did any,1,sick what,1
or confession,1,concrete and,1,you that,1,that appear,1,expect around,1
confession aim,1,and remain,1,calm and,1,appear this,1,around money,1
for calm,1,consistent follow,1,and secure,1,this week,1,obligations what,1
calm respectful,1,follow up,1,secure if,1,t cynicism,1,feels respectful,1
respectful no,1,up prompts,1,can answer,1,cynicism it,1,respectful to,1
no drama,1,prompts what,1,answer with,1,s how,1,for moving,1
drama no,1,calm life,1,concrete observations,1,your brain,1,moving marriage,1
no persuasion,1,together look,1,observations that,1,brain from,1,marriage sincere,1
persuasion script,1,like where,1,stronger sign,1,from only,1,sincere people,1
script simple,1,live what,1,sign than,1,only collecting,1,people can,1
direct there,1,normal week,1,than general,1,collecting confirming,1,can usually,1
important we,1,expect around,1,general praise,1,confirming data,1,usually answer,1
we haven,1,around money,1,praise if,1,data the,1,answer concretely,1
t talked,1,support what,1,paste more,1,clearest single,1,concretely even,1
talked about,1,you marriage,1,of what,1,single indicator,1,re nervous,1
about and,1,timeline children,1,she said,1,indicator how,1,nervous insincere,1
honest because,1,children then,1,said and,1,handles your,1,insincere people,1
children in,1,then revisit,1,exact question,1,slowly if,1,people tend,1
life now,1,revisit gently,1,ll tell,1,she truly,1,stay vague,1
now or,1,gently weeks,1,it suggests,1,truly wants,1,vague idealized,1
the future,1,weeks later,1,suggests and,1,partnership she,1,idealized or,1
future then,1,later do,1,next question,1,usually tolerate,1,or escalate,1
then after,1,the details,1,especially around,1,careful planning,1,escalate urgency,1
after she,1,details stay,1,around kids,1,planning a,1,urgency use,1
she answers,1,stay coherent,1,timeline since,1,period your,1,mutual vulnerability,1
answers i,1,coherent run,1,since those,1,for medical,1,vulnerability format,1
need you,1,run two,1,the time,1,safety your,1,format prevents,1
know i,1,two simple,1,sensitive parts,1,your continued,1,prevents interrogation,1
had a,1,simple sincerity,1,parts you,1,continued closeness,1,interrogation vibes,1
vasectomy about,1,sincerity tests,1,noticing a,1,closeness with,1,vibes make,1
about years,1,like tests,1,real cognitive,1,she needs,1,it reciprocal,1
years ago,1,tests test,1,cognitive trap,1,needs speed,1,reciprocal i,1
ago i,1,test a,1,trap the,1,speed and,1,share something,1
not bringing,1,a the,1,the more,1,and certainty,1,something because,1
bringing this,1,the slow,1,more an,1,certainty to,1,because this,1
this up,1,slow yes,1,an answer,1,relationship intact,1,this matters,1
to end,1,yes offer,1,answer matches,1,intact that,1,i sometimes,1
end anything,1,offer a,1,matches what,1,s less,1,sometimes worry,1
anything i,1,that proves,1,long to,1,less about,1,about seeing,1
m bringing,1,proves seriousness,1,hear the,1,about love,1,see can,1
bringing it,1,seriousness while,1,the less,1,more about,1,we each,1
you deserve,1,while slowing,1,less diagnostic,1,about outcome,1,each say,1
deserve to,1,down logistics,1,diagnostic it,1,short line,1,say three,1
know and,1,logistics i,1,feels that,1,line you,1,three things,1
then we,1,m committed,1,it false,1,use that,1,things we,1
options exist,1,committed to,1,false it,1,that invites,1,we appreciate,1
exist but,1,to us,1,should weight,1,invites sincerity,1,appreciate about,1
to promise,1,do an,1,weight it,1,sincerity i,1,other and,1
promise something,1,sincere she,1,as one,1,i really,1,and two,1
something unrealistic,1,s likely,1,one data,1,really appreciated,1,two things,1
unrealistic what,1,to prefer,1,data point,1,appreciated what,1,that worry,1
what matters,1,prefer stability,1,point and,1,you said,1,worry us,1
matters most,1,stability and,1,and shift,1,said i,1,us about,1
you truly,1,and planning,1,shift your,1,you even,1,about making,1
truly want,1,planning if,1,your evaluation,1,even better,1,making this,1
want what,1,she needs,1,evaluation toward,1,better can,1,this work,1
what not,1,needs urgency,1,toward things,1,me some,1,work long,1
do don,1,urgency to,1,fake replace,1,some specific,1,term a,1
t lead,1,to extract,1,replace do,1,moments that,1,partner will,1
the vasectomy,1,extract something,1,i believe,1,feel that,1,will usually,1
vasectomy before,1,something she,1,believe her,1,that way,1,usually engage,1
before asking,1,ll resist,1,her with,1,way and,1,engage and,1
wants it,1,resist test,1,with what,1,and also,1,and name,1
can shut,1,test b,1,sincere think,1,also anything,1,name real,1
shut her,1,b the,1,predictions observable,1,you worry,1,real worries,1
her down,1,the independence,1,observable patterns,1,worry about,1,worries age,1
down or,1,independence build,1,not impressions,1,about with,1,gap distance,1
answer for,1,build tell,1,impressions if,1,us that,1,distance family,1
t minimize,1,language skills,1,ll tend,1,that question,1,family judgment,1
minimize it,1,skills and,1,see consistency,1,is both,1,judgment someone,1
s probably,1,a social,1,consistency across,1,both warm,1,someone performing,1
probably reversible,1,social network,1,across months,1,and diagnostic,1,performing often,1
reversible reversal,1,network there,1,months contexts,1,diagnostic if,1,often avoids,1
reversal success,1,there so,1,contexts and,1,me how,1,avoids specifics,1
success varies,1,her sincere,1,stress not,1,she reacted,1,specifics or,1
varies and,1,partners usually,1,just romance,1,reacted when,1,or refuses,1
matters ivf,1,usually support,1,romance moments,1,you mentioned,1,refuses any,1
ivf sperm,1,support this,1,moments specificity,1,mentioned trial,1,any downside,1
retrieval may,1,this controlling,1,specificity about,1,period going,1,downside add,1
be options,1,controlling dynamics,1,you concrete,1,going slowly,1,external reference,1
options but,1,dynamics often,1,examples rather,1,slowly supportive,1,reference point,1
but are,1,often don,1,than generic,1,supportive anxious,1,point not,1
not guaranteed,1,t reduce,1,generic partner,1,anxious upset,1,to investigate,1
guaranteed and,1,reduce your,1,partner language,1,upset avoiding,1,investigate her,1
be expensive,1,bias with,1,language tolerance,1,avoiding i,1,to calibrate,1
expensive don,1,simple method,1,tolerance for,1,help interpret,1,calibrate you,1
t pitch,1,method after,1,for pacing,1,interpret that,1,you one,1
pitch her,1,each meaningful,1,pacing she,1,that response,1,who hears,1
her into,1,meaningful interaction,1,handle not,1,response and,1,hears the,1
into deciding,1,interaction or,1,yet without,1,and suggest,1,whole story,1
deciding immediately,1,or visit,1,punishment reciprocity,1,suggest the,1,story or,1
immediately do,1,visit write,1,reciprocity she,1,next most,1,or sessions,1
do ask,1,two columns,1,she adjusts,1,most informative,1,counselor experienced,1
for honesty,1,columns observed,1,adjusts for,1,informative step,1,experienced with,1
honesty what,1,observed behaviors,1,too not,1,step it,1,couples your,1
re trying,1,behaviors facts,1,you adapting,1,not cowardice,1,your aim,1
learn and,1,facts what,1,adapting to,1,cowardice in,1,aim catch,1
decide together,1,moments boundaries,1,her reality,1,the moralistic,1,catch your,1
together does,1,boundaries repair,1,reality facing,1,moralistic sense,1,spots rush,1
she want,1,repair after,1,facing planning,1,sense it,1,rush fear,1
unsure unsure,1,after conflict,1,planning kids,1,s human,1,of loneliness,1
unsure is,1,conflict my,1,healthcare without,1,human avoidance,1,loneliness ignoring,1
is common,1,my interpretation,1,without avoidance,1,a potentially,1,ignoring healthcare,1
common and,1,interpretation story,1,avoidance if,1,potentially painful,1,visa risk,1
still important,1,story what,1,s primarily,1,painful truth,1,risk the,1
important if,1,m hoping,1,re more,1,truth but,1,best non,1
what forms,1,hoping is,1,more likely,1,but functionally,1,insulting sincerity,1
forms are,1,true what,1,see increasing,1,functionally yes,1,sincerity test,1
are acceptable,1,afraid is,1,commitment nears,1,keep avoiding,1,yet explicit,1
acceptable to,1,true make,1,nears conditional,1,avoiding it,1,talks about,1
her vasectomy,1,make decisions,1,affection warmth,1,re letting,1,about kids,1
vasectomy reversal,1,decisions based,1,warmth rises,1,letting fear,1,money health,1
reversal attempt,1,based primarily,1,rises falls,1,fear steer,1,she remains,1
attempt no,1,primarily on,1,falls based,1,steer the,1,remains steady,1
guarantees ivf,1,first column,1,on compliance,1,re denying,1,steady then,1
ivf with,1,column this,1,compliance vagueness,1,denying both,1,then you,1
with surgical,1,this keeps,1,expectations paired,1,you informed,1,need perfect,1
surgical sperm,1,mind from,1,paired with,1,informed consent,1,perfect objectivity,1
retrieval no,1,from grading,1,with pressure,1,consent about,1,objectivity you,1
guarantees cost,1,grading its,1,move boundary,1,about a,1,ll have,1
cost availability,1,own exam,1,boundary friction,1,major life,1,have behavioral,1
availability donor,1,exam ask,1,friction guilt,1,life fork,1,behavioral evidence,1
donor sperm,1,ask one,1,anger withdrawal,1,fork at,1,evidence a,1
sperm adoption,1,invites honesty,1,withdrawal when,1,children question,1,simple internal,1
adoption varies,1,honesty not,1,no use,1,a theoretical,1,internal metric,1
varies by,1,not flattery,1,use costly,1,theoretical preference,1,metric after,1
by country,1,flattery is,1,signals to,1,preference it,1,after interactions,1
country legalities,1,there anything,1,evaluate sincerity,1,core life,1,interactions ask,1
legalities if,1,anything about,1,sincerity better,1,life goal,1,more clear,1
no children,1,about being,1,better than,1,goal with,1,clear and,1
children is,1,that worries,1,than words,1,timeline waiting,1,and grounded,1
a settled,1,worries you,1,words a,1,waiting increases,1,grounded or,1
settled preference,1,or that,1,a costly,1,increases the,1,rushed and,1
preference or,1,think could,1,costly signal,1,of deeper,1,and destabilized,1
a sacrifice,1,hard in,1,signal is,1,deeper attachment,1,destabilized relationships,1
sacrifice that,1,future sincere,1,a choice,1,and bigger,1,relationships built,1
could later,1,usually name,1,choice that,1,bigger hurt,1,built on,1
later become,1,something age,1,has a,1,hurt why,1,on sincerity,1
become resentment,1,gap judgment,1,real downside,1,why you,1,sincerity generally,1
afraid it,1,judgment language,1,downside for,1,should bring,1,generally increase,1
will end,1,language family,1,she were,1,bring it,1,increase clarity,1
end everything,1,a perfectly,1,were only,1,it up,1,clarity over,1
it ends,1,perfectly polished,1,only using,1,up soon,1,time even,1
ends the,1,polished no,1,using you,1,soon ethical,1,when emotions,1
relationship that,1,no worries,1,you examples,1,ethical fairness,1,emotions are,1
s painful,1,worries at,1,examples you,1,fairness she,1,are strong,1
painful but,1,all is,1,can ethically,1,she deserves,1,strong if,1
s also,1,often less,1,ethically look,1,deserves to,1,s hoping,1
also clarity,1,less credible,1,for she,1,choose with,1,for move,1
clarity the,1,credible keep,1,period rather,1,with full,1,kids i,1
the alternative,1,the stakes,1,than demanding,1,full information,1,craft the,1
alternative is,1,stakes aligned,1,demanding a,1,information practical,1,next two,1
is building,1,not objective,1,move she,1,reality if,1,you get,1
building deeper,1,objective none,1,she agrees,1,know whether,1,get high,1
deeper attachment,1,us are,1,agrees to,1,re willing,1,high quality,1
and relocation,1,in love,1,and no,1,options vasectomy,1,quality evidence,1
relocation plans,1,love compensate,1,transfers early,1,vasectomy reversal,1,evidence without,1
plans on,1,compensate structurally,1,early she,1,ivf with,1,suspicious it,1
on top,1,structurally don,1,she encourages,1,with surgical,1,not cowardice,1
top of,1,moves yet,1,encourages your,1,surgical sperm,1,cowardice in,1
a hidden,1,yet keep,1,friends private,1,sperm retrieval,1,a moralizing,1
hidden incompatibility,1,separate maintain,1,private time,1,retrieval donor,1,moralizing sense,1
incompatibility which,1,and home,1,time she,1,donor sperm,1,sense it,1
which is,1,ties extend,1,be transparent,1,sperm adoption,1,very human,1
is worse,1,extend time,1,transparent about,1,adoption each,1,human avoidance,1
worse for,1,life settings,1,about family,1,each with,1,of loss,1
be open,1,settings that,1,social pressures,1,limits costs,1,loss but,1
to parenting,1,that way,1,pressures these,1,costs and,1,serious omission,1
parenting again,1,way even,1,not tests,1,and age,1,omission that,1
again whether,1,re somewhat,1,tests you,1,age considerations,1,that will,1
consider medical,1,somewhat biased,1,you spring,1,considerations relationship,1,will become,1
medical options,1,biased you,1,spring on,1,relationship health,1,become unfair,1
options and,1,not exposed,1,her they,1,health secrets,1,unfair and,1
and which,1,exposed to,1,re mutual,1,secrets or,1,and potentially,1
country she,1,to catastrophic,1,mutual design,1,or delayed,1,potentially relationship,1
s in,1,catastrophic downside,1,design decisions,1,delayed disclosures,1,relationship damaging,1
in and,1,downside if,1,decisions ask,1,disclosures are,1,damaging the,1
you tailor,1,what your,1,for evidence,1,are corrosive,1,goes unspoken,1
tailor the,1,step is,1,evidence rich,1,corrosive even,1,unspoken because,1
and map,1,is another,1,rich answers,1,even when,1,it directly,1
map realistic,1,visit length,1,answers not,1,when intentions,1,directly affects,1
realistic paths,1,length whether,1,not harsher,1,intentions are,1,affects her,1
paths without,1,base i,1,harsher answers,1,are good,1,life choices,1
without overpromising,1,best costly,1,answers you,1,good how,1,choices and,1
overpromising below,1,costly signal,1,something that,1,making it,1,up soon,1
below is,1,signal observations,1,that hurts,1,a bomb,1,soon reproductive,1
a checklist,1,observations to,1,hurts you,1,bomb pick,1,reproductive time,1
checklist of,1,to focus,1,say things,1,moment not,1,time is,1
the usually,1,focus on,1,are checkable,1,not during,1,real at,1
usually avoided,1,on during,1,checkable good,1,during conflict,1,at if,1
avoided because,1,during that,1,up prompts,1,conflict and,1,children she,1
might change,1,that period,1,prompts what,1,and lead,1,she needs,1
everything topics,1,period it,1,are specific,1,lead with,1,needs accurate,1
topics in,1,s understandable,1,specific moments,1,with seriousness,1,accurate information,1
situation plus,1,understandable fear,1,moments when,1,care i,1,information now,1
plus concrete,1,fear but,1,felt calm,1,about something,1,not after,1
concrete prompts,1,but yes,1,what was,1,important before,1,or emotionally,1
prompts if,1,yes continuing,1,was i,1,we plan,1,emotionally financially,1
you haven,1,continuing to,1,i doing,1,i ve,1,financially entangle,1
t covered,1,it would,1,doing what,1,ve realized,1,entangle trust,1
covered these,1,be unfair,1,think are,1,realized we,1,trust risk,1
these explicitly,1,unfair to,1,are my,1,we haven,1,risk grows,1
explicitly assume,1,you this,1,my weaknesses,1,t discussed,1,grows with,1
assume you,1,the few,1,weaknesses as,1,discussed children,1,with delay,1
re both,1,few topics,1,partner what,1,vasectomy about,1,delay even,1
both filling,1,topics where,1,us when,1,about years,1,your reasons,1
filling gaps,1,where time,1,there day,1,ago i,1,reasons are,1
gaps with,1,time really,1,normal tuesday,1,to hide,1,are understandable,1
hope children,1,really matters,1,tuesday look,1,hide that,1,understandable she,1
ve already,1,matters especially,1,like what,1,that from,1,may later,1
already identified,1,especially for,1,you lose,1,i also,1,later experience,1
identified this,1,her why,1,lose trust,1,also don,1,experience it,1
this do,1,why you,1,trust in,1,assume what,1,as withholding,1
how important,1,raise it,1,in me,1,want do,1,withholding it,1
right if,1,it soon,1,me a,1,children then,1,it clarifies,1
if children,1,soon children,1,sincere person,1,then pause,1,clarifies compatibility,1
children weren,1,a core,1,person can,1,pause and,1,compatibility quickly,1
weren t,1,core compatibility,1,can usually,1,and let,1,quickly this,1
t possible,1,compatibility variable,1,usually tolerate,1,answer fully,1,is one,1
possible would,1,variable not,1,tolerate nuance,1,fully helpful,1,the few,1
relationship marriage,1,a detail,1,nuance strengths,1,helpful follow,1,few issues,1
marriage meaning,1,detail at,1,strengths and,1,follow ups,1,issues that,1
meaning timeline,1,at she,1,and concerns,1,ups how,1,clean non,1
and pressure,1,may feel,1,concerns without,1,you non,1,negotiable mismatch,1
pressure sources,1,feel time,1,without collapsing,1,negotiable or,1,mismatch how,1
sources is,1,time pressure,1,collapsing into,1,or optional,1,up without,1
you personally,1,t said,1,into flattery,1,optional if,1,making it,1
personally or,1,said so,1,flattery or,1,do want,1,crisis do,1
or mainly,1,so if,1,or defensiveness,1,children what,1,and keep,1
mainly for,1,you delay,1,defensiveness run,1,timeline have,1,respectful you,1
for family,1,delay and,1,run one,1,you imagined,1,say there,1
family social,1,children the,1,one clean,1,imagined for,1,there s,1
social legal,1,the eventual,1,clean boundary,1,we wanted,1,an important,1
legal reasons,1,eventual rupture,1,boundary experiment,1,wanted to,1,important practical,1
reasons what,1,rupture is,1,experiment signal,1,to explore,1,practical thing,1
things go,1,is typically,1,signal detection,1,explore options,1,thing i,1
well how,1,typically worse,1,detection without,1,be open,1,i haven,1
family react,1,worse because,1,drama pick,1,open to,1,asked you,1
react if,1,it includes,1,firm reasonable,1,to discussing,1,i should,1
we lived,1,includes lost,1,reasonable boundary,1,discussing them,1,should do,1
lived together,1,lost time,1,boundary that,1,them without,1,because i,1
together unmarried,1,and mistrust,1,month normal,1,without promising,1,vasectomy about,1
unmarried if,1,mistrust why,1,trial or,1,promising anything,1,about years,1
we never,1,why didn,1,early then,1,anything yet,1,ago i,1
never married,1,t you,1,then observe,1,yet what,1,i care,1
married would,1,me earlier,1,observe over,1,what not,1,about you,1
stay money,1,earlier so,1,she stay,1,do don,1,build plans,1
money daily,1,so not,1,stay steady,1,t delay,1,plans without,1
life big,1,not cowardice,1,steady and,1,delay until,1,being honest,1
big decisions,1,cowardice as,1,collaborative or,1,until after,1,about something,1
support even,1,a moral,1,does pressure,1,after relocation,1,something that,1
asking now,1,moral failing,1,or volatility,1,relocation plans,1,that could,1
now cohabiting,1,failing but,1,volatility appear,1,plans or,1,could matter,1
cohabiting changes,1,but avoidance,1,appear this,1,or deeper,1,lot then,1
changes expectations,1,can cause,1,is among,1,deeper financial,1,then pause,1
expectations how,1,cause harm,1,among the,1,financial entanglement,1,pause let,1
we split,1,harm if,1,informative objective,1,entanglement don,1,let her,1
split expenses,1,it continues,1,objective ish,1,t present,1,her react,1
expenses or,1,continues how,1,ish checks,1,present it,1,react what,1
or proportional,1,to bring,1,checks you,1,a negotiation,1,what not,1
proportional what,1,bring it,1,do counter,1,negotiation tactic,1,do don,1
does financial,1,it up,1,counter your,1,tactic i,1,t pre,1
financial security,1,up without,1,own bias,1,can reverse,1,pre apologize,1
security mean,1,making it,1,bias with,1,reverse it,1,apologize excessively,1
ever expect,1,threat pick,1,with simple,1,as shared,1,excessively or,1
expect me,1,calm moment,1,simple instrumentation,1,reality don,1,or dramatize,1
siblings in,1,moment video,1,instrumentation you,1,t assume,1,dramatize this,1
what situations,1,video call,1,t remove,1,assume her,1,this might,1
situations what,1,call is,1,remove your,1,answer ask,1,might end,1
limits what,1,fine in,1,your subjectivity,1,ask if,1,end everything,1
what debts,1,person is,1,subjectivity but,1,afraid it,1,everything it,1
debts or,1,is better,1,can reduce,1,ends everything,1,it puts,1
or obligations,1,better if,1,reduce its,1,fear is,1,puts pressure,1
obligations do,1,if soon,1,its distortions,1,exactly why,1,to reassure,1
we each,1,soon be,1,distortions journal,1,it must,1,reassure you,1
have what,1,be direct,1,journal after,1,be discussed,1,t jump,1
a large,1,direct warm,1,visits minutes,1,discussed if,1,jump straight,1
large purchase,1,warm and,1,happened what,1,would end,1,straight to,1
purchase that,1,invite her,1,feel what,1,end things,1,to solutions,1
that requires,1,her truth,1,did she,1,things it,1,solutions reversal,1
requires discussion,1,truth script,1,she do,1,s better,1,ivf before,1
discussion immigration,1,script clear,1,do any,1,better to,1,you know,1
immigration visa,1,clear and,1,any respect,1,know now,1,wants don,1
visa and,1,and respectful,1,respect pre,1,now than,1,t promise,1
moving actually,1,respectful there,1,mortem once,1,than after,1,promise outcomes,1
actually means,1,s something,1,once if,1,ve both,1,outcomes reversal,1
means what,1,something important,1,this ends,1,both invested,1,reversal success,1
what visa,1,important i,1,ends badly,1,invested more,1,success and,1
visa would,1,about because,1,badly after,1,more years,1,and fertility,1
i realistically,1,m taking,1,what likely,1,years and,1,fertility are,1
realistically live,1,taking us,1,then build,1,and moved,1,are uncertain,1
on and,1,us seriously,1,build safeguards,1,moved countries,1,uncertain especially,1
does it,1,a vasectomy,1,safeguards now,1,countries if,1,with time,1
it allow,1,vasectomy about,1,calibration share,1,regarding children,1,time since,1
allow renewals,1,years ago,1,facts with,1,you believe,1,since vasectomy,1
renewals work,1,ago i,1,with grounded,1,believe she,1,and age,1
work banking,1,yet what,1,what they,1,might want,1,age related,1
banking lease,1,want about,1,want clarified,1,want i,1,related fertility,1
lease would,1,i ve,1,clarified before,1,exact wording,1,fertility factors,1
ever want,1,been nervous,1,relocation hold,1,decision tree,1,factors if,1
country under,1,nervous to,1,hold a,1,tree for,1,she does,1
under what,1,ask because,1,a psychologically,1,likely outcomes,1,does want,1
what conditions,1,respect you,1,psychologically honest,1,outcomes of,1,children options,1
conditions if,1,you too,1,honest nuance,1,that conversation,1,options only,1
we needed,1,too much,1,nuance strategic,1,conversation below,1,only as,1
to relocate,1,much to,1,strategic and,1,below is,1,as possibilities,1
relocate for,1,that for,1,and sincere,1,practical list,1,possibilities if,1
health later,1,then stop,1,sincere can,1,of often,1,is information,1
willing healthcare,1,stop talking,1,can coexist,1,often avoided,1,information not,1
healthcare serious,1,talking and,1,coexist she,1,avoided high,1,not promises,1
serious illness,1,answer if,1,genuinely feel,1,impact topics,1,promises consult,1
illness and,1,children don,1,and be,1,in exactly,1,a urologist,1
and caregiving,1,t negotiate,1,be aware,1,exactly your,1,urologist about,1
boundaries given,1,negotiate immediately,1,you represent,1,your scenario,1,about reversal,1
concern about,1,immediately first,1,represent stability,1,scenario plus,1,reversal feasibility,1
about complex,1,first clarify,1,stability the,1,plus prompts,1,feasibility given,1
reliability this,1,clarify meaning,1,relationship remains,1,prompts you,1,given years,1
is central,1,meaning and,1,remains fair,1,use if,1,years consult,1
central if,1,timeline is,1,and free,1,any prompt,1,a fertility,1
needed long,1,strong need,1,free are,1,prompt makes,1,fertility clinic,1
term help,1,need or,1,expectations explicit,1,makes your,1,clinic about,1
hire and,1,or more,1,explicit are,1,your stomach,1,about sperm,1
be comfortable,1,of an,1,you protected,1,stomach drop,1,sperm retrieval,1
comfortable with,1,an openness,1,protected from,1,drop that,1,retrieval ivf,1
with assisted,1,openness do,1,from catastrophic,1,likely one,1,ivf icsi,1
living or,1,feel urgency,1,catastrophic downside,1,one you,1,icsi discuss,1
or paid,1,urgency about,1,downside is,1,avoiding children,1,discuss donor,1
paid carers,1,about timing,1,she still,1,and fertility,1,donor sperm,1
carers if,1,timing would,1,still choosing,1,fertility you,1,sperm if,1
country for,1,would adoption,1,the pace,1,ve already,1,if acceptable,1
treatment would,1,adoption be,1,keep boundaries,1,already flagged,1,acceptable discuss,1
you come,1,be meaningful,1,boundaries the,1,flagged this,1,discuss adoption,1
come for,1,meaningful to,1,decision lever,1,this do,1,adoption country,1
how long,1,or does,1,lever you,1,feels acceptable,1,country specific,1
long if,1,does it,1,you control,1,acceptable to,1,specific feasibility,1
happens your,1,it need,1,control you,1,vasectomy years,1,feasibility and,1
your obligations,1,be biological,1,decide true,1,ago how,1,and discuss,1
obligations time,1,biological then,1,true love,1,how does,1,discuss whether,1
money inheritance,1,can discuss,1,love vs,1,does that,1,you truly,1
inheritance what,1,discuss your,1,vs scam,1,that land,1,truly want,1
what role,1,real options,1,scam to,1,land with,1,to parent,1
role do,1,options without,1,to proceed,1,marriage whether,1,parent again,1
imagine having,1,making promises,1,proceed you,1,whether why,1,again given,1
having with,1,promises you,1,you decide,1,why and,1,given your,1
with my,1,t keep,1,decide pace,1,marry is,1,trajectory if,1
often do,1,keep vasectomy,1,structure keep,1,marriage important,1,still gain,1
be physically,1,vasectomy reversal,1,keep closeness,1,important culturally,1,gain something,1
physically present,1,reversal possible,1,closeness high,1,culturally or,1,something crucial,1
present with,1,possible sometimes,1,high keep,1,or personally,1,crucial aligned,1
them for,1,sometimes success,1,keep irreversible,1,personally for,1,aligned expectations,1
okay how,1,success varies,1,commitments slow,1,timeline would,1,you remove,1
handle holidays,1,varies with,1,slow increase,1,you hope,1,remove a,1
holidays and,1,with time,1,increase real,1,hope for,1,major hidden,1
and travel,1,and age,1,life evidence,1,things go,1,hidden pressure,1
travel between,1,age would,1,evidence quickly,1,go well,1,helpful framing,1
between families,1,require medical,1,quickly trial,1,well if,1,framing for,1
families what,1,medical consultation,1,stay normal,1,t marry,1,for yourself,1
around my,1,consultation sperm,1,normal routines,1,marry would,1,yourself bringing,1
my assets,1,sperm retrieval,1,routines hard,1,still want,1,bringing this,1
assets and,1,retrieval ivf,1,conversations if,1,me money,1,this up,1
and inheritance,1,ivf medical,1,what boundary,1,money lifestyle,1,up isn,1
inheritance conflict,1,medical expensive,1,boundary you,1,lifestyle savings,1,t risking,1
style and,1,expensive emotionally,1,afraid to,1,savings and,1,risking the,1
repair the,1,emotionally taxing,1,to state,1,what stable,1,relationship it,1
the how,1,taxing donor,1,state timeline,1,stable means,1,s preventing,1
fight conversation,1,donor sperm,1,timeline money,1,together how,1,preventing you,1
conversation this,1,sperm often,1,money kids,1,imagine splitting,1,from building,1
this predicts,1,often culturally,1,you word,1,splitting expenses,1,on an,1
predicts long,1,sensitive adoption,1,word it,1,expenses do,1,an avoidable,1
term success,1,adoption varies,1,s firm,1,shared account,1,avoidable fault,1
success more,1,varies hugely,1,firm but,1,account or,1,fault line,1
than chemistry,1,hugely by,1,not accusatory,1,or separate,1,line if,1
chemistry when,1,and eligibility,1,accusatory and,1,finances if,1,ends things,1
re upset,1,eligibility or,1,and explain,1,my income,1,things it,1
upset what,1,or acknowledging,1,explain what,1,income drops,1,ends them,1
need time,1,acknowledging an,1,what different,1,drops or,1,them for,1
alone talking,1,an incompatibility,1,different reactions,1,or i,1,real incompatibility,1
talking immediately,1,incompatibility a,1,reactions would,1,i stop,1,incompatibility not,1
immediately reassurance,1,a crucial,1,mean not,1,changes what,1,you ruined,1
reassurance what,1,crucial reality,1,not bringing,1,what level,1,ruined something,1
when we,1,reality even,1,bringing it,1,level of,1,something if,1
we disagree,1,if biology,1,is an,1,support for,1,you personally,1
disagree strongly,1,biology is,1,an understandable,1,family feels,1,personally would,1
are deal,1,is possible,1,understandable avoidance,1,feels normal,1,be open,1
breaker behaviors,1,possible you,1,avoidance not,1,normal to,1,to parenting,1
behaviors for,1,d also,1,a character,1,you family,1,strongly and,1
you lying,1,also want,1,character flaw,1,obligations especially,1,clear kind,1
lying shouting,1,yourself whether,1,flaw but,1,especially care,1,kind and,1
shouting silent,1,be an,1,but continuing,1,care housing,1,not loaded,1
treatment jealousy,1,older father,1,continuing to,1,and emergencies,1,loaded below,1
jealousy fidelity,1,father and,1,avoid it,1,emergencies if,1,below are,1
fidelity privacy,1,that implies,1,be unwise,1,parent became,1,conversations people,1
privacy and,1,implies at,1,unwise this,1,became ill,1,people most,1
with others,1,children still,1,the few,1,ill what,1,most often,1
others cross,1,still clarify,1,few topics,1,partner would,1,often avoid,1
cross cultural,1,clarify are,1,where delaying,1,you ever,1,avoid in,1
cultural norms,1,you sure,1,delaying doesn,1,ever expect,1,situation because,1
norms can,1,sure or,1,t keep,1,expect parents,1,because the,1
can differ,1,not now,1,relationship safe,1,parents to,1,the answers,1
differ what,1,now if,1,safe it,1,us how,1,answers can,1
does fidelity,1,family pressures,1,just pushes,1,you handle,1,force a,1
fidelity mean,1,you later,1,pushes the,1,handle family,1,decision i,1
you emotional,1,happens would,1,the potential,1,family requests,1,ll phrase,1
emotional physical,1,you resent,1,potential rupture,1,requests for,1,phrase them,1
physical messaging,1,resent it,1,rupture later,1,money help,1,them as,1
messaging are,1,at what,1,later after,1,help now,1,as what,1
there expectations,1,for in,1,after more,1,now relocation,1,you might,1
about phone,1,her response,1,more attachment,1,relocation reality,1,be avoiding,1
phone access,1,response sincerity,1,attachment and,1,not romance,1,avoiding why,1
access social,1,sincerity self,1,possibly after,1,romance visas,1,matters over,1
social media,1,self knowledge,1,ve relocated,1,visas work,1,ask children,1
media location,1,knowledge green,1,relocated why,1,and exit,1,ve already,1
location sharing,1,answers clearly,1,why this,1,visa do,1,already identified,1
sharing how,1,clearly even,1,be discussed,1,d live,1,identified this,1
handle jealousy,1,s hard,1,discussed soon,1,live on,1,this avoided,1
jealousy or,1,hard she,1,soon at,1,on and,1,a deal,1
or ex,1,can tolerate,1,at if,1,do if,1,breaker fast,1
ex partners,1,tolerate the,1,biological children,1,t renew,1,fast why,1
partners religion,1,the conversation,1,timeline is,1,renew are,1,matters fertility,1
religion culture,1,conversation without,1,is tighter,1,you okay,1,fertility time,1
culture and,1,can hold,1,tighter and,1,okay with,1,time life,1
and public,1,hold complexity,1,and decisions,1,period before,1,life shape,1
public identity,1,complexity i,1,decisions often,1,before anything,1,shape of,1
identity especially,1,m sad,1,often need,1,anything permanent,1,relationship ask,1
especially relevant,1,sad but,1,be made,1,permanent if,1,vasectomy years,1
relevant if,1,want honesty,1,made deliberately,1,we broke,1,ago so,1
family is,1,honesty yellow,1,deliberately your,1,broke up,1,honest before,1
is close,1,yellow flags,1,vasectomy is,1,up what,1,before we,1
close are,1,says what,1,concrete constraint,1,would happen,1,plan further,1
there religious,1,she thinks,1,constraint even,1,happen to,1,further marriage,1
religious or,1,thinks you,1,if there,1,my housing,1,whether when,1
or cultural,1,want no,1,are medical,1,timeline to,1,when and,1
partner how,1,no no,1,medical options,1,to leave,1,and why,1
how public,1,no children,1,options it,1,leave healthcare,1,why avoided,1
public can,1,children but,1,it directly,1,and crisis,1,exposes motives,1
we be,1,but seems,1,directly affects,1,crisis planning,1,matters legal,1
be and,1,seems inconsistent,1,affects her,1,planning your,1,legal rights,1
what backlash,1,inconsistent later,1,life trajectory,1,medical problem,1,rights social,1
backlash do,1,later she,1,trajectory not,1,problem here,1,social legitimacy,1
you anticipate,1,she avoids,1,just yours,1,plan hospital,1,legitimacy family,1
anticipate what,1,avoids answering,1,yours a,1,hospital payment,1,expectations visa,1
what traditions,1,answering because,1,a future,1,payment who,1,visa pathways,1
traditions matter,1,it risks,1,future i,1,who makes,1,pathways ask,1
matter to,1,risks losing,1,i assumed,1,makes decisions,1,you see,1
you that,1,losing you,1,assumed you,1,decisions would,1,see marriage,1
to participate,1,you the,1,could would,1,with medical,1,marriage as,1
participate in,1,the principle,1,would conflict,1,evacuation returning,1,as important,1
the uncomfortable,1,principle here,1,conflict is,1,returning home,1,important if,1
uncomfortable but,1,here a,1,is far,1,for complex,1,right and,1
but crucial,1,t survive,1,far more,1,want in,1,would marriage,1
crucial if,1,survive honest,1,more damaging,1,crisis and,1,marriage mean,1
work this,1,honest discussion,1,damaging than,1,be too,1,you day,1
it prevents,1,discussion about,1,than an,1,much aging,1,day visa,1
prevents dependence,1,for relocation,1,honest conversation,1,and caregiving,1,visa citizenship,1
dependence if,1,it ends,1,conversation now,1,consent i,1,citizenship hopes,1
we broke,1,ends because,1,now how,1,m older,1,hopes not,1
broke up,1,raised it,1,to bring,1,older later,1,not accusations,1
up after,1,it it,1,bring it,1,later i,1,accusations avoided,1
after i,1,it was,1,up without,1,help what,1,feels insulting,1
moved what,1,was going,1,without it,1,want paid,1,insulting why,1
like where,1,to end,1,it sounding,1,paid caregiving,1,matters it,1
live how,1,end later,1,a threat,1,caregiving so,1,a structural,1
how quickly,1,later at,1,threat use,1,nurse cultural,1,structural incentive,1
quickly could,1,at a,1,use three,1,pressure and,1,incentive pretending,1
i leave,1,a higher,1,three elements,1,ll respond,1,pretending it,1
leave what,1,higher cost,1,elements care,1,respond together,1,s irrelevant,1
we owe,1,children in,1,care facts,1,together if,1,irrelevant creates,1
owe each,1,in any,1,facts choice,1,if friends,1,creates mistrust,1
other if,1,any form,1,choice a,1,family judge,1,mistrust later,1
anything would,1,form at,1,can adapt,1,judge us,1,ask it,1
we remain,1,at biological,1,adapt there,1,us what,1,okay if,1
remain kind,1,biological adoption,1,s something,1,what boundaries,1,if practical,1
kind or,1,adoption or,1,something important,1,boundaries will,1,matter what,1
or would,1,or not,1,important i,1,set how,1,your hopes,1
would family,1,not at,1,i ve,1,how public,1,hopes about,1
involvement escalate,1,all i,1,been nervous,1,public do,1,about living,1
escalate conflict,1,you plan,1,nervous to,1,relationship to,1,living options,1
conflict safety,1,next conversation,1,about because,1,be past,1,options long,1
safety checks,1,conversation and,1,to lose,1,past relationships,1,term here,1
checks history,1,options are,1,lose what,1,relationships and,1,here my,1
history transparency,1,are realistically,1,have but,1,and sexual,1,both money,1
and expectations,1,realistically on,1,much to,1,sexual health,1,and provider,1
expectations not,1,the table,1,it vague,1,health without,1,provider assumptions,1
interrogation just,1,table below,1,vague i,1,without interrogation,1,assumptions avoided,1
just adult,1,below is,1,vasectomy about,1,interrogation have,1,can puncture,1
adult clarity,1,a checklist,1,about years,1,had long,1,puncture romance,1
clarity have,1,checklist of,1,years ago,1,long relationships,1,romance and,1
have you,1,conversations people,1,ago i,1,relationships what,1,and pride,1
ever been,1,people most,1,ask do,1,learn from,1,pride why,1
been married,1,most often,1,children biological,1,from them,1,matters resentment,1
married or,1,avoid in,1,biological or,1,them are,1,dynamics usually,1
or engaged,1,your exact,1,or otherwise,1,comfortable getting,1,usually come,1
engaged in,1,exact setup,1,otherwise whatever,1,getting sti,1,come from,1
that might,1,setup age,1,whatever your,1,sti testing,1,from unspoken,1
might still,1,gap cross,1,talk honestly,1,testing together,1,unspoken money,1
still affect,1,border possible,1,honestly about,1,together before,1,money scripts,1
you legally,1,possible relocation,1,possible and,1,make long,1,scripts ask,1
legally any,1,relocation plus,1,us wants,1,term plans,1,fair for,1
any financial,1,plus what,1,wants then,1,plans normal,1,for sharing,1
financial obligations,1,ask children,1,then stop,1,normal adult,1,sharing expenses,1
obligations i,1,children you,1,stop and,1,adult protective,1,expenses in,1
i should,1,ve already,1,and listen,1,protective values,1,a husband,1
should know,1,already surfaced,1,listen what,1,values that,1,husband partner,1
know about,1,surfaced this,1,re trying,1,that become,1,provide and,1
about any,1,this do,1,to learn,1,become daily,1,provide family,1
any past,1,options would,1,learn not,1,daily friction,1,obligations and,1
past relationship,1,consider biological,1,not persuade,1,friction drinking,1,boundaries avoided,1
relationship dynamics,1,biological ivf,1,persuade ask,1,drinking religion,1,into duties,1
dynamics you,1,ivf adoption,1,ask simple,1,religion gender,1,duties or,1
re worried,1,adoption none,1,simple direct,1,roles privacy,1,or seeming,1
worried about,1,none if,1,direct questions,1,privacy jealousy,1,seeming disrespectful,1
about repeating,1,t align,1,questions do,1,jealousy social,1,disrespectful why,1
repeating how,1,align here,1,children how,1,social media,1,matters family,1
this without,1,here do,1,strongly is,1,media time,1,a third,1
romance don,1,we stop,1,it important,1,with friends,1,party in,1
it all,1,stop kindly,1,important that,1,friends what,1,in decisions,1
once schedule,1,kindly now,1,that they,1,does respect,1,decisions money,1
schedule four,1,now marriage,1,re biologically,1,respect look,1,caregiving ask,1
four future,1,marriage desire,1,biologically yours,1,like to,1,what responsibilities,1
future talks,1,desire vs,1,yours mine,1,relationship what,1,responsibilities do,1
talks minutes,1,vs practicality,1,mine what,1,what behaviors,1,feel toward,1
minutes each,1,practicality vs,1,timeline do,1,behaviors feel,1,toward your,1
each kids,1,vs pressure,1,imagine if,1,feel controlling,1,keep aging,1
obligations where,1,pressure do,1,children with,1,controlling to,1,aging illness,1
live visas,1,why what,1,that a,1,and inheritance,1,limits avoided,1
visas work,1,not married,1,dealbreaker if,1,inheritance often,1,feels morbid,1
work realities,1,married if,1,she does,1,often postponed,1,morbid and,1
realities aging,1,becomes tied,1,does want,1,postponed until,1,and unequal,1
health caregiving,1,to visa,1,children name,1,until it,1,unequal why,1
caregiving exit,1,residency how,1,real options,1,it explodes,1,matters your,1
plan end,1,we avoid,1,options without,1,explodes how,1,risk curve,1
end each,1,avoid rushing,1,without promising,1,imagine my,1,curve rises,1
each talk,1,rushing money,1,promising don,1,children fitting,1,rises earlier,1
talk with,1,money daily,1,t jump,1,fitting into,1,earlier relocation,1
what did,1,just asking,1,jump to,1,into our,1,relocation increases,1
feel what,1,asking for,1,to solutions,1,life if,1,increases dependence,1
you afraid,1,money you,1,solutions until,1,we marry,1,dependence ask,1
say what,1,need specifics,1,wants but,1,marry how,1,changes i,1
need from,1,specifics not,1,be ready,1,how should,1,default can,1
me a,1,vibes how,1,ready to,1,i handle,1,we agree,1
quick way,1,split living,1,discuss possibilities,1,handle inheritance,1,agree paid,1
to identify,1,m there,1,possibilities as,1,inheritance so,1,help is,1
are avoiding,1,what spending,1,as possibilities,1,and clear,1,plan where,1
avoiding ask,1,spending feels,1,possibilities no,1,clear the,1,needed complex,1
yourself if,1,feels normal,1,confirm she,1,the meta,1,work exit,1
answer were,1,normal to,1,that vasectomy,1,meta question,1,plan avoided,1
were x,1,you vs,1,vasectomy reversal,1,that reveals,1,it sounds,1
x i,1,vs excessive,1,reversal not,1,reveals what,1,sounds like,1
to change,1,excessive what,1,not guaranteed,1,avoiding ask,1,planning to,1
change my,1,your view,1,guaranteed depends,1,can even,1,to fail,1
my plan,1,view on,1,on time,1,even tell,1,fail why,1
plan those,1,on shared,1,time since,1,what answer,1,matters having,1
conversations you,1,shared accounts,1,since procedure,1,answer am,1,having a,1
likely dodging,1,accounts vs,1,procedure and,1,i afraid,1,a humane,1
dodging if,1,vs separate,1,and other,1,hear then,1,humane exit,1
which topics,1,separate accounts,1,other factors,1,then turn,1,plan reduces,1
already have,1,accounts family,1,factors sperm,1,turn that,1,reduces fear,1
have discussed,1,money duty,1,sperm retrieval,1,fear into,1,fear and,1
discussed even,1,duty being,1,retrieval ivf,1,a single,1,and manipulation,1
even loosely,1,being close,1,ivf icsi,1,single clear,1,you abroad,1
loosely i,1,often wonderful,1,icsi possible,1,clear question,1,abroad ask,1
prioritize the,1,wonderful and,1,possible in,1,question a,1,we tried,1
the remaining,1,and structurally,1,in some,1,this without,1,tried living,1
remaining ones,1,structurally demanding,1,some cases,1,without overwhelming,1,living together,1
ones and,1,demanding what,1,cases even,1,overwhelming the,1,it wasn,1
and draft,1,what responsibilities,1,even after,1,relationship don,1,wasn t,1
short script,1,responsibilities do,1,after vasectomy,1,cover everything,1,t working,1
script for,1,have toward,1,vasectomy donor,1,everything at,1,working how,1
each that,1,family member,1,donor sperm,1,once do,1,it respectfully,1
your tone,1,member needs,1,sperm if,1,do four,1,housing finances,1
tone a,1,needs money,1,if genetics,1,four focused,1,and timing,1
trial can,1,or housing,1,genetics aren,1,focused conversations,1,timing exclusivity,1
a very,1,housing what,1,t the,1,conversations over,1,exclusivity fidelity,1
very reasonable,1,s expected,1,the priority,1,over the,1,and jealousy,1
reasonable step,1,expected of,1,priority adoption,1,weeks children,1,jealousy avoided,1
step possibly,1,you of,1,adoption varies,1,timeline money,1,can trigger,1
possibly the,1,your partner,1,varies widely,1,obligations relocation,1,trigger insecurity,1
best one,1,partner how,1,widely by,1,visa exit,1,insecurity why,1
one available,1,we spend,1,country law,1,plan living,1,matters cross,1
available provided,1,spend with,1,law feasibility,1,arrangements healthcare,1,cultural norms,1
provided you,1,family weekly,1,feasibility also,1,healthcare aging,1,norms differ,1
you structure,1,weekly where,1,also include,1,aging care,1,differ distance,1
structure it,1,live long,1,include the,1,which of,1,distance amplifies,1
it so,1,term and,1,the often,1,these feels,1,amplifies misunderstandings,1
it stays,1,why not,1,often missed,1,feels hardest,1,misunderstandings ask,1
stays a,1,just your,1,missed reality,1,hardest to,1,does being,1
trial without,1,your country,1,reality older,1,to raise,1,being faithful,1
without guardrails,1,country but,1,older fatherhood,1,raise after,1,faithful mean,1
guardrails yes,1,actual place,1,fatherhood energy,1,after children,1,practice friends,1
yes it,1,place and,1,energy longevity,1,you script,1,friends messaging,1
step where,1,the exit,1,longevity being,1,script that,1,messaging privacy,1
where inertia,1,options where,1,being an,1,s direct,1,privacy social,1
inertia does,1,where exactly,1,an year,1,direct but,1,social media,1
the deciding,1,exactly would,1,year old,1,but not,1,media what,1
deciding when,1,near your,1,old dad,1,not accusatory,1,like betrayal,1
when a,1,family or,1,dad to,1,accusatory a,1,betrayal conflict,1
trial is,1,or elsewhere,1,a teenager,1,a three,1,style what,1
a green,1,elsewhere would,1,teenager if,1,three month,1,what each,1
flag she,1,we ever,1,gets to,1,is in,1,you does,1
not demanding,1,ever live,1,to medical,1,principle the,1,does when,1
demanding a,1,live part,1,medical feasibility,1,of step,1,hurt avoided,1
move or,1,isolated what,1,feasibility the,1,step that,1,you prefer,1
or immediate,1,changes would,1,practical next,1,that reduces,1,prefer harmony,1
marriage she,1,make healthcare,1,urologist consult,1,reduces naivety,1,harmony now,1
s inviting,1,aging the,1,consult and,1,naivety provided,1,now why,1
inviting you,1,the high,1,and if,1,provided you,1,matters long,1
see real,1,high stakes,1,relevant fertility,1,you structure,1,term success,1
the holiday,1,stakes topic,1,clinic consult,1,structure it,1,success is,1
holiday version,1,topic if,1,consult for,1,t quietly,1,is mostly,1
version she,1,issue would,1,real probabilities,1,quietly become,1,mostly about,1
s willing,1,or go,1,probabilities and,1,become relocation,1,about repair,1
let time,1,go to,1,and costs,1,inertia when,1,repair ask,1
and experience,1,hub what,1,costs otherwise,1,s genuinely,1,ask when,1
experience answer,1,want your,1,ll both,1,genuinely reasonable,1,re upset,1
question when,1,role to,1,both be,1,reasonable good,1,upset do,1
becomes a,1,be partner,1,be making,1,sign it,1,want space,1
a trap,1,nurse how,1,making life,1,s reasonable,1,space or,1
arrive on,1,we fund,1,life decisions,1,return easily,1,or to,1
a visa,1,parents need,1,decisions in,1,easily you,1,talk what,1
visa timeline,1,need care,1,a fog,1,as ordinary,1,what helps,1
timeline that,1,care at,1,fog if,1,an extended,1,helps you,1
you dependent,1,same time,1,children still,1,holiday you,1,you calm,1
dependent or,1,handle that,1,still confirm,1,you use,1,calm down,1
or pressured,1,that sex,1,confirm it,1,use it,1,down how,1
pressured you,1,sex fidelity,1,s stable,1,have and,1,we apologize,1
you merge,1,fidelity and,1,stable people,1,and verify,1,apologize and,1
merge finances,1,boundaries often,1,people sometimes,1,ve been,1,and move,1
finances or,1,often avoided,1,sometimes say,1,been avoiding,1,move on,1
or housing,1,avoided because,1,no early,1,avoiding you,1,on religion,1
housing in,1,feels unromantic,1,early to,1,you agree,1,religion gender,1
to unwind,1,unromantic are,1,to preserve,1,agree in,1,gender roles,1
unwind you,1,we exclusive,1,preserve the,1,advance that,1,and public,1
you postpone,1,handle jealousy,1,relationship then,1,that three,1,public social,1
postpone the,1,jealousy social,1,then grieve,1,months ends,1,social expectations,1
conversations until,1,social media,1,grieve later,1,ends with,1,expectations avoided,1
re emotionally,1,media attention,1,if in,1,gate not,1,feel political,1
emotionally socially,1,attention old,1,felt sadness,1,an automatic,1,political or,1
socially embedded,1,old partners,1,sadness about,1,automatic extension,1,or culturally,1
embedded you,1,partners what,1,not having,1,extension her,1,culturally sensitive,1
start performing,1,a satisfying,1,having kids,1,her suggesting,1,sensitive why,1
performing commitment,1,satisfying sex,1,kids what,1,suggesting a,1,matters these,1
commitment gifts,1,sex life,1,do her,1,serious trial,1,these surface,1
gifts promises,1,for each,1,stay honest,1,trial rather,1,surface once,1
promises family,1,us long,1,honest here,1,than demanding,1,embedded with,1
obligations to,1,term religion,1,here matters,1,demanding a,1,family community,1
keep things,1,culture and,1,matters timing,1,move can,1,community ask,1
things smooth,1,and public,1,timing relative,1,a green,1,ask are,1
smooth how,1,public life,1,relative to,1,flag when,1,are there,1
a true,1,life judgment,1,to relocation,1,step down,1,there expectations,1
true experiment,1,judgment is,1,relocation have,1,down a,1,expectations for,1
experiment guardrails,1,is already,1,have this,1,re too,1,couple like,1
guardrails define,1,already on,1,this conversation,1,deep in,1,like us,1
define the,1,her mind,1,conversation before,1,becomes momentum,1,us how,1
the purpose,1,mind clarify,1,move decision,1,momentum trap,1,we behave,1
purpose and,1,clarify the,1,decision if,1,trap if,1,behave publicly,1
decision at,1,the realities,1,if children,1,go without,1,publicly roles,1
end agree,1,realities how,1,are important,1,without clarifying,1,roles at,1
agree explicitly,1,how public,1,not workable,1,clarifying children,1,home holidays,1
explicitly this,1,public can,1,workable for,1,timeline first,1,holidays religion,1
trial to,1,we be,1,countries first,1,first especially,1,religion that,1
learn how,1,be as,1,first creates,1,especially given,1,consider important,1
we function,1,couple there,1,creates avoidable,1,given your,1,important your,1
function in,1,any expectations,1,avoidable harm,1,vasectomy and,1,your obligations,1
life at,1,around religion,1,harm and,1,her age,1,obligations to,1
end we,1,religion gender,1,and pressure,1,age you,1,to them,1
we decide,1,gender roles,1,re leaning,1,you start,1,them avoided,1
decide continue,1,roles holidays,1,leaning toward,1,start paying,1,pulled back,1
continue and,1,holidays or,1,toward personally,1,everything or,1,home or,1
how continue,1,or social,1,personally open,1,or supporting,1,or being,1
continue but,1,social etiquette,1,to reversal,1,supporting family,1,being judged,1
but slower,1,etiquette what,1,ivf open,1,family temporarily,1,judged why,1
slower or,1,we lived,1,to non,1,temporarily you,1,matters they,1
or stop,1,my culture,1,non biological,1,let your,1,they are,1
stop without,1,culture conflict,1,biological options,1,your visa,1,your long,1
without blame,1,style and,1,options or,1,visa status,1,term reality,1
blame keep,1,and decision,1,or firmly,1,status drift,1,reality also,1
it reversible,1,decision making,1,firmly no,1,into gray,1,also affects,1
reversible don,1,making this,1,no more,1,gray areas,1,affects where,1
sell anything,1,the marriage,1,more children,1,areas that,1,may need,1
anything at,1,marriage relocation,1,craft the,1,that force,1,live later,1
home keep,1,relocation killer,1,the exact,1,stay or,1,ask my,1
base don,1,killer if,1,exact wording,1,or scramble,1,my children,1
there don,1,if unaddressed,1,wording and,1,scramble you,1,children matter,1
sign lend,1,unaddressed when,1,step decision,1,you give,1,role do,1
lend or,1,when we,1,decision tree,1,up your,1,imagine them,1
make large,1,we disagree,1,tree you,1,your supports,1,them having,1
large transfers,1,disagree how,1,ve likely,1,supports sell,1,having in,1
transfers keep,1,we want,1,likely already,1,sell home,1,our life,1
your key,1,to handle,1,already covered,1,home cut,1,life if,1
key accounts,1,need space,1,covered chemistry,1,cut ties,1,spend time,1
accounts and,1,space or,1,chemistry affection,1,ties stop,1,time back,1
and documents,1,or immediate,1,affection daily,1,stop seeing,1,for family,1
documents under,1,immediate resolution,1,contact and,1,seeing your,1,family how,1
control reduce,1,resolution how,1,and general,1,your doctors,1,would that,1
dependency while,1,will we,1,general future,1,doctors before,1,feel to,1
there best,1,big decisions,1,talk the,1,ve proven,1,you sex,1
best option,1,decisions money,1,the gaps,1,proven the,1,sex and,1
option if,1,money moves,1,gaps tend,1,the arrangement,1,and intimacy,1
feasible your,1,moves family,1,where an,1,arrangement works,1,intimacy over,1
place nearby,1,family who,1,honest answer,1,works make,1,time including,1
nearby even,1,decides what,1,answer could,1,a true,1,including health,1
a small,1,what worst,1,could require,1,true experiment,1,changes avoided,1
small studio,1,case scenarios,1,more feelings,1,experiment simple,1,s vulnerable,1
studio if,1,scenarios breakup,1,feelings those,1,simple guardrails,1,and awkward,1
together set,1,breakup betrayal,1,the ones,1,guardrails agree,1,awkward why,1
set expectations,1,betrayal death,1,ones people,1,agree before,1,matters libido,1
for work,1,death these,1,avoid not,1,you book,1,libido and,1
hours and,1,these feel,1,not out,1,book a,1,function changes,1
and quiet,1,feel harsh,1,of cowardice,1,negotiable agree,1,common silence,1
quiet time,1,harsh but,1,cowardice but,1,date e,1,silence breeds,1
time social,1,but they,1,the loss,1,what decisions,1,breeds shame,1
social time,1,re protective,1,loss would,1,table continue,1,shame and,1
finances for,1,protective especially,1,hurt below,1,continue another,1,and resentment,1
for daily,1,border if,1,below is,1,another trial,1,resentment ask,1
daily expenses,1,we try,1,practical map,1,period vs,1,ask i,1
expenses put,1,together and,1,map of,1,vs pause,1,be able,1
put the,1,work what,1,most commonly,1,pause vs,1,about intimacy,1
hard topics,1,our plan,1,commonly avoided,1,vs plan,1,intimacy kindly,1
topics on,1,trapped if,1,avoided and,1,term path,1,kindly as,1
calendar before,1,i die,1,and most,1,path not,1,as we,1
you go,1,die first,1,most consequential,1,ll just,1,we age,1
go don,1,first what,1,consequential conversations,1,just see,1,age how,1
on we,1,be secure,1,conversations in,1,see separate,1,you like,1
ll talk,1,secure what,1,situation plus,1,trial no,1,like to,1
talk when,1,want for,1,plus how,1,accounts no,1,handle changes,1
it comes,1,for my,1,surface them,1,gifts no,1,changes or,1
comes up,1,children what,1,them without,1,purchases decide,1,or difficulties,1
up schedule,1,financial steps,1,making them,1,decide a,1,difficulties talking,1
schedule kids,1,steps would,1,them accusatory,1,a fair,1,talking doctor,1
kids including,1,fair will,1,accusatory children,1,fair routine,1,doctor visits,1
including your,1,beneficiaries if,1,children you,1,routine cost,1,visits patience,1
vasectomy early,1,we become,1,ve already,1,cost approach,1,patience alternatives,1
early marriage,1,become long,1,already identified,1,approach who,1,alternatives a,1
expectations timeline,1,term the,1,identified this,1,pays rent,1,simple way,1
aging healthcare,1,conversations you,1,this one,1,rent food,1,talks without,1
sick here,1,likely avoiding,1,one why,1,food transport,1,without risking,1
here visa,1,the answers,1,gets avoided,1,transport that,1,risking everything,1
realities and,1,answers could,1,dealbreaker and,1,that won,1,everything at,1
moving would,1,could force,1,at it,1,create dependence,1,once use,1
mean establish,1,force a,1,sensitive what,1,dependence or,1,two session,1
establish check,1,decision based,1,clarify whether,1,resentment the,1,session structure,1
ins and,1,on your,1,children timeline,1,vasectomy conversation,1,structure and,1
a stop,1,your story,1,timeline whether,1,conversation before,1,and make,1
stop option,1,story the,1,whether biology,1,arrive or,1,it mutual,1
option weekly,1,the top,1,biology matters,1,biggest time,1,mutual session,1
weekly what,1,top avoidance,1,options you,1,time sensitive,1,session life,1
felt good,1,avoidance candidates,1,d consider,1,sensitive fork,1,life design,1
good what,1,candidates are,1,marriage legal,1,fork if,1,design kids,1
felt hard,1,are children,1,status and,1,t won,1,marriage where,1
hard any,1,relationship quickly,1,is why,1,t pursue,1,live timeline,1
forming midpoint,1,quickly family,1,it raises,1,options don,1,timeline session,1
midpoint weeks,1,expectations because,1,raises the,1,let the,1,session stability,1
weeks an,1,could reveal,1,the citizenship,1,trial deepen,1,stability money,1
an honest,1,reveal hidden,1,citizenship security,1,deepen attachment,1,plan conflict,1
honest review,1,hidden obligations,1,security fear,1,attachment without,1,style open,1
review pre,1,visa linkage,1,fear and,1,without clarity,1,open with,1
pre agreed,1,linkage because,1,and can,1,clarity a,1,with i,1
agreed i,1,create pressure,1,feel insulting,1,and emergency,1,not looking,1
can pause,1,pressure and,1,insulting what,1,arrive identify,1,for perfect,1
pause leave,1,and change,1,discuss does,1,one hospital,1,perfect answers,1
rule what,1,change motives,1,it expected,1,would use,1,answers i,1
should aim,1,motives aging,1,by her,1,use confirm,1,m looking,1
aim to,1,plan because,1,family culture,1,confirm insurance,1,for honesty,1
learn in,1,it raises,1,culture does,1,a cash,1,honesty so,1
months how,1,raises the,1,country someday,1,cash reserve,1,t build,1
how conflict,1,the burden,1,someday if,1,reserve threshold,1,on assumptions,1
conflict is,1,burden question,1,relocate there,1,threshold decide,1,assumptions close,1
is handled,1,question your,1,there is,1,care looks,1,close with,1
handled and,1,your willingness,1,that forever,1,what triggers,1,a next,1
and repaired,1,keep a,1,forever or,1,triggers it,1,step let,1
repaired whether,1,base not,1,a chapter,1,it independence,1,s do,1
whether affection,1,not move,1,chapter if,1,independence goals,1,stay plan,1
affection stays,1,permanently because,1,you marry,1,goals so,1,and then,1
stays stable,1,it tests,1,marry what,1,not socially,1,then review,1
stable when,1,tests whether,1,what legal,1,socially dependent,1,review if,1
tired busy,1,future vision,1,legal financial,1,her set,1,me which,1
busy or,1,vision is,1,expectations come,1,set concrete,1,which of,1
or set,1,is flexible,1,with that,1,concrete targets,1,these topics,1
set limits,1,flexible a,1,country gentle,1,targets language,1,topics feels,1
limits whether,1,without overwhelming,1,gentle opener,1,language x,1,feels hardest,1
whether family,1,overwhelming either,1,honest about,1,x hours,1,hardest for,1
expectations expand,1,do one,1,means in,1,hours week,1,to raise,1
expand once,1,one topic,1,world marriage,1,week practical,1,raise top,1
re living,1,topic per,1,not and,1,practical milestones,1,top i,1
there whether,1,per week,1,where we,1,milestones transport,1,craft wording,1
can build,1,week with,1,we imagine,1,transport shopping,1,wording that,1
routines language,1,shared intent,1,imagine living,1,shopping basic,1,clear a,1
language friends,1,intent i,1,living long,1,basic medical,1,a three,1
friends medical,1,well so,1,model not,1,medical phrases,1,trial can,1
medical access,1,t hurt,1,not are,1,phrases community,1,very reasonable,1
access whether,1,hurt each,1,you after,1,can manage,1,reasonable next,1
path answer,1,other later,1,after my,1,manage phone,1,step provided,1
answer to,1,later suggested,1,my money,1,phone banking,1,provided you,1
core worry,1,suggested order,1,money but,1,basics transport,1,design it,1
worry am,1,order least,1,but how,1,transport appointments,1,first chapter,1
i already,1,least to,1,we run,1,appointments what,1,chapter of,1
already too,1,to most,1,life why,1,pay attention,1,of permanent,1
too deep,1,most charged,1,feels unromantic,1,attention to,1,relocation by,1
deep depth,1,charged daily,1,unromantic and,1,to during,1,by inertia,1
depth isn,1,life where,1,and raises,1,the three,1,inertia when,1
t the,1,live money,1,raises shame,1,months high,1,when a,1
the problem,1,money split,1,shame on,1,high yield,1,sign it,1
problem irreversibility,1,split budgeting,1,sides what,1,yield observations,1,more promising,1
irreversibility is,1,budgeting family,1,clarify vs,1,observations how,1,promising if,1
months while,1,expectations marriage,1,model spending,1,two handle,1,s proposing,1
intact and,1,reality children,1,style debt,1,handle boredom,1,proposing a,1
and while,1,aging healthcare,1,debt savings,1,boredom irritation,1,trial rather,1
while bringing,1,healthcare worst,1,savings habits,1,irritation misunderstandings,1,than demanding,1
bringing the,1,case plans,1,habits gifts,1,misunderstandings whether,1,demanding permanence,1
the avoided,1,plans if,1,gifts remittances,1,boundaries when,1,permanence she,1
avoided conversations,1,which of,1,remittances support,1,say slow,1,you keeping,1
conversations forward,1,these topics,1,support to,1,down or,1,base she,1
forward it,1,topics feels,1,to relatives,1,or no,1,having your,1
a slide,1,feels hardest,1,relatives boundaries,1,no whether,1,own routine,1
slide it,1,hardest to,1,early what,1,whether family,1,routine work,1
s due,1,raise next,1,normal help,1,obligations appear,1,work hours,1
diligence if,1,next and,1,help vs,1,appear and,1,hours friends,1
accommodation and,1,you script,1,much opener,1,how they,1,language study,1
visa constraints,1,script it,1,want money,1,re framed,1,study she,1
constraints and,1,s direct,1,money to,1,framed whether,1,s willing,1
simple month,1,direct culturally,1,to quietly,1,feel your,1,the adult,1
trial agreement,1,culturally respectful,1,quietly poison,1,your world,1,adult conversations,1
agreement principles,1,and not,1,poison us,1,world expanding,1,conversations kids,1
principles weekly,1,accusatory a,1,us later,1,expanding there,1,aging that,1
weekly check,1,a three,1,later can,1,there or,1,that pattern,1
check in,1,month try,1,we agree,1,or narrowing,1,pattern suggests,1
in questions,1,here period,1,fair model,1,narrowing into,1,s thinking,1
questions red,1,period is,1,and limits,1,into dependence,1,thinking partnership,1
red lines,1,is in,1,limits family,1,dependence whether,1,partnership not,1
lines you,1,principle a,1,obligations the,1,whether trial,1,just capture,1
most likely,1,a reasonable,1,contract why,1,is treated,1,capture when,1
seeing or,1,reasonable reality,1,avoided you,1,mutual test,1,a slippery,1
or not,1,reality based,1,you fear,1,test or,1,slippery slope,1
fully letting,1,based move,1,fear sounding,1,or as,1,slope it,1
letting in,1,move provided,1,sounding culturally,1,a prelude,1,a slope,1
predictable uncomfortable,1,provided you,1,culturally insensitive,1,prelude to,1,slope if,1
uncomfortable truths,1,design it,1,insensitive she,1,an assumed,1,go with,1
truths because,1,to increase,1,may fear,1,assumed outcome,1,with no,1
because acknowledging,1,than commitment,1,fear judgment,1,clean way,1,no clear,1
acknowledging them,1,commitment if,1,how close,1,yes without,1,date or,1
them could,1,increases commitment,1,close close,1,without sliding,1,or review,1
force a,1,commitment faster,1,close is,1,sliding into,1,review point,1
to face,1,faster than,1,is in,1,into already,1,close things,1
face yet,1,than information,1,practice frequency,1,already too,1,feel real,1
yet in,1,information financial,1,frequency expectations,1,deep you,1,you merge,1
situation the,1,entanglement visa,1,whether parents,1,this let,1,merge finances,1
biggest blind,1,visa dependency,1,parents might,1,s treat,1,obligations you,1
spots tend,1,social isolation,1,might live,1,treat three,1,become socially,1
to fall,1,isolation it,1,live with,1,months as,1,socially linguistically,1
fall into,1,step in,1,you later,1,real trial,1,linguistically dependent,1
few buckets,1,slide when,1,expected time,1,we talk,1,her immediately,1
buckets the,1,when a,1,money who,1,money first,1,immediately you,1
is probably,1,sign it,1,who gets,1,first we,1,conversations because,1
probably larger,1,more credible,1,gets priority,1,we keep,1,because we,1
larger than,1,credible than,1,priority in,1,date before,1,we re,1
re allowing,1,now because,1,in conflicts,1,deciding anything,1,re together,1
allowing at,1,it acknowledges,1,conflicts partner,1,anything bigger,1,together now,1
children even,1,acknowledges you,1,partner vs,1,bigger if,1,default outcome,1
t said,1,need more,1,vs family,1,responds with,1,outcome becomes,1
plainly and,1,more real,1,system opener,1,with collaboration,1,becomes staying,1
vasectomy the,1,exposure lets,1,respect your,1,collaboration rather,1,staying regardless,1
spot isn,1,lets you,1,closeness i,1,than pressure,1,regardless of,1
just fertility,1,see routine,1,just need,1,pressure you,1,learn how,1
s resentment,1,compatibility workdays,1,mean for,1,re on,1,trial truly,1
risk if,1,workdays boredom,1,for our,1,the healthy,1,truly protective,1
if either,1,boredom stress,1,our daily,1,healthy track,1,protective a,1
you hopes,1,stress conflict,1,life aging,1,track if,1,concrete structure,1
hopes it,1,repair gives,1,and plan,1,visa you,1,structure define,1
it works,1,see you,1,a is,1,d likely,1,define the,1
works out,1,you outside,1,is paid,1,likely use,1,purpose in,1
without clear,1,outside visit,1,care why,1,use for,1,in one,1
agreement what,1,visit mode,1,it punctures,1,day stay,1,sentence shared,1
direct talk,1,mode too,1,punctures the,1,stay i,1,shared example,1
how strongly,1,too her,1,the romantic,1,can flag,1,example this,1
options she,1,her proposing,1,romantic bubble,1,flag common,1,this trip,1
she d,1,proposing a,1,bubble and,1,common pitfalls,1,trip is,1
d accept,1,a trial,1,and triggers,1,pitfalls overstays,1,test daily,1
accept and,1,trial rather,1,triggers mortality,1,overstays remote,1,life compatibility,1
timeline stable,1,than demanding,1,mortality what,1,work restrictions,1,compatibility and,1
and serious,1,demanding a,1,she imagines,1,restrictions healthcare,1,whether i,1
serious may,1,move can,1,imagines at,1,healthcare access,1,live here,1
may include,1,flag when,1,she would,1,and help,1,here with,1
include unspoken,1,risk the,1,would and,1,page trial,1,with independence,1
unspoken provider,1,the already,1,and would,1,trial agreement,1,independence not,1
provider expectations,1,already too,1,would not,1,can both,1,decide marriage,1
expectations even,1,too deep,1,do hands,1,both align,1,or permanent,1
a proud,1,deep feeling,1,care vs,1,align on,1,relocation immediately,1
proud non,1,feeling it,1,vs advocacy,1,not seeing,1,immediately keep,1
non extractive,1,becomes risky,1,advocacy your,1,seeing or,1,it reversible,1
extractive person,1,risky if,1,your commitment,1,fully letting,1,reversible keep,1
person can,1,months are,1,commitment to,1,letting in,1,base lease,1
still assume,1,are structured,1,to funding,1,in whichever,1,lease home,1
assume that,1,structured so,1,funding professional,1,whichever of,1,home bank,1
that an,1,so that,1,care where,1,these would,1,bank medical,1
partner foreigner,1,re living,1,where serious,1,would force,1,medical links,1
foreigner will,1,living in,1,happens there,1,to slow,1,links buy,1
will cover,1,her home,1,there regional,1,down disappoint,1,buy a,1
cover more,1,home under,1,home opener,1,disappoint her,1,a round,1
more over,1,under her,1,to become,1,or change,1,ticket don,1
time especially,1,s roof,1,become my,1,change the,1,t ship,1
especially once,1,roof dependency,1,plan i,1,the story,1,ship possessions,1
once cohabiting,1,dependency pressure,1,so love,1,story the,1,possessions don,1
cohabiting once,1,pressure you,1,love stays,1,children fork,1,buy property,1
once family,1,you merge,1,stays love,1,fork because,1,property reduce,1
family sees,1,make purchases,1,love relocation,1,can end,1,reduce dependence,1
sees you,1,purchases because,1,relocation reality,1,end the,1,dependence on,1
as in,1,re basically,1,reality independence,1,relationship fast,1,from day,1
in or,1,basically living,1,independence isolation,1,fast you,1,day one,1
or if,1,you let,1,isolation and,1,ve got,1,one rent,1
if a,1,the trip,1,power why,1,got a,1,or ensure,1
crisis hits,1,trip become,1,it implies,1,vasectomy she,1,ensure you,1
hits what,1,a referendum,1,implies mistrust,1,see is,1,housing options,1
it explicit,1,referendum if,1,mistrust and,1,may want,1,options build,1
discussion of,1,d stay,1,and highlights,1,a child,1,build routines,1
a expense,1,stay you,1,highlights asymmetry,1,child enough,1,routines not,1
expense sharing,1,you lose,1,asymmetry what,1,enough that,1,not centered,1
sharing norms,1,or income,1,will build,1,that us,1,centered on,1
norms b,1,income flexibility,1,life language,1,us only,1,her coworking,1
family needs,1,flexibility during,1,routines expectations,1,works if,1,coworking gym,1
needs help,1,trial the,1,your time,1,pursue a,1,gym class,1
help c,1,trial it,1,vs alone,1,t truly,1,class expat,1
what security,1,s unplanned,1,alone vs,1,truly want,1,expat meetups,1
security means,1,unplanned escalation,1,vs work,1,want reversal,1,meetups start,1
means to,1,escalation make,1,work what,1,ivf donor,1,start structured,1
in numbers,1,pilot design,1,re unhappy,1,donor adoption,1,structured language,1
numbers and,1,design principles,1,unhappy there,1,adoption or,1,learning immediately,1
and behaviors,1,principles before,1,there a,1,may say,1,immediately put,1
behaviors family,1,you book,1,move structure,1,s fine,1,put review,1
family gravity,1,book keep,1,and exit,1,fine now,1,dates on,1
gravity you,1,if at,1,plan opener,1,now and,1,logistics check,1
underestimating how,1,all possible,1,move toward,1,and grieve,1,check living,1
much they,1,possible don,1,toward you,1,grieve it,1,living work,1
they shape,1,sell don,1,you but,1,it later,1,work communication,1
shape the,1,everything keep,1,way where,1,later how,1,communication week,1
relationship close,1,clear return,1,not dependent,1,clear preference,1,week relationship,1
close families,1,return plan,1,for everything,1,preference timeline,1,relationship check,1
families can,1,plan avoid,1,everything conflict,1,what no,1,check conflict,1
be wonderful,1,property buying,1,style and,1,no children,1,conflict money,1
wonderful and,1,buying or,1,how we,1,children would,1,interface week,1
and also,1,or large,1,we repair,1,cost her,1,decision check,1
also a,1,large relationship,1,repair why,1,her emotionally,1,check next,1
a source,1,relationship infrastructure,1,avoided people,1,emotionally partner,1,step split,1
source of,1,infrastructure purchases,1,people fear,1,sponsor can,1,base another,1
of obligations,1,purchases reduce,1,fear creating,1,include real,1,trial pause,1
obligations influence,1,reduce dependency,1,creating conflict,1,real financial,1,pause have,1
influence and,1,dependency protects,1,conflict by,1,financial expectations,1,two deal,1
and face,1,protects love,1,you does,1,expectations you,1,breaker talks,1
face considerations,1,love ideally,1,does when,1,sincere and,1,trip within,1
considerations you,1,ideally rent,1,when hurt,1,still assume,1,within the,1
you won,1,place even,1,hurt withdraw,1,assume helping,1,weeks gently,1
t feel,1,even nearby,1,pursue go,1,helping parents,1,gently but,1
feel until,1,nearby you,1,go silent,1,parents paying,1,but clearly,1
embedded what,1,can spend,1,silent rules,1,emergencies being,1,clearly children,1
it more,1,spend plenty,1,rules for,1,being the,1,re willing,1
more time,1,plenty of,1,for fighting,1,the stable,1,willing unwilling,1
time around,1,of time,1,fighting no,1,stable one,1,unwilling to,1
around family,1,time together,1,no insults,1,one financially,1,do marriage,1
in ordinary,1,together without,1,insults no,1,financially is,1,expectations so,1
ordinary contexts,1,only lifeline,1,no threats,1,is normal,1,drift into,1
contexts and,1,lifeline build,1,threats no,1,normal especially,1,into assumed,1
and asking,1,routines errands,1,no disappearing,1,especially once,1,assumed commitments,1
expectations they,1,errands a,1,disappearing how,1,there how,1,commitments a,1
they may,1,a weekly,1,how apologies,1,it discuss,1,simple am,1
may have,1,her basic,1,apologies work,1,discuss specific,1,i already,1
you financial,1,basic language,1,how trust,1,specific scenarios,1,deep self,1
financial time,1,language practice,1,trust is,1,scenarios parent,1,self test,1
living location,1,practice put,1,is rebuilt,1,parent medical,1,re too,1
location marriage,1,put the,1,rebuilt opener,1,medical bill,1,deep if,1
timeline you,1,or early,1,opener we,1,bill sibling,1,t imagine,1
be underpricing,1,trial minimum,1,we get,1,sibling job,1,imagine leaving,1
underpricing the,1,minimum set,1,get along,1,job loss,1,leaving at,1
the isolation,1,set children,1,along well,1,loss housing,1,of three,1
dependence you,1,children your,1,well let,1,housing help,1,months even,1
be accepting,1,vasectomy her,1,s talk,1,and agree,1,learn something,1
accepting in,1,her desires,1,do when,1,on boundaries,1,something serious,1
country without,1,desires and,1,t exclusivity,1,budget before,1,serious e,1
language your,1,timeline money,1,exclusivity boundaries,1,trial deepens,1,g incompatible,1
partner can,1,expectations shared,1,and sexual,1,deepens momentum,1,incompatible kids,1
your translator,1,expenses family,1,sexual health,1,momentum as,1,kids goals,1
translator social,1,boundaries marriage,1,health why,1,a substitute,1,goals controlling,1
social organizer,1,visa whether,1,avoided can,1,substitute for,1,behavior financial,1
organizer healthcare,1,whether either,1,feel accusatory,1,for agreement,1,re in,1
healthcare navigator,1,you expects,1,accusatory or,1,that a,1,healthy place,1
navigator and,1,expects marriage,1,or awkward,1,trial can,1,i hope,1
emotional anchor,1,marriage as,1,awkward cross,1,become soft,1,it works,1
anchor that,1,step and,1,cross culturally,1,soft relocation,1,works and,1
quietly shift,1,when aging,1,culturally what,1,relocation where,1,m willing,1
shift the,1,nurse principle,1,clarify exclusivity,1,where it,1,to walk,1
relationship from,1,principle paid,1,exclusivity expectations,1,becomes harder,1,walk away,1
from romance,1,care intent,1,expectations privacy,1,harder to,1,away if,1
romance to,1,intent if,1,privacy social,1,no later,1,evidence says,1
to caretaking,1,any of,1,social media,1,later even,1,says it,1
caretaking management,1,are dealbreakers,1,media sti,1,if doubts,1,it aligned,1
management what,1,dealbreakers better,1,sti testing,1,doubts grow,1,aligned and,1
it during,1,learn that,1,testing norms,1,grow how,1,and loving,1
trial deliberately,1,that before,1,norms jealousy,1,it set,1,loving yes,1
deliberately build,1,invest three,1,jealousy triggers,1,written decision,1,real trial,1
can run,1,three more,1,triggers your,1,gate date,1,it responsibly,1
run without,1,more months,1,non negotiable,1,date what,1,responsibly keep,1
her errands,1,months define,1,negotiable ties,1,s being,1,keep my,1
alone a,1,define what,1,ties why,1,being decided,1,base for,1
a doctor,1,what we,1,a competition,1,decided and,1,now have,1
doctor you,1,learn success,1,competition frame,1,and commit,1,have some,1
access a,1,success criteria,1,frame what,1,commit that,1,some clear,1
routine at,1,criteria agree,1,them how,1,permanent step,1,clear check,1
of local,1,agree even,1,decisions include,1,step happens,1,check in,1
local connections,1,even informally,1,include them,1,happens without,1,in points,1
connections you,1,informally on,1,them whether,1,explicit yes,1,and talk,1
be treating,1,is meant,1,be part,1,yes at,1,talk early,1
treating no,1,meant to,1,of that,1,at that,1,early about,1
money asked,1,answer examples,1,that reality,1,that gate,1,about children,1
asked as,1,examples can,1,reality breakup,1,gate your,1,health plans,1
as stronger,1,live well,1,breakup exit,1,future dependence,1,plans that,1
stronger evidence,1,well together,1,plan the,1,dependence and,1,that way,1
evidence than,1,together during,1,the conversation,1,pressure it,1,way we,1
real green,1,during normal,1,conversation that,1,it puts,1,chance if,1
flag but,1,normal work,1,protects love,1,puts on,1,your planned,1
but early,1,work weeks,1,love why,1,the isolation,1,planned living,1
early stage,1,weeks how,1,avoided feels,1,risk the,1,living setup,1
stage restraint,1,handle disagreements,1,like planning,1,the part,1,setup with,1
restraint is,1,disagreements and,1,planning failure,1,part people,1,vs your,1
also common,1,repair can,1,clarify if,1,people avoid,1,place i,1
in sincere,1,i function,1,you try,1,avoid is,1,specific three,1
sincere relationships,1,function there,1,try living,1,the emotional,1,short checklist,1
and in,1,there without,1,respectfully housing,1,emotional implication,1,checklist of,1
in some,1,without leaning,1,housing timeline,1,implication if,1,should learn,1
some strategic,1,leaning on,1,timeline finances,1,main bridge,1,learn by,1
strategic ones,1,everything are,1,especially important,1,friends language,1,by each,1
ones the,1,we aligned,1,important before,1,healthcare the,1,each checkpoint,1
more diagnostic,1,we both,1,move opener,1,can start,1,checkpoint i,1
diagnostic question,1,both still,1,predicting failure,1,start carrying,1,missing but,1
is how,1,this when,1,failure i,1,carrying your,1,but in,1
she respond,1,a vacation,1,m preventing,1,your whole,1,your exact,1
respond to,1,vacation also,1,preventing panic,1,whole life,1,exact setup,1
to boundaries,1,also define,1,panic if,1,life which,1,setup age,1
and delay,1,define stop,1,we ever,1,which can,1,gap cross,1
delay what,1,criteria quietly,1,ever needed,1,can strain,1,border language,1
timeline keep,1,quietly for,1,needed to,1,strain even,1,barrier healthcare,1
base decline,1,for yourself,1,separate i,1,good love,1,risk long,1
decline large,1,yourself or,1,want it,1,love how,1,solitude strong,1
financial gestures,1,or explicitly,1,be respectful,1,it during,1,strong emotional,1
gestures and,1,explicitly if,1,respectful and,1,trial build,1,emotional reward,1
whether warmth,1,if appropriate,1,clear how,1,build independent,1,reward these,1
warmth and,1,appropriate such,1,to identify,1,independent routines,1,the highest,1
respect remain,1,as repeated,1,identify what,1,routines groups,1,highest probability,1
remain steady,1,repeated pressure,1,are avoiding,1,groups classes,1,probability blind,1
steady you,1,major incompatibility,1,avoiding quick,1,classes friends,1,spots the,1
be minimizing,1,children or,1,quick diagnostic,1,supports that,1,the things,1
minimizing your,1,or escalating,1,diagnostic you,1,that or,1,things people,1
medical tail,1,escalating financial,1,re avoiding,1,subtly resists,1,people often,1
risk because,1,expectations practical,1,feel a,1,resists it,1,often don,1
emotionally inconvenient,1,practical checklist,1,a drop,1,it healthcare,1,t see,1
inconvenient you,1,checklist for,1,drop in,1,one bad,1,see because,1
already know,1,months confirm,1,your stomach,1,bad week,1,because seeing,1
know complex,1,confirm visa,1,stomach before,1,week you,1,seeing them,1
reliable and,1,visa legality,1,you speak,1,re one,1,them forces,1
t absorb,1,legality for,1,speak you,1,one complex,1,forces a,1
major crisis,1,stay and,1,you find,1,complex medical,1,painful choice,1
crisis easily,1,any extension,1,find yourself,1,event away,1,choice how,1
easily the,1,extension rules,1,yourself thinking,1,away from,1,much your,1
spot is,1,rules arrange,1,thinking let,1,from forced,1,of going,1
is assuming,1,arrange health,1,not ruin,1,forced decisions,1,loneliness is,1
assuming we,1,health coverage,1,ruin a,1,decisions sell,1,is negotiating,1
without a,1,coverage for,1,good moment,1,sell assets,1,negotiating on,1
it pricing,1,the entire,1,moment you,1,assets fly,1,your behalf,1
pricing real,1,entire period,1,you postpone,1,home urgently,1,behalf what,1
real international,1,period including,1,postpone because,1,urgently rely,1,missing you,1
evacuation identifying,1,including evacuation,1,want more,1,etc how,1,re treating,1
identifying where,1,repatriation if,1,more closeness,1,it before,1,as scarce,1
care and,1,feasible bring,1,closeness first,1,go get,1,scarce enough,1
and setting,1,bring a,1,re afraid,1,get an,1,enough that,1
setting a,1,a concise,1,afraid the,1,an insurance,1,ll tolerate,1
hard rule,1,concise medical,1,answer will,1,a clearly,1,tolerate ambiguity,1
permanently until,1,summary and,1,will force,1,clearly funded,1,ambiguity you,1
until that,1,and medication,1,choose not,1,plan during,1,you wouldn,1
s solved,1,medication documentation,1,just talk,1,visit hospitals,1,wouldn t,1
solved you,1,documentation set,1,talk write,1,hospitals clinics,1,t otherwise,1
underestimating your,1,a budget,1,write down,1,clinics and,1,otherwise tolerate,1
own motive,1,budget for,1,down the,1,and test,1,tolerate or,1
motive relief,1,trial rent,1,the questions,1,test how,1,ll postpone,1
relief from,1,rent transport,1,questions you,1,how care,1,postpone deal,1
from loneliness,1,transport shared,1,most don,1,care actually,1,breaker topics,1
loneliness this,1,t exceed,1,ask those,1,actually works,1,topics how,1
your love,1,exceed it,1,are usually,1,works unspoken,1,i felt,1
love unreal,1,because love,1,usually the,1,unspoken cultural,1,felt confident,1
unreal but,1,love maintain,1,right ones,1,about roles,1,confident i,1
make any,1,maintain regular,1,ones the,1,roles you,1,i d,1
any workable,1,regular contact,1,the safest,1,see mismatches,1,okay alone,1
workable relationship,1,contact cadence,1,safest order,1,mismatches around,1,alone what,1
like the,1,cadence with,1,order to,1,around autonomy,1,would i,1
one and,1,friends so,1,talks so,1,autonomy jealousy,1,i insist,1
you accept,1,t disappear,1,t blow,1,jealousy privacy,1,insist on,1
accept asymmetries,1,disappear how,1,blow things,1,privacy gender,1,on clarifying,1
asymmetries you,1,her so,1,things up,1,roles a,1,clarifying before,1
you wouldn,1,slide i,1,up children,1,good husband,1,before a,1
t otherwise,1,months i,1,children vasectomy,1,husband obligations,1,do those,1
otherwise accept,1,see it,1,vasectomy time,1,obligations to,1,those items,1
accept what,1,serious trial,1,sensitive big,1,to family,1,items first,1
it ask,1,trial to,1,big fork,1,family or,1,first children,1
yourself what,1,learn what,1,fork marriage,1,how conflict,1,children as,1
d still,1,what daily,1,care healthcare,1,conflict is,1,the quiet,1
still require,1,is like,1,plan trial,1,is handled,1,quiet deal,1
require if,1,reversible and,1,trial relocation,1,handled how,1,breaker you,1
you felt,1,and talk,1,plan exit,1,good partner,1,hoping isn,1
felt emotionally,1,future early,1,a framing,1,partner do,1,t real,1
emotionally secure,1,early so,1,framing that,1,do here,1,real what,1
secure even,1,drift into,1,that lowers,1,here and,1,missing at,1
her healthcare,1,into assumptions,1,lowers defensiveness,1,your friends,1,at she,1
healthcare closeness,1,who wants,1,defensiveness use,1,friends say,1,and may,1
closeness to,1,wants a,1,use this,1,say you,1,be assuming,1
to kids,1,real partnership,1,this verbatim,1,should expect,1,assuming it,1
kids financial,1,partnership will,1,verbatim if,1,me your,1,s possible,1
financial safety,1,usually respect,1,want i,1,own scarcity,1,possible your,1
safety autonomy,1,structure the,1,not asking,1,scarcity bias,1,trajectory make,1
autonomy those,1,key question,1,i distrust,1,bias and,1,this a,1
negotiables conflict,1,answer your,1,distrust you,1,and rescue,1,a central,1
repair you,1,your fear,1,m asking,1,rescue fantasies,1,central compatibility,1
not have,1,fear ask,1,m considering,1,fantasies subtle,1,compatibility question,1
have seen,1,yourself after,1,considering major,1,subtle not,1,question not,1
seen each,1,after three,1,life changes,1,not shameful,1,a detail,1
other under,1,months am,1,changes i,1,shameful you,1,detail how,1
under real,1,i freer,1,decisions with,1,how much,1,check raise,1
real strain,1,freer to,1,clear eyes,1,much feeling,1,raise it,1
strain yet,1,i am,1,eyes so,1,feeling alive,1,it before,1
yet many,1,am today,1,t hurt,1,again makes,1,month trip,1
many couples,1,today if,1,hurt each,1,makes you,1,trip or,1
couples feel,1,you freer,1,other later,1,you tolerate,1,week watch,1
feel perfect,1,freer more,1,which of,1,tolerate ambiguity,1,clarity not,1
perfect until,1,data preserved,1,these topics,1,ambiguity postpone,1,avoidance stability,1
until the,1,preserved options,1,topics feels,1,postpone hard,1,stability meaning,1
first recurring,1,good trial,1,feels most,1,topics or,1,meaning provider,1
recurring stressor,1,trial if,1,most dangerous,1,or accept,1,provider without,1
stressor money,1,you less,1,dangerous to,1,accept structural,1,anyone saying,1
family interference,1,less free,1,to raise,1,d advise,1,saying it,1
interference jealousy,1,free dependency,1,raise next,1,advise your,1,loud what,1
jealousy fatigue,1,sunk costs,1,next i,1,your friend,1,missing she,1
fatigue or,1,costs pressure,1,you script,1,friend not,1,be sincere,1
a misunderstood,1,pressure it,1,script that,1,take how,1,still carry,1
misunderstood cultural,1,slide if,1,specific conversation,1,make one,1,carry an,1
cultural cue,1,what three,1,conversation in,1,one boundary,1,an expectation,1
cue what,1,like living,1,warm direct,1,boundary you,1,expectation that,1
it don,1,arrangements city,1,direct and,1,d normally,1,serious older,1
avoid conflict,1,city visa,1,and culturally,1,normally make,1,partner provides,1
conflict during,1,visa type,1,culturally respectful,1,make pace,1,provides a,1
trial watch,1,type whether,1,respectful a,1,pace finances,1,a certain,1
repair accountability,1,home i,1,trial can,1,finances medical,1,certain lifestyle,1
accountability apology,1,you tighten,1,be reasonable,1,can hold,1,lifestyle supports,1
apology compromise,1,tighten this,1,reasonable and,1,hold it,1,supports parents,1
compromise without,1,a specific,1,and even,1,it calmly,1,parents or,1
or escalation,1,specific pilot,1,even ideal,1,calmly without,1,or funds,1
escalation the,1,clear decision,1,ideal if,1,without backpedaling,1,funds major,1
the quickest,1,gates you,1,reversible test,1,backpedaling the,1,major steps,1
quickest way,1,to miss,1,test rather,1,simplest diagnostic,1,steps especially,1
to find,1,miss what,1,first irreversible,1,diagnostic how,1,especially once,1
find what,1,force you,1,step whether,1,responds to,1,re locally,1
seeing do,1,down or,1,s reasonable,1,to clarity,1,locally embedded,1
these three,1,or walk,1,reasonable depends,1,clarity the,1,embedded how,1
three reality,1,away in,1,depends less,1,most telling,1,check define,1
checks before,1,typically clusters,1,less on,1,telling thing,1,define partner,1
before or,1,clusters into,1,the duration,1,might be,1,sponsor in,1
or early,1,few quiet,1,duration and,1,be avoiding,1,and scenarios,1
early in,1,quiet categories,1,more on,1,avoiding is,1,scenarios rent,1
trial deal,1,categories a,1,structure why,1,possibility that,1,rent vacations,1
breaker disclosure,1,dealbreaker you,1,sign and,1,she won,1,vacations medical,1
disclosure children,1,re avoiding,1,prove good,1,careful pacing,1,medical events,1
obligations money,1,could end,1,sign she,1,pacing test,1,events family,1
plan explicitly,1,end things,1,s proposing,1,test i,1,family emergencies,1
explicitly delay,1,things children,1,proposing a,1,trial separate,1,emergencies then,1
delay test,1,biggest you,1,trial not,1,we must,1,then hold,1
test propose,1,you already,1,not demanding,1,must settle,1,boundary and,1
plan trial,1,already spotted,1,demanding an,1,settle children,1,if warmth,1
trial review,1,spotted it,1,an immediate,1,expectations in,1,warmth remains,1
review next,1,it others,1,immediate permanent,1,week one,1,remains family,1
base observe,1,others in,1,move that,1,one collaboration,1,expectations that,1
observe her,1,same class,1,s compatible,1,collaboration strong,1,that don,1
her response,1,class marriage,1,compatible with,1,strong sign,1,t show,1
response over,1,marriage expectation,1,with sincerity,1,sign guilt,1,up until,1
over weeks,1,expectation hers,1,sincerity and,1,pressure vagueness,1,until commitment,1
not minutes,1,hers her,1,patience doesn,1,vagueness slow,1,commitment becomes,1
minutes independence,1,s or,1,prove that,1,down if,1,becomes public,1
test build,1,or visa,1,t drift,1,want list,1,public what,1
build routines,1,visa driven,1,a default,1,list the,1,missing introductions,1
contacts that,1,driven where,1,default well,1,the top,1,introductions are,1
t involve,1,you must,1,well i,1,top questions,1,are positive,1
involve her,1,must live,1,m here,1,questions you,1,positive but,1
her see,1,family not,1,here so,1,most afraid,1,but obligations,1
reacts to,1,not negotiable,1,might as,1,you rewrite,1,obligations often,1
your autonomy,1,negotiable monogamy,1,as well,1,rewrite them,1,often emerge,1
autonomy if,1,monogamy boundaries,1,well path,1,them into,1,emerge later,1
which of,1,boundaries expectations,1,path sunk,1,into warm,1,later after,1
these topics,1,expectations that,1,cost isn,1,warm respectful,1,after cohabitation,1
you most,1,that differ,1,just money,1,respectful wording,1,engagement or,1
most dread,1,differ more,1,money it,1,and order,1,or when,1
dread discussing,1,than you,1,s emotional,1,order them,1,when relatives,1
discussing kids,1,think how,1,emotional investment,1,them for,1,relatives test,1
visa health,1,it ask,1,investment social,1,trial so,1,what your,1
aging your,1,ask directly,1,social signaling,1,get truth,1,role is,1
children home,1,directly early,1,signaling and,1,truth without,1,ask explicitly,1
base the,1,trial week,1,the discomfort,1,turning it,1,explicitly what,1
one you,1,week not,1,discomfort of,1,it into,1,she expects,1
you dread,1,not after,1,of reversing,1,an interrogation,1,expects regarding,1
dread most,1,re embedded,1,reversing course,1,interrogation you,1,regarding parents,1
is usually,1,embedded the,1,course make,1,re right,1,later money,1
usually the,1,way partner,1,it a,1,ask this,1,housing caregiving,1
one hiding,1,can slide,1,actually learn,1,this risk,1,boundaries she,1
hiding the,1,slide into,1,learn from,1,risk focus,1,she believes,1
biggest truth,1,into provider,1,from key,1,focus can,1,believes in,1
truth you,1,provider without,1,key design,1,protect you,1,failure risk,1
re right,1,anyone intending,1,design choices,1,from one,1,risk her,1
right to,1,intending it,1,choices define,1,one kind,1,her becomes,1
this if,1,it even,1,define the,1,of regret,1,infrastructure what,1
you only,1,sincere and,1,the purpose,1,regret while,1,missing even,1
only look,1,and declined,1,purpose in,1,while creating,1,with love,1
for danger,1,money relocation,1,sentence example,1,creating another,1,love moving,1
danger you,1,often changes,1,example we,1,another missing,1,language support,1
ll treat,1,changes the,1,testing daily,1,missing a,1,support makes,1
treat love,1,the implicit,1,compatibility while,1,real bond,1,makes her,1
love like,1,implicit script,1,while i,1,you required,1,your translator,1
like a,1,become the,1,i maintain,1,required certainty,1,social gatekeeper,1
threat and,1,the older,1,maintain independence,1,certainty that,1,gatekeeper and,1
quietly ruin,1,older foreign,1,realistic option,1,no relationship,1,and crisis,1
ruin something,1,foreign man,1,option to,1,can provide,1,crisis manager,1
something good,1,man in,1,return set,1,provide what,1,manager this,1
good here,1,the family,1,set up,1,be undervaluing,1,this can,1
undervaluing what,1,system helping,1,up the,1,undervaluing the,1,harder for,1
undervaluing the,1,helping becomes,1,trial so,1,the upside,1,evaluate the,1
real upside,1,becomes normalized,1,not structurally,1,upside that,1,relationship freely,1
upside the,1,normalized parents,1,structurally dependent,1,real even,1,freely how,1
the signal,1,siblings emergencies,1,dependent housing,1,even before,1,check during,1
signal of,1,emergencies guilt,1,ideally rent,1,before certainty,1,trial build,1
of calm,1,guilt face,1,exit if,1,certainty you,1,build independence,1
calm many,1,face social,1,her you,1,re alive,1,independence on,1
many late,1,the asking,1,ll learn,1,again for,1,on purpose,1
late life,1,asking instead,1,learn less,1,a reason,1,purpose language,1
life relationships,1,instead of,1,less because,1,reason that,1,language tutor,1
relationships are,1,it get,1,her routines,1,just emotion,1,tutor your,1
not about,1,specific about,1,routines her,1,emotion it,1,routines a,1
about fireworks,1,money if,1,her neighborhood,1,s evidence,1,couple of,1
fireworks they,1,fair split,1,neighborhood her,1,evidence that,1,friends communities,1
re about,1,split what,1,her language,1,that your,1,communities not,1
about nervous,1,what help,1,language bubble,1,your capacity,1,her notice,1
nervous system,1,help to,1,bubble money,1,capacity for,1,supports or,1
system safety,1,is normal,1,money separate,1,for attachment,1,subtly resists,1
safety feeling,1,normal here,1,property agree,1,joy is,1,resists this,1
feeling settled,1,here and,1,agree how,1,is intact,1,this how,1
settled seen,1,our rule,1,ll split,1,intact and,1,how conflict,1
seen and,1,for emergency,1,costs during,1,a rare,1,conflict will,1
at ease,1,pause mutual,1,trial independence,1,rare fit,1,will actually,1
ease that,1,decision dependency,1,independence schedule,1,fit the,1,actually work,1
s rare,1,dependency and,1,schedule language,1,relationship already,1,you haven,1
rare and,1,and isolation,1,study and,1,already has,1,t seen,1
not trivial,1,isolation the,1,and two,1,has unusual,1,seen the,1
trivial it,1,the structural,1,volunteer pre,1,unusual consistency,1,real pattern,1
it predicts,1,structural blind,1,pre agree,1,consistency daily,1,pattern yet,1
predicts stability,1,spot if,1,agree what,1,daily calls,1,yet what,1
stability better,1,your translator,1,evaluating so,1,calls multiple,1,missing long,1
better than,1,translator scheduler,1,t grade,1,multiple long,1,long talks,1
than intensity,1,scheduler social,1,grade on,1,circle refusal,1,and affection,1
intensity the,1,social gatekeeper,1,on feelings,1,refusal of,1,affection don,1
the return,1,gatekeeper medical,1,feelings pick,1,of money,1,t predict,1
return of,1,navigator that,1,pick criteria,1,not nothing,1,predict how,1
of aliveness,1,can look,1,criteria for,1,nothing a,1,ll handle,1
aliveness as,1,like love,1,for example,1,can improve,1,handle jealousy,1
life outcome,1,love at,1,example conflict,1,improve aging,1,jealousy misunderstandings,1
outcome not,1,at first,1,conflict can,1,aging not,1,misunderstandings fatigue,1
just a,1,first and,1,disagree and,1,only complicate,1,fatigue or,1
a feeling,1,like strain,1,repair without,1,complicate it,1,or no,1
feeling feeling,1,strain or,1,punishment or,1,it companionship,1,no how,1
again can,1,or control,1,or pressure,1,companionship routine,1,check look,1
can translate,1,control how,1,pressure money,1,routine shared,1,for repair,1
translate into,1,it during,1,money are,1,shared purpose,1,repair behaviors,1
into better,1,months require,1,expectations aligned,1,purpose and,1,behaviors after,1
better health,1,require independence,1,aligned and,1,and being,1,after small,1
health behaviors,1,building rent,1,stable you,1,being cared,1,small friction,1
behaviors more,1,place or,1,feel leveraged,1,cared about,1,friction accountability,1
more social,1,least ensure,1,leveraged she,1,about can,1,accountability calm,1
social engagement,1,can operate,1,feel controlled,1,can meaningfully,1,calm reconnection,1
engagement renewed,1,operate alone,1,controlled family,1,meaningfully affect,1,reconnection no,1
renewed curiosity,1,alone weekly,1,family are,1,affect health,1,no punishment,1
curiosity and,1,her do,1,are obligations,1,and wellbeing,1,punishment also,1
and purpose,1,do errands,1,expectations clear,1,wellbeing cross,1,also test,1
purpose less,1,errands appointments,1,clear and,1,cultural love,1,a gentle,1
less rumination,1,appointments solo,1,and workable,1,love can,1,gentle not,1
rumination more,1,solo sometimes,1,workable lifestyle,1,be deeply,1,yet and,1
more generosity,1,sometimes if,1,do routines,1,deeply stabilizing,1,happens healthcare,1
generosity and,1,t function,1,routines match,1,stabilizing many,1,and money,1
and resilience,1,function without,1,match when,1,many couples,1,money liquidity,1
resilience even,1,not evaluating,1,m working,1,couples thrive,1,liquidity as,1
relationship eventually,1,evaluating the,1,time not,1,thrive precisely,1,relationship stressor,1
eventually changed,1,relationship freely,1,mode kids,1,precisely because,1,stressor what,1
changed form,1,freely tail,1,we aligned,1,because they,1,missing a,1
form this,1,risk one,1,aligned on,1,they value,1,event abroad,1
this reanimation,1,can flip,1,forks my,1,value commitment,1,sales and,1
reanimation is,1,flip the,1,my wellbeing,1,commitment family,1,and turn,1
meaningful compatibility,1,whole relationship,1,wellbeing do,1,and seriousness,1,turn your,1
compatibility that,1,relationship dynamic,1,there friends,1,seriousness differently,1,emergency financial,1
to engineer,1,dynamic lower,1,friends rhythm,1,differently than,1,financial decision,1
engineer you,1,cost of,1,rhythm or,1,than their,1,decision entanglement,1
ve had,1,living can,1,or do,1,their local,1,entanglement overnight,1
had sustained,1,can mask,1,i become,1,local dating,1,overnight how,1
sustained contact,1,mask the,1,become isolated,1,dating pool,1,check before,1
contact multiple,1,real risk,1,isolated logistics,1,pool time,1,trial or,1
multiple visits,1,complex health,1,logistics visa,1,time is,1,or early,1
visits and,1,health crisis,1,legality banking,1,real variable,1,it price,1
still enjoy,1,crisis where,1,banking healthcare,1,variable not,1,real insurance,1
enjoy hours,1,quality cash,1,plan are,1,not in,1,evacuation options,1
hours of,1,cash demands,1,are workable,1,a panic,1,options and,1
of conversation,1,demands and,1,workable put,1,panic way,1,and set,1
that combination,1,and logistics,1,put checkpoints,1,way but,1,liquidity target,1
combination chemistry,1,logistics overwhelm,1,calendar prevents,1,but in,1,target if,1
chemistry ease,1,overwhelm you,1,prevents drift,1,a lives,1,plan requires,1
ease consistency,1,re forced,1,drift agree,1,lives are,1,requires we,1
consistency doesn,1,forced into,1,agree you,1,are finite,1,we ll,1
t happen,1,dependency asset,1,do short,1,finite way,1,out that,1
happen every,1,sales or,1,short state,1,way especially,1,a gap,1
every decade,1,or rushed,1,state of,1,especially if,1,gap sunk,1
decade for,1,rushed decisions,1,us reviews,1,children might,1,momentum i,1
for many,1,decisions how,1,reviews week,1,might matter,1,m already,1
people the,1,it before,1,week first,1,matter to,1,deep to,1
possibility that,1,before early,1,first impressions,1,and if,1,to stop,1
that practical,1,trial create,1,impressions adjust,1,shared life,1,missing each,1
benefits are,1,a written,1,adjust living,1,life while,1,each visit,1
are simply,1,written if,1,living logistics,1,still energetic,1,visit each,1
simply part,1,then y,1,logistics week,1,energetic the,1,each promise,1
of adult,1,y plan,1,week hard,1,key distinction,1,promise each,1
adult love,1,go for,1,topics check,1,distinction caution,1,each family,1
love stability,1,care insurance,1,check kids,1,that clarifies,1,family introduction,1
stability maturity,1,coverage reality,1,family timeline,1,clarifies vs,1,introduction can,1
maturity and,1,reality a,1,week decision,1,vs caution,1,emotionally harder,1
and security,1,a credible,1,or return,1,that postpones,1,to notice,1
security are,1,credible plan,1,and reassess,1,postpones good,1,notice misalignment,1
are legitimate,1,plan don,1,reassess keep,1,good caution,1,misalignment how,1
legitimate attractions,1,do irreversible,1,stop explicit,1,caution asks,1,check pre,1
attractions wanting,1,irreversible relocation,1,explicit say,1,asks hard,1,a review,1
wanting them,1,relocation family,1,say it,1,questions runs,1,review date,1
them doesn,1,system pressures,1,it kindly,1,runs trials,1,date and,1
her insincere,1,you haven,1,kindly and,1,trials and,1,and decision,1
insincere it,1,haven t,1,and clearly,1,and builds,1,criteria before,1
may mean,1,t met,1,clearly this,1,builds infrastructure,1,go and,1
s choosing,1,met yet,1,real attempt,1,infrastructure bad,1,share them,1
partnership over,1,yet close,1,attempt and,1,bad caution,1,them with,1
over drama,1,family can,1,and part,1,caution delays,1,with someone,1
drama your,1,mean supportive,1,of making,1,delays clarity,1,someone objective,1
own capacity,1,supportive or,1,real is,1,clarity to,1,objective one,1
capacity to,1,or it,1,is agreeing,1,avoid discomfort,1,see before,1
again you,1,mean enmeshment,1,agreeing that,1,discomfort ironically,1,trial write,1
just evaluating,1,enmeshment obligations,1,that either,1,ironically increasing,1,two lists,1
evaluating her,1,obligations veto,1,us can,1,increasing risk,1,lists a,1
re seeing,1,veto power,1,say this,1,and wasting,1,a evidence,1
seeing that,1,power or,1,t working,1,wasting time,1,make me,1
can attach,1,or expectations,1,working without,1,you toward,1,me slow,1
attach trust,1,role how,1,without blame,1,toward structured,1,down or,1
and build,1,it spend,1,blame the,1,structured action,1,or stop,1
build that,1,family settings,1,conversations to,1,action the,1,stop kids,1
a huge,1,just hosted,1,have before,1,talks it,1,kids mismatch,1
huge asset,1,hosted events,1,you book,1,not costing,1,mismatch pressure,1
asset for,1,events and,1,book the,1,costing you,1,pressure to,1
the rest,1,and ask,1,the ticket,1,love it,1,to marry,1
rest of,1,a husband,1,ticket children,1,s protecting,1,marry fast,1
of your,1,husband partner,1,children including,1,protecting it,1,fast financial,1
life could,1,they disapproved,1,including your,1,it appears,1,financial expectation,1
could caution,1,disapproved what,1,vasectomy what,1,appears to,1,creep resistance,1
caution cost,1,bias patterns,1,want what,1,be what,1,resistance to,1
want most,1,patterns because,1,options are,1,of caution,1,to my,1
most yes,1,re human,1,are acceptable,1,caution would,1,independence unreliable,1
yes if,1,human not,1,acceptable what,1,cost it,1,unreliable conflict,1
if caution,1,re foolish,1,timeline meaning,1,it usually,1,repair b,1
caution becomes,1,foolish most,1,meaning of,1,usually only,1,b evidence,1
becomes emotional,1,common here,1,of serious,1,only two,1,would justify,1
emotional withholding,1,here scarcity,1,serious marriage,1,two kinds,1,justify moving,1
withholding endless,1,scarcity last,1,not where,1,kinds accusatory,1,moving to,1
endless testing,1,chance bias,1,she hopes,1,accusatory suspicion,1,next stage,1
testing without,1,bias rush,1,hopes to,1,suspicion treating,1,stage clear,1
without commitment,1,rush to,1,eventually if,1,treating her,1,clear alignment,1
commitment treating,1,protect the,1,if either,1,her like,1,family supportive,1
a risk,1,feeling sunk,1,those is,1,a defendant,1,supportive of,1
risk to,1,cost more,1,is misaligned,1,defendant rather,1,of independence,1
be managed,1,more time,1,misaligned a,1,partner indefinite,1,independence stable,1
managed rather,1,time visits,1,trial may,1,indefinite stalling,1,stable behavior,1
person to,1,visits harder,1,may only,1,stalling no,1,behavior under,1
love but,1,to stop,1,only deepen,1,no timeline,1,under no,1
but that,1,stop halo,1,deepen attachment,1,timeline no,1,yet workable,1
only form,1,halo effect,1,attachment without,1,no progress,1,workable healthcare,1
form caution,1,effect her,1,without changing,1,progress no,1,plan then,1
caution can,1,her warmth,1,changing the,1,no willingness,1,then treat,1
can take,1,warmth implies,1,the outcome,1,to integrate,1,treat the,1
the middle,1,implies compatibility,1,outcome practical,1,integrate lives,1,trip as,1
path courage,1,compatibility on,1,practical non,1,lives structure,1,as data,1
courage with,1,on everything,1,romantic checks,1,structure is,1,data collection,1
guardrails the,1,everything confirmation,1,checks don,1,suspicion a,1,collection not,1
avoid losing,1,confirmation bias,1,these visa,1,a timeline,1,a referendum,1
the upside,1,bias noticing,1,visa stay,1,not stalling,1,referendum on,1
upside is,1,noticing green,1,stay limits,1,path that,1,on whether,1
emotionally brave,1,flags more,1,limits for,1,captures upside,1,whether love,1
brave while,1,than warning,1,for three,1,upside while,1,love is,1
while staying,1,warning signs,1,and any,1,while controlling,1,s ever,1
staying structurally,1,signs how,1,any extensions,1,controlling downside,1,children or,1
structurally prudent,1,it set,1,extensions work,1,downside say,1,marriage timelines,1
prudent be,1,set pre,1,legality for,1,next real,1,timelines i,1
brave by,1,pre commitments,1,for remote,1,real step,1,you tailor,1
by saying,1,commitments a,1,remote consulting,1,step but,1,short hard,1
saying clearly,1,date e,1,consulting while,1,but make,1,questions sequence,1
clearly you,1,g after,1,while there,1,it an,1,that fits,1
re serious,1,trial no,1,there rules,1,an experiment,1,fits your,1
serious showing,1,moves for,1,vary i,1,experiment with,1,situation without,1
showing up,1,months personal,1,give legal,1,with dignity,1,turning you,1
trial having,1,criteria you,1,legal advice,1,dignity accept,1,an interrogator,1
having the,1,you promise,1,advice verify,1,accept the,1,interrogator you,1
the vulnerable,1,promise to,1,verify locally,1,week have,1,ask this,1
vulnerable conversations,1,honor pressure,1,locally healthcare,1,vasectomy talk,1,this because,1
kids vasectomy,1,major mismatch,1,healthcare risk,1,talk and,1,because risk,1
vasectomy fears,1,mismatch on,1,insurance and,1,and marriage,1,risk focus,1
fears hopes,1,kids escalating,1,or evacuation,1,timeline talk,1,focus has,1
hopes integrating,1,escalating money,1,coverage a,1,talk keep,1,has its,1
integrating into,1,expectations consistent,1,reserve you,1,and avoid,1,its own,1
into each,1,consistent inconsistency,1,access abroad,1,avoid irreversible,1,blind spot,1
other s,1,inconsistency the,1,abroad how,1,commitments use,1,spot it,1
s daily,1,the possibility,1,answer your,1,use the,1,treat a,1
life be,1,possibility that,1,your core,1,the time,1,a living,1
be prudent,1,that this,1,core worry,1,time to,1,living relationship,1
prudent by,1,still not,1,worry am,1,language friends,1,relationship like,1
by keeping,1,not workable,1,already too,1,friends medical,1,threat to,1
base not,1,workable a,1,deep you,1,plan set,1,be managed,1
making major,1,painful blind,1,re too,1,end decide,1,managed rather,1
financial legal,1,spot is,1,deep only,1,decide together,1,life to,1
legal commitments,1,is believing,1,set it,1,what next,1,built what,1
early solving,1,believing genuine,1,t comfortably,1,step means,1,be undervaluing,1
solving healthcare,1,genuine automatically,1,comfortably leave,1,is genuine,1,undervaluing the,1
insurance tail,1,automatically means,1,leave financially,1,genuine and,1,other side,1
permanence ensuring,1,means wise,1,financially emotionally,1,are compatible,1,side the,1
ensuring you,1,wise it,1,emotionally logistically,1,compatible this,1,the signal,1
function independently,1,still fail,1,logistically or,1,this approach,1,signal of,1
independently there,1,fail on,1,proof rather,1,approach usually,1,of vitality,1
there this,1,children location,1,than data,1,usually strengthens,1,vitality matters,1
t mixed,1,location health,1,a well,1,strengthens the,1,matters feeling,1
mixed messaging,1,insurance feasibility,1,well designed,1,the bond,1,again isn,1
messaging if,1,feasibility or,1,designed trial,1,signals seriousness,1,t just,1
you name,1,or lifestyle,1,trial does,1,and respect,1,just pleasure,1
it i,1,lifestyle mismatch,1,does the,1,respect if,1,pleasure it,1
m saying,1,mismatch how,1,the opposite,1,what month,1,s often,1
saying yes,1,it separate,1,opposite it,1,month you,1,often a,1
to us,1,separate two,1,it protects,1,d go,1,sign you,1
us i,1,questions do,1,being too,1,go and,1,re re,1
also going,1,we care,1,deep while,1,how moving,1,re entering,1
this wisely,1,about each,1,while letting,1,moving in,1,entering connection,1
wisely so,1,other can,1,letting something,1,in together,1,connection purpose,1
so we,1,a sustainable,1,something real,1,together would,1,purpose and,1
we don,1,sustainable life,1,real unfold,1,would work,1,and future,1
t damage,1,life under,1,unfold one,1,work during,1,future orientation,1
damage what,1,under these,1,question for,1,her nearby,1,orientation that,1
concrete yes,1,these constraints,1,you so,1,nearby separate,1,can improve,1
that won,1,constraints one,1,can tailor,1,separate place,1,improve health,1
t trap,1,through almost,1,plan would,1,place i,1,health resilience,1
trial meeting,1,almost everything,1,be staying,1,can suggest,1,resilience and,1
meeting more,1,everything after,1,staying in,1,suggest a,1,and overall,1
life world,1,trial ask,1,or renting,1,a structure,1,overall life,1
world the,1,yourself am,1,renting your,1,that maximizes,1,life satisfaction,1
conversation early,1,i more,1,place nearby,1,maximizes learning,1,satisfaction when,1
early a,1,more free,1,nearby that,1,learning without,1,s grounded,1
a written,1,free to,1,that single,1,turning the,1,grounded she,1
written plan,1,i was,1,single choice,1,the trip,1,s showing,1
for pacing,1,was before,1,choice dramatically,1,trip into,1,showing some,1
pacing and,1,i came,1,dramatically changes,1,an audition,1,some high,1
review say,1,came if,1,changes how,1,audition my,1,high value,1
to selling,1,yes the,1,how diagnostic,1,my honest,1,value traits,1
assets buying,1,trial was,1,diagnostic the,1,honest assessment,1,traits declining,1
marriage immigration,1,was diagnostic,1,months will,1,assessment of,1,declining money,1
immigration commitments,1,diagnostic if,1,true about,1,of what,1,money maintaining,1
commitments financial,1,if no,1,or you,1,a fantasy,1,maintaining steady,1
entanglement if,1,no you,1,from here,1,fantasy only,1,steady contact,1
s real,1,this month,1,here but,1,only situation,1,contact introducing,1
steps won,1,trial would,1,but in,1,situation daily,1,introducing you,1
t cost,1,be in,1,in situations,1,contact over,1,her world,1
you the,1,the highest,1,situations like,1,months repeated,1,world and,1
relationship they,1,highest yield,1,like yours,1,circle and,1,and naming,1
ll make,1,yield reality,1,yours there,1,her declining,1,naming judgment,1
it sturdier,1,reality checks,1,few predictable,1,all meaningful,1,judgment realistically,1
sturdier if,1,checks to,1,predictable blind,1,meaningful plenty,1,realistically are,1
not they,1,run during,1,blind spots,1,plenty of,1,with emotional,1
ll save,1,during those,1,spots things,1,of purely,1,emotional seriousness,1
save you,1,those weeks,1,things people,1,purely opportunistic,1,seriousness not,1
short message,1,right to,1,people often,1,opportunistic setups,1,proof but,1
message to,1,ask this,1,often don,1,setups don,1,but meaningful,1
that communicates,1,risk only,1,t see,1,tolerate this,1,meaningful time,1
communicates wholehearted,1,only frame,1,see because,1,this much,1,together is,1
wholehearted intent,1,frame can,1,because seeing,1,much time,1,only way,1
intent plus,1,can hide,1,seeing them,1,time without,1,know no,1
clear staged,1,hide real,1,them would,1,without escalating,1,no amount,1
so your,1,real value,1,would require,1,escalating demands,1,amount of,1
your caution,1,and create,1,hard decision,1,demands it,1,of analysis,1
caution reads,1,create its,1,decision the,1,still early,1,analysis substitutes,1
reads as,1,own kind,1,contract you,1,early in,1,substitutes for,1
as seriousness,1,of loss,1,t negotiated,1,the ways,1,for ordinary,1
seriousness not,1,loss what,1,negotiated yet,1,matter weeks,1,ordinary shared,1
not reluctance,1,you might,1,might already,1,person is,1,a well,1
reluctance here,1,be undervaluing,1,already be,1,is enough,1,well designed,1
the honest,1,undervaluing the,1,in an,1,know there,1,designed trial,1
honest read,1,the legitimate,1,an unspoken,1,s chemistry,1,trial isn,1
read what,1,legitimate upside,1,unspoken bargain,1,chemistry and,1,honest way,1
see this,1,upside you,1,bargain you,1,compatibility potential,1,to respect,1
is plausibly,1,ve re,1,stability mobility,1,potential it,1,relationship at,1
plausibly real,1,re entered,1,she companionship,1,not enough,1,this stage,1
real six,1,entered life,1,companionship youth,1,know how,1,stage of,1
of daily,1,life feeling,1,youth affection,1,function as,1,of life,1
daily contact,1,feeling alive,1,affection without,1,a unit,1,a luxury,1
contact repeat,1,again isn,1,without having,1,unit under,1,luxury it,1
repeat visits,1,just pleasant,1,having agreed,1,routine conflict,1,change how,1
visits totaling,1,pleasant it,1,agreed on,1,family pressures,1,you age,1
totaling weeks,1,often improves,1,on terms,1,pressures boredom,1,age daily,1
weeks social,1,improves health,1,terms that,1,boredom or,1,daily companionship,1
social introduction,1,health behaviors,1,work until,1,or long,1,companionship practical,1
introduction to,1,behaviors social,1,until one,1,compromise your,1,practical partnership,1
and refusal,1,social engagement,1,one side,1,s secretly,1,partnership motivation,1
refusal of,1,engagement and,1,side feels,1,secretly evil,1,motivation and,1
of money,1,purpose that,1,feels the,1,evil your,1,and joy,1
money are,1,can compound,1,other changed,1,is structural,1,joy things,1
flags nothing,1,compound over,1,changed the,1,structural moving,1,matter as,1
nothing you,1,ve found,1,the deal,1,moving would,1,as much,1
described screams,1,found rare,1,deal how,1,you socially,1,much as,1
screams scam,1,rare interpersonal,1,it non,1,socially and,1,as financial,1
scam or,1,interpersonal fit,1,accusatory what,1,and practically,1,financial optimization,1
or performance,1,fit ease,1,fair partnership,1,practically dependent,1,optimization your,1
performance it,1,ease calm,1,partnership look,1,dependent and,1,caution could,1
for permanence,1,calm and,1,me regarding,1,have acknowledged,1,a self,1
permanence ten,1,and sustained,1,regarding your,1,acknowledged medical,1,self fulfilling,1
weeks in,1,curiosity are,1,if my,1,medical catastrophe,1,fulfilling loss,1
in person,1,guaranteed finds,1,my income,1,catastrophe risk,1,loss if,1
person is,1,finds especially,1,income dropped,1,t comfortably,1,it reads,1
is enough,1,long solitary,1,dropped or,1,comfortably absorb,1,reads as,1
to bond,1,solitary stretch,1,or health,1,absorb even,1,as non,1
bond deeply,1,stretch a,1,health changed,1,relationships can,1,non commitment,1
deeply not,1,change aging,1,changed what,1,can fail,1,you owe,1
not enough,1,aging trajectories,1,do children,1,fail under,1,owe her,1
know how,1,trajectories the,1,children as,1,under those,1,her immediate,1
handle routine,1,biggest predictors,1,the quiet,1,those pressures,1,immediate relocation,1
routine conflict,1,predictors of,1,quiet dealbreaker,1,pressures the,1,relocation but,1
conflict boredom,1,good older,1,dealbreaker what,1,itself isn,1,because people,1
boredom family,1,older age,1,seeing if,1,the automatic,1,who want,1
family pull,1,age are,1,be avoiding,1,automatic problem,1,serious partner,1
pull money,1,only money,1,avoiding it,1,problem the,1,partner need,1
and stress,1,and medicine,1,it too,1,the trajectory,1,feel forward,1
stress over,1,medicine they,1,too to,1,trajectory is,1,forward motion,1
profile is,1,also companionship,1,avoid risking,1,at your,1,motion not,1
is asymmetric,1,companionship routine,1,risking the,1,independence may,1,not indefinite,1
asymmetric if,1,and having,1,relationship or,1,may change,1,indefinite evaluation,1
there without,1,having someone,1,or assuming,1,change faster,1,evaluation the,1
language supports,1,someone who,1,assuming it,1,feel possible,1,key distinction,1
supports and,1,who notices,1,possible your,1,possible now,1,distinction caution,1
and with,1,notices when,1,vasectomy makes,1,now if,1,protects vs,1
with limited,1,something is,1,makes this,1,you haven,1,vs caution,1
limited ability,1,is wrong,1,this a,1,t planned,1,that erodes,1
to absorb,1,wrong cross,1,sensitive fork,1,planned for,1,erodes protective,1
complex medical,1,cross cultural,1,fork how,1,that the,1,protective caution,1
medical event,1,cultural relationships,1,it disclose,1,can silently,1,like clear,1
event the,1,be unusually,1,disclose the,1,silently turn,1,clear plan,1
the downside,1,unusually explicit,1,the vasectomy,1,caregiver arrangement,1,plan clear,1
downside for,1,explicit because,1,vasectomy and,1,arrangement neither,1,timeline clear,1
is severe,1,about culture,1,she truly,1,you consciously,1,boundaries steady,1
severe isolation,1,family money,1,truly wants,1,consciously chose,1,steady affection,1
financial vulnerability,1,and roles,1,biological any,1,chose the,1,affection eroding,1
vulnerability that,1,roles some,1,any no,1,biggest unresolved,1,eroding caution,1
that asymmetry,1,some couples,1,no plus,1,unresolved landmine,1,like delay,1
asymmetry can,1,couples end,1,plus timeline,1,landmine is,1,delay without,1
also quietly,1,end up,1,and acceptable,1,is children,1,without plan,1
quietly warp,1,up with,1,options don,1,children she,1,plan avoiding,1
warp the,1,with clearer,1,t let,1,never married,1,avoiding core,1
relationship dynamic,1,clearer agreements,1,let maybe,1,married says,1,core topics,1
dynamic the,1,agreements than,1,maybe later,1,says she,1,marriage treating,1
biggest unresolved,1,than same,1,later drift,1,wants serious,1,treating every,1
unresolved landmine,1,same culture,1,drift family,1,serious you,1,every step,1
landmine is,1,culture couples,1,obligations that,1,vasectomy if,1,step as,1
is children,1,couples who,1,that won,1,you avoid,1,test she,1
vasectomy at,1,who coast,1,up until,1,avoid this,1,she must,1
at it,1,coast on,1,seeing closeness,1,this you,1,must pass,1
s irresponsible,1,on assumptions,1,closeness to,1,are essentially,1,pass or,1
irresponsible for,1,assumptions she,1,can come,1,essentially letting,1,or keeping,1
this explicit,1,s taking,1,with expectations,1,letting attachment,1,keeping one,1
explicit immediately,1,taking social,1,expectations that,1,attachment deepen,1,one foot,1
immediately this,1,social risk,1,that intensify,1,deepen while,1,foot out,1
this single,1,risk too,1,intensify when,1,while a,1,out emotionally,1
single issue,1,s right,1,there time,1,core incompatibility,1,emotionally if,1
issue can,1,that people,1,housing deference,1,incompatibility may,1,re cautious,1
can determine,1,people will,1,deference public,1,be sitting,1,cautious and,1
determine whether,1,will judge,1,public roles,1,sitting underneath,1,and directional,1
is viable,1,her willingness,1,roles sometimes,1,underneath that,1,directional you,1
viable you,1,proceed suggests,1,sometimes the,1,one place,1,you usually,1
re susceptible,1,suggests this,1,the shift,1,place where,1,usually don,1
susceptible to,1,t merely,1,shift happens,1,where not,1,t lose,1
to scarcity,1,merely convenient,1,relocate because,1,asking is,1,lose something,1
scarcity pressure,1,convenient if,1,because then,1,is most,1,you strengthen,1
pressure but,1,genuine the,1,then you,1,likely to,1,it how,1
not irrational,1,upside is,1,real how,1,to produce,1,be bold,1
irrational last,1,just romance,1,trial spend,1,produce preventable,1,bold without,1
thinking is,1,romance it,1,spend repeated,1,preventable heartbreak,1,being reckless,1
is partly,1,a new,1,repeated ordinary,1,heartbreak what,1,reckless what,1
partly fear,1,new chapter,1,ordinary time,1,what clear,1,it really,1
fear partly,1,chapter of,1,family ask,1,thinking looks,1,really is,1
partly realistic,1,life that,1,directly if,1,in practice,1,is what,1
realistic awareness,1,s warmer,1,parent needed,1,practice not,1,it appears,1
awareness of,1,warmer and,1,help what,1,a mood,1,appears say,1
of time,1,more connected,1,is normally,1,mood clear,1,and label,1
time the,1,connected the,1,normally expected,1,thinking here,1,label it,1
is letting,1,real way,1,expected here,1,means you,1,as commitment,1
letting that,1,way caution,1,here what,1,do three,1,not hesitation,1
that pressure,1,to prevent,1,from a,1,three things,1,hesitation something,1
pressure force,1,prevent that,1,partner the,1,things simultaneously,1,like yes,1
force irreversible,1,caution usually,1,dependency trap,1,simultaneously you,1,to really,1
decisions before,1,usually doesn,1,trap she,1,keep moving,1,really try,1
ve earned,1,t kill,1,becomes your,1,moving toward,1,try living,1
earned the,1,kill a,1,your whole,1,toward the,1,living there,1
the certainty,1,good relationship,1,whole infrastructure,1,relationship you,1,there for,1
certainty what,1,relationship because,1,infrastructure what,1,freeze you,1,for three,1
what clear,1,you asked,1,might underestimate,1,you refuse,1,to treat,1
thinking looks,1,asked sensible,1,underestimate how,1,refuse irreversible,1,it seriously,1
in practice,1,sensible questions,1,how quickly,1,commitments until,1,seriously with,1
practice clear,1,it kills,1,quickly you,1,until key,1,plan some,1
thinking here,1,kills it,1,dependent language,1,key unknowns,1,some check,1
be skeptical,1,it when,1,language transport,1,unknowns are,1,ins and,1
skeptical it,1,you communicate,1,transport bureaucracy,1,are resolved,1,and honest,1
s design,1,communicate suspicion,1,bureaucracy healthcare,1,resolved you,1,honest conversations,1
design the,1,suspicion rather,1,healthcare that,1,slide you,1,chance this,1
step so,1,than seriousness,1,create resentment,1,you gather,1,this reassures,1
so truth,1,seriousness you,1,resentment control,1,gather evidence,1,reassures her,1
truth can,1,you stall,1,control dynamics,1,the highest,1,her while,1
can emerge,1,stall indefinitely,1,dynamics or,1,highest stakes,1,keeping you,1
emerge while,1,indefinitely or,1,or quiet,1,stakes areas,1,you sane,1
you remain,1,you refuse,1,quiet panic,1,areas first,1,sane make,1
remain safe,1,refuse any,1,panic how,1,first children,1,trial high,1
safe decide,1,any forward,1,it for,1,obligations visa,1,high learning,1
deciding yet,1,forward movement,1,for one,1,legality healthcare,1,learning low,1
yet you,1,movement until,1,one week,1,plan your,1,low entanglement,1
deciding permanent,1,have certainty,1,week of,1,independence the,1,entanglement keep,1
up proximity,1,t ever,1,trial do,1,decision you,1,base rent,1
proximity to,1,ever get,1,life with,1,re facing,1,buy separate,1
children doctors,1,get so,1,help errands,1,facing isn,1,finances build,1
doctors until,1,not less,1,errands appointments,1,move or,1,independent routines,1
ve run,1,less caution,1,appointments navigation,1,move it,1,and basic,1
run a,1,s caution,1,navigation build,1,whether to,1,basic language,1
test and,1,caution that,1,own anchors,1,take the,1,language capacity,1
and solved,1,that looks,1,anchors language,1,genuine test,1,capacity that,1
solved tail,1,like commitment,1,activities without,1,test rather,1,not emotional,1
tail risks,1,commitment how,1,her healthcare,1,one way,1,emotional distance,1
risks this,1,hold the,1,risk the,1,way ramp,1,distance it,1
this keeps,1,upside without,1,one event,1,ramp i,1,s structural,1
keeps love,1,gambling be,1,event that,1,i think,1,structural wisdom,1
from becoming,1,be emotionally,1,breaks the,1,think the,1,wisdom have,1
a gamble,1,emotionally clear,1,seeing lower,1,is reasonable,1,prevent accidental,1
gamble take,1,clear so,1,costs can,1,set guardrails,1,accidental heartbreak,1
trial yes,1,feel strung,1,can mask,1,guardrails before,1,heartbreak children,1
yes but,1,strung along,1,mask the,1,go guardrails,1,your real,1
but with,1,along say,1,the reality,1,guardrails that,1,real willingness,1
guardrails a,1,say explicitly,1,reality that,1,would constitute,1,expectations what,1
month try,1,explicitly i,1,that one,1,constitute clear,1,means in,1
try living,1,can align,1,could force,1,thinking have,1,practice if,1
right next,1,few realities,1,into selling,1,two non,1,s truly,1
keep finances,1,realities this,1,or relying,1,negotiable talks,1,truly good,1
separate no,1,the bond,1,relying on,1,talks before,1,good these,1
transfers no,1,bond be,1,her how,1,before or,1,talks don,1
property you,1,be logistically,1,real choose,1,any if,1,t destroy,1
independence routines,1,logistically gradual,1,choose your,1,no say,1,destroy it,1
routines a,1,gradual so,1,your complex,1,it plainly,1,it they,1
contacts basic,1,t trap,1,location local,1,plainly marriage,1,they clarify,1
language you,1,trap yourself,1,country price,1,expected how,1,clarify the,1
you pre,1,yourself do,1,price insurance,1,soon if,1,the path,1
pre agree,1,trial keep,1,insurance evacuation,1,these aren,1,path choose,1
review and,1,or buy,1,evacuation and,1,t aligned,1,decision date,1
exit without,1,property set,1,and set,1,aligned don,1,date pick,1
rule you,1,month roadmap,1,reserve before,1,t trial,1,a date,1
it like,1,roadmap with,1,as viable,1,trial live,1,date near,1
like normal,1,real decision,1,viable your,1,live your,1,months when,1
work she,1,decision point,1,own narrative,1,your way,1,ll decide,1
works errands,1,point this,1,narrative pressure,1,way around,1,decide among,1
errands budgets,1,future make,1,pressure sunk,1,around it,1,among another,1
budgets if,1,your questions,1,cost last,1,trial truly,1,year engagement,1
t set,1,questions pro,1,chance what,1,truly reversible,1,marriage planning,1
set those,1,pro relationship,1,seeing once,1,reversible keep,1,or stopping,1
those conditions,1,not anti,1,feel compelled,1,intact no,1,stopping this,1
conditions the,1,anti trust,1,compelled to,1,no selling,1,you prevent,1
trial will,1,trust frame,1,to continue,1,selling no,1,prevent analysis,1
will likely,1,frame hard,1,continue simply,1,major liquidation,1,analysis forever,1
likely become,1,topics as,1,simply because,1,liquidation no,1,forever from,1
become inertia,1,want us,1,because stopping,1,no burning,1,from quietly,1
inertia surface,1,to succeed,1,stopping would,1,burning bridges,1,quietly costing,1
surface the,1,succeed examples,1,hurt or,1,bridges with,1,costing you,1
the deal,1,examples let,1,or feel,1,with doctors,1,you the,1
deal breakers,1,s talk,1,feel embarrassing,1,doctors children,1,a reality,1
breakers in,1,respect your,1,embarrassing not,1,children separate,1,check that,1
not later,1,your time,1,s right,1,finances no,1,that honors,1
later you,1,time let,1,right how,1,large financial,1,honors your,1
should explicitly,1,s agree,1,to protect,1,commitments define,1,fear the,1
explicitly cover,1,agree about,1,protect yourself,1,define the,1,the thing,1
cover children,1,money so,1,yourself write,1,the purpose,1,thing you,1
options if,1,so nothing,1,your stop,1,purpose of,1,want most,1
any you,1,nothing poisons,1,criteria before,1,decision point,1,most isn,1
consider without,1,poisons us,1,go e,1,point set,1,t zero,1
without promising,1,us later,1,g misalignment,1,end where,1,zero risk,1
promising outcomes,1,later let,1,kids pressure,1,you explicitly,1,real chance,1
outcomes marriage,1,s plan,1,pressure around,1,explicitly decide,1,chance a,1
and timeline,1,for health,1,violations constant,1,of extend,1,structured trial,1
obligations including,1,health so,1,constant isolation,1,or stop,1,exactly that,1
including limits,1,not burdened,1,isolation put,1,stop not,1,that it,1
limits healthcare,1,burdened and,1,calendar week,1,see solve,1,s you,1
get seriously,1,not vulnerable,1,week conflict,1,solve or,1,you choosing,1
seriously ill,1,vulnerable if,1,repair because,1,least bound,1,choosing love,1
ill there,1,it really,1,t seen,1,bound medical,1,love with,1
how it,1,really is,1,seen enough,1,risk before,1,open if,1
it would,1,is as,1,can have,1,future you,1,has mentioned,1
be funded,1,good as,1,have deep,1,need perfect,1,simple month,1
funded managed,1,it seems,1,deep connection,1,perfect certainty,1,trial agreement,1
managed where,1,seems what,1,connection and,1,certainty but,1,agreement checkpoints,1
term there,1,what should,1,be incompatible,1,plan insurance,1,checkpoints boundaries,1
there your,1,should you,1,incompatible in,1,that actually,1,short warm,1
country split,1,do now,1,in conflict,1,actually covers,1,warm script,1
split time,1,now do,1,conflict withdrawal,1,events and,1,the children,1
these can,1,the thing,1,withdrawal jealousy,1,can get,1,vasectomy conversation,1
be discussed,1,thing that,1,jealousy punishment,1,get you,1,t feel,1
discussed calmly,1,that both,1,punishment silent,1,you stabilized,1,re dropping,1
calmly that,1,both honors,1,treatment escalation,1,stabilized and,1,dropping a,1
a negative,1,honors love,1,escalation this,1,or home,1,a bomb,1
negative sign,1,and creates,1,this often,1,home without,1,bomb my,1
sign solve,1,creates evidence,1,often doesn,1,without fire,1,my honest,1
solve the,1,evidence say,1,show until,1,fire selling,1,honest assessment,1
the medical,1,trial but,1,until routine,1,selling assets,1,assessment based,1
medical financial,1,but structure,1,stress how,1,assets if,1,based only,1
financial tail,1,clear boundaries,1,it safely,1,is split,1,only on,1
move given,1,key conversations,1,safely have,1,base rather,1,shared what,1
you shared,1,conversations in,1,have one,1,than permanent,1,looks genuinely,1
shared a,1,week children,1,conversation early,1,relocation independence,1,genuinely promising,1
relocation without,1,children first,1,early kids,1,independence requirement,1,promising this,1
without robust,1,first then,1,kids finances,1,requirement during,1,t a,1
robust international,1,family then,1,finances model,1,go you,1,two week,1
repatriation and,1,then marriage,1,and watch,1,should leave,1,week fling,1
and or,1,visa then,1,accountability respect,1,leave the,1,fling kept,1
funded emergency,1,then health,1,respect willingness,1,language plan,1,kept alive,1
buffer is,1,plan tell,1,clarify the,1,plan underway,1,alive by,1
not prudent,1,her what,1,the possibility,1,underway at,1,by fantasy,1
the clearest,1,what success,1,possibility that,1,activities friends,1,fantasy alone,1
clearest no,1,success means,1,that both,1,friends that,1,alone you,1
no i,1,means if,1,are partly,1,are yours,1,had multiple,1
see in,1,we come,1,partly avoiding,1,yours a,1,visits long,1
situation don,1,come through,1,same truths,1,a known,1,long stays,1
t bet,1,through these,1,truths what,1,known clinic,1,stays and,1
bet your,1,these three,1,seeing she,1,use proof,1,and sustained,1
health on,1,months well,1,may also,1,can run,1,sustained daily,1
on hope,1,and we,1,also fear,1,run daily,1,contact she,1
hope use,1,money long,1,fear the,1,life without,1,has some,1
use behavior,1,term care,1,the answers,1,her as,1,some credibility,1
behavior under,1,m prepared,1,answers kids,1,as your,1,credibility markers,1
under boundaries,1,prepared to,1,kids judgment,1,your administrator,1,markers stable,1
boundaries as,1,that approach,1,judgment family,1,administrator if,1,stable modest,1
your truth,1,approach minimizes,1,pressure what,1,if after,1,modest job,1
truth test,1,minimizes the,1,means to,1,months you,1,simple life,1
most diagnostic,1,real while,1,be with,1,still dependent,1,life introductions,1
diagnostic thing,1,also minimizing,1,man avoidance,1,her for,1,family declined,1
thing you,1,minimizing the,1,avoidance can,1,everything you,1,money realistic,1
do is,1,that hope,1,can look,1,permanently what,1,realistic awareness,1
is slow,1,hope costs,1,harmony how,1,d watch,1,awareness of,1
and set,1,you your,1,surface gently,1,for during,1,of judgment,1
set sensible,1,your stability,1,gently what,1,months the,1,judgment her,1
sensible boundaries,1,stability if,1,most about,1,most diagnostic,1,her why,1
boundaries then,1,want i,1,us long,1,diagnostic signals,1,you answer,1
then watch,1,you write,1,would help,1,signals response,1,answer calm,1
watch does,1,short message,1,help a,1,response to,1,calm stable,1
she stay,1,message proposing,1,see what,1,to boundaries,1,stable serious,1
and collaborative,1,proposing the,1,see without,1,boundaries do,1,serious is,1
collaborative or,1,trial structure,1,without becoming,1,respected when,1,is plausible,1
or do,1,structure in,1,becoming cynical,1,slowly say,1,plausible and,1
you see,1,feels romantic,1,cynical during,1,or insist,1,and consistent,1
see pressure,1,and committed,1,trial treat,1,on planning,1,what many,1
anger that,1,committed rather,1,treat this,1,planning money,1,many year,1
than any,1,than clinical,1,this like,1,family pressure,1,year olds,1
any romantic,1,clinical here,1,pilot keep,1,pressure emergence,1,olds genuinely,1
romantic conversation,1,s my,1,keep independence,1,emergence not,1,genuinely want,1
conversation my,1,my honest,1,real housing,1,just direct,1,want what,1
my recommendation,1,honest read,1,finances exit,1,direct asks,1,is most,1
recommendation stated,1,read based,1,exit funds,1,asks also,1,go wrong,1
stated plainly,1,based strictly,1,funds run,1,also implied,1,wrong if,1
plainly say,1,strictly on,1,two boundary,1,implied obligations,1,goes wrong,1
only as,1,ve shared,1,boundary tests,1,and expectations,1,wrong not,1
a structured,1,shared no,1,tests timeline,1,expectations conflict,1,not she,1
structured experiment,1,no comforting,1,money document,1,conflict behavior,1,s secretly,1
experiment have,1,comforting no,1,document patterns,1,behavior how,1,secretly evil,1
conversation immediately,1,no doom,1,patterns brief,1,do disagreements,1,evil the,1
immediately before,1,doom what,1,brief journal,1,disagreements get,1,likely failure,1
re further,1,as genuinely,1,journal pressure,1,get repaired,1,failure modes,1
further entangled,1,genuinely promising,1,patience clarity,1,repaired inertia,1,modes are,1
entangled do,1,promising this,1,clarity vs,1,inertia pressure,1,are structural,1
not make,1,trip fantasy,1,vs vagueness,1,pressure does,1,structural unspoken,1
healthcare risk,1,fantasy anymore,1,vagueness repair,1,does trial,1,unspoken deal,1
risk is,1,anymore six,1,repair quality,1,trial start,1,breakers emerge,1
is covered,1,six months,1,quality ask,1,start getting,1,emerge late,1
covered and,1,daily contact,1,for specificity,1,getting treated,1,late children,1
seen normal,1,contact plus,1,specificity give,1,as obviously,1,timeline financial,1
life compatibility,1,plus weeks,1,give concrete,1,obviously you,1,financial family,1
compatibility for,1,person suggests,1,examples instead,1,re staying,1,obligations after,1
page month,1,suggests sustained,1,instead of,1,staying your,1,re emotionally,1
trial plan,1,sustained mutual,1,of accepting,1,own wellbeing,1,emotionally physically,1
plan boundaries,1,mutual engagement,1,accepting only,1,wellbeing do,1,physically invested,1
boundaries topics,1,engagement not,1,only reassuring,1,more grounded,1,invested you,1
topics to,1,one off,1,reassuring generalities,1,grounded and,1,become dependent,1
to cover,1,off her,1,generalities if,1,and capable,1,isolation bureaucracy,1
cover midpoint,1,behavior contains,1,stay in,1,capable there,1,bureaucracy healthcare,1
questions go,1,contains real,1,in i,1,there over,1,healthcare navigation,1
can share,1,real green,1,set trial,1,more isolated,1,navigation and,1
share with,1,offered has,1,trial success,1,isolated and,1,relationship becomes,1
warm way,1,has her,1,success stop,1,and anxious,1,only infrastructure,1
not fooling,1,own job,1,criteria that,1,anxious bottom,1,infrastructure a,1
yourself by,1,job life,1,that fit,1,bottom line,1,event forces,1
by doing,1,life introduced,1,fit the,1,line this,1,forces bad,1
doing the,1,introduced you,1,realities there,1,could absolutely,1,bad choices,1
months and,1,to friends,1,there you,1,absolutely be,1,choices insufficient,1
and committing,1,s acknowledging,1,re right,1,be genuine,1,insufficient catastrophic,1
committing to,1,acknowledging judgment,1,this when,1,genuine nothing,1,coverage liquidity,1
clear headed,1,judgment rather,1,ve spent,1,nothing you,1,liquidity complex,1
headed move,1,than selling,1,spent years,1,ve shared,1,care weaker,1
only way,1,selling a,1,years protecting,1,shared screams,1,weaker locally,1
be fooling,1,a perfect,1,protecting yourself,1,screams obvious,1,locally you,1
yourself is,1,perfect story,1,yourself risk,1,obvious scam,1,pressure age,1
if once,1,story your,1,risk analysis,1,scam you,1,gap costs,1
there you,1,your self,1,analysis can,1,not yet,1,costs arrive,1
you let,1,self awareness,1,way of,1,yet in,1,arrive later,1
let momentum,1,awareness is,1,of staying,1,a position,1,later caregiving,1
momentum and,1,is unusually,1,staying safe,1,position to,1,caregiving burden,1
and attachment,1,unusually high,1,safe from,1,to safely,1,burden libido,1
attachment quietly,1,high you,1,from disappointment,1,safely make,1,libido energy,1
quietly override,1,re actively,1,disappointment at,1,move too,1,energy mismatch,1
override the,1,actively looking,1,living what,1,too many,1,mismatch resentment,1
the conditions,1,for blind,1,be undervaluing,1,many high,1,resentment if,1
conditions that,1,blind spots,1,undervaluing the,1,impact unknowns,1,not planned,1
a smart,1,spots scarcity,1,real upside,1,unknowns remain,1,planned for,1
smart trial,1,thinking projection,1,upside the,1,remain especially,1,for sunk,1
trial where,1,projection stereotypes,1,the aliveness,1,especially children,1,momentum makes,1
where people,1,stereotypes that,1,aliveness is,1,healthcare financial,1,you stay,1
your position,1,reduces your,1,trivial it,1,financial tail,1,stay past,1
position most,1,your risk,1,a health,1,risk plus,1,past the,1
most often,1,of doing,1,and life,1,plus isolation,1,the point,1
often fool,1,doing something,1,life quality,1,isolation clear,1,would advise,1
fool themselves,1,something reckless,1,quality variable,1,is saying,1,advise a,1
themselves watch,1,reckless what,1,variable connection,1,a structured,1,a friend,1
watch these,1,main dangers,1,connection often,1,structured trial,1,friend to,1
these turning,1,dangers the,1,often improves,1,trial and,1,stay the,1
turning trial,1,the ones,1,improves sleep,1,to momentum,1,biggest red,1
trial into,1,ones that,1,sleep mood,1,momentum if,1,red flag,1
into proof,1,actually ruin,1,mood habits,1,solid structure,1,flag in,1
proof feeling,1,ruin outcomes,1,habits motivation,1,structure won,1,your story,1
feeling good,1,outcomes children,1,motivation and,1,t kill,1,story you,1
good for,1,a potential,1,and resilience,1,kill it,1,have not,1
for three,1,potential hard,1,resilience at,1,it it,1,not disclosed,1
months is,1,hard incompatibility,1,relationship that,1,it will,1,disclosed the,1
is necessary,1,incompatibility and,1,that reliably,1,will prove,1,vasectomy or,1
necessary not,1,s time,1,reliably brings,1,answer just,1,or clarified,1
not sufficient,1,at it,1,brings you,1,just two,1,clarified children,1
sufficient you,1,it cannot,1,you out,1,can tighten,1,children at,1
re testing,1,cannot be,1,isolation can,1,tighten this,1,a someday,1
testing normal,1,treated as,1,life upgrade,1,a specific,1,someday topic,1
life fit,1,as later,1,upgrade not,1,specific plan,1,topic the,1
fit not,1,later your,1,a luxury,1,and stop,1,s delayed,1
not certifying,1,vasectomy makes,1,luxury you,1,stop go,1,more it,1
certifying a,1,makes later,1,building something,1,go criteria,1,it risks,1
a lifetime,1,later potentially,1,something rare,1,criteria do,1,risks feeling,1
lifetime decision,1,potentially impossible,1,rare mutual,1,unsure which,1,feeling like,1
decision avoiding,1,impossible or,1,mutual daily,1,she in,1,like concealment,1
avoiding a,1,or medically,1,daily intimacy,1,in for,1,concealment even,1
a deal,1,medically financially,1,intimacy plus,1,for visa,1,your motive,1
breaker conversation,1,financially complex,1,plus shared,1,healthcare realism,1,is fear,1
arrive especially,1,complex relocation,1,shared real,1,realism you,1,fear what,1
vasectomy if,1,relocation can,1,real time,1,d be,1,what clear,1
hard now,1,single point,1,time many,1,be fooling,1,thinking would,1
it gets,1,point of,1,people your,1,yourself only,1,would look,1
gets harder,1,of failure,1,your age,1,the words,1,here clear,1
harder once,1,failure life,1,age never,1,words i,1,thinking means,1
embedded interpreting,1,your social,1,never find,1,ll have,1,means you,1
interpreting reluctance,1,social medical,1,find a,1,conversations turn,1,you act,1
reluctance as,1,medical administrative,1,a bond,1,into vague,1,act with,1
as we,1,administrative bridge,1,bond that,1,vague talks,1,with commitment,1
out we,1,bridge great,1,has both,1,talks without,1,commitment and,1
ll see,1,great when,1,both emotional,1,without decisions,1,you refuse,1
see on,1,when things,1,emotional openness,1,or if,1,refuse to,1
money obligations,1,things are,1,openness and,1,months quietly,1,to convert,1
obligations or,1,are good,1,consistency that,1,quietly becomes,1,convert hope,1
or caregiving,1,good corrosive,1,s worth,1,becomes relocation,1,hope into,1
caregiving is,1,corrosive when,1,worth protecting,1,inertia as,1,into irreversible,1
not neutral,1,when stressed,1,protecting not,1,as stated,1,irreversible dependency,1
neutral it,1,stressed healthcare,1,just from,1,stated your,1,you stop,1
s deferred,1,risk limited,1,from scams,1,is sane,1,stop treating,1
deferred conflict,1,limited liquid,1,scams but,1,sane the,1,a yes,1
conflict letting,1,liquid reserves,1,but from,1,main self,1,no relocation,1
letting your,1,reserves is,1,from paralysis,1,deception risks,1,relocation question,1
system erode,1,theoretical a,1,paralysis the,1,risks to,1,question you,1
erode not,1,complex medical,1,the upside,1,watch you,1,a sequence,1
not maintaining,1,event abroad,1,upside isn,1,you postpone,1,sequence truth,1
maintaining ties,1,panic decisions,1,t only,1,postpone the,1,truth first,1
ties to,1,decisions selling,1,only romance,1,the hardest,1,first kids,1
your kids,1,selling assets,1,romance it,1,hardest fork,1,kids vasectomy,1
kids doctors,1,assets rushed,1,s structure,1,fork children,1,vasectomy marriage,1
doctors home,1,rushed moves,1,and meaning,1,children until,1,family duties,1
base makes,1,moves rushed,1,meaning a,1,re even,1,duties aging,1
dependent which,1,or dependence,1,household rhythm,1,even more,1,trial second,1
which makes,1,dependence on,1,rhythm someone,1,more bonded,1,second months,1
it harder,1,children sunk,1,someone who,1,bonded you,1,months real,1
evaluate freely,1,cost can,1,who cares,1,let going,1,vacation commitment,1
freely treating,1,quietly replace,1,cares whether,1,going well,1,commitment third,1
treating healthcare,1,replace choice,1,you ate,1,well mean,1,third only,1
risk as,1,choice the,1,ate a,1,mean we,1,after evidence,1
a later,1,the more,1,partner for,1,t fight,1,and risk,1
later problem,1,more you,1,for decisions,1,fight and,1,risk coverage,1
problem in,1,invest without,1,decisions travel,1,it felt,1,coverage you,1
case it,1,without clear,1,travel holidays,1,felt good,1,conversations before,1
a before,1,clear gates,1,holidays small,1,good instead,1,before or,1
permanence requirement,1,gates the,1,small joys,1,of we,1,week of,1
requirement make,1,the harder,1,joys these,1,we aligned,1,trial non,1
your plan,1,harder it,1,these compound,1,aligned on,1,negotiables to,1
plan real,1,becomes to,1,compound over,1,on deal,1,settle explicitly,1
real with,1,no later,1,over years,1,breakers with,1,explicitly children,1
with three,1,when evidence,1,years a,1,specifics you,1,children does,1
three guardrails,1,evidence warrants,1,a cross,1,exit theoretical,1,want them,1
guardrails write,1,warrants it,1,cross cultural,1,theoretical if,1,strongly what,1
write go,1,s most,1,cultural relationship,1,if leaving,1,timeline your,1
criteria before,1,most uncertain,1,can widen,1,leaving would,1,your true,1
you leave,1,uncertain and,1,widen your,1,would feel,1,true openness,1
leave one,1,and therefore,1,life rather,1,impossible emotionally,1,openness or,1
page examples,1,therefore must,1,than shrink,1,emotionally financially,1,to reversal,1
examples of,1,be tested,1,shrink it,1,financially visa,1,ivf adoption,1
of criteria,1,tested not,1,it new,1,visa wise,1,adoption marriage,1
that matter,1,not assumed,1,new community,1,wise it,1,timeline whether,1
matter in,1,assumed compatibility,1,community language,1,no longer,1,soon money,1
case we,1,compatibility in,1,language perspective,1,longer a,1,means financially,1
explicit agreement,1,and conflict,1,perspective and,1,trial you,1,financially how,1
s workable,1,boredom annoyance,1,and purpose,1,you accept,1,how expenses,1
workable with,1,annoyance stress,1,purpose if,1,accept ambiguity,1,expenses are,1
vasectomy reality,1,stress illness,1,if handled,1,ambiguity because,1,are shared,1
reality she,1,illness boundaries,1,handled well,1,relationship feels,1,shared boundaries,1
staged timeline,1,money friction,1,well it,1,good ambiguity,1,on supporting,1
and my,1,friction her,1,make your,1,ambiguity is,1,supporting family,1
my need,1,her expectations,1,your later,1,common way,1,happens default,1
base initially,1,expectations once,1,later decades,1,way people,1,default plan,1
initially money,1,once you,1,decades bigger,1,people drift,1,d relocate,1
expectations including,1,re really,1,bigger not,1,into bad,1,if medical,1
including family,1,really there,1,not smaller,1,bad long,1,needs require,1
support are,1,there marriage,1,smaller how,1,term structures,1,require exit,1
are clear,1,obligations financial,1,how caution,1,structures what,1,trial doesn,1
clear and,1,financial norms,1,caution can,1,make your,1,housing money,1
and within,1,norms these,1,actually cost,1,plan clear,1,money timing,1
within limits,1,these often,1,cost you,1,thinking non,1,timing if,1
limits we,1,often surface,1,avoid that,1,non negotiables,1,if either,1
repair conflict,1,surface after,1,that caution,1,negotiables before,1,you cannot,1
conflict without,1,relocation not,1,caution costs,1,go or,1,cannot tolerate,1
without escalation,1,not before,1,costs you,1,vasectomy explicit,1,tolerate these,1
escalation punishment,1,before your,1,becomes ambiguity,1,from her,1,a data,1
punishment i,1,your long,1,ambiguity i,1,her explicit,1,data point,1
access reliable,1,term feasibility,1,might someday,1,will won,1,point by,1
healthcare i,1,feasibility visa,1,someday rather,1,do about,1,itself you,1
have insurance,1,residency stability,1,clear plan,1,about options,1,design the,1
evac plan,1,stability ability,1,plan emotional,1,options marriage,1,trial to,1
buffer before,1,maintain healthcare,1,emotional withholding,1,it expected,1,and preserve,1
move i,1,healthcare continuity,1,withholding treating,1,expected and,1,preserve autonomy,1
i build,1,continuity and,1,treating her,1,obligations concrete,1,autonomy a,1
build some,1,independent social,1,her like,1,concrete scenarios,1,sane trial,1
some independence,1,social footing,1,a risk,1,scenarios and,1,trial has,1
independence there,1,footing i,1,risk to,1,not generalities,1,has guardrails,1
there routines,1,i cannot,1,be managed,1,generalities if,1,guardrails keep,1
routines basic,1,cannot tell,1,managed endless,1,are misaligned,1,base do,1
language at,1,tell you,1,endless testing,1,misaligned the,1,not sell,1
contacts schedule,1,sincere or,1,testing without,1,is continue,1,close down,1
schedule the,1,or she,1,without movement,1,continue dating,1,down your,1
early and,1,s using,1,movement most,1,dating with,1,life yet,1
and put,1,using you,1,most sincere,1,limits or,1,yet round,1
put them,1,here the,1,sincere partners,1,or end,1,ticket clear,1
them on,1,yet and,1,partners can,1,it not,1,date separate,1
calendar don,1,only responsible,1,tolerate slow,1,not see,1,major gifts,1
right moment,1,responsible way,1,slow pace,1,it resolves,1,loans purchases,1
moment decide,1,to know,1,pace they,1,resolves during,1,purchases ideally,1
now week,1,know is,1,they struggle,1,months keep,1,ideally independent,1
week children,1,time structure,1,struggle with,1,separate no,1,housing or,1
expectations week,1,structure observed,1,with unclear,1,major purchases,1,or at,1
obligations week,1,observed behavior,1,unclear intent,1,purchases commitments,1,genuine fallback,1
week health,1,under real,1,intent the,1,commitments build,1,fallback build,1
aging plan,1,real conditions,1,the middle,1,language your,1,and contacts,1
there week,1,conditions what,1,middle way,1,own routines,1,contacts start,1
week midpoint,1,what clear,1,way warm,1,routines your,1,language basics,1
review continue,1,thinking would,1,structure warm,1,own contacts,1,basics schedule,1
continue adjust,1,in practice,1,structure means,1,contacts do,1,schedule explicit,1
adjust stop,1,practice clear,1,means warmth,1,healthcare reality,1,explicit review,1
stop keep,1,thinking isn,1,warmth you,1,check clinic,1,review check,1
reversible by,1,be cautious,1,you show,1,hospital visit,1,ins during,1
by design,1,cautious it,1,show commitment,1,visit insurance,1,the stay,1
design keep,1,s make,1,commitment through,1,plan finalized,1,stay weeks,1
clear return,1,step increase,1,through presence,1,finalized or,1,weeks you,1
big financial,1,increases entanglement,1,presence consistency,1,plan decision,1,treat catastrophic,1
financial entanglements,1,entanglement say,1,consistency affection,1,gate near,1,risk as,1
entanglements don,1,trial only,1,affection and,1,end set,1,the binding,1
property or,1,pilot a,1,and honest,1,date now,1,binding constraint,1
make symbolic,1,pilot includes,1,honest vulnerability,1,now e,1,constraint before,1
symbolic commitments,1,includes reversibility,1,vulnerability structure,1,and decide,1,relocate you,1
commitments that,1,finances independence,1,structure you,1,decide among,1,need credible,1
that function,1,basics errands,1,you protect,1,among stop,1,credible international,1
function like,1,alone at,1,protect both,1,stop extend,1,international coverage,1
like contracts,1,social activity,1,you with,1,year begin,1,and or,1
contracts what,1,her defined,1,boundaries reversible,1,begin relocation,1,or evacuation,1
what go,1,defined goals,1,steps and,1,planning define,1,plan real,1
well should,1,goals you,1,explicit timelines,1,define no,1,real exclusions,1
mean not,1,re testing,1,what this,1,no in,1,exclusions understood,1
not we,1,testing daily,1,this looks,1,advance this,1,understood and,1
we feel,1,life fit,1,practice next,1,the anti,1,you dependent,1
feel close,1,fit not,1,trial feels,1,anti self,1,still do,1
close it,1,not proving,1,like the,1,self fooling,1,do split,1
it should,1,proving love,1,right move,1,fooling device,1,living but,1
mean you,1,love if,1,yes i,1,device pick,1,but a,1
about uncomfortable,1,require you,1,months i,1,pick your,1,a full,1
uncomfortable realities,1,sell things,1,doing it,1,conditions now,1,full relocation,1
realities without,1,things ship,1,it because,1,now common,1,relocation would,1
without avoidance,1,ship your,1,to treat,1,common ones,1,be financially,1
pressure your,1,or become,1,treat it,1,ones in,1,financially reckless,1
negotiables are,1,become dependent,1,real trial,1,case she,1,reckless a,1
are respected,1,dependent it,1,with check,1,t or,1,a blunt,1
respected practical,1,pilot it,1,ins and,1,not willing,1,blunt but,1
practical plans,1,a soft,1,clear topics,1,pursue realistic,1,but fair,1
plans exist,1,soft relocation,1,to resolve,1,realistic options,1,fair bottom,1
exist not,1,relocation have,1,resolve kids,1,options pressure,1,line you,1
just intentions,1,the can,1,family long,1,to rush,1,you are,1
intentions if,1,end everything,1,term plan,1,rush marriage,1,not being,1
if those,1,everything conversations,1,plan this,1,relocation or,1,being foolish,1
true then,1,early starting,1,this signals,1,guilt when,1,foolish for,1
then seriously,1,starting with,1,signals i,1,you pace,1,for wanting,1
seriously considering,1,with children,1,you not,1,pace it,1,wanting this,1
considering relocation,1,children before,1,m investigating,1,it emerging,1,be acting,1
relocation is,1,or in,1,investigating you,1,emerging expectations,1,acting foolishly,1
is rational,1,week do,1,you a,1,expectations of,1,foolishly if,1
rational not,1,timeline disclose,1,simple don,1,support you,1,make marriage,1
not romantic,1,disclose the,1,t lose,1,not comfortable,1,marriage asset,1
romantic delusion,1,the vasectomy,1,lose it,1,with inability,1,asset decisions,1
delusion if,1,vasectomy plainly,1,to caution,1,inability to,1,decisions before,1
accommodation i,1,plainly if,1,caution checklist,1,to create,1,before resolving,1
can give,1,is incompatible,1,checklist during,1,credible medical,1,resolving children,1
give you,1,incompatible it,1,trial make,1,risk plan,1,vasectomy money,1
a tight,1,s better,1,make sure,1,you remain,1,and before,1
tight checklist,1,learn now,1,sure you,1,remain socially,1,before proving,1
checklist for,1,now than,1,also doing,1,socially logistically,1,proving you,1
trial conversation,1,than after,1,doing these,1,logistically dependent,1,being socially,1
prompts red,1,ve built,1,these share,1,her after,1,socially medically,1
flags and,1,built another,1,share joy,1,months if,1,medically dependent,1
review template,1,another year,1,joy intentionally,1,t name,1,correct next,1
template to,1,year of,1,intentionally dates,1,name your,1,likely say,1
you honest,1,of attachment,1,dates trips,1,of rationalizing,1,trial only,1
honest while,1,attachment then,1,trips small,1,rationalizing my,1,you first,1
it make,1,and an,1,small rituals,1,my blunt,1,first disclose,1
do actions,1,an aging,1,rituals not,1,blunt verdict,1,agree to,1
actions set,1,nurse with,1,just logistics,1,verdict choosing,1,guardrails and,1
set the,1,with paid,1,logistics tell,1,conversations is,1,the review,1
the experiment,1,care as,1,you appreciate,1,not naïve,1,review checkpoints,1
experiment up,1,default build,1,appreciate specifically,1,naïve it,1,checkpoints if,1
in week,1,a crisis,1,specifically character,1,most rational,1,has ever,1
week write,1,crisis plan,1,character kindness,1,rational way,1,explicitly and,1
write your,1,plan before,1,kindness how,1,future the,1,your realistic,1
your go,1,re abroad,1,she makes,1,only fooling,1,realistic stance,1
go not,1,abroad for,1,feel let,1,yourself would,1,stance on,1
no criteria,1,months minimum,1,her see,1,be letting,1,on parenting,1
criteria one,1,minimum credible,1,see your,1,letting affection,1,vasectomy children,1
page agree,1,credible health,1,your real,1,affection replace,1,children conversation,1
agree with,1,repatriation understanding,1,life workday,1,replace decisions,1,conversation and,1
her on,1,understanding in,1,workday self,1,or letting,1,a tight,1
on this,1,writing with,1,self tired,1,letting the,1,tight month,1
trial we,1,with exclusions,1,tired self,1,trial become,1,specific evidence,1
ll review,1,exclusions understood,1,self stressed,1,become permanent,1,to look,1
review at,1,understood a,1,stressed self,1,permanent without,1,criteria you,1
at week,1,emergency exit,1,self make,1,explicit evidence,1,not automatically,1
week and,1,target so,1,make one,1,based yes,1,automatically fooling,1
end keep,1,not forced,1,or two,1,current stance,1,yourself what,1
plan intact,1,forced to,1,two concrete,1,short agenda,1,re proposing,1
intact no,1,assets under,1,future plans,1,agenda for,1,proposing is,1
no asset,1,under duress,1,plans within,1,conversations and,1,is close,1
moves have,1,duress identified,1,within the,1,page set,1,best available,1
early first,1,identified hospital,1,trial a,1,of decision,1,available path,1
weeks schedule,1,hospital doctor,1,a trip,1,gates and,1,path increase,1
schedule them,1,doctor locally,1,trip a,1,keep for,1,increase real,1
them don,1,locally and,1,a project,1,yourself before,1,world evidence,1
the moment,1,go and,1,project meeting,1,arrive so,1,evidence before,1
moment children,1,when use,1,meeting someone,1,trial stays,1,before committing,1
options you,1,use explicit,1,someone important,1,stays a,1,committing where,1
would wouldn,1,explicit decision,1,decision principle,1,trial set,1,where people,1
t consider,1,cost example,1,principle that,1,set the,1,people fool,1
consider marriage,1,example gates,1,preserves both,1,the frame,1,fool themselves,1
marriage importance,1,gates after,1,both upside,1,frame with,1,themselves is,1
importance timeline,1,months do,1,upside and,1,her this,1,is in,1
timeline family,1,we function,1,and safety,1,of daily,1,the implementation,1
pressure money,1,function well,1,safety move,1,review near,1,implementation they,1
money splitting,1,well in,1,move forward,1,end before,1,they call,1
splitting expenses,1,we repair,1,forward at,1,any bigger,1,call it,1
expenses gifts,1,repair conflict,1,of evidence,1,bigger step,1,then let,1
gifts debts,1,conflict well,1,evidence not,1,step keep,1,let momentum,1
debts supporting,1,well after,1,of fear,1,exit easy,1,momentum convert,1
parents limits,1,months total,1,fear evidence,1,easy return,1,convert it,1
limits health,1,total ordinary,1,evidence can,1,return ticket,1,into relocation,1
aging what,1,exposure are,1,can justify,1,ticket or,1,relocation without,1
there professional,1,are kids,1,justify a,1,or cash,1,without resolving,1
care write,1,money health,1,sincere yes,1,for it,1,resolving the,1
agree in,1,health plans,1,yes step,1,it home,1,the true,1
in plain,1,plans aligned,1,step like,1,intact emergency,1,true constraints,1
plain language,1,aligned enough,1,trial while,1,fund accessible,1,constraints you,1
language live,1,justify longer,1,still delaying,1,accessible know,1,re fooling,1
live tuesday,1,that consider,1,delaying irreversible,1,know your,1,any of,1
tuesday life,1,consider irreversible,1,commitments selling,1,your legal,1,are true,1
not vacation,1,steps my,1,assets permanent,1,legal status,1,true hard,1
vacation life,1,my bottom,1,relocation shared,1,status visa,1,conversations went,1
your normal,1,line pursuing,1,property marriage,1,visa length,1,went well,1
normal hours,1,pursuing this,1,marriage until,1,length renewal,1,well becomes,1
hours keep,1,is reasonable,1,until the,1,renewal rules,1,your main,1
keep routines,1,reasonable the,1,the fundamentals,1,rules don,1,main criterion,1
routines share,1,the green,1,fundamentals kids,1,t drift,1,criterion even,1
share chores,1,flags and,1,healthcare are,1,into overstay,1,if day,1
chores and,1,your measured,1,explicit if,1,overstay or,1,life shows,1
and errands,1,measured approach,1,me where,1,or gray,1,shows avoidance,1
errands cook,1,approach justify,1,stay during,1,gray zones,1,avoidance control,1
cook shop,1,justify taking,1,months with,1,zones week,1,control resentment,1
shop budget,1,taking the,1,vs your,1,week do,1,or mismatch,1
budget deal,1,step permanent,1,own rental,1,conversations early,1,mismatch words,1
deal with,1,permanent relocation,1,rental and,1,early not,1,words are,1
with traffic,1,relocation now,1,afraid of,1,not after,1,are necessary,1
traffic fatigue,1,now would,1,of losing,1,re deeply,1,necessary behavior,1
fatigue minor,1,be premature,1,losing her,1,deeply acclimated,1,behavior is,1
minor illnesses,1,premature the,1,her interest,1,acclimated children,1,is decisive,1
illnesses build,1,the children,1,interest your,1,children your,1,decisive you,1
independence every,1,children question,1,own courage,1,strongly timeline,1,t disclose,1
every week,1,question isolation,1,courage time,1,wants them,1,vasectomy immediately,1
week learn,1,isolation risk,1,craft a,1,them what,1,immediately or,1
learn basic,1,risk and,1,that maximizes,1,realistically consider,1,you soften,1
language daily,1,and medical,1,maximizes intimacy,1,any don,1,soften it,1
daily even,1,medical tail,1,intimacy and,1,t promise,1,keep the,1
even minutes,1,risk are,1,and learning,1,promise clarify,1,the mood,1
minutes do,1,are too,1,learning at,1,clarify marriage,1,mood if,1
do regular,1,too large,1,time here,1,expected culturally,1,if kids,1
regular errands,1,large to,1,here s,1,culturally personally,1,kids matter,1
alone join,1,leave unresolved,1,s what,1,personally when,1,her delay,1
join at,1,unresolved the,1,i see,1,obligations daily,1,delay becomes,1
one group,1,right move,1,see as,1,daily expenses,1,a trust,1
group gym,1,you structure,1,as plainly,1,expenses who,1,trust injury,1
gym class,1,with boundaries,1,plainly as,1,pays what,1,injury you,1
class meetup,1,and early,1,can what,1,what family,1,you arrive,1
meetup volunteer,1,early hard,1,what looks,1,would she,1,arrive without,1
volunteer expat,1,conversations if,1,looks real,1,she expect,1,without reversibility,1
expat professional,1,supports that,1,and promising,1,expect you,1,reversibility no,1
professional create,1,strongest indicators,1,promising the,1,family emergency,1,no home,1
two non,1,indicators you,1,connection has,1,emergency aging,1,base no,1
her local,1,re dealing,1,has continuity,1,fair if,1,no round,1
local contacts,1,dealing with,1,continuity and,1,later agreement,1,trip no,1
contacts even,1,serious partner,1,and depth,1,agreement in,1,no independent,1
even casual,1,you personally,1,depth daily,1,principle paid,1,independent cash,1
casual do,1,personally would,1,contact over,1,paid care,1,cash access,1
do healthcare,1,a child,1,over six,1,care becomes,1,access no,1
healthcare due,1,child at,1,six months,1,becomes part,1,no plan,1
diligence identify,1,it were,1,months plus,1,needs escalate,1,leave quickly,1
identify a,1,were possible,1,plus repeat,1,escalate what,1,quickly you,1
a reputable,1,possible i,1,repeat long,1,notice can,1,treat no,1
reputable clinic,1,concrete month,1,long visits,1,she discuss,1,no money,1
hospital do,1,month pilot,1,is meaningful,1,discuss these,1,money asked,1
do at,1,with specific,1,meaningful this,1,these calmly,1,asked as,1
one non,1,specific continue,1,a holiday,1,calmly specifically,1,as permanent,1
non urgent,1,criteria and,1,holiday fling,1,specifically without,1,permanent evidence,1
urgent visit,1,visa risk,1,fling anymore,1,or evasion,1,evidence instead,1
visit confirm,1,risk map,1,anymore her,1,evasion build,1,of watching,1
confirm medication,1,map you,1,behavior so,1,build normal,1,watching for,1
medication availability,1,not fooling,1,far is,1,life on,1,for expectation,1
availability get,1,an information,1,is broadly,1,on purpose,1,creep once,1
get insurance,1,information gathering,1,broadly reassuring,1,purpose don,1,embedded you,1
evacuation options,1,gathering pilot,1,reassuring steady,1,t live,1,you ignore,1
options priced,1,pilot and,1,socially declined,1,live in,1,ignore catastrophic,1
priced and,1,let it,1,and she,1,in vacation,1,risk insurance,1
and understood,1,it quietly,1,she tolerated,1,vacation mode,1,liquidity because,1
understood create,1,quietly become,1,tolerated your,1,mode work,1,s unpleasant,1
who to,1,become commitment,1,your why,1,your regular,1,unpleasant or,1
to call,1,commitment by,1,why me,1,regular hours,1,or complex,1
call where,1,default where,1,me question,1,hours do,1,complex you,1
where to,1,you could,1,question without,1,do mundane,1,thinking clearly,1
to go,1,be fooling,1,without punishing,1,mundane things,1,clearly if,1
go how,1,yourself is,1,punishing you,1,things together,1,this non,1
to pay,1,is here,1,you her,1,together groceries,1,negotiable guardrails,1
pay meet,1,here if,1,her stated,1,groceries bills,1,guardrails pre,1
meet her,1,well i,1,stated reasons,1,bills laundry,1,commit the,1
life in,1,ll relocate,1,reasons are,1,laundry errands,1,trial structure,1
in breadth,1,relocate good,1,are plausible,1,budgeting waiting,1,structure round,1
breadth not,1,good conversations,1,plausible calm,1,waiting in,1,continuity at,1
moments time,1,conversations are,1,calm stable,1,in lines,1,now no,1
with friends,1,are necessary,1,stable serious,1,lines spend,1,purchase no,1
friends coworkers,1,necessary but,1,serious is,1,time apart,1,no asset,1
coworkers context,1,not sufficient,1,normal preference,1,apart in,1,asset liquidation,1
context family,1,sufficient people,1,preference especially,1,same week,1,liquidation no,1
family gatherings,1,mean what,1,s tired,1,week each,1,major financial,1
gatherings ordinary,1,what they,1,tired of,1,own routine,1,entanglements have,1
ordinary weekends,1,they say,1,of immature,1,just fused,1,talks in,1
weekends observe,1,say and,1,immature peers,1,fused together,1,week not,1
get made,1,be incompatible,1,peers that,1,notice do,1,not month,1
family system,1,incompatible in,1,that answer,1,when life,1,month children,1
system make,1,or get,1,not inherently,1,is boring,1,your actual,1
to notice,1,get reshaped,1,inherently manipulative,1,or tiring,1,actual willingness,1
notice diagnostic,1,reshaped by,1,manipulative what,1,tiring run,1,means money,1
diagnostic signals,1,by family,1,genuinely risky,1,run small,1,obligations boundaries,1
signals how,1,family visa,1,risky even,1,small stress,1,boundaries illness,1
handles boundaries,1,visa health,1,have enough,1,stress tests,1,aging paid,1
yet notice,1,health pressures,1,enough ordinary,1,tests reveal,1,care as,1
notice your,1,pressures later,1,life data,1,reveal character,1,as default,1
your experience,1,later clear,1,data ten,1,character without,1,medical reasons,1
experience when,1,thinking version,1,ten weeks,1,without drama,1,reasons exit,1
need alone,1,plan what,1,not nothing,1,drama plan,1,trial fails,1
time i,1,solid about,1,nothing but,1,plan something,1,fails housing,1
m keeping,1,right next,1,still limited,1,something logistical,1,housing timing,1
commitments green,1,step to,1,limited exposure,1,logistical together,1,timing money,1
flag respect,1,to test,1,to routine,1,together trip,1,money test,1
respect collaboration,1,test ordinary,1,conflict sickness,1,trip paperwork,1,test real,1
collaboration red,1,life naming,1,boredom bureaucracy,1,paperwork task,1,not romance,1
flag guilt,1,naming children,1,decisions relocation,1,task budget,1,romance routine,1
pressure withdrawal,1,children sickness,1,infrastructure without,1,budget have,1,workdays together,1
withdrawal anger,1,sickness and,1,without language,1,one disagreement,1,handle no,1
anger conflict,1,term expectations,1,language doctors,1,disagreement and,1,yet disappointment,1
repair don,1,expectations up,1,doctors friends,1,and observe,1,repair whether,1
disagreements watch,1,up front,1,and systems,1,observe repair,1,independence language,1
happens after,1,front is,1,systems you,1,repair do,1,learning your,1
after can,1,exactly the,1,dependent quickly,1,both return,1,own friends,1
both apologize,1,the kind,1,quickly that,1,to warmth,1,routines set,1
apologize do,1,of maturity,1,that dynamic,1,and problem,1,set objective,1
do issues,1,maturity that,1,dynamic can,1,solving let,1,objective checkpoints,1
issues resolve,1,that prevents,1,can strain,1,her see,1,checkpoints week,1
resolve or,1,prevents later,1,strain even,1,see you,1,logistics communication,1
or get,1,later harm,1,even good,1,you when,1,communication independence,1
get stored,1,harm your,1,good couples,1,re depleted,1,independence baseline,1
stored and,1,your intent,1,forks are,1,depleted let,1,baseline week,1
and weaponized,1,evidence based,1,are still,1,let yourself,1,expectations confirmed,1
weaponized any,1,based rather,1,still unresolved,1,yourself see,1,confirmed in,1
any silent,1,than purely,1,unresolved most,1,her under,1,repair observed,1
treatment contempt,1,purely emotion,1,most notably,1,under pressure,1,observed at,1
contempt threats,1,emotion driven,1,notably children,1,pressure what,1,least once,1
threats or,1,the conditions,1,s you,1,notice conflict,1,once week,1
or public,1,conditions that,1,vasectomy this,1,style escalate,1,decision among,1
public shaming,1,not self,1,end things,1,escalate avoid,1,among a,1
shaming money,1,self deception,1,things better,1,avoid repair,1,a another,1
money tone,1,deception non,1,better now,1,repair accountability,1,year b,1
tone even,1,negotiables reversibility,1,than after,1,accountability ability,1,b relocation,1
without requests,1,sell ship,1,after moving,1,to apologize,1,relocation planning,1
requests notice,1,ship merge,1,obligations marriage,1,apologize fairness,1,or c,1
notice expectations,1,merge major,1,immigration expectations,1,fairness protect,1,c stop,1
around who,1,assets rent,1,expectations aging,1,against dependency,1,stop solve,1
who pays,1,buy maintain,1,expectations healthcare,1,dependency independence,1,solve the,1
pays and,1,clear i,1,risk is,1,independence targets,1,the medical,1
often hints,1,can leave,1,real constraint,1,targets weekly,1,medical tail,1
hints or,1,leave within,1,constraint lower,1,weekly language,1,risk before,1
or indirect,1,within a,1,costs don,1,language set,1,relocation real,1
indirect obligations,1,week plan,1,t help,1,a schedule,1,real plan,1
obligations family,1,plan hard,1,help if,1,schedule e,1,access including,1
family narratives,1,hard talks,1,if one,1,g tutor,1,including potential,1
narratives about,1,talks must,1,event forces,1,tutor daily,1,potential return,1
about foreigners,1,must become,1,forces asset,1,daily practice,1,home insurance,1
foreigners older,1,become specific,1,liquidation or,1,practice social,1,evacuation clarity,1
older men,1,specific agreements,1,or makes,1,social join,1,clarity liquidity,1
and provision,1,agreements not,1,reliant on,1,activities you,1,or dependence,1
provision green,1,just we,1,family your,1,handle transport,1,dependence a,1
flag clarity,1,aligned but,1,and biasing,1,transport ordering,1,a cleaner,1
clarity proportional,1,but concrete,1,biasing not,1,ordering food,1,cleaner rule,1
proportional fairness,1,concrete children,1,re foolish,1,food a,1,rule than,1
fairness red,1,children yes,1,foolish but,1,basic purchase,1,than if,1
flag vagueness,1,yes no,1,because loneliness,1,purchase a,1,well relocate,1
vagueness escalation,1,no uncertain,1,loneliness relief,1,simple appointment,1,life behavior,1
escalation after,1,uncertain timeline,1,relief and,1,appointment on,1,behavior matches,1
commitment family,1,d consider,1,and renewed,1,on your,1,matches them,1
family influence,1,consider given,1,renewed vitality,1,own what,1,them and,1
influence notice,1,given vasectomy,1,vitality can,1,notice does,1,and my,1
notice does,1,vasectomy money,1,make good,1,she support,1,independence healthcare,1
have healthy,1,money who,1,good enough,1,support your,1,real then,1
healthy autonomy,1,pays what,1,to try,1,independence or,1,then i,1
family are,1,what family,1,try feel,1,subtly prefer,1,i consider,1
treated as,1,boundaries rule,1,like must,1,prefer you,1,consider relocation,1
person or,1,emergencies health,1,must commit,1,you reliant,1,you follow,1
or as,1,health where,1,commit what,1,reliant on,1,follow the,1
resource status,1,where complex,1,know yet,1,her healthcare,1,guardrails above,1
status symbol,1,care happens,1,yet and,1,diligence your,1,above you,1
symbol are,1,happens who,1,and should,1,your tail,1,not fooling,1
there tests,1,decides paid,1,should stop,1,risk identify,1,re doing,1
tests of,1,default partner,1,stop pretending,1,identify a,1,doing due,1
of generosity,1,nurse observe,1,pretending you,1,a top,1,diligence while,1
generosity or,1,observe behavior,1,her deepest,1,top hospital,1,still moving,1
or obligation,1,and friction,1,deepest motivations,1,a checkup,1,moving toward,1
obligation your,1,friction during,1,motivations with,1,checkup verify,1,toward what,1
your dependence,1,months you,1,certainty right,1,plan in,1,want if,1
dependence level,1,need at,1,now clear,1,in writing,1,your rough,1
level track,1,least a,1,thinking accepts,1,writing not,1,rough budget,1
track weekly,1,few instances,1,accepts uncertainty,1,not assumptions,1,budget insurance,1
weekly could,1,instances of,1,uncertainty and,1,assumptions make,1,insurance situation,1
navigate the,1,a misunderstanding,1,and designs,1,simple emergency,1,situation and,1
the day,1,misunderstanding resolved,1,designs a,1,emergency protocol,1,page trial,1
day if,1,resolved well,1,where uncertainty,1,protocol where,1,plan plus,1
she were,1,well a,1,uncertainty isn,1,where to,1,each conversation,1
were busy,1,a boundary,1,t fatal,1,who to,1,conversation before,1
busy for,1,boundary respected,1,fatal you,1,to call,1,go sets,1
hours are,1,respected a,1,know how,1,call what,1,sets the,1
you building,1,plan followed,1,ll feel,1,what language,1,trial up,1
building your,1,followed through,1,feel living,1,language support,1,up to,1
and supports,1,through you,1,there until,1,support exists,1,to succeed,1
supports if,1,you functioning,1,ve lived,1,exists what,1,succeed round,1
not evaluating,1,functioning independently,1,lived there,1,notice transparency,1,base housing,1
evaluating freely,1,independently not,1,with independence,1,transparency of,1,housing medical,1
freely your,1,not socially,1,independence what,1,of costs,1,infrastructure independent,1
internal state,1,socially administratively,1,like practically,1,costs quality,1,independent money,1
state not,1,administratively dependent,1,practically clear,1,quality of,1,money access,1
the highs,1,her pre,1,thinking here,1,of care,1,access cards,1
highs notice,1,pre set,1,here means,1,your ability,1,cards cash,1
notice do,1,set decision,1,means separating,1,to navigate,1,cash backups,1
more yourself,1,cost before,1,separating emotional,1,navigate without,1,backups medical,1
yourself over,1,go write,1,emotional commitment,1,without panic,1,medical prep,1
time or,1,your continue,1,commitment from,1,panic money,1,prep digital,1
or smaller,1,continue pause,1,from irreversible,1,money reality,1,digital records,1
smaller more,1,pause stop,1,commitments a,1,check keep,1,records meds,1
more anxious,1,criteria examples,1,a decide,1,it clean,1,meds list,1
anxious are,1,examples of,1,decide your,1,clean keep,1,list insurance,1
you acting,1,of stop,1,them typical,1,trial track,1,evacuation details,1
acting against,1,stop triggers,1,typical ones,1,track spending,1,details nearest,1
against your,1,triggers she,1,ones in,1,spending for,1,nearest good,1
your values,1,truly don,1,situation no,1,month so,1,good hospital,1
values to,1,t or,1,no permanent,1,know true,1,hospital identified,1
keep peace,1,or there,1,until a,1,true cost,1,identified write,1
peace are,1,no viable,1,a successful,1,cost of,1,write your,1
you avoiding,1,viable path,1,successful trial,1,living and,1,your go,1
avoiding your,1,path you,1,is complete,1,any hidden,1,go list,1
children friends,1,both want,1,complete no,1,expectations avoid,1,list items,1
friends because,1,want pressure,1,transfers co,1,avoid large,1,items bring,1
s awkward,1,fast or,1,signing early,1,gifts loans,1,you during,1
awkward midpoint,1,love with,1,early children,1,loans or,1,weeks do,1
review week,1,with money,1,question resolved,1,or property,1,do the,1
week a,1,money escalating,1,resolved before,1,property commitments,1,early have,1
a required,1,escalating unclear,1,decisions a,1,commitments what,1,these explicitly,1
required checkpoint,1,unclear family,1,funded healthcare,1,notice any,1,explicitly in,1
checkpoint ask,1,expectations you,1,healthcare evacuation,1,any pattern,1,in calm,1
ask each,1,you cannot,1,evacuation plan,1,of escalation,1,calm moments,1
other what,1,cannot create,1,home without,1,escalation hints,1,as one,1
s working,1,create basic,1,without financial,1,hints or,1,one giant,1
we should,1,basic independence,1,financial ruin,1,pressure also,1,giant interrogation,1
should protect,1,independence there,1,ruin you,1,also your,1,interrogation children,1
protect what,1,there healthcare,1,build an,1,own urge,1,vasectomy what,1
not working,1,insurance tail,1,an independent,1,urge to,1,wants timeline,1
that must,1,risk remains,1,independent life,1,love with,1,what options,1
must change,1,remains unfunded,1,routines b,1,with spending,1,options you,1
change any,1,unfunded and,1,b have,1,spending family,1,re truly,1
forming are,1,and vague,1,fork conversations,1,integration watch,1,truly open,1
are we,1,vague the,1,conversations before,1,for real,1,to no,1
we aligned,1,important warning,1,before the,1,life fit,1,no promises,1
aligned on,1,sign to,1,trial begins,1,fit meet,1,promises marriage,1
health plans,1,watch in,1,begins children,1,meet family,1,marriage commitment,1
plans do,1,in yourself,1,children disclose,1,ordinary contexts,1,commitment definition,1
we continue,1,you notice,1,disclose vasectomy,1,contexts not,1,definition what,1
continue the,1,notice yourself,1,vasectomy ask,1,only special,1,means whether,1
trial as,1,yourself thinking,1,wants discuss,1,special dinners,1,and when,1
as is,1,thinking i,1,discuss realistic,1,dinners observe,1,when money,1
is adjust,1,ll make,1,realistic options,1,observe boundaries,1,norms how,1
adjust or,1,it work,1,options only,1,boundaries privacy,1,you split,1
or pause,1,work no,1,her true,1,privacy expectations,1,split expenses,1
pause end,1,no matter,1,true preference,1,how disagreements,1,means boundaries,1
end of,1,matter what,1,preference money,1,disagreements are,1,on helping,1
of trial,1,sliding the,1,means financially,1,handled within,1,family family,1
trial decision,1,the healthy,1,what family,1,within family,1,family role,1
rule only,1,healthy stance,1,expected marriage,1,notice are,1,role decision,1
only consider,1,stance is,1,expected whether,1,you welcomed,1,making influence,1
consider relocation,1,i hope,1,wants your,1,welcomed as,1,influence visits,1
relocation if,1,hope it,1,care paid,1,person or,1,visits obligations,1
is resolved,1,it works,1,partner care,1,or treated,1,plan paid,1
resolved honestly,1,works and,1,is optional,1,treated mainly,1,care default,1
honestly and,1,ll honor,1,optional where,1,mainly as,1,needs exit,1
and practically,1,months first,1,are incompatible,1,a status,1,plan yes,1
practically healthcare,1,first weeks,1,incompatible the,1,status solution,1,yes even,1
risk has,1,weeks the,1,to pause,1,solution do,1,even now,1
has a,1,trial s,1,pause not,1,respected two,1,respectfully notice,1
real plan,1,s purpose,1,because love,1,two formal,1,notice is,1
plan insurance,1,purpose together,1,the life,1,formal check,1,she able,1
evac funds,1,together weeks,1,life plans,1,ins put,1,talk clearly,1
funds you,1,life work,1,plans don,1,put on,1,clearly without,1
seen respectful,1,work schedule,1,t match,1,calendar now,1,guilt pressure,1
respectful conflict,1,schedule chores,1,match c,1,now day,1,vagueness does,1
conflict repair,1,chores family,1,c treat,1,day what,1,she ask,1
repair boundaries,1,time some,1,month stay,1,s hardest,1,ask about,1
boundaries were,1,time apart,1,stay as,1,hardest any,1,your needs,1
were honored,1,apart independence,1,rules if,1,any surprises,1,needs too,1
honored and,1,building final,1,it diagnostic,1,surprises are,1,too structure,1
have some,1,final weeks,1,diagnostic housing,1,the big,1,structure the,1
some independent,1,weeks explicit,1,ideally something,1,big topics,1,months so,1
independent footing,1,explicit debrief,1,name or,1,topics aligned,1,drift schedule,1
footing there,1,debrief what,1,clear fallback,1,aligned day,1,schedule three,1
there if,1,change for,1,fallback work,1,day if,1,three check,1
ll have,1,stay if,1,work schedule,1,if nothing,1,ins on,1
place i,1,this will,1,schedule most,1,nothing changed,1,week how,1
can tailor,1,will be,1,days independence,1,changed would,1,how s,1
tailor this,1,be and,1,independence goals,1,relocate what,1,s daily,1
this into,1,separately and,1,goals language,1,what must,1,life any,1
a printable,1,page trial,1,tutoring weekly,1,must change,1,any surprises,1
printable checklist,1,trial charter,1,weekly two,1,change to,1,surprises what,1
checklist and,1,charter you,1,two regular,1,it wise,1,we adjust,1
a set,1,can share,1,regular activities,1,wise end,1,adjust week,1
of weekly,1,share with,1,her checkpoints,1,end of,1,expectations in,1
weekly review,1,personal continue,1,checkpoints week,1,trial decision,1,repair review,1
,,criteria before,1,week explicit,1,negotiable decide,1,review week,1
,,go set,1,explicit review,1,of three,1,week next,1
,,trial up,1,review and,1,three no,1,step decision,1
,,up so,1,decision exit,1,no misaligned,1,decision another,1
,,it produces,1,leave quickly,1,misaligned deal,1,base relocation,1
,,produces real,1,quickly if,1,breakers extend,1,relocation stop,1
,,real information,1,needed d,1,extend split,1,do day,1
,,information define,1,d what,1,base promising,1,evidence build,1
,,the purpose,1,success should,1,promising but,1,independence non,1
,,purpose in,1,should look,1,but infrastructure,1,negotiable start,1
,,sentence test,1,like by,1,infrastructure not,1,language lessons,1
,,test daily,1,months you,1,ready proceed,1,lessons 4x,1
,,compatibility and,1,function day,1,proceed to,1,4x week,1
,,term alignment,1,day without,1,to relocation,1,week minimum,1
,,alignment without,1,handler you,1,planning alignment,1,minimum create,1
,,without irreversible,1,seen at,1,alignment practical,1,create your,1
,,commitments keep,1,one meaningful,1,practical readiness,1,routines gym,1
,,keep home,1,meaningful disagreement,1,readiness what,1,gym walks,1
,,base rent,1,disagreement and,1,notice in,1,walks coworking,1
,,accounts keep,1,healthy repair,1,in yourself,1,coworking café,1
,,fund write,1,repair money,1,yourself are,1,café work,1
,,stop slow,1,explicit and,1,you deciding,1,work blocks,1
,,slow triggers,1,stable children,1,deciding from,1,blocks make,1
,,triggers private,1,are no,1,from grounded,1,make at,1
,,private bullets,1,no longer,1,grounded clarity,1,least contacts,1
,,bullets line,1,longer vague,1,clarity or,1,contacts you,1
,,line up,1,vague you,1,or from,1,her expat,1
,,up basics,1,a credible,1,from fear,1,group hobby,1
,,basics health,1,credible medical,1,fear of,1,hobby neighbor,1
,,evacuation understanding,1,main danger,1,of losing,1,neighbor notice,1
,,understanding medication,1,danger i,1,losing the,1,notice does,1
,,medication supply,1,d warn,1,feeling if,1,she encourage,1
,,supply portable,1,warn you,1,own place,1,encourage this,1
,,summary local,1,not that,1,place during,1,this green,1
,,local emergency,1,s secretly,1,tailor a,1,flag or,1
,,emergency hospital,1,secretly bad,1,tight checklist,1,subtly resist,1
,,hospital identified,1,bad the,1,checklist and,1,resist red,1
,,identified what,1,failure is,1,suggested day,1,red yellow,1
,,do during,1,is you,1,day day,1,yellow live,1
,,months high,1,move become,1,day review,1,live ordinary,1
,,high yield,1,dependent avoid,1,review template,1,vacation life,1
,,yield actions,1,avoid hard,1,,,life grocery,1
,,actions do,1,the peace,1,,,grocery shopping,1
,,do real,1,peace then,1,,,shopping cooking,1
,,not extended,1,then reality,1,,,cooking errands,1
,,extended vacation,1,reality arrives,1,,,errands budgeting,1
,,vacation work,1,arrives kids,1,,,budgeting dealing,1
,,hours most,1,family health,1,,,dealing with,1
,,most weekdays,1,re stuck,1,,,with small,1
,,weekdays share,1,a country,1,,,small hassles,1
,,share boring,1,country where,1,,,hassles work,1
,,boring tasks,1,where leaving,1,,,work full,1
,,tasks groceries,1,like failure,1,,,full days,1
,,groceries bills,1,failure the,1,,,days remotely,1
,,bills laundry,1,most constructive,1,,,remotely and,1
,,laundry commuting,1,constructive next,1,,,protect work,1
,,commuting waiting,1,step say,1,,,time notice,1
,,waiting in,1,trial only,1,,,notice can,1
,,in offices,1,you first,1,,,she handle,1
,,offices have,1,first resolve,1,,,handle boredom,1
,,have some,1,resolve the,1,,,boredom and,1
,,some days,1,the children,1,,,and routine,1
,,days where,1,structure housing,1,,,routine without,1
,,re tired,1,finances checkpoints,1,,,without drama,1
,,tired not,1,checkpoints exit,1,,,drama can,1
,,not charming,1,exit that,1,,,you run,1
,,charming not,1,the clear,1,,,run gentle,1
,,in date,1,clear mind,1,,,gentle boundary,1
,,date mode,1,mind open,1,,,boundary tests,1
,,mode build,1,open heart,1,,,tests not,1
,,build independence,1,heart path,1,,,not manipulative,1
,,independence on,1,path if,1,,,manipulative just,1
,,purpose goal,1,d stay,1,,,just normal,1
,,goal you,1,place i,1,,,normal adult,1
,,can function,1,concrete trial,1,,,adult boundaries,1
,,function even,1,trial checklist,1,,,boundaries i,1
,,busy for,1,checklist and,1,,,work tonight,1
,,week learn,1,decision criteria,1,,,tonight let,1
,,language transport,1,criteria matched,1,,,s meet,1
,,transport pharmacy,1,matched to,1,,,meet after,1
,,pharmacy emergencies,1,real visa,1,,,after i,1
,,emergencies do,1,do two,1,,,not comfortable,1
,,do at,1,two things,1,,,comfortable paying,1
,,one errand,1,that most,1,,,paying for,1
,,errand solo,1,most people,1,,,spend saturday,1
,,solo each,1,people don,1,,,saturday morning,1
,,week join,1,and concretely,1,,,morning on,1
,,her class,1,can still,1,,,on my,1
,,class club,1,still choose,1,,,own with,1
,,club coworking,1,choose no,1,,,a group,1
,,coworking expat,1,no without,1,,,group notice,1
,,local group,1,without your,1,,,notice disappointment,1
,,group practice,1,life collapsing,1,,,disappointment is,1
,,practice navigating,1,collapsing you,1,,,fine punishment,1
,,navigating banking,1,are fooling,1,,,punishment guilt,1
,,sim delivery,1,months is,1,,,guilt sulking,1
,,delivery apps,1,is psychologically,1,,,sulking campaigns,1
,,apps transportation,1,psychologically a,1,,,campaigns or,1
,,transportation have,1,door i,1,,,escalation are,1
,,early then,1,m going,1,,,not engineer,1
,,then convert,1,this unless,1,,,engineer one,1
,,convert them,1,unless something,1,,,one or,1
,,them into,1,is obviously,1,,,or two,1
,,into specifics,1,obviously terrible,1,,,two stress,1
,,specifics by,1,terrible rather,1,,,stress tests,1
,,by week,1,a genuine,1,,,tests life,1
,,week you,1,genuine test,1,,,life will,1
,,should have,1,test what,1,,,provide some,1
,,have clarity,1,solid about,1,,,some naturally,1
,,children her,1,your plan,1,,,naturally but,1
,,her desire,1,is long,1,,,also plan,1
,,desire timeline,1,long enough,1,,,plan mild,1
,,timeline your,1,see routine,1,,,mild ones,1
,,vasectomy what,1,routine conflict,1,,,ones a,1
,,actually consider,1,conflict family,1,,,plan change,1
,,consider money,1,family dynamics,1,,,change a,1
,,money budget,1,own isolation,1,,,minor travel,1
,,budget expense,1,isolation independence,1,,,hiccup notice,1
,,expense splitting,1,independence issues,1,,,notice do,1
,,splitting gifts,1,issues leading,1,,,team or,1
,,gifts family,1,leading with,1,,,or opponents,1
,,help boundaries,1,with children,1,,,opponents what,1
,,boundaries emergency,1,children health,1,,,for high,1
,,emergency request,1,health expectations,1,,,high signal,1
,,request rule,1,expectations is,1,,,signal indicators,1
,,rule marriage,1,right order,1,,,indicators green,1
,,what serious,1,order those,1,,,green flags,1
,,serious means,1,the true,1,,,flags consistent,1
,,means health,1,true forks,1,,,consistent warmth,1
,,health aging,1,forks where,1,,,warmth and,1
,,aging complex,1,where self,1,,,respect when,1
,,default decision,1,self deception,1,,,yet concrete,1
,,if incapacitated,1,deception usually,1,,,concrete stable,1
,,incapacitated write,1,usually sneaks,1,,,stable expectations,1
,,page summary,1,sneaks in,1,,,expectations about,1
,,summary together,1,in watch,1,,,about marriage,1
,,together informal,1,watch these,1,,,money good,1
,,informal is,1,these vagueness,1,,,good conflict,1
,,fine ambiguity,1,vagueness that,1,,,repair apology,1
,,ambiguity is,1,that feels,1,,,apology accountability,1
,,where later,1,harmony we,1,,,accountability resetting,1
,,later pain,1,see later,1,,,resetting she,1
,,pain grows,1,later don,1,,,independence and,1
,,grows schedule,1,t worry,1,,,and friendships,1
,,schedule weekly,1,worry on,1,,,friendships family,1
,,weekly relationship,1,care escalation,1,,,involvement is,1
,,relationship operations,1,boundary move,1,,,is transparent,1
,,operations check,1,move sooner,1,,,transparent and,1
,,check ins,1,sooner merge,1,,,bounded no,1
,,ins minutes,1,merge money,1,,,no escalation,1
,,minutes same,1,money prove,1,,,escalation of,1
,,same day,1,love your,1,,,of financial,1
,,day time,1,your sunk,1,,,expectations as,1
,,time each,1,cost drift,1,,,as you,1
,,week questions,1,drift i,1,,,you settle,1
,,questions what,1,already came,1,,,settle in,1
,,felt good,1,came all,1,,,in red,1
,,good this,1,all this,1,,,flags urgency,1
,,felt hard,1,this way,1,,,urgency pressure,1
,,hard or,1,way i,1,,,pressure move,1
,,or confusing,1,i met,1,,,move marry,1
,,confusing any,1,met her,1,,,me dynamics,1
,,any resentment,1,family it,1,,,dynamics any,1
,,resentment building,1,be awful,1,,,any pattern,1
,,building anything,1,awful to,1,,,of punishment,1
,,anything we,1,to back,1,,,for boundaries,1
,,we need,1,back out,1,,,boundaries increasing,1
,,change next,1,out dependency,1,,,increasing requests,1
,,next week,1,dependency you,1,,,requests or,1
,,week this,1,become socially,1,,,or emergencies,1
,,this tests,1,socially logistically,1,,,emergencies requiring,1
,,tests repair,1,logistically reliant,1,,,requiring money,1
,,teamwork create,1,reliant then,1,,,money even,1
,,create at,1,then leaving,1,,,ramp isolation,1
,,one mild,1,feels impossible,1,,,isolation tactics,1
,,test naturally,1,impossible even,1,,,tactics discouraging,1
,,naturally not,1,should trading,1,,,discouraging your,1
,,not cruelly,1,trading clarity,1,,,routines friends,1
,,cruelly examples,1,clarity for,1,,,friends major,1
,,examples plan,1,for closeness,1,,,major inconsistencies,1
,,small trip,1,closeness avoiding,1,,,inconsistencies in,1
,,trip with,1,avoiding one,1,,,in story,1
,,with logistics,1,the mood,1,,,story secrecy,1
,,logistics handle,1,mood good,1,,,secrecy or,1
,,handle a,1,good if,1,,,or controlling,1
,,a bureaucracy,1,those show,1,,,behavior end,1
,,bureaucracy task,1,up repeatedly,1,,,of trial,1
,,task together,1,repeatedly that,1,,,trial decision,1
,,together set,1,not normal,1,,,criteria keep,1
,,a spending,1,normal stress,1,,,simple at,1
,,spending limit,1,stress it,1,,,at week,1
,,limit for,1,s data,1,,,week decide,1
,,week and,1,data make,1,,,decide based,1
,,and stick,1,conversations pass,1,,,on evidence,1
,,stick to,1,pass fail,1,,,evidence compatibility,1
,,to it,1,fail not,1,,,compatibility routine,1
,,it watch,1,not nice,1,,,routine conflict,1
,,watch how,1,nice talk,1,,,repair works,1
,,you coordinate,1,talk children,1,,,works alignment,1
,,coordinate not,1,in week,1,,,alignment kids,1
,,not whether,1,need agreement,1,,,expectations are,1
,,whether it,1,the perfect,1,,,are compatible,1
,,s perfect,1,perfect solution,1,,,compatible and,1
,,perfect what,1,solution immediately,1,,,and specific,1
,,to notice,1,immediately but,1,,,specific independence,1
,,notice signals,1,do need,1,,,independence you,1
,,that predict,1,on whether,1,,,can function,1
,,predict long,1,dealbreaker minimum,1,,,function there,1
,,term outcomes,1,that count,1,,,as your,1
,,outcomes a,1,count as,1,,,your sole,1
,,a repair,1,as go,1,,,sole infrastructure,1
,,quality after,1,go forward,1,,,infrastructure risk,1
,,after friction,1,forward she,1,,,plan credible,1
,,friction most,1,she states,1,,,credible healthcare,1
,,most predictive,1,states clearly,1,,,healthcare evacuation,1
,,predictive can,1,clearly whether,1,,,liquidity plan,1
,,can either,1,strongly you,1,,,plan exists,1
,,you apologize,1,state clearly,1,,,exists before,1
,,apologize without,1,clearly what,1,,,ll live,1
,,defensiveness do,1,and aren,1,,,live with,1
,,do problems,1,t open,1,,,her or,1
,,problems get,1,to no,1,,,or rent,1
,,get solved,1,no kids,1,,,rent separately,1
,,solved or,1,kids reversal,1,,,separately and,1
,,or recycled,1,ivf donor,1,,,tighter weekly,1
,,recycled does,1,donor adoption,1,,,weekly plan,1
,,she punish,1,adoption you,1,,,page checklist,1
,,punish withdraw,1,both agree,1,,,checklist you,1
,,withdraw or,1,a next,1,,,can literally,1
,,or collaborate,1,if kids,1,,,literally print,1
,,collaborate b,1,kids are,1,,,print and,1
,,b boundary,1,desired e,1,,,and use,1
,,boundary respect,1,g consult,1,,,,
,,respect yours,1,consult a,1,,,,
,,and hers,1,clinic for,1,,,,
,,hers does,1,real feasibility,1,,,,
,,she accept,1,feasibility not,1,,,,
,,accept not,1,just hope,1,,,,
,,yet on,1,hope red,1,,,,
,,on big,1,flag she,1,,,,
,,big steps,1,avoids the,1,,,,
,,steps do,1,the topic,1,,,,
,,you accept,1,topic or,1,,,,
,,accept her,1,or relies,1,,,,
,,her boundaries,1,relies on,1,,,,
,,boundaries without,1,on magical,1,,,,
,,without trying,1,magical thinking,1,,,,
,,to buy,1,thinking money,1,,,,
,,buy your,1,obligations week,1,,,,
,,your way,1,outcomes a,1,,,,
,,way past,1,shared model,1,,,,
,,past them,1,model proportional,1,,,,
,,them c,1,proportional provider,1,,,,
,,c money,1,limits and,1,,,,
,,family dynamics,1,explicit boundaries,1,,,,
,,dynamics as,1,transfers during,1,,,,
,,as they,1,during trial,1,,,,
,,they actually,1,trial clear,1,,,,
,,actually play,1,clear expectations,1,,,,
,,play out,1,support for,1,,,,
,,out do,1,siblings if,1,,,,
,,do small,1,any including,1,,,,
,,small requests,1,including what,1,,,,
,,requests appear,1,normal vs,1,,,,
,,appear indirectly,1,much red,1,,,,
,,indirectly through,1,flag pressure,1,,,,
,,through family,1,or sudden,1,,,,
,,family guilt,1,sudden emergencies,1,,,,
,,guilt emergencies,1,emergencies once,1,,,,
,,emergencies is,1,re there,1,,,,
,,is spending,1,there aging,1,,,,
,,spending aligned,1,plan week,1,,,,
,,you agreed,1,outcomes agreement,1,,,,
,,agreed are,1,that paid,1,,,,
,,you quietly,1,decline agreement,1,,,,
,,quietly becoming,1,on where,1,,,,
,,becoming the,1,medical care,1,,,,
,,default payer,1,happen local,1,,,,
,,payer d,1,vs back,1,,,,
,,d integration,1,and that,1,,,,
,,into real,1,will fund,1,,,,
,,you meet,1,fund the,1,,,,
,,meet longtime,1,flag unspoken,1,,,,
,,friends do,1,unspoken assumption,1,,,,
,,her routine,1,assumption that,1,,,,
,,routine not,1,she or,1,,,,
,,only curated,1,or her,1,,,,
,,curated moments,1,will carry,1,,,,
,,moments are,1,carry the,1,,,,
,,you acknowledged,1,the burden,1,,,,
,,acknowledged as,1,burden relationship,1,,,,
,,as her,1,outcomes clear,1,,,,
,,her partner,1,clear view,1,,,,
,,in normal,1,view on,1,,,,
,,normal contexts,1,on exclusivity,1,,,,
,,contexts e,1,exclusivity marriage,1,,,,
,,e your,1,means agreement,1,,,,
,,your isolation,1,trial ends,1,,,,
,,isolation level,1,ends with,1,,,,
,,level do,1,checkpoint not,1,,,,
,,have any,1,not indefinite,1,,,,
,,any life,1,indefinite limbo,1,,,,
,,life there,1,limbo red,1,,,,
,,there independent,1,flag commit,1,,,,
,,her by,1,commit first,1,,,,
,,month if,1,first clarify,1,,,,
,,if not,1,clarify later,1,,,,
,,not full,1,later structure,1,,,,
,,relocation would,1,stays a,1,,,,
,,would amplify,1,real test,1,,,,
,,amplify dependency,1,test housing,1,,,,
,,dependency f,1,housing if,1,,,,
,,f your,1,all possible,1,,,,
,,cognitive state,1,possible rent,1,,,,
,,state watch,1,alone even,1,,,,
,,for i,1,a small,1,,,,
,,ll ignore,1,small studio,1,,,,
,,ignore this,1,studio near,1,,,,
,,this because,1,near her,1,,,,
,,her i,1,this preserves,1,,,,
,,m investing,1,preserves autonomy,1,,,,
,,investing so,1,and reduces,1,,,,
,,so much,1,reduces couple,1,,,,
,,much i,1,couple pressure,1,,,,
,,t back,1,pressure work,1,,,,
,,back out,1,keep normal,1,,,,
,,out those,1,normal working,1,,,,
,,those are,1,working hours,1,,,,
,,are your,1,weekdays independence,1,,,,
,,your internal,1,volunteer checkpoints,1,,,,
,,internal alarm,1,checkpoints schedule,1,,,,
,,alarm bells,1,schedule them,1,,,,
,,bells end,1,them now,1,,,,
,,end of,1,now end,1,,,,
,,of trial,1,week exit,1,,,,
,,trial decision,1,cash and,1,,,,
,,process don,1,needed without,1,,,,
,,t improvise,1,asking permission,1,,,,
,,improvise in,1,permission or,1,,,,
,,the last,1,or creating,1,,,,
,,last weeks,1,creating a,1,,,,
,,weeks do,1,crisis pre,1,,,,
,,a structured,1,pre commit,1,,,,
,,structured debrief,1,to go,1,,,,
,,debrief together,1,criteria write,1,,,,
,,change then,1,write this,1,,,,
,,then take,1,this before,1,,,,
,,take days,1,you fly,1,,,,
,,days alone,1,fly example,1,,,,
,,even just,1,example no,1,,,,
,,just mentally,1,go items,1,,,,
,,mentally with,1,items customize,1,,,,
,,with distance,1,customize misalignment,1,,,,
,,distance to,1,children that,1,,,,
,,without daily,1,be resolved,1,,,,
,,daily immersion,1,resolved with,1,,,,
,,immersion decide,1,agreed next,1,,,,
,,decide the,1,step any,1,,,,
,,step as,1,any coercion,1,,,,
,,as another,1,visa or,1,,,,
,,another reversible,1,or timing,1,,,,
,,reversible step,1,timing repeated,1,,,,
,,step e,1,repeated boundary,1,,,,
,,g longer,1,violations or,1,,,,
,,stay two,1,behavior silent,1,,,,
,,model not,1,treatment guilt,1,,,,
,,not permanent,1,guilt threats,1,,,,
,,move by,1,threats you,1,,,,
,,default quick,1,you remain,1,,,,
,,quick personal,1,remain isolated,1,,,,
,,personal scorecard,1,isolated dependent,1,,,,
,,scorecard use,1,dependent with,1,,,,
,,use weekly,1,no workable,1,,,,
,,weekly rate,1,workable path,1,,,,
,,rate trust,1,path to,1,,,,
,,trust consistency,1,to independence,1,,,,
,,consistency conflict,1,unaffordable or,1,,,,
,,repair independence,1,or unworkable,1,,,,
,,independence me,1,unworkable if,1,,,,
,,me functioning,1,a no,1,,,,
,,functioning here,1,go item,1,,,,
,,here alignment,1,item happens,1,,,,
,,alignment on,1,happens the,1,,,,
,,marriage health,1,leave or,1,,,,
,,health joy,1,least end,1,,,,
,,joy companionship,1,end the,1,,,,
,,companionship in,1,as not,1,,,,
,,ordinary days,1,not moving,1,,,,
,,days if,1,moving forward,1,,,,
,,any category,1,forward even,1,,,,
,,category stays,1,if feelings,1,,,,
,,stays for,1,feelings are,1,,,,
,,for multiple,1,are strong,1,,,,
,,multiple weeks,1,strong what,1,,,,
,,weeks slow,1,like at,1,,,,
,,live with,1,months not,1,,,,
,,can tailor,1,i love,1,,,,
,,a tighter,1,love her,1,,,,
,,tighter checklist,1,but do,1,,,,
,,and suggest,1,have alignment,1,,,,
,,best stress,1,the forks,1,,,,
,,stress tests,1,care can,1,,,,
,,tests for,1,there without,1,,,,
,,for that,1,entire support,1,,,,
,,that setup,1,system if,1,,,,
,,,,this ended,1,,,,
,,,,ended respectfully,1,,,,
,,,,respectfully would,1,,,,
,,,,i still,1,,,,
,,,,okay financially,1,,,,
,,,,practically are,1,,,,
,,,,we getting,1,,,,
,,,,getting more,1,,,,
,,,,more specific,1,,,,
,,,,specific and,1,,,,
,,,,more emotionally,1,,,,
,,,,emotionally attached,1,,,,
,,,,attached bottom,1,,,,
,,,,bottom line,1,,,,
,,,,line you,1,,,,
,,,,the trip,1,,,,
,,,,trip as,1,,,,
,,,,structured pilot,1,,,,
,,,,with decision,1,,,,
,,,,decision rules,1,,,,
,,,,rules and,1,,,,
,,,,hear this,1,,,,
,,,,work and,1,,,,
,,,,and act,1,,,,
,,,,act on,1,,,,
,,,,on it,1,,,,
,,,,re fooling,1,,,,
,,,,if hard,1,,,,
,,,,conversations means,1,,,,
,,,,means one,1,,,,
,,,,one emotional,1,,,,
,,,,emotional talk,1,,,,
,,,,talk that,1,,,,
,,,,that ends,1,,,,
,,,,ends in,1,,,,
,,,,in reassurance,1,,,,
,,,,reassurance without,1,,,,
,,,,without specifics,1,,,,
,,,,specifics or,1,,,,
,,,,t imagine,1,,,,
,,,,imagine yourself,1,,,,
,,,,yourself actually,1,,,,
,,,,actually walking,1,,,,
,,,,walking away,1,,,,
,,,,away if,1,,,,
,,,,you believe,1,,,,
,,,,believe your,1,,,,
,,,,your top,1,,,,
,,,,top two,1,,,,
,,,,two no,1,,,,
,,,,criteria are,1,,,,
,,,,are i,1,,,,
,,,,you tighten,1,,,,
,,,,tighten them,1,,,,
,,,,them into,1,,,,
,,,,simple one,1,,,,
,,,,can follow,1,,,,
,,,,follow when,1,,,,
,,,,emotions spike,1,,,,
,,,,spike before,1,,,,
,,,,go set,1,,,,
,,,,set the,1,,,,
,,,,trial up,1,,,,
,,,,can teach,1,,,,
,,,,teach you,1,,,,
,,,,something write,1,,,,
,,,,write a,1,,,,
,,,,charter for,1,,,,
,,,,and optionally,1,,,,
,,,,optionally share,1,,,,
,,,,share purpose,1,,,,
,,,,purpose duration,1,,,,
,,,,duration what,1,,,,
,,,,evaluating and,1,,,,
,,,,the week,1,,,,
,,,,week check,1,,,,
,,,,ins predefine,1,,,,
,,,,predefine go,1,,,,
,,,,criteria examples,1,,,,
,,,,examples below,1,,,,
,,,,below and,1,,,,
,,,,and commit,1,,,,
,,,,to taking,1,,,,
,,,,taking them,1,,,,
,,,,them seriously,1,,,,
,,,,seriously keep,1,,,,
,,,,keep structural,1,,,,
,,,,structural independence,1,,,,
,,,,transfers maintain,1,,,,
,,,,maintain access,1,,,,
,,,,own funds,1,,,,
,,,,funds and,1,,,,
,,,,and documents,1,,,,
,,,,documents have,1,,,,
,,,,have an,1,,,,
,,,,needed medical,1,,,,
,,,,medical readiness,1,,,,
,,,,readiness medical,1,,,,
,,,,summary medication,1,,,,
,,,,plan identify,1,,,,
,,,,identify best,1,,,,
,,,,hospital clinic,1,,,,
,,,,clinic you,1,,,,
,,,,d use,1,,,,
,,,,use and,1,,,,
,,,,confirm insurance,1,,,,
,,,,evac coverage,1,,,,
,,,,coverage or,1,,,,
,,,,or accept,1,,,,
,,,,accept the,1,,,,
,,,,risk explicitly,1,,,,
,,,,explicitly what,1,,,,
,,,,do during,1,,,,
,,,,a prolonged,1,,,,
,,,,prolonged visit,1,,,,
,,,,live a,1,,,,
,,,,normal weekly,1,,,,
,,,,weekly rhythm,1,,,,
,,,,rhythm work,1,,,,
,,,,work your,1,,,,
,,,,weekdays do,1,,,,
,,,,do chores,1,,,,
,,,,chores errands,1,,,,
,,,,errands as,1,,,,
,,,,a couple,1,,,,
,,,,couple groceries,1,,,,
,,,,groceries cooking,1,,,,
,,,,cooking cleaning,1,,,,
,,,,cleaning bills,1,,,,
,,,,bills minor,1,,,,
,,,,minor hassles,1,,,,
,,,,hassles keep,1,,,,
,,,,keep some,1,,,,
,,,,some separate,1,,,,
,,,,separate time,1,,,,
,,,,time weekly,1,,,,
,,,,weekly you,1,,,,
,,,,you alone,1,,,,
,,,,alone her,1,,,,
,,,,her alone,1,,,,
,,,,reveals whether,1,,,,
,,,,whether autonomy,1,,,,
,,,,autonomy is,1,,,,
,,,,is tolerated,1,,,,
,,,,tolerated have,1,,,,
,,,,and make,1,,,,
,,,,make them,1,,,,
,,,,them specific,1,,,,
,,,,specific aim,1,,,,
,,,,aim to,1,,,,
,,,,to complete,1,,,,
,,,,complete these,1,,,,
,,,,these by,1,,,,
,,,,by week,1,,,,
,,,,week not,1,,,,
,,,,not month,1,,,,
,,,,month children,1,,,,
,,,,children include,1,,,,
,,,,include your,1,,,,
,,,,vasectomy wants,1,,,,
,,,,wants timeline,1,,,,
,,,,timeline dealbreakers,1,,,,
,,,,dealbreakers acceptable,1,,,,
,,,,options next,1,,,,
,,,,step e,1,,,,
,,,,g urologist,1,,,,
,,,,fertility consult,1,,,,
,,,,consult if,1,,,,
,,,,relevant money,1,,,,
,,,,model vs,1,,,,
,,,,limits spending,1,,,,
,,,,style debts,1,,,,
,,,,debts savings,1,,,,
,,,,savings what,1,,,,
,,,,fair hard,1,,,,
,,,,hard boundaries,1,,,,
,,,,boundaries family,1,,,,
,,,,expectations for,1,,,,
,,,,for time,1,,,,
,,,,housing with,1,,,,
,,,,with parents,1,,,,
,,,,siblings what,1,,,,
,,,,changes if,1,,,,
,,,,there marriage,1,,,,
,,,,whether either,1,,,,
,,,,you expects,1,,,,
,,,,expects to,1,,,,
,,,,plan paid,1,,,,
,,,,a who,1,,,,
,,,,who advocates,1,,,,
,,,,advocates medically,1,,,,
,,,,medically where,1,,,,
,,,,happens what,1,,,,
,,,,what triggers,1,,,,
,,,,triggers a,1,,,,
,,,,home run,1,,,,
,,,,two deliberate,1,,,,
,,,,deliberate reality,1,,,,
,,,,tests budget,1,,,,
,,,,month one,1,,,,
,,,,one full,1,,,,
,,,,full month,1,,,,
,,,,month track,1,,,,
,,,,spending agree,1,,,,
,,,,agree categories,1,,,,
,,,,categories see,1,,,,
,,,,decisions feel,1,,,,
,,,,feel resentment,1,,,,
,,,,resentment generosity,1,,,,
,,,,generosity control,1,,,,
,,,,control independence,1,,,,
,,,,independence week,1,,,,
,,,,handle daily,1,,,,
,,,,daily tasks,1,,,,
,,,,tasks with,1,,,,
,,,,help transport,1,,,,
,,,,transport errands,1,,,,
,,,,errands one,1,,,,
,,,,one appointment,1,,,,
,,,,appointment measure,1,,,,
,,,,measure how,1,,,,
,,,,how feasible,1,,,,
,,,,feasible non,1,,,,
,,,,non dependence,1,,,,
,,,,dependence is,1,,,,
,,,,is build,1,,,,
,,,,there so,1,,,,
,,,,relationship isn,1,,,,
,,,,t carrying,1,,,,
,,,,carrying everything,1,,,,
,,,,everything language,1,,,,
,,,,tutoring 3x,1,,,,
,,,,week or,1,,,,
,,,,or equivalent,1,,,,
,,,,equivalent structured,1,,,,
,,,,structured plan,1,,,,
,,,,plan two,1,,,,
,,,,two recurring,1,,,,
,,,,recurring activities,1,,,,
,,,,class volunteer,1,,,,
,,,,volunteer coworking,1,,,,
,,,,coworking meetup,1,,,,
,,,,meetup meet,1,,,,
,,,,meet a,1,,,,
,,,,few people,1,,,,
,,,,people independently,1,,,,
,,,,independently not,1,,,,
,,,,not only,1,,,,
,,,,only her,1,,,,
,,,,friends what,1,,,,
,,,,to notice,1,,,,
,,,,notice the,1,,,,
,,,,the highest,1,,,,
,,,,highest signal,1,,,,
,,,,signal observations,1,,,,
,,,,observations think,1,,,,
,,,,in patterns,1,,,,
,,,,not moments,1,,,,
,,,,moments you,1,,,,
,,,,re watching,1,,,,
,,,,watching for,1,,,,
,,,,for stability,1,,,,
,,,,stability across,1,,,,
,,,,across time,1,,,,
,,,,stress a,1,,,,
,,,,and pacing,1,,,,
,,,,pacing high,1,,,,
,,,,high diagnostic,1,,,,
,,,,diagnostic notice,1,,,,
,,,,notice what,1,,,,
,,,,happens when,1,,,,
,,,,yet no,1,,,,
,,,,no i,1,,,,
,,,,need time,1,,,,
,,,,need an,1,,,,
,,,,an evening,1,,,,
,,,,evening alone,1,,,,
,,,,alone i,1,,,,
,,,,m keeping,1,,,,
,,,,keeping finances,1,,,,
,,,,separate green,1,,,,
,,,,green respect,1,,,,
,,,,respect continued,1,,,,
,,,,continued warmth,1,,,,
,,,,warmth red,1,,,,
,,,,red guilt,1,,,,
,,,,guilt pressure,1,,,,
,,,,pressure punishment,1,,,,
,,,,punishment escalating,1,,,,
,,,,urgency or,1,,,,
,,,,or prove,1,,,,
,,,,love demands,1,,,,
,,,,demands b,1,,,,
,,,,b conflict,1,,,,
,,,,repair more,1,,,,
,,,,than harmony,1,,,,
,,,,harmony you,1,,,,
,,,,want at,1,,,,
,,,,real disagreement,1,,,,
,,,,disagreement notice,1,,,,
,,,,notice can,1,,,,
,,,,you disagree,1,,,,
,,,,disagree without,1,,,,
,,,,without contempt,1,,,,
,,,,contempt do,1,,,,
,,,,you reach,1,,,,
,,,,reach decisions,1,,,,
,,,,decisions or,1,,,,
,,,,just soothe,1,,,,
,,,,soothe feelings,1,,,,
,,,,feelings and,1,,,,
,,,,and postpone,1,,,,
,,,,postpone do,1,,,,
,,,,do apologies,1,,,,
,,,,apologies happen,1,,,,
,,,,happen are,1,,,,
,,,,are they,1,,,,
,,,,they specific,1,,,,
,,,,specific does,1,,,,
,,,,does behavior,1,,,,
,,,,behavior change,1,,,,
,,,,change c,1,,,,
,,,,c money,1,,,,
,,,,money tone,1,,,,
,,,,tone control,1,,,,
,,,,control vs,1,,,,
,,,,vs partnership,1,,,,
,,,,partnership notice,1,,,,
,,,,notice your,1,,,,
,,,,your internal,1,,,,
,,,,internal signals,1,,,,
,,,,signals do,1,,,,
,,,,feel appreciated,1,,,,
,,,,appreciated but,1,,,,
,,,,but free,1,,,,
,,,,free or,1,,,,
,,,,or subtly,1,,,,
,,,,subtly managed,1,,,,
,,,,managed do,1,,,,
,,,,feel fear,1,,,,
,,,,fear to,1,,,,
,,,,to mention,1,,,,
,,,,mention money,1,,,,
,,,,it stay,1,,,,
,,,,stay straightforward,1,,,,
,,,,straightforward also,1,,,,
,,,,also notice,1,,,,
,,,,notice hers,1,,,,
,,,,hers does,1,,,,
,,,,she show,1,,,,
,,,,show entitlement,1,,,,
,,,,entitlement shame,1,,,,
,,,,shame avoidance,1,,,,
,,,,avoidance or,1,,,,
,,,,clear pragmatism,1,,,,
,,,,pragmatism d,1,,,,
,,,,d family,1,,,,
,,,,system reality,1,,,,
,,,,reality notice,1,,,,
,,,,notice are,1,,,,
,,,,you being,1,,,,
,,,,being integrated,1,,,,
,,,,integrated respectfully,1,,,,
,,,,respectfully or,1,,,,
,,,,or positioned,1,,,,
,,,,positioned as,1,,,,
,,,,as an,1,,,,
,,,,an upgrade,1,,,,
,,,,upgrade do,1,,,,
,,,,do relatives,1,,,,
,,,,relatives make,1,,,,
,,,,assumptions about,1,,,,
,,,,support housing,1,,,,
,,,,housing or,1,,,,
,,,,or status,1,,,,
,,,,status can,1,,,,
,,,,she set,1,,,,
,,,,set boundaries,1,,,,
,,,,needed e,1,,,,
,,,,e your,1,,,,
,,,,and wellbeing,1,,,,
,,,,wellbeing track,1,,,,
,,,,vs isolated,1,,,,
,,,,isolated whether,1,,,,
,,,,re functioning,1,,,,
,,,,functioning without,1,,,,
,,,,handler whether,1,,,,
,,,,re keeping,1,,,,
,,,,keeping ties,1,,,,
,,,,ties to,1,,,,
,,,,friends consistently,1,,,,
,,,,consistently a,1,,,,
,,,,a key,1,,,,
,,,,key warning,1,,,,
,,,,warning sign,1,,,,
,,,,sign you,1,,,,
,,,,you start,1,,,,
,,,,start shrinking,1,,,,
,,,,shrinking your,1,,,,
,,,,world to,1,,,,
,,,,avoid tension,1,,,,
,,,,tension f,1,,,,
,,,,f consistency,1,,,,
,,,,time the,1,,,,
,,,,the science,1,,,,
,,,,science of,1,,,,
,,,,of sincerity,1,,,,
,,,,sincerity compare,1,,,,
,,,,compare weeks,1,,,,
,,,,weeks vs,1,,,,
,,,,vs weeks,1,,,,
,,,,when novelty,1,,,,
,,,,novelty fades,1,,,,
,,,,fades do,1,,,,
,,,,do expectations,1,,,,
,,,,expectations change,1,,,,
,,,,change as,1,,,,
,,,,get closer,1,,,,
,,,,closer to,1,,,,
,,,,to decisions,1,,,,
,,,,decisions does,1,,,,
,,,,does planning,1,,,,
,,,,planning become,1,,,,
,,,,become clearer,1,,,,
,,,,clearer or,1,,,,
,,,,more evasive,1,,,,
,,,,evasive a,1,,,,
,,,,simple daily,1,,,,
,,,,daily weekly,1,,,,
,,,,weekly method,1,,,,
,,,,method so,1,,,,
,,,,on memory,1,,,,
,,,,memory daily,1,,,,
,,,,daily minutes,1,,,,
,,,,happened how,1,,,,
,,,,how did,1,,,,
,,,,calm any,1,,,,
,,,,any repair,1,,,,
,,,,repair weekly,1,,,,
,,,,weekly minutes,1,,,,
,,,,minutes rate,1,,,,
,,,,rate on,1,,,,
,,,,kids clarity,1,,,,
,,,,clarity money,1,,,,
,,,,money clarity,1,,,,
,,,,clarity family,1,,,,
,,,,family clarity,1,,,,
,,,,clarity conflict,1,,,,
,,,,repair independence,1,,,,
,,,,plan overall,1,,,,
,,,,overall trust,1,,,,
,,,,trust this,1,,,,
,,,,this creates,1,,,,
,,,,creates an,1,,,,
,,,,an evidence,1,,,,
,,,,evidence trail,1,,,,
,,,,trail when,1,,,,
,,,,emotions surge,1,,,,
,,,,surge checkpoints,1,,,,
,,,,checkpoints don,1,,,,
,,,,these end,1,,,,
,,,,week are,1,,,,
,,,,talks scheduled,1,,,,
,,,,scheduled started,1,,,,
,,,,started any,1,,,,
,,,,pressure tactics,1,,,,
,,,,tactics are,1,,,,
,,,,independence end,1,,,,
,,,,week do,1,,,,
,,,,have clear,1,,,,
,,,,clear alignment,1,,,,
,,,,clear incompatibility,1,,,,
,,,,incompatibility on,1,,,,
,,,,family marriage,1,,,,
,,,,marriage direction,1,,,,
,,,,direction end,1,,,,
,,,,week go,1,,,,
,,,,go decision,1,,,,
,,,,or stop,1,,,,
,,,,stop example,1,,,,
,,,,example go,1,,,,
,,,,criteria customize,1,,,,
,,,,customize no,1,,,,
,,,,go stop,1,,,,
,,,,stop or,1,,,,
,,,,or step,1,,,,
,,,,step back,1,,,,
,,,,back misalignment,1,,,,
,,,,children without,1,,,,
,,,,without an,1,,,,
,,,,agreed path,1,,,,
,,,,path repeated,1,,,,
,,,,repeated coercion,1,,,,
,,,,timeline visa,1,,,,
,,,,visa boundary,1,,,,
,,,,violations with,1,,,,
,,,,with punishment,1,,,,
,,,,behavior you,1,,,,
,,,,you cannot,1,,,,
,,,,cannot build,1,,,,
,,,,build functional,1,,,,
,,,,functional independence,1,,,,
,,,,language navigation,1,,,,
,,,,access and,1,,,,
,,,,s making,1,,,,
,,,,making you,1,,,,
,,,,reliant healthcare,1,,,,
,,,,unaffordable unworkable,1,,,,
,,,,unworkable and,1,,,,
,,,,d be,1,,,,
,,,,be exposed,1,,,,
,,,,exposed to,1,,,,
,,,,to catastrophic,1,,,,
,,,,catastrophic loss,1,,,,
,,,,loss go,1,,,,
,,,,go consider,1,,,,
,,,,consider next,1,,,,
,,,,next phase,1,,,,
,,,,phase clear,1,,,,
,,,,clear stable,1,,,,
,,,,stable alignment,1,,,,
,,,,on forks,1,,,,
,,,,forks respectful,1,,,,
,,,,respectful conflict,1,,,,
,,,,repair workable,1,,,,
,,,,workable independence,1,,,,
,,,,insured medical,1,,,,
,,,,country city,1,,,,
,,,,city this,1,,,,
,,,,you tailor,1,,,,
,,,,charter and,1,,,,
,,,,relevant items,1,,,,
,,,,verify visa,1,,,,
,,,,legality and,1,,,,
,,,,and realistic,1,,,,
,,,,realistic healthcare,1,,,,
