Scenario 1 - Bigrams,,,,,,,,,
CONTROL,,AC15,,AC15P,,HYBRID_3_5,,HYBRID_SEMANTIC,
Bigram,Count,Bigram,Count,Bigram,Count,Bigram,Count,Bigram,Count
lock in,92,lock in,87,lock in,101,lock in,100,lock in,105
civitas modular,59,if you,63,civitas modular,60,essential infrastructure,59,civitas modular,62
if you,53,civitas modular,56,you can,54,if you,55,you can,57
essential infrastructure,44,essential infrastructure,47,if you,49,civitas modular,51,if you,49
you can,43,you can,40,essential infrastructure,41,you can,50,essential infrastructure,39
standard controllers,37,it s,35,standard controllers,36,dot waiver,35,emergency services,35
the modular,37,on prem,35,novagrid s,30,on prem,34,dot waiver,32
it s,31,standard controllers,31,lead times,29,prem failover,30,standard controllers,31
modular option,26,dot waiver,30,it s,29,the modular,28,don t,29
lead times,25,prem failover,30,on prem,29,it s,27,it s,28
long term,25,the modular,29,the modular,26,infrastructure cloud,26,on prem,28
in the,25,civitas integrated,25,this is,26,standard controllers,24,civitas integrated,27
emergency services,25,is the,24,dot waiver,26,is the,24,lead times,25
dot waiver,25,in the,22,emergency services,24,emergency services,24,novagrid s,25
you re,24,lead times,21,supply chain,23,you re,23,is the,24
novagrid s,23,novagrid s,21,civitas integrated,23,price lock,22,prem failover,23
o m,21,i can,21,prem failover,23,only if,22,cloud approval,22
industry standard,20,this is,20,as a,22,civitas integrated,21,the modular,22
price lock,20,as a,20,is the,20,cloud approval,20,can t,21
supply chain,18,modular option,19,is a,19,novagrid s,20,acceptance tests,21
the city,18,can t,19,critical path,18,as a,20,long term,20
controller lead,17,emergency services,18,how to,18,this is,19,degraded mode,19
lead time,17,you re,17,can be,18,if the,19,only if,18
cloud exception,17,can be,17,you should,17,lead times,18,on the,18
maintenance support,16,transition assistance,17,for essential,17,can be,18,into a,17
you want,16,and the,17,modular option,16,don t,18,industry standard,17
on prem,16,supply chain,16,don t,16,incident response,17,price lock,17
not just,15,with the,16,cloud approval,16,i can,17,you re,17
novagrid is,15,data config,16,with a,16,you should,17,as a,17
with the,15,in a,16,in the,16,acceptance tests,17,the month,16
modular architecture,15,incident mode,16,operating cost,16,maintenance support,16,proprietary controller,16
infrastructure cloud,15,the decision,15,incident response,15,what to,16,budget chair,16
data export,15,proprietary controller,15,proprietary controller,15,modular option,16,this is,16
i can,15,what you,15,so you,15,and the,16,novagrid is,16
is the,15,price lock,15,the city,15,with the,15,not just,15
this is,15,only if,15,can t,15,industry standard,15,infrastructure cloud,15
cost predictability,15,the contract,15,even if,14,in the,14,transition assistance,15
prem failover,15,acceptance tests,15,schedule risk,14,dot preference,14,and what,15
budget chair,14,what to,15,because it,14,the most,14,i can,15
year maintenance,14,as the,15,if the,13,because it,14,controller lead,15
the contract,14,don t,15,e g,13,cloud fees,14,because it,15
cloud approval,14,the most,14,with the,13,even if,14,year maintenance,14
is a,14,e g,14,modular architecture,13,long term,13,maintenance support,14
even if,14,if novagrid,14,contract terms,13,modular architecture,13,modular option,14
cloud fee,13,what s,14,lead time,13,data export,13,supply chain,14
you should,13,budget chair,14,you want,13,contract terms,13,support cliff,14
what s,13,config portability,14,i can,13,lead time,13,with the,14
and a,13,degraded mode,14,you re,13,doesn t,13,that s,14
as a,13,to the,14,and the,13,highway integration,12,what to,14
if the,13,doesn t,14,controller models,12,year maintenance,12,in your,14
the decision,13,the lock,14,full export,12,supply chain,12,highway integration,13
into a,13,maintenance support,13,transition assistance,12,timing plans,12,modular architecture,13
can be,13,is a,13,price lock,12,in writing,12,even if,13
state dot,12,of the,13,controller lead,12,how to,12,to the,13
support price,12,because it,13,only if,12,waiver review,12,for essential,13
civitas integrated,12,you need,13,we re,12,architecture option,11,a short,13
what to,12,infrastructure cloud,12,but it,12,to council,11,with a,13
proprietary controller,12,cloud approval,12,acceptance tests,12,is not,11,timing plans,13
can t,12,and what,12,why it,12,transition assistance,11,in a,13
cloud hosting,11,modular architecture,12,what you,12,you want,11,incident scenarios,13
schedule risk,11,approved equivalents,12,the decision,11,incident operations,11,incident operations,13
for the,11,for essential,12,it security,11,cloud failover,11,critical path,13
incident response,11,the budget,12,year maintenance,11,year one,11,month support,12
don t,11,that can,12,that s,11,what you,10,is a,12
doesn t,11,how to,12,modular standard,11,support price,10,what you,12
incident operations,11,you have,12,at least,11,acceptance testing,10,support price,12
and what,11,and a,12,to civitas,11,e g,10,you should,12
for essential,10,into a,12,loss of,11,the exact,10,cloud hosting,12
that s,10,the city,12,we can,11,data portability,10,for novagrid,12
integrated system,10,critical path,11,can still,11,the recommendation,10,can be,12
track record,10,for the,11,isn t,11,in your,10,we re,12
upfront cost,10,central down,11,we are,11,cost stability,10,week review,12
risk and,10,mayor s,11,the week,11,civitas s,10,the decision,11
the most,10,need to,11,incident time,11,must be,9,mayor s,11
architecture option,10,tied to,11,budget chair,11,modular is,9,cloud review,11
you ll,10,modular as,11,may be,11,anti lock,9,exit transition,11
and the,10,we re,11,you have,10,lower maintenance,9,acceptance testing,11
novagrid can,9,the mayor,11,novagrid is,10,with a,9,incident response,11
only if,9,year maintenance,10,long run,10,not just,9,as the,11
schedule and,9,is real,10,cost volatility,10,for essential,9,how to,11
s lock,9,to civitas,10,timing plans,10,and contract,9,in the,11
tied to,9,not a,10,maintenance support,10,approval risk,9,mode behavior,11
on the,9,timing plans,10,what s,10,data ownership,9,time to,11
the vendor,9,a short,10,controller availability,10,open controllers,9,logs and,11
for civitas,9,must be,10,delivery commitments,10,one page,9,can still,11
recommend civitas,9,down comms,10,s lock,10,and a,9,the incident,11
because it,9,portability transition,10,as the,10,it as,9,the dot,11
what you,9,and you,10,a week,10,that can,9,in and,10
with your,9,near term,10,or a,10,into a,9,not a,10
and it,9,it can,10,cost and,10,and how,9,becomes a,10
is not,9,if the,10,standard controller,10,option that,9,cloud fee,10
how to,9,normal day,10,modular as,10,that s,9,what happens,10
the dot,9,and it,10,novagrid can,10,the same,9,so you,10
on time,9,rto rpo,10,to avoid,10,incident ops,9,approval and,10
week review,9,long term,9,week review,10,incident capability,9,the most,10
critical path,9,for novagrid,9,i m,10,so the,8,the budget,10
the budget,9,controller lead,9,central management,9,the schedule,8,pilot corridor,10
year one,9,the council,9,what to,9,a year,8,to ask,10
dot preference,8,support price,9,on the,9,in and,8,what this,10
central management,8,controller availability,9,and how,9,and governance,8,if cloud,9
based on,8,recommend civitas,9,dot preference,9,schedule and,8,doesn t,9
so you,8,recurring fees,9,requires a,9,civitas with,8,a waiver,9
to civitas,8,you should,9,data ownership,9,the city,8,architecture option,9
the recommendation,8,long lead,9,cost predictability,9,not a,8,on time,9
timing plans,8,acceptance testing,9,a year,9,cloud governance,8,for civitas,9
milestone based,8,comms down,9,cloud fees,9,a one,8,the contract,9
civitas systems,8,novagrid remains,9,but you,9,risk and,8,lead time,9
modular is,8,but it,9,long term,9,that is,8,trade off,9
cost and,8,cloud fees,9,civitas is,9,acceptance criteria,8,cost predictability,9
your recommendation,8,you want,9,and delivery,9,isn t,8,ask verify,9
isn t,8,cost predictability,9,to council,9,on lock,8,if it,9
that is,8,not just,9,what we,9,s a,8,right now,9
to the,8,on a,9,under your,9,you tell,8,for the,9
tell me,8,controller substitution,9,on time,9,tell me,8,modular as,9
the system,8,even if,9,into a,9,end of,8,180k and,9
if it,8,what this,9,not just,9,of support,8,you must,8
and you,8,but you,9,time to,9,in a,8,and acceptance,8
the same,8,a year,9,ability to,9,novagrid is,8,but only,8
into the,8,have a,9,is not,9,what s,8,dot preference,8
they can,8,is not,9,incident mode,9,is a,8,but it,8
the waiver,8,dot it,9,that can,8,as the,8,novagrid can,8
likely to,8,highway integration,8,if it,8,on the,8,modular is,8
no delay,8,in and,8,in and,8,180k weeks,8,novagrid becomes,8
how it,8,chair s,8,for novagrid,8,to check,8,if civitas,8
operational history,7,s lock,8,given your,8,proprietary controllers,7,and how,8
on a,7,in concern,8,architecture option,8,it can,7,year cost,8
s a,7,architecture option,8,of the,8,controller lead,7,and the,8
vendor lock,7,a single,8,if civitas,8,evidence of,7,you don,8
recurring cloud,7,if civitas,8,you must,8,can still,7,it as,8
a year,7,on the,8,month support,8,multi source,7,e g,8
time risk,7,substitution rights,8,support cliff,8,api access,7,given the,8
the mayor,7,novagrid as,8,why this,8,so you,7,the week,8
to council,7,procurement legal,8,track record,8,a short,7,operating cost,8
right to,7,fees and,8,chair s,8,you ve,7,a tight,8
change of,7,recurring cloud,8,the contract,8,but you,7,you want,8
of control,7,the vendor,8,infrastructure cloud,8,novagrid cloud,7,and weeks,8
a simple,7,time to,8,in your,8,ownership export,7,the mayor,8
cloud fees,7,if it,8,tied to,8,modular open,7,minor failure,8
highway integration,7,each vendor,8,both vendors,8,open controller,7,why it,8
for novagrid,7,you tell,8,approval and,8,track record,7,to a,7
controllers and,7,tell me,8,not the,8,easier to,7,before the,7
in writing,7,portability and,8,a single,8,non negotiable,7,what s,7
avoids the,7,right now,8,modular is,8,change control,7,state dot,7
that can,7,the exact,8,what this,8,it is,7,central software,7
with a,7,it as,8,run a,8,to do,7,cloud fees,7
ability to,7,we are,8,incident operations,8,for a,7,chair s,7
a short,7,in your,8,the same,8,recurring fees,7,not the,7
time and,7,novagrid is,8,hardware lock,8,test plan,7,change of,7
to be,7,180k weeks,8,way to,8,suggest the,7,of control,7
it as,7,times and,7,waiver failover,8,the option,7,data portability,7
civitas meets,7,for civitas,7,portability package,8,with acceptance,7,contract terms,7
threshold automatically,7,on time,7,start on,8,if civitas,7,are the,7
waiver week,7,ability to,7,a minor,8,the cloud,7,it security,7
it cloud,7,integrated system,7,for a,7,if novagrid,7,what is,7
to verify,7,reduces lock,7,week lead,7,s incident,7,how long,7
policy fit,6,maintenance costs,7,delivery dates,7,a vendor,7,of the,7
toward civitas,6,central management,7,ownership full,7,why it,7,both vendors,7
novagrid requires,6,but the,7,focused on,7,documented formats,7,to make,7
does not,6,controller models,7,your constraints,7,given the,7,make the,7
with annual,6,pre approved,7,data export,7,week review,7,to avoid,7
proprietary controllers,6,maintenance cost,7,and incident,7,requires a,7,and a,7
week lead,6,reference calls,7,fee escalation,7,if it,7,is not,7
have a,6,focused on,7,the recommendation,7,and it,7,a year,7
maintenance price,6,incident response,7,cloud hosting,7,the decision,6,s lock,7
lower maintenance,6,to do,7,the council,7,long run,6,ability to,7
option and,6,novagrid can,7,documented interfaces,7,to civitas,6,and whether,7
council s,6,or a,7,unless you,7,civitas systems,6,performance data,7
as the,6,fee escalation,7,s a,7,the dot,6,that are,7
will be,6,performance data,7,require a,7,central software,6,recurring fees,7
be judged,6,how much,7,pre approved,7,why this,6,in optics,7
operational risk,6,caps escalators,7,acceptance criteria,7,but it,6,s a,7
at least,6,your recommendation,7,governance and,7,and any,6,term operating,7
based payments,6,industry standard,7,the option,7,feature updates,6,operating costs,7
review and,6,with a,7,integrated proprietary,7,with dot,6,novagrid to,7
require a,6,in writing,7,in a,7,lock and,6,in writing,7
fail safe,6,what is,7,must be,7,of lower,6,services needs,7
s included,6,and whether,7,and operational,7,controller standards,6,does not,7
want i,6,proprietary controllers,7,right now,7,standards models,6,year one,7
one page,6,that s,7,week proprietary,7,for the,6,under your,6
didn t,6,with your,7,times and,7,in scope,6,and it,6
interoperability exit,6,bad update,7,cloud subscription,7,what is,6,schedule risk,6
to reduce,6,the key,7,operating costs,7,bottom line,6,the project,6
data ownership,6,you ve,7,novagrid now,7,novagrid becomes,6,case by,6
as an,6,a tight,7,rather than,7,contract clauses,6,by case,6
that could,6,i d,7,the waiver,7,are the,6,central management,6
budget predictability,6,incident day,7,a dot,7,modular deployments,6,political risk,6
the week,6,a week,7,required on,7,we are,6,reduces lock,6
you tell,6,minor failure,7,failover 180k,7,your recommendation,6,term cost,6
i ll,6,what would,7,180k weeks,7,to the,6,track record,6
the integrated,6,would make,7,mayor s,7,tied to,6,conditional alternative,6
reduces lock,6,month support,6,it required,7,cloud is,6,chain risk,6
add on,6,with dot,6,central down,7,the mayor,6,on cloud,6
the option,6,controller procurement,6,fewer deployments,7,cloud hosted,6,schedule and,6
they re,6,so far,6,it may,7,rather than,6,api access,6
and support,6,dot s,6,be underestimated,7,and whether,6,priced transition,6
we re,6,may be,6,pass fail,6,infrastructure governance,6,novagrid cloud,6
to show,6,schedule risk,6,the best,6,comms loss,6,a practical,6
the key,6,way to,6,novagrid becomes,6,and incident,6,and transition,6
e g,6,but only,6,the schedule,6,export timing,6,i would,6
but it,6,escalation cap,6,risk civitas,6,risk if,6,addresses lock,6
acceptance tests,6,incident operations,6,export of,6,can t,6,day one,6
with civitas,6,infrastructure hosting,6,assistance clause,6,you need,6,or a,6
dot threshold,6,review and,6,pre priced,6,the contract,6,requires a,6
automatically and,6,controllers and,6,support price,6,of the,6,the recommendation,6
mayor s,6,aligns with,6,subject to,6,and schedule,6,civitas systems,6
parking system,6,integrated proprietary,6,not a,6,maintenance lock,6,in concern,6
the outage,6,the primary,6,contingent on,6,what this,6,upfront cost,6
controller availability,6,keep novagrid,6,reference calls,6,recurring cloud,6,your council,6
underestimated assumption,6,so it,6,slas and,6,you don,6,we are,6
assumption that,6,in risk,6,year tco,6,what i,6,city approval,6
it could,6,contract terms,6,schedule certainty,6,i would,6,assistance priced,6
could bite,6,are not,6,in mitigation,6,modular as,6,priced now,6
verify now,6,the award,6,your city,6,transportation engineering,6,tied to,6
re not,5,city ownership,6,council s,6,council defensible,6,integration is,6
preference for,5,as an,6,in concern,6,response capabilities,6,part of,6
for highway,5,should be,6,more predictable,6,cannot be,6,council packet,6
can still,5,what i,6,recurring cloud,6,incident modes,6,for your,6
but only,5,a waiver,6,if novagrid,6,s lock,6,this into,6
case by,5,spares strategy,6,in writing,6,need to,6,and long,6
by case,5,and vendor,6,safe operation,6,incident corridor,6,re not,6
a schedule,5,for your,6,export rights,6,in documented,6,and b,6
if not,5,what happens,6,a short,6,sample export,6,if central,6
civitas standard,5,to a,6,and a,6,critical path,6,standards based,6
integrated architecture,5,can you,6,a one,6,the waiver,6,to be,6
central software,5,that is,6,in short,6,a dot,6,a one,6
and an,5,you still,6,tell me,6,does not,6,based on,6
fee with,5,are the,6,cloud governance,6,the cleanest,6,unless you,6
annual adjustment,5,lead items,6,infrastructure governance,6,and weeks,6,and incident,6
and supply,5,tight budget,6,and contract,6,schedule risk,6,adaptive routing,6
readily available,5,business days,6,a real,6,the parking,6,given your,6
offers a,5,central cloud,6,on a,6,proprietary controller,6,incident capability,6
feature updates,5,the incident,6,proprietary hardware,6,a minor,6,i d,6
lower upfront,5,under your,6,you ll,6,controller availability,6,testing and,6
faster rollout,5,can suggest,6,cloud fee,6,wrong in,6,and lock,6
shorter track,5,civitas especially,6,and you,6,terms that,5,can you,6
most defensible,5,and rollback,6,only with,6,both vendors,5,data in,6
aligns with,5,week selection,6,incident drill,6,approval friction,5,the waiver,6
with dot,5,selection window,6,doesn t,6,exit options,5,civitas meets,6
risk of,5,bottom line,6,incident routing,6,integrated architecture,5,whether the,6
make the,5,a credible,6,we will,6,slower feature,5,waiver and,6
to compete,5,they can,6,proven vendor,6,maintenance reduction,5,adds 180k,6
on what,5,to start,6,to make,6,the lock,5,the parking,6
from the,5,the dot,6,we chose,6,upfront cost,5,failover 180k,6
control protections,5,it does,6,has fewer,6,narrative risk,5,acceptance criteria,6
bottom line,5,waiver review,6,to the,6,cloud hosting,5,fewer deployments,6
a one,5,external gates,6,waiver review,6,becomes a,5,underestimated assumption,6
to your,5,hybrid failover,6,180k and,6,operational history,5,pressure test,6
want to,5,failover requirement,6,and weeks,6,avoids the,5,clearly wrong,6
the least,5,if they,6,the mayor,6,cloud exception,5,would have,6
not a,5,s office,6,the budget,6,and early,5,a mistake,6
way to,5,it failover,6,this week,6,early evidence,5,city s,5
constraints dot,5,the parking,6,minor failure,6,on proprietary,5,more than,5
city s,5,a minor,6,be judged,6,but only,5,rollout months,5
in concern,5,make us,6,year one,6,assistance rates,5,and political,5
governance and,5,us wrong,6,it would,6,stability maintenance,5,to reduce,5
the two,5,the biggest,5,test mitigate,6,rto rpo,5,over years,5
in contract,5,isn t,5,failure mode,5,this week,5,changes the,5
export formats,5,dot preference,5,your it,5,non negotiables,5,default recommendation,5
export test,5,lead time,5,becomes a,5,due diligence,5,resilience requirements,5
annual cloud,5,modular is,5,city it,5,controller sourcing,5,outage degraded,5
mandatory cloud,5,faster rollout,5,a waiver,5,cloud essential,5,a schedule,5
a clean,5,upfront cost,5,required for,5,make the,5,faster rollout,5
what i,5,a major,5,proprietary controllers,5,to avoid,5,these are,5
the lock,5,venture backed,5,exact controller,5,and council,5,standards commitment,5
system is,5,hosting approval,5,models and,5,to make,5,models standards,5
should be,5,civitas with,5,approved substitutes,5,a single,5,export formats,5
is to,5,long run,5,plans logs,5,contract protections,5,spare parts,5
and how,5,to prevent,5,clause pre,5,a council,5,or fixed,5
can use,5,list of,5,priced support,5,and you,5,cloud is,5
you have,5,a defined,5,and more,5,recommend civitas,5,modular cities,5
and contract,5,timeline and,5,annual adjustment,5,vendor lock,5,approval friction,5
before you,5,required controls,5,cpi linked,5,aligns with,5,fee caps,5
recommendation to,5,90k year,5,approval path,5,budget chair,5,novagrid remains,5
to defend,5,change of,5,response times,5,the two,5,and contract,5
controllers is,5,of control,5,and novagrid,5,novagrid for,5,meets the,5
regardless of,5,configs logs,5,escalation caps,5,vendor support,5,a week,5
change the,5,proprietary central,5,exit rights,5,in mitigation,5,which is,5
becomes a,5,non negotiables,5,lifecycle cost,5,not the,5,is your,5
this week,5,controller standards,5,to your,5,pre approved,5,integrated system,5
unless novagrid,5,if any,5,within the,5,can use,5,cost and,5
time that,5,schedule certainty,5,is your,5,we can,5,cities years,5
if they,5,so the,5,a council,5,i ll,5,keep novagrid,5
tighter future,5,contingent on,5,a clear,5,a simple,5,the council,5
modular as,5,the recommendation,5,what i,5,especially if,5,of your,5
the core,5,schedule and,5,civitas systems,5,due to,5,likely to,5
transportation engineering,5,t be,5,controllers and,5,novagrid requires,5,multi year,5
incident modes,5,can still,5,the most,5,central management,5,and field,5
term o,5,approval is,5,week award,5,ability to,5,controllers and,5
in your,5,a one,5,but the,5,can we,5,the lock,5
and i,5,comms central,5,interfaces and,5,the system,5,terms that,5
civitas year,5,approved equivalent,5,maintenance price,5,quickly and,5,a defined,5
right now,5,logs performance,5,risk managed,5,look like,5,governance risk,5
contract defined,5,the year,5,upfront cost,5,testing and,5,and cost,5
treat it,5,a council,5,recurring fees,5,a sample,5,require a,5
risk if,5,in year,5,s not,5,acceptance test,5,a cloud,5
of the,5,a risk,5,to city,5,i d,5,offers a,5
option that,5,in practice,5,in documented,5,can suggest,5,that can,5
meets dot,5,can become,5,documented formats,5,the top,5,aligns with,5
waiver approval,5,and spares,5,and what,5,the week,5,tell me,5
in parallel,5,your city,5,safe and,5,month end,5,non negotiable,5
proceed with,5,depends on,5,and long,5,as we,5,rather than,5
external gates,5,vendor only,5,due to,5,for novagrid,5,and still,5
180k and,5,and how,5,chain and,5,plan with,5,still be,5
and weeks,5,quickly and,5,schedule slip,5,me whether,5,the system,5
rather than,5,at the,5,faster rollout,5,single source,5,how you,5
180k weeks,5,this into,5,vendor lock,5,civitas is,5,during incidents,5
that novagrid,5,if cloud,5,opex predictability,5,tighter budgets,5,export of,5
in and,5,for a,5,cloud and,5,to reduce,5,plans logs,5
anti lock,5,the option,5,what happens,5,change the,5,and performance,5
failover 180k,5,becomes a,5,do you,5,capabilities as,5,audit logs,5
start on,5,cost and,5,the incident,5,depends on,5,included vs,5
if something,5,opex predictability,5,that is,5,cost and,5,if we,5
integrated proprietary,5,next year,5,and time,5,with civitas,5,truck rolls,5
a mistake,5,unless you,5,but only,5,your city,5,most defensible,5
a tight,4,budget environment,5,you still,5,you already,5,so the,5
signals are,4,staff time,5,models lead,5,regardless of,5,maintenance reduction,5
after award,4,run a,5,based on,5,of vendor,5,risk is,5
in risk,4,your week,5,references and,5,operating cost,5,on a,5
in civitas,4,both vendors,5,and i,5,pass fail,5,novagrid requires,5
standard integrated,4,s included,5,be approved,5,it into,5,will be,5
uses industry,4,a clear,5,for your,5,modes evp,5,cost volatility,5
proprietary central,4,ask for,5,a risk,5,review and,5,the key,5
available standard,4,suggest a,5,modular with,5,whether you,5,need to,5
may be,4,you must,5,next steps,5,in concern,5,that the,5
a practical,4,cloud dependency,5,likely to,5,likely to,5,must be,5
ownership and,4,payment milestones,5,to be,5,it matters,5,the same,5
civitas is,4,so you,5,be a,5,risk you,5,if they,5
cost risk,4,risk you,5,tends to,5,the best,5,they can,5
slower feature,4,before you,5,and operating,5,treat it,5,normal day,5
of lower,4,it doesn,5,re not,5,a written,5,incident day,5
maintenance cost,4,at a,5,for council,5,novagrid now,5,it is,5
choose civitas,4,on your,5,ask for,5,external gates,5,engineering s,5
to lock,4,your timeline,5,transportation engineering,5,you have,5,incident adaptive,5
exit leverage,4,within your,5,the core,5,procurement rules,5,civitas can,5
a vendor,4,and council,5,s incident,5,failover scope,5,civitas to,5
in concerns,4,term opex,5,the project,5,term operating,5,and audit,5
a cloud,4,the same,5,a vendor,5,mayor s,5,opex predictability,5
not novagrid,4,gates and,5,to keep,5,cannot delay,5,becomes the,5
novagrid as,4,export formats,5,you don,5,i m,5,the schedule,5
are the,4,with civitas,5,the award,5,180k and,5,scenarios and,5
you choose,4,s a,5,acceptance test,5,to be,5,detours overrides,5
city ownership,4,weeks and,5,of a,5,waiver cloud,5,overrides priority,5
open interfaces,4,path that,5,your current,5,be judged,5,priority workflows,5
controllers detection,4,given your,5,within business,5,in year,5,so it,5
detection comms,4,which is,5,business days,5,standards based,5,tight budgets,5
or at,4,this week,5,civitas meets,5,minor failure,5,it can,5
plan with,4,does not,5,will be,5,each vendor,4,if the,5
payments tied,4,it is,5,s the,5,you to,4,isn t,5
response times,4,to be,5,addresses lock,5,time and,4,integrated proprietary,5
a small,4,it required,5,s office,5,week lead,4,in documented,5
before award,4,it approved,5,the chair,5,that could,4,documented formats,5
operations a,4,the on,5,you ve,5,review that,4,and you,5
if novagrid,4,fixed price,5,outage incident,5,the essential,4,this week,5
in play,4,required on,5,comms down,5,fee caps,4,preference automatically,5
total cost,4,parking system,5,approvals and,5,fail safe,4,weeks to,5
escalation scenarios,4,requires a,5,risk stack,5,local fallback,4,180k weeks,5
for cloud,4,failover 180k,5,benefit of,5,path that,4,cloud failover,5
and ask,4,operating costs,5,controller system,5,council s,4,a way,5
and performance,4,the project,5,performance and,4,not civitas,4,failover requirement,5
exit protections,4,to proceed,5,infrastructure hosting,4,written essential,4,portability exit,5
novagrid cloud,4,project start,5,novagrid requires,4,or a,4,no delay,5
fee escalation,4,acceptance test,5,a schedule,4,ask for,4,a pilot,5
and schedule,4,a phased,5,regardless of,4,controller supply,4,start on,5
why it,4,the only,5,it requires,4,times and,4,controller availability,5
if modular,4,start and,5,waiver package,4,and cost,4,phased rollout,5
while keeping,4,s not,5,time and,4,reference checks,4,a minor,5
ll want,4,risk civitas,5,how long,4,to modular,4,s clearly,5
policy and,4,a mistake,5,path civitas,4,on cloud,4,price match,5
and operational,4,high switching,4,industry standard,4,the 90k,4,the option,4
show you,4,switching costs,4,if they,4,90k annual,4,your city,4
modular and,4,costs for,4,civitas to,4,if cloud,4,can we,4
to prevent,4,before the,4,exit risk,4,scope and,4,integration testing,4
lifecycle cost,4,the month,4,and cloud,4,reference calls,4,month cliff,4
and long,4,to operate,4,put in,4,schedule approval,4,it essential,4
year price,4,major events,4,non negotiable,4,we chose,4,a hard,4
tightly integrated,4,for highway,4,data in,4,default recommendation,4,s prior,4
reduce lock,4,switching cost,4,offers a,4,recommendation civitas,4,of civitas,4
timing plan,4,rollout months,4,90k year,4,approval and,4,the risk,4
documentation deliverables,4,while keeping,4,venture backed,4,integration is,4,their legacy,4
ownership export,4,lower upfront,4,risk is,4,list of,4,recurring cloud,4
approval risk,4,for central,4,of control,4,in risk,4,cost exposure,4
a higher,4,award to,4,travel time,4,council ready,4,and less,4
modular deployments,4,option with,4,waiver friction,4,is less,4,recommendation civitas,4
if any,4,and long,4,to address,4,and more,4,lowest approval,4
systems modular,4,why this,4,controllers is,4,meets dot,4,reduced lock,4
keep novagrid,4,operating history,4,a credible,4,chair s,4,maintenance lock,4
for a,4,calls focused,4,availability and,4,without sounding,4,risk than,4
unless you,4,civitas can,4,modular cities,4,keep novagrid,4,the safer,4
the schedule,4,on novagrid,4,api access,4,relative to,4,your week,4
how the,4,become a,4,slas for,4,risk is,4,and timeline,4
to change,4,the essential,4,becomes the,4,performance reporting,4,portability and,4
tends to,4,require a,4,schedule and,4,we re,4,no proprietary,4
but you,4,dr testing,4,data portability,4,t hostage,4,proprietary substitution,4
term cost,4,fail safe,4,week decision,4,hostage priced,4,substitution without,4
over time,4,and cost,4,on waiver,4,require a,4,data export,4
it is,4,cloud fee,4,comms loss,4,congestion improvements,4,detector health,4
how they,4,data portability,4,hosting for,4,to pursue,4,schedule protections,4
something breaks,4,data in,4,the next,4,controllers and,4,spares and,4
performance data,4,central components,4,avoid lock,4,phased rollout,4,if novagrid,4
and whether,4,requirements for,4,a defensible,4,predictable long,4,fixed escalator,4
must have,4,a concrete,4,in sensitivity,4,lower capex,4,rto rpo,4
where this,4,cloud essential,4,fee caps,4,external gate,4,no punitive,4
this leaves,4,infrastructure review,4,path to,4,the integrated,4,the city,4
you lock,4,fee caps,4,i d,4,integrated proprietary,4,review and,4
governance risk,4,lifecycle cost,4,for the,4,you must,4,week decision,4
must be,4,in scope,4,terms that,4,time to,4,approval for,4
week proprietary,4,scope and,4,and reduce,4,and escalation,4,reference checks,4
it doesn,4,cloud review,4,lowest approval,4,support slas,4,for a,4
the essential,4,the next,4,civitas year,4,how many,4,exit and,4
provided you,4,you answer,4,the state,4,integration with,4,a defensible,4
protections and,4,answer those,4,state dot,4,vendor responsiveness,4,in year,4
if civitas,4,those i,4,s required,4,the vendor,4,continuity protections,4
times and,4,at council,4,required cloud,4,cost of,4,governance and,4
and novagrid,4,subject to,4,integrated architecture,4,a good,4,protections are,4
with strong,4,calendar risk,4,option standard,4,how fast,4,by a,4
and escalation,4,be approved,4,politically and,4,are in,4,in scope,4
ask for,4,one page,4,export documented,4,lowest approval,4,but you,4
their integrated,4,vendor dependency,4,is more,4,it if,4,the biggest,4
maintenance burden,4,controllers data,4,novagrid has,4,to close,4,commit to,4
because the,4,with explicit,4,timeline and,4,modular reference,4,i m,4
an architecture,4,include a,4,your council,4,s included,4,i ll,4
even a,4,and defined,4,council memo,4,this into,4,the year,4
interface documentation,4,make it,4,here s,4,your week,4,for council,4
fees and,4,of timing,4,each vendor,4,transition rights,4,legacy integrated,4
incident responsiveness,4,in documented,4,hardware lead,4,can help,4,review it,4
engineering s,4,documented formats,4,time risk,4,help you,4,recurring adjustable,4
dot integration,4,path schedule,4,procurement legal,4,the new,4,90k base,4
lock and,4,testing and,4,for civitas,4,slas and,4,annual adjustment,4
services isn,4,point to,4,punitive fees,4,and if,4,decision logic,4
path that,4,exit terms,4,if cloud,4,add on,4,this as,4
an incident,4,you to,4,remain safe,4,the main,4,meet the,4
a major,4,council ready,4,make the,4,do next,4,fee escalation,4
adaptive routing,4,contract clauses,4,it as,4,ask civitas,4,path to,4
the right,4,delivery certainty,4,continuity controls,4,adaptive routing,4,your recommendation,4
services incident,4,for years,4,term cost,4,capability is,4,the specific,4
is it,4,and operational,4,and continuity,4,operations and,4,hosting for,4
incident ops,4,the field,4,choosing the,4,after the,4,schedule governance,4
m cost,4,week lead,4,controllers are,4,given your,4,reference calls,4
to avoid,4,want i,4,and can,4,package evp,4,lifecycle cost,4
the council,4,city s,4,with annual,4,and i,4,recommend civitas,4
and council,4,if central,4,multi year,4,failure is,4,and governance,4
not the,4,after hours,4,year operating,4,the right,4,you answer,4
controller models,4,more than,4,still be,4,degraded mode,4,novagrid may,4
the lower,4,dark flash,4,behavior and,4,to lock,4,risk civitas,4
an established,4,what the,4,commitments and,4,safe and,4,operational history,4
established vendor,4,that the,4,and rollback,4,evp integration,4,council s,4
of a,4,without a,4,change orders,4,vendor and,4,novagrid if,4
i d,4,change orders,4,option is,4,weeks and,4,is day,4
requires a,4,a simple,4,novagrid remains,4,these are,4,audit trails,4
uncertain outcome,4,the one,4,response slas,4,of civitas,4,root cause,4
waiver and,4,translate this,4,and supply,4,will be,4,how quickly,4
the critical,4,vendor choice,4,s cloud,4,locked in,4,corridor overrides,4
do not,4,you choose,4,with explicit,4,controllers are,4,escalation and,4
option with,4,becomes the,4,portability and,4,a real,4,of spares,4
named models,4,to preserve,4,and cost,4,can show,4,s included,4
time cost,4,to verify,4,plan changes,4,third party,4,what the,4
scenario demo,4,a few,4,the current,4,and export,4,whether you,4
the only,4,and approved,4,is that,4,what would,4,the default,4
to start,4,behavior and,4,a conditional,4,defensible choice,4,early maintenance,4
chair s,4,with long,4,changes the,4,how this,4,to proprietary,4
the failure,4,structure the,4,it still,4,opex volatility,4,to defend,4
push the,4,week window,4,tighter budgets,4,a week,4,is still,4
unless they,4,modular cities,4,it can,4,schedule critical,4,pass fail,4
the controller,4,must have,4,year lock,4,you ll,4,time bounded,4
staged rollout,4,operating cost,4,lock and,4,civitas meets,4,into the,4
a minor,4,costs and,4,what the,4,no longer,4,credibly say,4
one failure,4,budget tightening,4,certainty and,4,that doesn,4,one page,4
minor failure,4,toward civitas,4,keep the,4,with your,4,in exit,4
and operationally,4,opex volatility,4,the year,4,the one,4,change the,4
that the,4,models and,4,your decision,4,do not,4,how a,4
civitas proprietary,4,it if,4,stable operations,4,if dot,4,tighter budget,4
i would,4,and maintenance,4,failure modes,4,or if,4,each vendor,4
bite you,4,central comms,4,during incidents,4,depending on,4,your environment,4
price match,4,you don,4,incident features,4,integration testing,4,but the,4
given your,3,strengthens the,4,if emergency,4,but the,4,availability and,4
years operational,3,the price,4,that novagrid,4,novagrid says,4,you choose,4
you toward,3,clear inclusions,4,the cloud,4,o m,4,moving parts,4
and political,3,and transition,4,path risk,4,the project,4,this new,4
requires cloud,3,do next,4,your week,4,controller option,4,and lifecycle,4
hosting for,3,opex caps,4,week window,4,the budget,4,an incident,4
cloud for,3,be treated,4,to define,4,parking system,4,to action,4
a real,3,treated as,4,the signal,4,confirmation of,4,ask civitas,4
architecture is,3,path to,4,have a,4,pre priced,4,civitas cannot,4
in heavy,3,detour incident,4,controller sourcing,4,failover 180k,4,tests and,4
at the,3,audit logs,4,use a,4,in contract,4,business days,4
the field,3,s incident,4,looks like,4,architecture and,4,with acceptance,4
locked in,3,answer to,4,emergency response,4,and acceptance,4,it into,4
time to,3,during the,4,the cleanest,4,get it,4,caps locks,4
months and,3,audit trail,4,given what,4,a high,4,and operationally,4
during major,3,vs incident,4,benefits are,4,no delay,4,operations capability,4
major infrastructure,3,your political,4,maintenance costs,4,if something,4,predictable opex,4
each vendor,3,based on,4,whether it,4,most defensible,4,of acceptance,4
to switch,3,a more,4,it is,4,failover complexity,4,and training,4
early evidence,3,and incident,4,waiver is,4,delay start,4,t treat,4
evidence of,3,in optics,4,cities years,4,start and,4,that is,4
years cities,3,to lock,4,interfaces apis,4,corridor modes,4,incident workflows,4
higher upfront,3,to payment,4,one page,4,won t,4,and cap,4
updates novagrid,3,to make,4,in by,4,rollback procedures,4,after the,4
congestion improvements,3,their modular,4,preemption reporting,4,fewer deployments,4,a real,4
recurring fees,3,risk that,4,a clean,4,did we,4,with council,4
fees with,3,be a,4,at no,4,would be,4,treat it,4
architecture with,3,mode operations,4,because the,4,goes wrong,4,civitas year,4
specific contract,3,the main,4,contract language,4,a waiver,4,the right,4
preference essential,3,that civitas,4,i ll,4,option industry,4,be a,4
cloud policy,3,the waiver,4,a critical,4,api interface,4,want to,4
policy risk,3,due to,4,week waiver,4,interface access,4,data config,4
award to,3,provide a,4,you need,4,in hindsight,4,controller models,4
to preserve,3,waiver and,4,probability of,4,in months,3,from civitas,4
preserve exit,3,cloud is,4,option that,4,aren t,3,bottom line,4
this gives,3,week dot,4,chose the,4,in weeks,3,and i,4
gives you,3,waiver gate,4,path a,4,uncertain approvals,3,and we,4
waiver risk,3,180k and,4,the civitas,4,optimizes for,3,modular standards,4
a credible,3,now has,4,if leadership,4,and what,3,which novagrid,4
response to,3,failover add,4,a hard,4,years cities,3,novagrid says,4
long run,3,tighter budgets,4,you choose,4,preference for,3,says adds,4
why not,3,treat it,4,choose civitas,4,in in,3,documentation week,4
your biggest,3,approved failover,4,meets dot,4,and supply,3,the civitas,4
approval and,3,failover test,4,their modular,4,the key,3,required on,4
gating items,3,can slip,4,award to,4,but not,3,the critical,4
whether you,3,cost time,4,given the,4,the lowest,3,s office,4
you pick,3,failover design,4,i would,4,faster rollout,3,parking system,4
modular in,3,recommending civitas,4,the primary,4,rollout months,3,look like,4
ownership of,3,is being,4,support if,4,lower upfront,3,want i,4
as built,3,clears dot,4,no longer,4,and narrative,3,political consequences,4
built documentation,3,novagrid requires,4,and or,4,risk why,3,facts novagrid,4
compete future,3,standards based,4,plan and,4,venture backed,3,rollback audit,4
future components,3,year price,4,make it,4,less long,3,what would,4
comms central,3,mobilization design,4,choosing civitas,4,novagrid can,3,it failover,4
where feasible,3,the first,4,additional documentation,4,eliminate the,3,into acceptance,4
times for,3,start now,4,the lock,4,approval path,3,past months,4
to field,3,external approvals,4,want to,4,path and,3,phased deployment,4
a defined,3,day performance,4,review and,4,manageable risks,3,we chose,4
process and,3,year one,4,schedule critical,4,to a,3,define what,4
modular cities,3,be judged,4,a portability,4,approval novagrid,3,automatically novagrid,4
a written,3,civitas systems,4,t delay,4,mitigate with,3,assistance incident,4
safe operations,3,you d,4,the integrated,4,change request,3,acceptance tested,4
operate safely,3,would be,4,full rollout,4,request process,3,future lock,3
annual fee,3,price match,4,down comms,4,most robust,3,and budget,3
cap annual,3,on paper,3,with on,4,it aligns,3,time is,3
define what,3,given the,3,reduces the,4,a strong,3,is more,3
week decision,3,approval for,3,central system,4,answer to,3,select in,3
novagrid remains,3,integrated architecture,3,if there,4,why not,3,in weeks,3
not civitas,3,a good,3,minor year,4,and adds,3,needs a,3
risk weighted,3,during incidents,3,would be,4,novagrid but,3,time and,3
build a,3,to avoid,3,that way,4,still be,3,city it,3
operating cost,3,history years,3,the proprietary,4,cleared quickly,3,management is,3
reference checks,3,time weeks,3,now requires,4,should be,3,hard gate,3
if possible,3,the integrated,3,choosing novagrid,4,waiver comfort,3,review is,3
parts availability,3,slower feature,3,rca timelines,4,if highway,3,you lose,3
milestone payments,3,and controller,3,why decisive,4,evidence is,3,weeks and,3
continuity protections,3,lower maintenance,3,a mistake,4,the choice,3,may be,3
while meeting,3,vs their,3,in one,3,over time,3,modular industry,3
choice civitas,3,their integrated,3,because you,3,city ownership,3,controllers is,3
modular exit,3,only years,3,in weeks,3,formats api,3,what can,3
exit terms,3,but not,3,the right,3,response and,3,to choose,3
addresses council,3,council chair,3,fail gates,3,define what,3,waiver friction,3
council lock,3,of a,3,gates that,3,cloud connectivity,3,for highway,3
term operational,3,and lower,3,schedule or,3,city s,3,lock modular,3
your council,3,congestion improvements,3,selecting the,3,and who,3,reduction vs,3
to get,3,cloud requirement,3,what can,3,using the,3,integrated architecture,3
while still,3,requirement for,3,hosting acceptability,3,construction season,3,uses industry,3
a clear,3,case by,3,acceptability novagrid,3,risk adjusted,3,than their,3
to a,3,backed ownership,3,cloud hosted,3,year cost,3,so far,3
look like,3,less long,3,case by,3,a schedule,3,lower upfront,3
council will,3,promise is,3,by case,3,for cloud,3,gating risk,3
dot policy,3,risks are,3,if that,3,the political,3,fees 90k,3
protects the,3,fits the,3,and timeline,3,written cloud,3,ownership uncertainty,3
use a,3,in standard,3,the system,3,you share,3,venture backed,3
is your,3,chain schedule,3,operational history,3,whether highway,3,can create,3
you didn,3,lock is,3,is years,3,city can,3,civitas with,3
performance claims,3,award or,3,might be,3,short list,3,than civitas,3
lets you,3,as award,3,dot liaison,3,you are,3,if not,3
that best,3,award contingencies,3,novagrid what,3,is to,3,alternative novagrid,3
in a,3,procurement and,3,waiver and,3,reduced lock,3,novagrid only,3
your response,3,models lead,3,integrated system,3,protections and,3,week selection,3
are not,3,on incident,3,chain risk,3,the few,3,selection window,3
specifically to,3,response and,3,and not,3,risks that,3,a clear,3
and city,3,and novagrid,3,require civitas,3,the month,3,the essential,3
deliverables and,3,becomes more,3,and exit,3,support cliff,3,requirements and,3
test as,3,novagrid the,3,controllers but,3,run costs,3,contractual controls,3
infrastructure and,3,cloud hosting,3,software data,3,in modular,3,and outage,3
risk that,3,a hard,3,in is,3,total cost,3,if either,3
civitas offers,3,approval path,3,apis and,3,most predictable,3,terms to,3
especially if,3,path with,3,predictability civitas,3,novagrid as,3,to prevent,3
it increases,3,and required,3,higher upfront,3,as an,3,a good,3
in through,3,central wan,3,if modular,3,politically it,3,outcome if,3
using industry,3,wan degradation,3,novagrid lower,3,didn t,3,controller standards,3
interoperability and,3,approval timing,3,lower upfront,3,major disruptions,3,standards no,3
if council,3,is uncertain,3,fees subject,3,hard to,3,milestone dates,3
a defensible,3,control protections,3,to annual,3,weeks to,3,holdbacks for,3
cloud review,3,logs and,3,novagrid if,3,to meet,3,happens when,3
capped and,3,for proprietary,3,annual increases,3,year opex,3,is unreachable,3
page council,3,a practical,3,s included,3,on this,3,control protections,3
as described,3,targeted reference,3,support tiers,3,than civitas,3,and timelines,3
cloud dependency,3,upgrade cadence,3,data egress,3,to preserve,3,timeline for,3
has a,3,cloud outages,3,continuity risk,3,lifecycle cost,3,integration and,3
90k year,3,billing changes,3,change of,3,cost risk,3,maintenance burden,3
rollout months,3,external coordination,3,control protections,3,so exit,3,annual fee,3
uses readily,3,and evidence,3,behavior during,3,exit isn,3,standardized year,3
has the,3,novagrid if,3,civitas with,3,if council,3,cost model,3
would be,3,we selected,3,need to,3,we will,3,annual maintenance,3
a required,3,a proven,3,address lock,3,can say,3,operational maturity,3
toward the,3,proven vendor,3,before award,3,if not,3,run a,3
operational resilience,3,controller architecture,3,and lead,3,with novagrid,3,takes weeks,3
years of,3,the final,3,calls with,3,controls timeline,3,if no,3
and lower,3,integration is,3,to protect,3,fee escalator,3,what i,3
contract and,3,is in,3,export api,3,annual cloud,3,viable only,3
city operations,3,how many,3,patch timelines,3,cloud cost,3,are secured,3
your staff,3,for on,3,if city,3,export transition,3,secured by,3
staff and,3,for emergency,3,your schedule,3,one sentence,3,a specific,3
safe behavior,3,emergency management,3,emergency preemption,3,controller architecture,3,is highway,3
conditions if,3,and lifecycle,3,data rights,3,architecture because,3,what your,3
fixed time,3,cost this,3,and lifecycle,3,want paste,3,council can,3
support slas,3,directly addresses,3,two quick,3,paste your,3,the facts,3
audit logs,3,addresses the,3,quick questions,3,is in,3,facts you,3
how quickly,3,controller path,3,questions to,3,capex but,3,why this,3
depends on,3,the cloud,3,is it,3,the year,3,the state,3
required upgrades,3,for an,3,approve cloud,3,nominal rollout,3,preference for,3
change later,3,system is,3,total cost,3,proprietary hardware,3,under a,3
you don,3,the kind,3,risk controls,3,proven track,3,response to,3
bafo and,3,kind of,3,meets the,3,vs cloud,3,times weeks,3
contract terms,3,become the,3,directly addresses,3,cloud central,3,to civitas,3
de risk,3,why did,3,addresses the,3,and vendor,3,has a,3
and governance,3,did we,3,decision logic,3,faster cheaper,3,a shorter,3
both vendors,3,a viable,3,what would,3,want i,3,novagrid as,3
so the,3,and contractual,3,we know,3,in council,3,case review,3
your best,3,avoidance of,3,vs what,3,cost time,3,has recurring,3
is still,3,use a,3,what changes,3,what matters,3,adjustable fees,3
for an,3,and defensible,3,shows you,3,what your,3,response and,3
an essential,3,for any,3,most defensible,3,what happens,3,best fits,3
s still,3,within the,3,risk given,3,uptime and,3,the political,3
finalize the,3,the controller,3,system is,3,responsiveness and,3,avoid lock,3
avoid the,3,modular with,3,inside a,3,slas with,3,transition terms,3
becomes more,3,data ownership,3,award window,3,city staff,3,recommendation is,3
novagrid becomes,3,this keeps,3,council chair,3,spare parts,3,as an,3
interface api,3,keeps the,3,is lock,3,how much,3,standards models,3
and exit,3,a two,3,this politically,3,dependence on,3,formats apis,3
exit rights,3,t get,3,by requiring,3,logs and,3,behavior and,3
civitas maintenance,3,should explicitly,3,requiring data,3,and performance,3,plans and,3
defensible recommendation,3,ownership of,3,reduces supply,3,emergency vehicle,3,and remedies,3
hardware lead,3,formats api,3,to explain,3,vehicle preemption,3,for missed,3
can turn,3,to migrate,3,as an,3,plan changes,3,parts and,3
turn this,3,exit transition,3,it becomes,3,cabinet power,3,and escalation,3
this into,3,hours and,3,a strong,3,and recovery,3,can say,3
decision gates,3,and pricing,3,one paragraph,3,travel time,3,happens if,3
what we,3,service credits,3,risk vendor,3,council scrutiny,3,a clean,3
maintenance costs,3,operations incident,3,and whether,3,need a,3,novagrid written,3
m volatility,3,testing that,3,waiver burden,3,ownership and,3,approval path,3
volatility and,3,inclusions exclusions,3,only after,3,and budget,3,t get,3
licensing support,3,field work,3,operational resilience,3,at 2am,3,novagrid dot,3
novagrid could,3,an outage,3,performance evidence,3,many intersections,3,waiver path,3
enough to,3,that reduces,3,these are,3,intersections are,3,dot s,3
to make,3,in critique,3,city owns,3,right now,3,criteria and,3
cost of,3,remains a,3,owns all,3,is better,3,novagrid would,3
the civitas,3,conditions are,3,data and,3,a way,3,it cloud,3
over years,3,is confirmed,3,plans controller,3,way that,3,risk controls,3
option years,3,council packet,3,controller configs,3,that best,3,cost view,3
modular enforceable,3,mandated on,3,period e,3,maintenance price,3,year with,3
the cloud,3,or just,3,city migrates,3,the default,3,vs variable,3
future budgets,3,recommendation memo,3,a delivery,3,are real,3,architecture choice,3
recommendation unless,3,history and,3,approved substitutions,3,based on,3,it best,3
how much,3,less time,3,cost controls,3,on what,3,and reduces,3
standards and,3,to justify,3,linked or,3,it has,3,costs and,3
responsiveness and,3,tightly integrated,3,of central,3,has two,3,well before,3
the incident,3,option has,3,the political,3,framed as,3,vendor support,3
with cad,3,central software,3,this as,3,what are,3,alternative only,3
reduced lock,3,modular can,3,keep it,3,lock vs,3,cost continuity,3
in that,3,costs that,3,anti lock,3,fees escalators,3,and success,3
a capability,3,maturity and,3,by cloud,3,before final,3,delivery certainty,3
core platform,3,and shorter,3,can use,3,you still,3,months and,3
by making,3,track record,3,risk we,3,for civitas,3,the vendor,3
of vendor,3,construction detours,3,and we,3,and multi,3,vendor that,3
of an,3,in normal,3,the lowest,3,re not,3,governance approval,3
to ask,3,conditions if,3,and schedule,3,included excluded,3,a dot,3
ask civitas,3,which vendor,3,and documented,3,want to,3,depending on,3
so emergency,3,your signal,3,you to,3,required controls,3,scope and,3
can civitas,3,live with,3,and rollout,3,lock down,3,approval risk,3
for incident,3,degraded conditions,3,slip or,3,within your,3,civitas versus,3
ask novagrid,3,and more,3,trade offs,3,week window,3,and security,3
novagrid if,3,is down,3,with dot,3,a risk,3,modular reduces,3
it in,3,a corridor,3,can start,3,draft the,3,kind of,3
the biggest,3,intersections run,3,near term,3,fee escalation,3,not choosing,3
fee increases,3,can we,3,tightly integrated,3,staffing workload,3,re choosing,3
those then,3,how quickly,3,central software,3,it reduces,3,willing to,3
may not,3,with standard,3,budget volatility,3,the risk,3,proprietary central,3
can tell,3,reality check,3,easier to,3,can reduce,3,framed as,3
risk with,3,staffing model,3,to defend,3,translate into,3,you tell,3
it into,3,comms loss,3,edge cases,3,unless you,3,one scope,3
can you,3,change control,3,slower feature,3,can contractually,3,safety and,3
these are,3,vs billable,3,feature updates,3,t need,3,intersections must,3
to novagrid,3,tends to,3,the field,3,stress test,3,reliability and,3
or can,3,pilot corridor,3,rollout but,3,novagrid in,3,field conditions,3
the trade,3,with strong,3,has a,3,into the,3,mean time,3
it if,3,day to,3,council ready,3,infrastructure approval,3,to restore,3
a contract,3,availability and,3,approval risk,3,build a,3,software update,3
higher governance,3,whether you,3,price and,3,with an,3,with your,3
risk architecture,3,single source,3,you tell,3,ask novagrid,3,of vendor,3
incident routing,3,who can,3,operations the,3,during incidents,3,support quality,3
can help,3,that are,3,day to,3,what emergency,3,response time,3
help you,3,the lifecycle,3,to day,3,in practice,3,focused on,3
whether it,3,of vendor,3,more about,3,cad avl,3,during major,3
and early,3,harder to,3,time of,3,defensible path,3,of configs,3
references and,3,a m,3,of day,3,an incident,3,configs timing,3
meet emergency,3,major event,3,if central,3,operator workflows,3,needs to,3
recommendation civitas,3,how fast,3,is unreachable,3,and pre,3,caps on,3
s not,3,and who,3,over time,3,incident mode,3,vs billable,3
a newer,3,with clear,3,driven by,3,patch windows,3,happens at,3
in in,3,can translate,3,how quickly,3,by making,3,for hours,3
proven vendor,3,from a,3,with your,3,and cannot,3,how do,3
work that,3,lock and,3,a system,3,incident routing,3,process and,3
their modular,3,and if,3,if your,3,that protect,3,what are,3
a manageable,3,it the,3,it without,3,negotiable gates,3,response times,3
civitas can,3,modular and,3,and parts,3,fallback behavior,3,an operations,3
in documented,3,and proprietary,3,without a,3,and tested,3,vs novagrid,3
documented formats,3,you lock,3,end of,3,and data,3,where this,3
api documentation,3,substitution spares,3,vendor responsiveness,3,through the,3,this leaves,3
against the,3,and clear,3,responsiveness and,3,gives you,3,risk and,3
what the,3,council defensible,3,and escalation,3,in concerns,3,option is,3
a week,3,defensible path,3,who owns,3,while giving,3,the leading,3
waiver review,3,of failure,3,response time,3,ops requirement,3,it aligns,3
relative to,3,outage history,3,an incident,3,start with,3,the worst,3
your week,3,the critical,3,plan deployment,3,especially with,3,you still,3
conditional approval,3,items and,3,audit trail,3,next year,3,integrated has,3
focus on,3,you keep,3,cloud dependency,3,tighter budget,3,week proprietary,3
the project,3,cities focused,3,support pricing,3,governance requirements,3,whether highway,3
modular if,3,on upgrades,3,or at,3,loss central,3,practical next,3
to proceed,3,contract exhibits,3,least a,3,for your,3,gate for,3
vendor that,3,it strengthens,3,a quick,3,approval is,3,week window,3
exactly what,3,option that,3,mttd mttr,3,requirement not,3,in parallel,3
a dot,3,modular controller,3,what are,3,the emergency,3,deliverables and,3
meets the,3,evidence and,3,management and,3,emergency benefit,3,where you,3
the overall,3,changes what,3,is civitas,3,fees with,3,can credibly,3
won t,3,no longer,3,dot s,3,use the,3,say we,3
t become,3,especially with,3,are the,3,stability and,3,operational reliability,3
whether the,3,term budget,3,items that,3,tests and,3,is currently,3
is likely,3,than the,3,could still,3,and essential,3,one question,3
waiver gate,3,after year,3,a cloud,3,directly addresses,3,there s,3
this new,3,an extension,3,can approve,3,a credible,3,the picture,3
novagrid now,3,net effect,3,controller procurement,3,most likely,3,a tighter,3
two external,3,risk even,3,substitution rules,3,an essential,3,adjustable recurring,3
with on,3,the base,3,process and,3,advantage and,3,forecast and,3
changes the,3,end up,3,the lower,3,s modular,3,implies for,3
exception path,3,truck rolls,3,uncertainty civitas,3,political risk,3,for each,3
with failover,3,adjustable recurring,3,to mitigate,3,exposed what,3,under tight,3
that still,3,a scenario,3,whether novagrid,3,is still,3,reduce the,3
cost controls,3,included vs,3,cloud exception,3,integrated system,3,can translate,3
waiver timing,3,likely to,3,and controller,3,modular controllers,3,that must,3
vendor s,3,spares plan,3,to recommend,3,controllers is,3,third party,3
about the,3,tight budgets,3,so the,3,there s,3,keeps the,3
s prior,3,year cost,3,written cloud,3,t mean,3,that matter,3
controllers named,3,two reference,3,novagrid gating,3,do it,3,fee increases,3
to procure,3,on what,3,changes and,3,it means,3,t become,3
the parking,3,be bounded,3,and document,3,controllers data,3,protections and,3
a few,3,that make,3,increases the,3,included or,3,and continuity,3
council packet,3,they are,3,staffing model,3,civitas can,3,choose civitas,3
what council,3,your decision,3,the vendor,3,at least,3,does this,3
the award,3,explicitly state,3,this implies,3,including comms,3,this change,3
the new,3,operations and,3,implies for,3,this affects,3,strengthens the,3
approvals and,3,transportation engineering,3,for each,3,is proven,3,default because,3
and added,3,engineering s,3,risk and,3,option is,3,fewer moving,3
the exact,3,acceptance criteria,3,be politically,3,one that,3,the cloud,3
that you,3,happens when,3,budgets are,3,about the,3,out of,3
project start,3,priority preemption,3,are separate,3,this new,3,if yes,3
start immediately,3,it into,3,need a,3,now requires,3,s adjustable,3
trigger the,3,is unavailable,3,novagrid the,3,real schedule,3,nice to,3
delay pressure,3,for after,3,staff time,3,selection window,3,to have,3
why modular,3,after action,3,total operating,3,waiver is,3,importance of,3
documentation delivered,3,action review,3,the key,3,governance complexity,3,no longer,3
delivered early,3,who changed,3,next step,3,novagrid carries,3,modular standard,3
long lead,3,changed what,3,to run,3,recommendation the,3,services preference,3
civitas to,3,what when,3,model with,3,waiting on,3,emergency vehicle,3
to meet,3,mode capabilities,3,how it,3,if possible,3,the trade,3
under your,3,to reconcile,3,it changes,3,your procurement,3,and council,3
neutralize the,3,a most,3,can lock,3,toward civitas,3,make incident,3
an option,3,consistent with,3,to accept,3,a conditional,3,a contract,3
delay start,3,incident capability,3,if not,3,waiver and,3,deliverable not,3
on on,3,reliability and,3,a new,3,while still,3,a future,3
you ve,3,and dot,3,while novagrid,3,and can,3,or novagrid,3
added failover,3,mode behavior,3,prove it,3,it requires,3,that civitas,3
say you,3,to novagrid,3,won t,3,whether your,3,you need,3
and test,3,do not,3,and must,3,rules allow,3,timing plan,3
novagrid the,3,operator workload,3,must clear,3,exact wording,3,incident requirements,3
cloud failover,3,me what,3,time reliability,3,that keeps,3,for predictability,3
a corridor,3,contract language,3,decision support,3,keeps you,3,the next,3
it was,3,is more,3,operations capability,3,on schedule,3,lose the,3
a similar,3,the right,3,mode activation,3,plus added,3,scenarios with,3
incident rca,3,how often,3,plans or,3,with it,3,key question,3
controller architecture,3,can it,3,exactly what,3,is now,3,vendor neutral,3
could push,3,it be,3,degraded mode,3,now the,3,detours corridor,3
past months,3,on schedule,3,cloud is,3,weeks for,3,should be,3
risk civitas,3,shouldn t,3,integrations and,3,this prevents,3,risk gate,3
fewer deployments,3,is to,3,needs without,3,stability civitas,3,hardware lead,3
a staged,3,and support,3,integration hooks,3,added on,3,if a,3
rollout plan,3,if your,3,with acceptance,3,controllers with,3,a vendor,3
and lock,3,is proven,3,a proven,3,operating costs,3,is where,3
become the,3,response time,3,capabilities are,3,a requirement,3,politically and,3
minor year,3,can clear,3,approval or,3,and b,3,support responsiveness,3
why the,3,and contractually,3,exception path,3,like you,3,implement detours,3
likely narrative,3,buying a,3,a time,3,you do,3,tighter budgets,3
narrative if,3,are now,3,time boxed,3,portability and,3,s not,3
breaks we,3,now a,3,for incident,3,the chair,3,those scenarios,3
avoid proprietary,3,constraints and,3,it so,3,a concrete,3,is how,3
add ons,3,opex is,3,this keeps,3,in is,3,time risk,3
is more,3,is bounded,3,council review,3,source procurement,3,civitas is,3
judged as,3,especially modular,3,failover behavior,3,include a,3,way to,3
loss of,3,a written,3,within your,3,priced transition,3,can civitas,3
more likely,3,slas and,3,how you,3,waiver adds,3,that keeps,3
chain risk,3,and acceptance,3,a core,3,failover o,3,but don,3
proprietary integrated,3,of civitas,3,signal system,3,as contractual,3,predictability in,3
integrated controller,3,addresses lock,3,comms cloud,3,new external,3,is what,3
a state,3,to proprietary,3,without letting,3,and added,3,now given,3
better long,3,architecture and,3,letting it,3,failover buildout,3,your facts,3
budgets tighten,3,modular controllers,3,now you,3,interfaces and,3,can clear,3
rca timelines,3,civitas year,3,to activate,3,include these,3,fees and,3
controller system,3,civitas is,3,activate incident,3,these as,3,your context,3
clearly wrong,3,you already,3,reliability and,3,as award,3,its incident,3
wrong in,3,already have,3,to support,3,it cloud,3,whether novagrid,3
in hindsight,3,a real,3,council defensible,3,proven vendor,3,worst day,3
an integrated,3,i would,3,tight budgets,3,adds 180k,3,in practice,3
what matters,2,equivalent models,3,and emergency,3,project start,3,regardless of,3
decision given,2,plans configs,3,the winner,3,immediately without,3,toward civitas,3
re buying,2,scenario tests,3,to weigh,3,civitas clears,3,still a,3
under a,2,and restoration,3,cloud loss,3,automatically and,3,lock down,3
the differentiators,2,response to,3,plan libraries,3,decision logic,3,incident scenario,3
the outcome,2,it may,3,but we,3,in scrutiny,3,and dot,3
fit state,2,and supply,3,t be,3,procedures drills,3,can turn,3
for years,2,create a,3,term operating,3,to start,3,proven vendor,3
history for,2,time for,3,that tends,3,dot it,3,databases logs,3
highway signal,2,option a,3,to favor,3,have a,3,since you,3
signal integration,2,why it,3,to adjustment,3,waiver failover,3,patch rollback,3
pushes you,2,external gating,3,is now,3,because you,3,do not,3
civitas by,2,look like,3,framed as,3,to get,3,that make,3
by default,2,like you,3,to novagrid,3,to accept,3,standards lock,3
default novagrid,2,procurement rules,3,is newer,3,at risk,3,of what,3
a waiver,2,conditional award,3,that must,3,or the,3,including incident,3
comparable deployments,2,waiver approval,3,can credibly,3,council lock,3,how this,3
for central,2,year preference,3,immediate next,3,the failure,3,this changes,3
your it,2,ask novagrid,3,requirements and,3,failure mode,3,and recurring,3
are essential,2,want to,3,including central,3,vendor only,3,process risk,3
case review,2,week waiver,3,post year,3,windows rollback,3,to say,3
gating item,2,an month,3,want i,3,response slas,3,meets dot,3
item and,2,support cliff,3,record is,3,review weeks,3,waiver week,3
and could,2,beyond the,3,a newer,3,it required,3,a major,3
become a,2,the 180k,3,the practical,3,required on,3,could be,3
award if,2,failover must,3,integrated is,3,modular maturity,3,harder to,3
on your,2,and weeks,3,should treat,3,in optics,3,waiver documentation,3
political sensitivity,2,what it,3,even with,3,better availability,3,that includes,3
council budget,2,do this,3,locked in,3,gate can,3,with civitas,3
chair is,2,it must,3,treat civitas,3,can credibly,3,have a,3
is lock,2,possible but,3,architecture and,3,budgets civitas,3,s cloud,3
is modular,2,failover architecture,3,make model,3,risk civitas,3,procurement lead,3
but still,2,moving parts,3,it into,3,time risk,3,you now,3
still has,2,risk path,3,fees for,3,controller models,3,now have,3
software and,2,design and,3,aligned with,3,a spares,3,have two,3
to deploy,2,for cloud,3,stance is,3,spares plan,3,the failover,3
months rollout,2,t meet,3,treat modular,3,delivered early,3,added operational,3
rollout civitas,2,a clean,3,reduces hardware,3,avoidable exceptions,3,failover architecture,3
key question,2,time cost,3,while keeping,3,scrutiny is,3,now you,3
does civitas,2,failover environment,3,than civitas,3,you d,3,the added,3
option avoid,2,just vendor,3,civitas legacy,3,d be,3,it and,3
by using,2,the added,3,the dot,3,established vendor,3,cliff with,3
controllers if,2,path if,3,contract so,3,based architecture,3,re baseline,3
civitas timeline,2,you share,3,the program,3,may be,3,the on,3
lower than,2,it gates,3,now has,3,systems using,3,it required,3
novagrid may,2,start with,3,b if,3,and make,3,and exit,3
term risk,2,s prior,3,into the,3,path to,3,make it,3
risk profile,2,the risk,3,path b,3,better long,3,exit risk,3
term ownership,2,waiver it,3,keep novagrid,3,operational defensibility,3,services scenarios,3
shorter operational,2,choosing the,3,immediately with,3,named controller,3,waiver with,3
data during,2,that you,3,procurement rules,3,operations package,3,requires on,3
infrastructure events,2,tests that,3,can do,3,evp priority,3,on modular,3
lock which,2,civitas clears,3,ask novagrid,3,with standard,3,config portability,3
which is,2,preference automatically,3,my recommendation,3,plans config,3,portability guaranteed,3
predictable operations,2,automatically novagrid,3,time benefits,3,config logs,3,the narrative,3
costly to,2,waiver weeks,3,recommending civitas,3,and change,3,in mitigation,3
addresses lock,2,and schedule,3,as acceptance,3,matched price,3,scenarios detours,3
stability issues,2,your procurement,3,or just,3,a mistake,3,are not,3
modular premium,2,brief the,3,protest risk,3,vendors passed,2,neutralize lock,3
ownership continuity,2,chair we,3,is no,3,regulatory approval,2,has political,3
continuity uncertainty,2,modular standards,3,failover and,3,friction and,2,you ve,3
major event,2,novagrid has,3,waiver week,3,re also,2,the start,3
civitas with,2,into the,3,civitas clears,3,support ends,2,start now,3
contract protections,2,regret and,3,in concerns,3,ends in,2,full scale,3
given the,2,after gates,3,add on,3,cloud exceptions,2,named industry,3
sensitivity to,2,plus it,3,failover architecture,3,re buying,2,standard controller,3
defensible path,2,rollback and,3,of cloud,3,long operating,2,approval portability,3
path is,2,you ll,3,failover maintenance,3,cities that,2,start with,3
but require,2,most defensible,3,cloud model,3,primary risks,2,your timeline,3
contract to,2,fewest external,3,failover that,3,council chair,2,i treat,3
leverage this,2,rights and,3,that adds,3,and proprietary,2,i don,3
you a,2,phased ntp,3,novagrid also,3,manageable but,2,in politics,3
vendor the,2,not acceptable,3,and increase,3,price but,2,won t,3
that aligns,2,into an,3,chair we,3,uses industry,2,and that,3
predictable long,2,and complexity,3,and an,3,reduces lock,2,modular becomes,3
lock lower,2,with fewer,3,tied payments,3,early data,2,and failover,3
lower risk,2,then it,3,language that,3,shows maintenance,2,the event,3
of being,2,a tightening,3,project start,3,smaller sample,2,safe operation,3
by a,2,tightening budget,3,comms planning,3,political and,2,pilot outage,3
hosting policy,2,the outage,3,avoidable schedule,3,friction path,2,during the,3
but your,2,pilot outage,3,external gates,3,a more,2,delivery dates,3
shorter history,2,then the,3,dot threshold,3,more modular,2,cloud comms,3
ownership uncertainty,2,cannot delay,3,controller path,3,still includes,2,loss of,3
choose novagrid,2,it to,3,start now,3,includes proprietary,2,waiver failover,3
and continuity,2,by itself,3,surveys comms,3,it policy,2,for controllers,3
pre award,2,can tell,3,down behavior,3,cloud for,2,risk the,3
and mitigations,2,tell you,3,the start,3,signals are,2,not civitas,3
insist on,2,fewer deployments,3,start immediately,3,are essential,2,pilot first,3
on whether,2,that risk,3,delay if,3,case by,2,first year,3
pick civitas,2,and lock,3,end up,3,by case,2,real schedule,3
modular recommended,2,exhibit with,3,and acceptance,3,case review,2,failure gets,3
or novagrid,2,vendor controlled,3,acceptance tied,3,waivers are,2,gets framed,3
novagrid your,2,controlled milestones,3,m applying,3,are possible,2,a phased,3
your decision,2,central outage,3,delay start,3,backed ownership,2,model now,3
risk management,2,will be,3,m treating,3,less certain,2,now requires,3
here are,2,third party,3,political and,3,it increases,2,avoids civitas,3
most important,2,you chose,3,automatically novagrid,3,evidence under,2,civitas offers,3
if selecting,2,judgment if,3,does not,3,major events,2,lock novagrid,3
selecting civitas,2,the failure,3,make this,3,comms outages,2,fees plus,3
of configuration,2,failure is,3,dependencies dot,3,emergency timing,2,failover footprint,3
configuration data,2,frame it,3,increase the,3,be a,2,guaranteed export,3
plans and,2,change order,3,of schedule,3,if and,2,schedule accountability,3
and acceptable,2,to council,3,because civitas,3,and only,2,lock covers,3
acceptable alternates,2,council is,3,modular has,3,the biggest,2,fit for,3
interfaces apis,2,lock which,3,the choice,3,waiver needs,2,integrated s,3
and delivered,2,a hedge,3,the outage,3,killer risks,2,would make,3
delivered at,2,right to,3,the overall,3,way to,2,and early,3
and competition,2,schedule exhibit,3,coordination or,3,a defensible,2,and an,3
protections right,2,delivery dates,3,did it,3,risks can,2,wrong you,3
escrow for,2,council s,3,weight it,3,a political,2,have been,3
depending on,2,wrong in,3,root cause,3,council dynamics,2,controllers with,3
risk controls,2,in hindsight,3,incident transparency,3,integrated controller,2,the offer,3
procurement plan,2,d be,3,rca within,3,civitas slower,2,leaning toward,3
controllers they,2,be choosing,3,outage in,3,governance and,2,one sentence,2
they propose,2,won t,3,integrated and,3,vendor continuity,2,option that,2
liquidated damages,2,what can,2,controller delivery,3,termination rights,2,you to,2
field acceptance,2,risk isn,2,similar system,3,where feasible,2,a stable,2
just software,2,algorithm is,2,before full,3,export guarantees,2,stable cutover,2
software delivered,2,what could,2,burn in,3,safe operations,2,cutover before,2
clients report,2,term dependency,2,answer the,3,fallback modes,2,deadline while,2
report slower,2,schedule breakers,2,likely narrative,3,a path,2,budget surprises,2
validate the,2,approval delays,2,narrative if,3,that preserves,2,it governance,2
cost model,2,chain dependency,2,there s,3,and political,2,governance constraints,2
model and,2,recommendation should,2,one failure,3,path civitas,2,risk not,2
specifically on,2,optimize for,2,failure council,3,option this,2,a can,2
to repair,2,incidents major,2,council budget,3,reduces waiver,2,in time,2
you still,2,re buying,2,judged that,3,in stance,2,must select,2
still want,2,operational history,2,and now,3,most uncertain,2,controller hardware,2
get a,2,years cities,2,what reduces,3,gate essential,2,hardware with,2
cloud exceptions,2,aligned with,2,the damage,3,year price,2,week lead,2
security architecture,2,preference for,2,of doubt,3,it creates,2,risk unless,2
plan and,2,key risks,2,proprietary integrated,3,your most,2,immediately and,2
operations if,2,slower rollout,2,integrated controller,3,dependency on,2,months rollout,2
cloud connectivity,2,a critical,2,review plus,3,conditional alternative,2,against the,2
the 90k,2,feature update,2,are not,3,alternative only,2,waiver exception,2
annual increases,2,update responsiveness,2,not choosing,3,but gated,2,it consumes,2
or fixed,2,early data,2,and rca,3,enough to,2,case novagrid,2
fixed cap,2,history less,2,named controller,3,clear fast,2,cloud hosted,2
cap and,2,core platform,2,of configs,3,risk acceptance,2,slow or,2
and define,2,attempt to,2,configs plans,3,comfort if,2,a late,2
included vs,2,solve the,2,you may,3,whether novagrid,2,late pivot,2
support obligations,2,keeping the,2,chose modular,3,what evidence,2,in is,2
obligations if,2,a mature,2,tightening budgets,3,is required,2,a first,2
at minimum,2,mature vendor,2,price match,3,if either,2,aligned to,2
simple model,2,modular field,2,commit this,3,gate is,2,to defuse,2
chain lead,2,field design,2,first then,2,choice stays,2,risk vendor,2
times vendor,2,reported congestion,2,in months,2,if choosing,2,by vendor,2
vendor viability,2,improvements strong,2,best system,2,models multi,2,vs what,2
in cost,2,strong references,2,on paper,2,source availability,2,go wrong,2
that match,2,risks cloud,2,infrastructure classification,2,and spares,2,vendor a,2
ask specifically,2,with essential,2,you gate,2,and interoperability,2,best reasons,2
specifically about,2,by case,2,a essential,2,ownership of,2,reasons to,2
stability maintenance,2,case review,2,requires cloud,2,access integration,2,maturity and,2
maintenance staffing,2,review this,2,hosted central,2,to address,2,and predictability,2
availability and,2,major gating,2,it policy,2,modular not,2,years cities,2
upgrade pain,2,gating risk,2,traffic signals,2,civitas overall,2,budget stability,2
cities and,2,years vs,2,signals are,2,experience and,2,option reduces,2
incident handling,2,vs dot,2,are essential,2,integration pain,2,vs integrated,2
schedule commitments,2,s preference,2,infrastructure requiring,2,and patch,2,main concerns,2
caps continuity,2,needed for,2,requiring case,2,patch cadence,2,to change,2
so it,2,shifts pricing,2,review is,2,access controls,2,politically exposed,2
risk while,2,pricing changes,2,is uncertain,2,rpo and,2,proprietary controllers,2
meeting policy,2,during major,2,outcome novagrid,2,annual fee,2,feature updates,2
policy schedule,2,real but,2,risk regardless,2,cap annual,2,can reduce,2
and budget,2,choose civitas,2,reported performance,2,increases e,2,risk profile,2
systems with,2,civitas but,2,to demand,2,g cpi,2,hardware lock,2
with explicit,2,recommendation award,2,security on,2,cpi or,2,and procurement,2
it best,2,path best,2,timeline of,2,or fixed,2,but with,2
best aligns,2,political optics,2,audit logs,2,are included,2,with no,2
avoids a,2,optics and,2,response uptime,2,terms data,2,no reported,2
is contractually,2,external approval,2,history and,2,in usable,2,reported stability,2
contractually real,2,s stated,2,failover gate,2,usable formats,2,stability issues,2
real and,2,reduces supply,2,preference waiver,2,change of,2,buffer before,2
fits the,2,risk vs,2,risk novagrid,2,of control,2,the support,2
the existing,2,vs civitas,2,gate dot,2,clearly defined,2,to extend,2
can produce,2,on proprietary,2,for highway,2,modes if,2,replace components,2
produce a,2,is unusually,2,highway signal,2,connectivity is,2,required for,2
page decision,2,unusually valuable,2,signal integration,2,week decision,2,for an,2
recommendation you,2,must confirm,2,years old,2,and politically,2,an essential,2
and c,2,and substitution,2,it adds,2,important what,2,record and,2
like the,2,confirm exact,2,ask dot,2,who signs,2,less evidence,2
least regrets,2,exact controller,2,choose novagrid,2,time boxed,2,evidence in,2
a preference,2,single supplier,2,documentation is,2,infrastructure review,2,strategy changes,2
below is,2,from modular,2,is required,2,targeted reference,2,unless contractually,2
are we,2,modular deployments,2,does it,2,novagrid cities,2,a conditional,2
we taking,2,the list,2,deployment critical,2,special events,2,option this,2
is this,2,novagrid becomes,2,uses proprietary,2,support hosting,2,regulatory friction,2
over the,2,the safe,2,controllers with,2,risk reserve,2,s concern,2
lifecycle not,2,safe way,2,with week,2,that preserve,2,more stable,2
and documented,2,do it,2,can threaten,2,preserve optionality,2,budgeting year,2
recommendation should,2,a cloud,2,materially reduce,2,controllers to,2,the cheapest,2
given essential,2,before award,2,risk if,2,avoid lock,2,if two,2
infrastructure constraints,2,require written,2,in practice,2,in or,2,gates close,2
the lowest,2,from the,2,and commit,2,option most,2,with novagrid,2
lowest overall,2,with timeline,2,commit to,2,in politics,2,within your,2
term leverage,2,network segmentation,2,to delivery,2,and dot,2,path through,2
a council,2,intersection operations,2,clear gates,2,without jeopardizing,2,through the,2
council ready,2,remain safe,2,helps but,2,whether the,2,timeline and,2
scoring model,2,safe if,2,proprietary components,2,who owns,2,strong contractual,2
t over,2,non optional,2,can become,2,owns the,2,mode operations,2
weighted matrix,2,the 90k,2,become a,2,produce a,2,operations if,2
it shows,2,year cloud,2,data gravity,2,must have,2,is uncertain,2
pick a,2,termination rights,2,to put,2,tailored to,2,despite the,2
operational reliability,2,export configs,2,logs detector,2,your situation,2,the faster,2
reliability safety,2,and performance,2,detector data,2,when you,2,without approval,2
safety resilience,2,week decision,2,in standard,2,show you,2,approval exit,2
price predictability,2,spare strategy,2,and integration,2,i e,2,formats api,2
predictability year,2,concrete critical,2,documentation and,2,and reduced,2,metrics uptime,2
deliverability supply,2,procurement lead,2,and no,2,demonstrate you,2,comms loss,2
chain staffing,2,traffic control,2,access transition,2,a recommendation,2,protections milestone,2
avoiding lock,2,staffing assumptions,2,support for,2,paired with,2,dates remedies,2
in interoperability,2,request a,2,for migration,2,decision gates,2,service credits,2
exit options,2,reference checks,2,civitas higher,2,gates a,2,credits holdbacks,2
integrated likely,2,checks civitas,2,lock novagrid,2,recommendation is,2,parts lead,2
on schedule,2,real maintenance,2,but recurring,2,identified the,2,minimum onsite,2
this lets,2,outages dr,2,year cloud,2,blow up,2,onsite spares,2
say we,2,it security,2,cap annual,2,cost schedule,2,fee cap,2
we chose,2,requirements and,2,and define,2,systems with,2,cap or,2
chose the,2,contract hardening,2,security features,2,core council,2,escalator for,2
the configuration,2,performance reporting,2,vendor continuity,2,council narrative,2,rpo and,2
configuration that,2,support slas,2,civitas longer,2,narrative simple,2,when cloud,2
constraints make,2,memo and,2,operating history,2,and defensible,2,and portability,2
make your,2,make the,2,history novagrid,2,waiver approval,2,documented apis,2
that increases,2,certainty and,2,novagrid venture,2,addresses vendor,2,punitive egress,2
subject to,2,avoiding repeat,2,a disqualifier,2,controllers modular,2,egress fees,2
recommend award,2,repeat lock,2,congestion improvements,2,council budget,2,fees change,2
systems using,2,to say,2,confirm what,2,month support,2,security artifacts,2
contingent upon,2,politically so,2,for how,2,lock early,2,practical week,2
and interoperability,2,scrutiny if,2,before after,2,maintenance in,2,decision plan,2
hard commitments,2,selected a,2,also the,2,yes it,2,plan so,2
on maintenance,2,vendor but,2,operational risk,2,down the,2,time week,2
their year,2,an open,2,major construction,2,two risks,2,realistic timeline,2
patch timelines,2,prevent lock,2,special events,2,infrastructure and,2,for cloud,2
a budget,2,and reduce,2,comms outages,2,and expensive,2,infrastructure and,2
all over,2,cost volatility,2,less long,2,gated alternative,2,what evidence,2
over again,2,a modular,2,term evidence,2,vendor but,2,long does,2
we are,2,controls and,2,and reference,2,re rejecting,2,week targeted,2
recommending civitas,2,and enforceable,2,reference checks,2,uncertainty shorter,2,targeted reference,2
configuration timing,2,continuity protections,2,robust path,2,to dot,2,controller procurement,2
exit provisions,2,much highway,2,path given,2,long horizon,2,pricing and,2
formats documentation,2,who performs,2,option contingent,2,horizon evidence,2,ask both,2
rights to,2,performs the,2,validation and,2,of your,2,vendors for,2
contract so,2,their typical,2,specific contract,2,use a,2,a standardized,2
so this,2,typical turnaround,2,best fits,2,is hard,2,support hosting,2
an acceptance,2,turnaround how,2,fits the,2,page decision,2,credits and,2
is cheaper,2,and any,2,friction essential,2,top reasons,2,transition costs,2
and faster,2,operations during,2,in modular,2,top risks,2,make a,2
and cloud,2,or for,2,credible answer,2,risks mitigations,2,certainty approval,2
cloud is,2,management integration,2,named models,2,risk register,2,exposure operational,2
is case,2,produce a,2,with at,2,c contract,2,sensitivity check,2
a non,2,plus a,2,cities focused,2,you will,2,novagrid still,2
non trivial,2,a draft,2,on uptime,2,will include,2,work if,2
derail schedule,2,of award,2,maintenance cost,2,and reduces,2,the top,2
fee is,2,award contingent,2,update cadence,2,the hard,2,top risks,2
predictability novagrid,2,whichever vendor,2,timelines and,2,for modular,2,caps continuity,2
creates a,2,vendor you,2,and security,2,add acceptance,2,to leadership,2
waiver policy,2,prefer the,2,delivery schedule,2,termination transition,2,clear and,2
not saying,2,can credibly,2,with remedies,2,just to,2,in rationale,2
is bad,2,and defend,2,governance on,2,frame it,2,remains viable,2
s constraints,2,recommended award,2,when novagrid,2,standardizing on,2,contract protections,2
make it,2,that a,2,is achievable,2,preserve future,2,specific date,2
higher risk,2,and b,2,on your,2,future competitive,2,date two,2
risk choice,2,protect schedule,2,commercial controls,2,api documentation,2,to tighten,2
due diligence,2,most council,2,controls fee,2,documentation access,2,tighten the,2
we know,2,waiver friction,2,offline safe,2,rates pre,2,final call,2
vendor for,2,via standard,2,a concrete,2,risk what,2,highway signal,2
proprietary hardware,2,chain fragility,2,get written,2,chain lead,2,signal integration,2
patch cadence,2,relative to,2,deep reference,2,it but,2,a later,2
cadence and,2,path why,2,failure scenarios,2,but don,2,later phase,2
year o,2,we pick,2,cloud outage,2,controller procurement,2,your it,2
including escalation,2,pick a,2,cost control,2,procurement plan,2,weeks vs,2
scenarios especially,2,a system,2,it that,2,rollout by,2,vs months,2
especially for,2,system that,2,that your,2,governance risk,2,can approve,2
this as,2,safety and,2,next weeks,2,risk dot,2,you controlled,2
requirements and,2,and continuity,2,year total,2,risk even,2,controlled the,2
with state,2,continuity cost,2,pick one,2,conditions precedent,2,so council,2
through modular,2,cost control,2,is less,2,keep it,2,accountability milestones,2
modular design,2,your memo,2,pick the,2,governance schedule,2,milestones acceptance,2
contractually required,2,and talking,2,system and,2,explicitly avoids,2,you provided,2
term budget,2,talking points,2,that a,2,portability this,2,t see,2
key conditions,2,decision logic,2,the month,2,both political,2,make them,2
and slas,2,that council,2,approval surprises,2,to choose,2,recommended path,2
re running,2,council can,2,council friendly,2,delivery schedule,2,path you,2
s essential,2,use this,2,facts from,2,communications plan,2,primary recommendation,2
review is,2,true for,2,know vs,2,on novagrid,2,systems modular,2
and change,2,be deployable,2,if then,2,novagrid only,2,option why,2
included this,2,with buffer,2,your recommendation,2,timeline fee,2,council defensible,2
can draft,2,safe operations,2,recommendation if,2,this protects,2,defensible recommendation,2
me a,2,operations under,2,recommendation to,2,protects you,2,friction civitas,2
is in,2,schedule risks,2,the headline,2,use verbatim,2,years preference,2
whether civitas,2,novagrid essential,2,times for,2,i recommend,2,controllers which,2
modular avoids,2,modular mitigates,2,and inclusion,2,selecting civitas,2,your strongest,2
the proprietary,2,mitigates the,2,inclusion of,2,it best,2,strongest response,2
issue and,2,risk while,2,switching cost,2,dot expectations,2,is easy,2
term length,2,award civitas,2,council safe,2,directly mitigates,2,has proprietary,2
a page,2,documented interfaces,2,approval schedule,2,current system,2,weeks the,2
council memo,2,governance and,2,current constraints,2,scope i,2,on proprietary,2
a scoring,2,not personal,2,aligns cleanly,2,draft a,2,proprietary hardware,2
q a,2,how we,2,cleanly with,2,risk lock,2,higher upfront,2
for council,2,we prevent,2,for an,2,in resilience,2,option has,2
you answer,2,failure modes,2,an essential,2,contract non,2,deployment history,2
policy alignment,2,architecture that,2,infrastructure system,2,more predictable,2,history cities,2
history years,2,that avoids,2,risk under,2,term cost,2,civitas legacy,2
the state,2,approvals or,2,uncertainty can,2,faster nominal,2,integrated platform,2
may require,2,a contractual,2,in prone,2,avoid the,2,the main,2
governance policy,2,escalators and,2,your strongest,2,s speed,2,speed and,2
fewer approval,2,replacement parts,2,chain schedule,2,speed advantage,2,it requires,2
gates for,2,parts standard,2,readily available,2,shorter history,2,requires cloud,2
cloud hosted,2,equivalents spare,2,lock is,2,failure modes,2,while signals,2
hosted central,2,safe intersection,2,90k base,2,improvements and,2,signals are,2
because signals,2,real not,2,you cap,2,modern adaptive,2,are essential,2
and public,2,you recommend,2,would change,2,the type,2,it has,2
predictability civitas,2,you are,2,change the,2,type of,2,subject to,2
cost but,2,are buying,2,the procurement,2,integrated higher,2,to annual,2
but may,2,enforceable openness,2,caps exit,2,to switch,2,history and,2
annual adjustments,2,terms to,2,viable alternative,2,but still,2,less long,2
to deliver,2,to specify,2,you considered,2,proprietary central,2,use this,2
delivery certainty,2,award contract,2,risk what,2,software and,2,repeat lock,2
stated rollout,2,standard controller,2,structure that,2,required cloud,2,exposure to,2
and potential,2,named models,2,decision statement,2,is real,2,then show,2
times on,2,export of,2,weeks to,2,and an,2,to both,2
on proprietary,2,api access,2,avoids lock,2,stated cloud,2,s angle,2
controllers for,2,termination for,2,hosting model,2,ownership uncertainty,2,most reliable,2
option uses,2,an exhibit,2,in risk,2,with less,2,reliable path,2
can reduce,2,for missed,2,vendor clears,2,risk of,2,choosing the,2
required cloud,2,even modest,2,writing dot,2,political defensibility,2,avoid the,2
shifts toward,2,procedures and,2,burden novagrid,2,modular easier,2,these in,2
easier to,2,and escalation,2,integrated hardware,2,to defend,2,contract and,2
but less,2,escalation paths,2,after gates,2,avoids lock,2,them as,2
less long,2,that includes,2,gates if,2,in novagrid,2,and require,2
edge cases,2,mode operation,2,simple and,2,measured congestion,2,require city,2
strong references,2,be explicit,2,city priorities,2,under dot,2,for substitutions,2
a shorter,2,defined inclusions,2,schedule approval,2,sentence you,2,where feasible,2
you prioritize,2,exclusions to,2,approval certainty,2,matters most,2,now not,2
civitas especially,2,buffer not,2,in exit,2,and traffic,2,not later,2
modular tends,2,and traffic,2,evidence contract,2,safety and,2,defined transition,2
to win,2,and tuning,2,contract protections,2,safe behavior,2,transition support,2
you accept,2,adaptive systems,2,is what,2,deterministic behavior,2,measurable outcomes,2
accept higher,2,coordination with,2,what council,2,revert to,2,fail safe,2
higher approval,2,become an,2,council members,2,a bad,2,safe behavior,2
and policy,2,politics without,2,terms you,2,configuration push,2,and corridor,2
from a,2,both political,2,should require,2,question to,2,corridor performance,2
the one,2,can point,2,them a,2,intersections and,2,windows and,2
and procurement,2,this frames,2,operational data,2,how do,2,escalation paths,2
procurement rules,2,frames the,2,vendor must,2,do we,2,or you,2
and can,2,fallback and,2,configs logs,2,how quickly,2,you keep,2
non negotiable,2,council friendly,2,and at,2,and restore,2,keep it,2
operation under,2,option if,2,interface documentation,2,mean time,2,say you,2
deterministic local,2,if two,2,documentation delivery,2,escalation paths,2,cpi bound,2
be able,2,with required,2,access without,2,and support,2,bound or,2
able to,2,that shows,2,without punitive,2,day to,2,at least,2
safely and,2,risk what,2,fees transition,2,to day,2,cloud outage,2
central system,2,just a,2,pre negotiated,2,controllers detectors,2,mode requirements,2
logs and,2,can draft,2,especially civitas,2,burden and,2,requirements what,2
root cause,2,memo outline,2,liquidated damages,2,staffing and,2,extended support,2
on site,2,risk register,2,or pre,2,complexity tax,2,support and,2
uses standard,2,clauses to,2,and functional,2,unless the,2,transition rights,2
as builts,2,hand to,2,especially novagrid,2,tooling is,2,gate must,2
vendor support,2,legal procurement,2,novagrid still,2,do a,2,must pass,2
after hours,2,certainty vs,2,civitas for,2,timing plan,2,pass for,2
on incident,2,and fewer,2,for any,2,on a,2,end of,2
at a,2,review or,2,define inclusions,2,to export,2,security requirements,2
cybersecurity and,2,months in,2,a fixed,2,plans detector,2,written confirmation,2
connectivity loss,2,option is,2,support tier,2,configs logs,2,that cloud,2
if anything,2,waiver justification,2,what triggers,2,performance metrics,2,under defined,2
hosting fees,2,need a,2,more complex,2,components or,2,controls if,2
paid integrations,2,narrative and,2,fail safe,2,that matches,2,rejected on,2
are long,2,and additional,2,operation requirements,2,management who,2,unacceptable schedule,2
and ability,2,time and,2,signals must,2,who can,2,if highway,2
and export,2,where lock,2,must remain,2,can change,2,waiver criteria,2
data in,2,modular reduces,2,and operate,2,audit logs,2,and expected,2
in usable,2,field is,2,operate locally,2,what how,2,against novagrid,2
usable formats,2,vs lower,2,under loss,2,and continuity,2,review timeline,2
dot systems,2,if modular,2,to handle,2,operational reality,2,waiver needs,2
staff can,2,lock reduces,2,getting trapped,2,get judged,2,non negotiables,2
rollout and,2,budget volatility,2,confidence but,2,events stadium,2,pricing protections,2
how long,2,volatility novagrid,2,and risk,2,power conditioning,2,packet recommendation,2
go live,2,novagrid lower,2,controllers export,2,conditioning ups,2,to beat,2
you had,2,fees 90k,2,can change,2,incident management,2,beat the,2
one sentence,2,year adjustable,2,later without,2,a major,2,capped vs,2
system that,2,and potentially,2,framing novagrid,2,major event,2,in safeguards,2
easiest to,2,compliance security,2,novagrid as,2,comparable cities,2,stated plainly,2
to maintain,2,times for,2,frame it,2,that help,2,systems with,2
maintain with,2,threaten schedule,2,gated by,2,and why,2,environment and,2
and most,2,hosting approvals,2,in council,2,here s,2,the current,2
most predictable,2,vendor maturity,2,price is,2,public council,2,a viable,2
number of,2,responsiveness novagrid,2,is lower,2,vendor is,2,viable alternative,2
can translate,2,novagrid likely,2,uncertainty is,2,on feature,2,defined date,2
translate the,2,ownership and,2,cost caps,2,updates you,2,it introduces,2
above into,2,stability and,2,caps and,2,budget stability,2,risk if,2
leaves you,2,vs faster,2,fees and,2,price locks,2,two specifics,2
plus a,2,change with,2,and ownership,2,cloud recurring,2,integration required,2
list of,2,history vs,2,are we,2,fees and,2,required in,2
risk it,2,more exposure,2,reported congestion,2,escalation terms,2,the initial,2
risk than,2,exposure to,2,vendors to,2,terms if,2,typical duration,2
infrastructure governance,2,edge cases,2,tests and,2,and as,2,duration and,2
predictability lock,2,major construction,2,re choosing,2,as builts,2,your essential,2
the leading,2,good reported,2,option with,2,plan and,2,certainty vs,2
option not,2,run evidence,2,lowest governance,2,test if,2,more predictable,2
predictable support,2,behavior in,2,how are,2,when comms,2,and integration,2
infrastructure system,2,but potentially,2,preventing lock,2,comms central,2,with state,2
be validated,2,or turn,2,export and,2,central goes,2,preference fewer,2
you finalize,2,questions that,2,so we,2,goes down,2,integration scope,2
modular avoid,2,that quickly,2,i need,2,can city,2,path for,2
modular uses,2,vendor is,2,need from,2,without vendor,2,lower approval,2
civitas schedule,2,constraints what,2,from you,2,vendor intervention,2,versus a,2
can novagrid,2,signal shop,2,slide decision,2,change components,2,a more,2
in time,2,predictable behavior,2,how many,2,without losing,2,in risk,2
writing if,2,in degraded,2,order of,2,and operational,2,tightly integrated,2
to recommend,2,best case,2,forced to,2,number of,2,long lead,2
terms not,2,happens if,2,to choose,2,where this,2,in via,2
cost comparison,2,management is,2,certainty vs,2,this leaves,2,and with,2
price locked,2,local coordination,2,novagrid faster,2,leaves you,2,modular in,2
where you,2,preemption priority,2,rollout and,2,we ve,2,and cloud,2
can contractually,2,emergency vehicles,2,shorter history,2,what the,2,cloud dependence,2
what could,2,it fast,2,that don,2,passed audits,2,no lock,2
could change,2,have this,2,short civitas,2,a lifecycle,2,in you,2
the answer,2,alarms logs,2,the safer,2,because of,2,live with,2
modular still,2,failures can,2,option if,2,award and,2,modular or,2
approval with,2,standard parts,2,clear and,2,just upfront,2,lock which,2
a stronger,2,parts and,2,and fast,2,upfront price,2,can adjust,2
know what,2,whether the,2,single vendor,2,council concern,2,more now,2
tighter operating,2,and after,2,but higher,2,more upfront,2,now with,2
shifts the,2,uptime incident,2,later civitas,2,novagrid remains,2,with more,2
faster cheaper,2,vendor support,2,in using,2,but conditional,2,near term,2
willing to,2,clear slas,2,using standard,2,big uncertainties,2,cities and,2
recurring cost,2,signal dark,2,proprietary central,2,can dominate,2,but fewer,2
escalation risk,2,work during,2,in through,2,risk so,2,stress events,2
changes when,2,management and,2,and data,2,gates clear,2,major construction,2
matters more,2,updates are,2,modular or,2,the core,2,construction emergencies,2
increase the,2,is where,2,it to,2,recommendation without,2,but less,2
to budget,2,systems with,2,in years,2,safe fallback,2,political defensibility,2
budget years,2,to day,2,can we,2,are we,2,be framed,2
how many,2,day reliability,2,run opex,2,future competition,2,cloud for,2
truck rolls,2,on controller,2,purchase price,2,costs maintenance,2,and vendor,2
vendor leverage,2,to substitute,2,price but,2,response time,2,choice that,2
because lock,2,avoids a,2,but a,2,set of,2,and stronger,2
for each,2,mean time,2,short novagrid,2,final recommendation,2,your specific,2
with modular,2,operations needs,2,novagrid may,2,recommendation to,2,specific situation,2
option becomes,2,what changed,2,the first,2,still want,2,what matters,2
under tight,2,city can,2,civitas can,2,reference cities,2,matters most,2
tight budgets,2,depend on,2,a multi,2,verify the,2,local operation,2
because year,2,on one,2,resilience under,2,novagrid if,2,run safely,2
option s,2,performance and,2,and strong,2,to keep,2,is unavailable,2
early data,2,overtime and,2,time in,2,a serious,2,outages what,2
than their,2,and future,2,rare but,2,path for,2,verify documented,2
truly uses,2,priority emergency,2,and deployment,2,clarify dot,2,failure mode,2
controllers you,2,special events,2,deployment risk,2,caps and,2,evidence of,2
and expand,2,expensive vendor,2,availability novagrid,2,practical next,2,power quality,2
time you,2,terms and,2,hosting approval,2,turn this,2,fiber cellular,2
you avoid,2,parts pricing,2,civitas especially,2,a non,2,matters more,2
main caution,2,can run,2,especially modular,2,on operational,2,plans or,2
is higher,2,walk through,2,predictable operations,2,you draft,2,from reference,2
need to,2,scenarios with,2,modular at,2,top contract,2,and maintenance,2
harder to,2,signal supervisors,2,and slower,2,to either,2,staffing model,2
under tighter,2,the room,2,governance cloud,2,either vendor,2,standard parts,2
operating budgets,2,what alarms,2,can translate,2,vendor how,2,comms gear,2
year cloud,2,does the,2,city operations,2,tighter future,2,long to,2
cloud dependence,2,how do,2,that determines,2,future budgets,2,clarity of,2
does the,2,do we,2,less about,2,changes the,2,availability of,2
increases the,2,emergency preemption,2,about what,2,opex predictability,2,with evidence,2
the chance,2,s the,2,plans time,2,escalation caps,2,special events,2
support pricing,2,fallback behavior,2,local coordination,2,availability and,2,slas and,2
risk in,2,be the,2,central control,2,expensive future,2,structure and,2
that forces,2,can live,2,emergency vehicle,2,this does,2,cause analysis,2
on that,2,me how,2,if applicable,2,vendor s,2,with remedies,2
lock modular,2,checklist you,2,central is,2,opex positive,2,named escalation,2
is currently,2,attach to,2,unreachable for,2,positive factors,2,references focused,2
currently the,2,decision what,2,for x,2,reduces the,2,to operate,2
do next,2,what we,2,x hours,2,of being,2,and special,2
of ownership,2,we ve,2,intersections continue,2,forced into,2,stress test,2
scenarios novagrid,2,the dominant,2,rare events,2,their integrated,2,as we,2
not as,2,a city,2,fiber cuts,2,integrated approach,2,we can,2
you show,2,diagnostics spares,2,mean time,2,approach if,2,without vendor,2
in year,2,support responsiveness,2,to detect,2,aligned with,2,based controllers,2
costs and,2,support horizon,2,alarm quality,2,spare part,2,detection comms,2
after year,2,horizon with,2,detector health,2,source pricing,2,that doesn,2
make modular,2,and exit,2,and clear,2,you may,2,systems are,2
controllers data,2,transition terms,2,your actual,2,manual workarounds,2,and paid,2
export interface,2,best and,2,weeks for,2,staff time,2,services for,2
you keep,2,which path,2,are software,2,with clear,2,for routine,2
caps on,2,strength position,2,software updates,2,net effect,2,routine tasks,2
on annual,2,friction dot,2,and support,2,effect tighter,2,and upgrade,2
and clear,2,support costs,2,parts strategy,2,the case,2,upgrade policy,2
updates cybersecurity,2,year lock,2,fail in,2,expected maintenance,2,split failures,2
decision with,2,net so,2,parts and,2,maintenance burden,2,operations first,2
budgets the,2,to modular,2,commitments how,2,cloud fee,2,checklist you,2
with lower,2,contract to,2,happens at,2,with annual,2,can use,2
lower o,2,gating risks,2,at end,2,annual adjustment,2,use in,2
and stronger,2,calendar uncertainty,2,of life,2,kind of,2,operational outcomes,2
can clear,2,waiver burden,2,is where,2,governance can,2,failures and,2
clear the,2,backed trajectory,2,ops needs,2,which is,2,and can,2
cleanly and,2,remains viable,2,time commitments,2,make novagrid,2,in comparable,2
known failure,2,lock down,2,and vendor,2,clear inclusions,2,comparable cities,2
failure modes,2,portability terms,2,bug fixes,2,main constraint,2,all configs,2
t automatically,2,now recommend,2,during an,2,is often,2,configs logs,2
what this,2,set of,2,special event,2,constraint novagrid,2,logs performance,2
is winning,2,portability exit,2,a city,2,would change,2,s the,2
core system,2,clear incident,2,city is,2,change in,2,who changed,2
s preference,2,path because,2,cybersecurity and,2,your evaluation,2,changed what,2
and dot,2,concrete way,2,t just,2,simple year,2,what when,2
aligns strongly,2,way standard,2,an ops,2,just a,2,when and,2
strongly with,2,avoids the,2,downtime and,2,hosting if,2,you share,2
your essential,2,as essential,2,response and,2,if any,2,civitas vs,2
tighter budgets,2,procurement supply,2,and recovery,2,terms as,2,novagrid given,2
operational outcomes,2,single points,2,recovery procedures,2,integrations reporting,2,what we,2
during disruptions,2,points of,2,the initial,2,reporting modules,2,does that,2
during incidents,2,is still,2,ownership and,2,and operations,2,leaves you,2
real time,2,still need,2,exports apis,2,routine tasks,2,requirements so,2
requirement but,2,the gates,2,without vendor,2,requires vendor,2,preference reduces,2
integrations cad,2,gates to,2,council public,2,and ongoing,2,avoids the,2
cad avl,2,to finalize,2,to operate,2,tight budgets,2,council politics,2
that vendor,2,modular what,2,and budget,2,budgets i,2,integrated and,2
practical path,2,what are,2,budget predictability,2,recommend it,2,easy to,2
direction civitas,2,keep it,2,staffing and,2,can turn,2,can confidently,2
operations capabilities,2,you get,2,hidden costs,2,opex and,2,confidently clear,2
s predictability,2,written confirmation,2,system that,2,and clear,2,clear two,2
two things,2,confirmation that,2,more expensive,2,an escalation,2,annual cloud,2
one click,2,and ensure,2,truck rolls,2,escalation stress,2,control ownership,2
integrate with,2,immediate next,2,and warranties,2,civitas to,2,now novagrid,2
when and,2,the week,2,detectors comms,2,per intersection,2,is best,2
lane closure,2,window run,2,central cloud,2,language to,2,potentially higher,2
run the,2,down bad,2,either vendor,2,reduce the,2,higher value,2
scenario based,2,update rollback,2,to answer,2,future budget,2,if these,2
based demo,2,novagrid cities,2,what is,2,signalized intersections,2,these gates,2
emergency vehicle,2,a fast,2,are standard,2,from the,2,high confidence,2
to normal,2,review path,2,standard and,2,a clean,2,favors civitas,2
score it,2,you lean,2,current lead,2,clauses that,2,has week,2
and emergency,2,lean civitas,2,all configs,2,that most,2,times modular,2
re choosing,2,council narrative,2,configs and,2,t just,2,modular uses,2
incident performance,2,defensible we,2,construction event,2,dot scrutiny,2,flip the,2
modular you,2,under degraded,2,event plan,2,scrutiny and,2,agree to,2
and any,2,at this,2,plan management,2,response operations,2,mode commitments,2
third party,2,appears to,2,and audit,2,operations a,2,the practical,2
city to,2,to best,2,number of,2,a specified,2,next step,2
to have,2,deployment evidence,2,this into,2,specified testable,2,can close,2
are a,2,procurement details,2,can take,2,testable requirement,2,gates pass,2
be asked,2,infrastructure is,2,where we,2,than a,2,written time,2
asked to,2,risk we,2,now current,2,routing during,2,convert the,2
remove the,2,preserve schedule,2,the leading,2,means in,2,choice into,2
written approval,2,can turn,2,leading option,2,corridors incident,2,locked down,2
provide an,2,turn this,2,it best,2,the signal,2,your default,2
the governance,2,for council,2,week selection,2,integrations with,2,based controller,2
contractual acceptance,2,procurement for,2,and month,2,with cad,2,controller commitment,2
acceptance criteria,2,a tighter,2,s year,2,tmc tools,2,tests milestone,2
nice to,2,tighter budget,2,parts availability,2,routing is,2,terms with,2
infrastructure risk,2,changes the,2,quickly and,2,it may,2,with defined,2
means in,2,budgets tighten,2,and in,2,choosing the,2,while avoiding,2
integration with,2,a first,2,cost continuity,2,and are,2,currently the,2
translate it,2,for predictability,2,resilience requirements,2,path a,2,defensible path,2
into acceptance,2,defend it,2,the items,2,a most,2,path novagrid,2
must not,2,in other,2,still flip,2,ve said,2,two concrete,2
not fail,2,other words,2,flip the,2,select civitas,2,to finalize,2
if a,2,for each,2,approve novagrid,2,contractually require,2,plus a,2
high confidence,2,predictability especially,2,with acceptable,2,ops package,2,list of,2
it shouldn,2,valuable if,2,much more,2,this keeps,2,it will,2
shouldn t,2,option s,2,if approval,2,keeps the,2,a strong,2
hard to,2,s early,2,approval is,2,services gets,2,next year,2
high weight,2,cost reduction,2,reality civitas,2,real capability,2,will matter,2
structure and,2,reduction vs,2,still need,2,workflows and,2,matter more,2
recurring fee,2,more important,2,during outages,2,emergency corridors,2,that change,2
architecture decisions,2,annual costs,2,be validated,2,apis and,2,operational pain,2
incident adaptive,2,controllers typically,2,can say,2,response times,2,option it,2
routing is,2,typically mean,2,we cannot,2,mode activation,2,can cap,2
cad integration,2,and less,2,evidence and,2,slas for,2,this implies,2
weight it,2,over time,2,and faster,2,say to,2,on what,2
than irreversible,2,costs can,2,chain lead,2,chose the,2,civitas especially,2
irreversible architecture,2,you negotiate,2,added cost,2,that meets,2,especially modular,2
architecture choices,2,negotiate an,2,real time,2,expectations and,2,modular looks,2
because they,2,extension or,2,inside your,2,and we,2,tight opex,2
show the,2,defined escalation,2,whether civitas,2,part of,2,option s,2
and then,2,hardware and,2,modular truly,2,has a,2,integrated is,2
do a,2,can create,2,risk in,2,making incident,2,exactly the,2
to see,2,risk and,2,and event,2,is truly,2,the kind,2
see if,2,to annual,2,this means,2,be replicated,2,proprietary parts,2
operations capability,2,annual adjustment,2,means for,2,approvals and,2,maintenance savings,2
but not,2,a headline,2,you are,2,routing capability,2,comms network,2
comms loss,2,you may,2,primary recommendation,2,on their,2,constrained contractually,2
contract acceptance,2,may also,2,recommendation civitas,2,their cloud,2,contractually novagrid,2
acceptance item,2,economic lock,2,path novagrid,2,cloud platform,2,hosting fee,2
rollback audit,2,fewer truck,2,protections are,2,then you,2,fee 90k,2
emergency needs,2,reduce operational,2,decision is,2,sign off,2,with annual,2
to pick,2,should require,2,still have,2,is harder,2,t easily,2
infrastructure operational,2,require evidence,2,cloud posture,2,harder to,2,it in,2
m predictability,2,assume it,2,posture from,2,under your,2,tight year,2
predictability is,2,tightening budgets,2,from it,2,your schedule,2,you have,2
deliver without,2,t automatically,2,approve approve,2,because the,2,maintenance workload,2
without novagrid,2,but they,2,approve with,2,governance gate,2,fewer truck,2
to trigger,2,it essential,2,with conditions,2,a practical,2,rolls easier,2
it should,2,gives you,2,conditions not,2,tie breaker,2,easier diagnostics,2
option is,2,should treat,2,novagrid and,2,incident use,2,year operating,2
novagrid viable,2,this as,2,to lock,2,activation time,2,view and,2
uncertainty unless,2,escalation and,2,one thing,2,incident scenarios,2,it to,2
services novagrid,2,a quick,2,leaning toward,2,they need,2,a a,2
remaining uncertainties,2,ask both,2,determines whether,2,does it,2,if any,2
controller supply,2,vendors to,2,it increases,2,this gives,2,escalation assumptions,2
chain issue,2,price and,2,importance of,2,you defensible,2,staffing impact,2
export apis,2,controllers cabinets,2,weren t,2,your constraints,2,and typical,2
capability can,2,t need,2,tighten the,2,stakeholder input,2,any required,2
integrations and,2,need perfect,2,detector replacements,2,unless novagrid,2,a bad,2
and on,2,costs blow,2,lock you,2,integrations incident,2,the new,2
approval for,2,blow up,2,you into,2,the strongest,2,year cap,2
can the,2,how this,2,escalating fees,2,operations capability,2,cap on,2
comparable deployment,2,this changes,2,harder to,2,evp incident,2,increases cpi,2
deployment evidence,2,years or,2,the cost,2,incident plans,2,routine operational,2
have what,2,at least,2,costs the,2,plans integrations,2,operational needs,2
now a,2,cap and,2,paid upgrades,2,slas that,2,to protect,2
lower governance,2,is included,2,upgrades maintenance,2,to sharpen,2,the price,2
stronger cost,2,equivalents and,2,is on,2,a crisp,2,t face,2
emergency operations,2,a spares,2,or cloud,2,what exactly,2,cliff if,2
defined modularity,2,cybersecurity updates,2,depends on,2,only or,2,it strengthens,2
drive the,2,re keeping,2,and timely,2,already run,2,the case,2
in but,2,keeping novagrid,2,vendor response,2,run evp,2,case for,2
not automatically,2,what triggers,2,architectures that,2,propose a,2,net opex,2
product line,2,pricing now,2,under tighter,2,plus an,2,opex savings,2
a mature,2,hosting posture,2,term budget,2,plan that,2,continuity risks,2
that modular,2,posture if,2,to reduce,2,to weigh,2,risks and,2
is real,2,if possible,2,reduce long,2,the conflicting,2,clear the,2
real in,2,environment if,2,parts risk,2,conflicting inputs,2,adjustable annual,2
addresses the,2,if that,2,and their,2,infrastructure not,2,even more,2
in narrative,2,add ons,2,their early,2,is safe,2,safer default,2
if controllers,2,budgets amplify,2,early data,2,governance regulatory,2,raises the,2
controllers are,2,that makes,2,their integrated,2,regulatory viability,2,the importance,2
hardware and,2,volatility and,2,it also,2,preference cloud,2,of incident,2
the proven,2,d do,2,still needs,2,with next,2,incident mode,2
versus their,2,next practical,2,capital and,2,year s,2,operations as,2
even with,2,practical steps,2,operating budgets,2,s tighter,2,than a,2
still be,2,in years,2,ll need,2,this doesn,2,re selecting,2
proprietary configuration,2,using a,2,unless it,2,services it,2,two different,2
closed apis,2,opex can,2,it means,2,safety availability,2,day where,2
cities years,2,years and,2,becomes more,2,reframe the,2,rapid corridor,2
cities over,2,i ll,2,adjustment is,2,as baseline,2,the core,2
early maintenance,2,specific contract,2,is exactly,2,baseline reliability,2,the way,2
clarity on,2,both groups,2,exactly the,2,surge capability,2,translates into,2
it truly,2,optimizing different,2,the kind,2,is emphasizing,2,and fewer,2
them acceptance,2,of hours,2,kind of,2,response the,2,friction dot,2
the real,2,maintainability predictable,2,a budget,2,benefit is,2,operator ux,2
export in,2,detour support,2,it compounds,2,whether it,2,ux during,2
detector mappings,2,when conditions,2,s real,2,without taking,2,integration with,2
mappings logs,2,the system,2,escalation and,2,on new,2,one and,2
documentation interfaces,2,and have,2,t have,2,first then,2,the other,2
and to,2,tests this,2,have your,2,issues are,2,later in,2
in how,2,s predictability,2,actual maintenance,2,meets essential,2,routing during,2
what happens,2,safe behavior,2,tco model,2,safe degraded,2,set of,2
are there,2,when comms,2,professional services,2,mode operation,2,services and,2
end of,2,control staged,2,change management,2,support contract,2,and traffic,2
predictability beyond,2,substitutions allowed,2,show that,2,a gate,2,during an,2
caps option,2,adaptive routing,2,the likely,2,gate you,2,vehicle priority,2
the claim,2,routing during,2,likely recommendation,2,with explicit,2,within minutes,2
how hard,2,turn it,2,cap increases,2,review risk,2,corridor strategy,2
compared to,2,to deploy,2,civitas already,2,opex tightening,2,safety degraded,2
in practice,2,an incident,2,and modular,2,uptime mttr,2,behavior what,2
what can,2,incident plan,2,controllers reduce,2,lock fee,2,this makes,2
under the,2,central is,2,risk it,2,in standards,2,makes the,2
position it,2,evidence of,2,costs and,2,a defined,2,operations a,2
keeping the,2,this means,2,and governance,2,vendor identity,2,pick civitas,2
the main,2,means for,2,cap on,2,weigh emergency,2,training and,2
in often,2,civitas vs,2,fee increases,2,time on,2,slas for,2
draft a,2,vs novagrid,2,increases or,2,that you,2,high severity,2
checklist you,2,likely stronger,2,year fixed,2,approved incident,2,especially important,2
and approval,2,stronger in,2,civitas lock,2,escalation risk,2,important given,2
hard external,2,key question,2,in exchange,2,proven to,2,updates you,2
schedule uncertainty,2,question becomes,2,exchange for,2,can meet,2,this does,2
on it,2,add on,2,a reference,2,needs via,2,does to,2
choosing civitas,2,or integration,2,reference city,2,contractual deliverables,2,still the,2
credibly say,2,real and,2,negotiate a,2,risk how,2,the predictable,2
viable only,2,and should,2,a full,2,to use,2,to demonstrate,2
you are,2,contractually require,2,avoid a,2,present it,2,with emergency,2
contractually defined,2,services is,2,soft lock,2,chose engineering,2,preemption and,2
but don,2,reacting to,2,in via,2,engineering over,2,if relevant,2
waiver documentation,2,the gating,2,single controller,2,safe reliable,2,interfaces apis,2
package and,2,recurring fee,2,keeping novagrid,2,baseline operations,2,cannot meet,2
basis to,2,operations but,2,demand a,2,requiring incident,2,requirements without,2
conditional award,2,be able,2,shouldn t,2,and slas,2,future enhancement,2
you may,2,able to,2,reporting uptime,2,a deliverable,2,the real,2
proceed on,2,under essential,2,should be,2,heavily on,2,to satisfy,2
only with,2,without introducing,2,predictability and,2,on baseline,2,safely and,2
city attorney,2,introducing a,2,modular becomes,2,requirements and,2,central cloud,2
additional documentation,2,failure central,2,it won,2,they don,2,change control,2
incident history,2,recommended path,2,a proxy,2,t introduce,2,path and,2
drop dead,2,path a,2,proxy for,2,that adds,2,novagrid from,2
dead date,2,with what,2,known failure,2,defensible on,2,from a,2
date for,2,select civitas,2,over years,2,likely tighter,2,a fast,2
approval is,2,the core,2,with an,2,recommendation direction,2,fast and,2
we proceed,2,contract with,2,an month,2,history reduces,2,path i,2
week selection,2,incident retiming,2,clearance times,2,controllers directly,2,optics and,2
council narrative,2,retiming workflow,2,reliability to,2,concern and,2,and opex,2
we evaluated,2,on passing,2,to hospitals,2,remains a,2,add an,2
weeks to,2,path b,2,maintainability predictable,2,and emergency,2,contract with,2
leaves the,2,b if,2,turn the,2,incident capabilities,2,scenario list,2
overall decision,2,feature is,2,within x,2,treat incident,2,meet those,2
on top,2,a bounded,2,x minutes,2,remaining uncertainties,2,incident deliverables,2
top of,2,single vendor,2,access for,2,recommendation if,2,alternative but,2
modular becomes,2,after the,2,traffic management,2,if they,2,cost controls,2
becomes the,2,the pilot,2,management center,2,for an,2,not promises,2
strong documentation,2,without committing,2,adjacent corridors,2,matters this,2,to do,2
documentation and,2,incident performance,2,adaptive routing,2,the full,2,next business,2
a second,2,and governance,2,a software,2,civitas maintenance,2,schedule one,2
you already,2,rely on,2,path is,2,lock scope,2,engineering emergency,2
new information,2,when the,2,is unavailable,2,scope what,2,define the,2
trade off,2,be executed,2,mode behavior,2,fees escalation,2,vendor incident,2
gates and,2,step a,2,management or,2,escalation assumptions,2,didn t,2
per novagrid,2,a joint,2,tabletop drill,2,with tighter,2,emergency needs,2
weeks is,2,joint scenario,2,success criteria,2,do modular,2,question to,2
advantage and,2,engineering emergency,2,directly addressing,2,multi sourcing,2,it changes,2
start or,2,multi vehicle,2,services needs,2,uniquely valuable,2,what adaptive,2
the cost,2,vehicle crash,2,shorter track,2,valuable and,2,corridor clearance,2
with adjustment,2,corridor diversion,2,incident management,2,advantage is,2,or b,2
dr testing,2,central system,2,rapid plan,2,contract for,2,short vendor,2
matters as,2,post incident,2,cad avl,2,you exposed,2,treat the,2
but they,2,incident return,2,routing decision,2,get written,2,the conflict,2
cloud first,2,return to,2,a dated,2,modular cities,2,day success,2
not necessarily,2,to normal,2,criteria and,2,how it,2,operational changes,2
and now,2,to action,2,this often,2,behavior and,2,day performance,2
because you,2,into evidence,2,you keep,2,and require,2,performance dominates,2
to accept,2,specifically means,2,time improvements,2,likely proven,2,fail gates,2
implementation time,2,means in,2,them as,2,less proven,2,schedule to,2
cloud essential,2,exact acceptance,2,an integration,2,proven cities,2,operate safely,2
path practical,2,tests and,2,integration and,2,cities years,2,central systems,2
and explicitly,2,makes it,2,path if,2,be the,2,waiver timing,2
controllers keep,2,the conflict,2,are truly,2,legacy integrated,2,tight budget,2
an alternate,2,is optimizing,2,novagrid but,2,in by,2,gates this,2
can meet,2,optimizing for,2,and strict,2,in through,2,engineering vs,2
approval or,2,for high,2,controls if,2,s hard,2,vs emergency,2
pre clearance,2,high frequency,2,can show,2,documented interfaces,2,to council,2
a revised,2,incident features,2,and outcomes,2,interfaces transition,2,impact incident,2
revised schedule,2,your governance,2,non negotiables,2,should not,2,council review,2
schedule that,2,options that,2,you go,2,s not,2,reliability uptime,2
still meets,2,be made,2,project timeline,2,edge case,2,to implement,2
meets your,2,if a,2,safely and,2,case bugs,2,audit rollback,2
on failover,2,cloud can,2,cloud connectivity,2,mixed controller,2,keep the,2
of central,2,feasibility can,2,risk path,2,t do,2,increase the,2
the weeks,2,get controllers,2,if council,2,product with,2,testable requirements,2
execution risk,2,controllers spares,2,predictable core,2,whether modular,2,to weigh,2
pushes the,2,spares on,2,incident tooling,2,to these,2,deploy a,2
failover architecture,2,schedule if,2,the emergency,2,can you,2,operator workflow,2
impact if,2,its incident,2,to structure,2,multi vendor,2,you avoid,2
can map,2,much weight,2,structure it,2,data in,2,avoid we,2
waiver failover,2,weight because,2,so it,2,fees for,2,to your,2
making the,2,because they,2,real not,2,the real,2,incident escalation,2
choosing the,2,practice if,2,corridor clearance,2,you keep,2,calls focused,2
protections into,2,two mode,2,clearance time,2,would make,2,process with,2
endorsement optics,2,day vs,2,during events,2,choice if,2,change logs,2
two political,2,them explicitly,2,criteria for,2,their modular,2,a meet,2
contract structure,2,day score,2,preemption reliability,2,on modular,2,with contractual,2
city chose,2,high weight,2,keeps the,2,upgrade experience,2,contractual commitments,2
dot it,2,upgrade rollback,2,have to,2,b a,2,commitments and,2
documented interfaces,2,implement detour,2,cloud on,2,modular vs,2,tests if,2
document that,2,detour timing,2,you do,2,supported and,2,modular and,2
and that,2,workload under,2,do next,2,that make,2,or only,2
not on,2,under stress,2,ask emergency,2,make lock,2,roadmap promises,2
framed as,2,frequency severity,2,services to,2,support and,2,justify novagrid,2
the specific,2,but non,2,define two,2,schedule is,2,clears the,2
contract clauses,2,a reasonable,2,measurable outcomes,2,tests including,2,the clean,2
design the,2,or recurring,2,ask engineering,2,loss behavior,2,politics and,2
s office,2,this prevents,2,engineering to,2,affects the,2,operational proof,2
is we,2,the discussion,2,negotiable reliability,2,the overall,2,mistake to,2
with it,2,from becoming,2,reliability maintainability,2,answers the,2,t let,2
selecting based,2,tail risk,2,same incident,2,the council,2,their priorities,2
re selecting,2,risk multiplier,2,decide whether,2,references acceptance,2,unless they,2
external constraints,2,services input,2,whether incident,2,contract enforceability,2,asks for,2
as your,2,input should,2,core platform,2,civitas this,2,materially change,2
that are,2,issues and,2,toward novagrid,2,high leverage,2,t overweight,2
are easy,2,a live,2,or an,2,that has,2,this likely,2
easy to,2,detour plan,2,keeps civitas,2,least one,2,remains the,2
it requires,2,minutes show,2,drive the,2,one major,2,unless civitas,2
weeks for,2,during a,2,are emergency,2,upgrade cycle,2,deliver the,2
those are,2,a tabletop,2,services asking,2,and confirm,2,quickly and,2
next steps,2,mandatory cloud,2,asking for,2,including degraded,2,cap contain,2
d do,2,clear approval,2,for signal,2,access and,2,and demonstrate,2
do this,2,hard to,2,signal preemption,2,and not,2,incident advantages,2
in protections,2,and your,2,or for,2,you paste,2,me what,2
a scenario,2,opex risk,2,dispatch optimization,2,option even,2,vs public,2
on modular,2,simple weighting,2,function that,2,even a,2,in concerns,2
pre brief,2,council if,2,that might,2,modular in,2,clear governance,2
the path,2,predictability year,2,or would,2,in name,2,given emergency,2
the fewest,2,mode capability,2,nice to,2,it converts,2,adaptive features,2
fewest external,2,gate what,2,a non,2,a hard,2,opex and,2
most controllable,2,s cloud,2,should not,2,requires additional,2,civitas price,2
can start,2,because the,2,to deploy,2,dot review,2,emergency incident,2
city into,2,advantage may,2,by the,2,vendor selection,2,be treated,2
exception with,2,not be,2,central comms,2,ll be,2,treated as,2
not trigger,2,incident workflows,2,if a,2,be asked,2,as explicit,2
under no,2,should push,2,gates then,2,asked why,2,not an,2
modular with,2,push you,2,time capabilities,2,an exception,2,items that,2
the cleanest,2,to either,2,capabilities and,2,evidence and,2,and timing,2
modular it,2,novagrid with,2,flexibility exit,2,it compresses,2,novagrid needs,2
s your,2,opex continuity,2,emergency value,2,to resolve,2,for both,2
or as,2,civitas as,2,it override,2,decision and,2,is included,2
named industry,2,can meet,2,into measurable,2,carries two,2,year caps,2
city right,2,same vendor,2,measurable requirements,2,strengthens the,2,confirmation of,2
procure spares,2,and then,2,engineering preference,2,modular civitas,2,year lock,2
spares independently,2,degradation during,2,preference metrics,2,under tight,2,services incident,2
independently data,2,only after,2,metrics ask,2,timelines and,2,incident needs,2
apis interface,2,this turns,2,define measurable,2,waiver should,2,behavior during,2
risk ask,2,defensible if,2,such as,2,choosing between,2,what continues,2
plan that,2,is likely,2,services preference,2,can proceed,2,continues to,2
of long,2,year operational,2,support detours,2,proceed without,2,to function,2
a procurement,2,that must,2,signal core,2,without waiting,2,operations can,2
as requirements,2,a schedule,2,that matches,2,on dot,2,chain lead,2
issues you,2,term operating,2,city risk,2,approval on,2,required field,2
short term,2,predictability and,2,posture a,2,mean novagrid,2,field hardware,2
system even,2,leaning toward,2,a workable,2,within days,2,contract for,2
intersections first,2,it best,2,a reasonable,2,stop the,2,trending toward,2
deliver the,2,predictability for,2,capability emergency,2,the clock,2,to meet,2
with these,2,better near,2,with tight,2,clock if,2,a credible,2
we can,2,deployable under,2,and adjustable,2,waiver packet,2,next actions,2
if start,2,if opex,2,response outcomes,2,decision structure,2,fits the,2
only path,2,engineering vs,2,can move,2,confirm with,2,decision window,2
and add,2,vs emergency,2,to prevent,2,option a,2,services to,2
exit data,2,escalation risk,2,emergency incident,2,on waiver,2,to define,2
data rights,2,approval and,2,does the,2,fastest path,2,as contractual,2
and milestone,2,in but,2,then the,2,ops requirements,2,contractual acceptance,2
delivery so,2,remaining uncertainties,2,one of,2,conditional award,2,tests time,2
in political,2,to resolve,2,through the,2,dual track,2,action rollback,2
political risk,2,modular offering,2,value is,2,conditional on,2,get written,2
delay political,2,has only,2,evidence based,2,award to,2,from it,2
can we,2,and that,2,reference evidence,2,pursue novagrid,2,year opex,2
and operate,2,substitutions are,2,acceptable if,2,rejecting innovation,2,before final,2
with predictable,2,lock the,2,behavior under,2,vs novagrid,2,specifics a,2
your context,2,rollout advantage,2,comparable deployments,2,added the,2,turn this,2
without external,2,caps and,2,some incident,2,it avoids,2,partly true,2
can slip,2,bad but,2,outcomes that,2,gate and,2,interfaces and,2
is conditional,2,transition support,2,with governance,2,and cloud,2,council concerns,2
conditional on,2,either vendor,2,capabilities as,2,cap opex,2,a long,2
weeks that,2,city staff,2,required operational,2,to explain,2,but not,2
start assumption,2,incident scenarios,2,architecture that,2,window and,2,legacy system,2
result civitas,2,scenario based,2,your situation,2,recommending the,2,framing is,2
next year,2,after a,2,aligns with,2,party approvals,2,newer architecture,2
year s,2,decision record,2,treat novagrid,2,review is,2,they re,2
s budget,2,tests tied,2,on timeline,2,with no,2,is politically,2
modes integrations,2,path civitas,2,incident benefits,2,structure and,2,chain exposure,2
the gates,2,beyond year,2,are demonstrated,2,wording that,2,real modularity,2
modular the,2,are contractually,2,with civitas,2,new it,2,just a,2
enforceable in,2,questions to,2,civitas operational,2,s cloud,2,even with,2
contract standard,2,can take,2,control or,2,with 180k,2,with standard,2
demo acceptance,2,to reduce,2,incident timing,2,dot s,2,in can,2
the combination,2,dependency on,2,separable from,2,review novagrid,2,from proprietary,2
combination of,2,chain and,2,from the,2,now carries,2,configuration formats,2
a no,2,easier to,2,signal vendor,2,it changes,2,swap controllers,2
failover requirement,2,reduces the,2,vendor choice,2,failover requirement,2,to you,2
lock the,2,the we,2,fast and,2,cost advantage,2,or expensive,2
terms into,2,we can,2,decision has,2,now a,2,professional services,2
a risk,2,t change,2,upfront price,2,hardware it,2,based and,2
failure mode,2,without replacing,2,locked maintenance,2,it often,2,layer can,2
failover add,2,controllers reduce,2,that reduce,2,who maintains,2,export timing,2
to an,2,a vendor,2,s recurring,2,maintains on,2,in usable,2
weight if,2,year city,2,are explicit,2,the variance,2,usable formats,2
outage duration,2,deployments and,2,incident strategies,2,variance increases,2,of this,2
that matter,2,deployments that,2,as non,2,support clock,2,a due,2
than the,2,and fixed,2,or b,2,at a,2,due diligence,2
was it,2,to state,2,remaining uncertainties,2,a price,2,inside your,2
failure it,2,architecture is,2,gating uncertainty,2,is acceptable,2,window a,2
s more,2,and we,2,is slow,2,time complexity,2,proof points,2
to go,2,contractual safeguards,2,award constraint,2,that avoids,2,writing exact,2
dark flash,2,civitas risk,2,integration history,2,that civitas,2,features require,2
flash widely,2,it was,2,uncertainty whether,2,no dot,2,apis and,2
or required,2,that procurement,2,needed and,2,requirement novagrid,2,and alarms,2
a rare,2,support runway,2,and if,2,viable only,2,the reported,2
within a,2,so modular,2,modular real,2,waiver documentation,2,rollback process,2
to provide,2,truly reduces,2,real world,2,documentation week,2,modular specifically,2
preliminary rca,2,valuable given,2,avoid the,2,for on,2,stability and,2
final rca,2,attractive but,2,maintenance reduction,2,added integration,2,terms are,2
a specific,2,that erase,2,over what,2,testing complexity,2,depend on,2
a contractual,2,erase the,2,which is,2,and still,2,and operational,2
your specific,2,post year,2,escalation what,2,is on,2,statement of,2
already adds,2,year pricing,2,and any,2,failover a,2,at renewal,2
adds complexity,2,due diligence,2,services incident,2,hard requirement,2,to capture,2
an outage,2,window a,2,during comms,2,it to,2,capture the,2
outage signal,2,a treat,2,apis transition,2,of central,2,the best,2
it becomes,2,evidence package,2,delivery guarantees,2,lets you,2,predictability maintenance,2
choosing novagrid,2,reference cities,2,credibly say,2,s also,2,and faster,2
system unless,2,upgrade history,2,governance schedule,2,opex stability,2,but novagrid,2
behavior and,2,number of,2,novagrid in,2,s price,2,fee exposure,2
score them,2,what exactly,2,in consideration,2,novagrid recurring,2,narrative but,2
want tell,2,written answers,2,proof that,2,fees added,2,is real,2
me what,2,and contract,2,and robust,2,schedule uncertainty,2,and not,2
heard about,2,and documentation,2,for cloud,2,without waiver,2,to their,2
ll suggest,2,down behavior,2,can turn,2,should treat,2,and likely,2
contract conditions,2,mode workflow,2,company track,2,requirement package,2,contract hardening,2
with better,2,timing deployment,2,from a,2,go no,2,want paste,2
better controller,2,logs who,2,their claim,2,no go,2,where lock,2
a critical,2,you proceed,2,not automatically,2,gates and,2,new dot,2
risk you,2,proceed with,2,at the,2,sounding like,2,it increases,2
t control,2,in protections,2,the central,2,praised civitas,2,your decision,2
can secure,2,rights pre,2,if controllers,2,we recommend,2,waiver review,2
inventory or,2,portability exhibit,2,is proven,2,is being,2,window and,2
schedule certainty,2,timelines transition,2,option s,2,points to,2,is likely,2
certainty and,2,and obligations,2,means you,2,option plus,2,back and,2
novagrid novagrid,2,political and,2,of it,2,hard contract,2,and forth,2
exception plus,2,chain risk,2,practical implication,2,point to,2,did we,2
similar system,2,risk the,2,option addresses,2,the award,2,we pick,2
t make,2,locking in,2,in narrative,2,models and,2,pick a,2
make novagrid,2,most common,2,vendor but,2,procurement city,2,but now,2
reduces the,2,this new,2,avoided proprietary,2,formats include,2,now it,2
pilot corridor,2,an external,2,less exposed,2,export as,2,longer than,2
with rollback,2,t have,2,civitas proprietary,2,an exhibit,2,weeks that,2
city can,2,is no,2,standard parts,2,rates and,2,your current,2
if lead,2,already under,2,treat it,2,priced limits,2,how i,2
times slip,2,under schedule,2,it was,2,limits on,2,this dot,2
chair and,2,schedule pressure,2,with no,2,acceptable if,2,should predefine,2
judged less,2,city for,2,same as,2,pre briefs,2,on track,2
vendor and,2,package you,2,and upgrade,2,briefs with,2,review clock,2
politically and,2,costs less,2,in even,2,budget committee,2,put the,2
exceptions waivers,2,operational scenario,2,with standard,2,committee chair,2,the burden,2
s judged,2,scenario testing,2,configuration formats,2,page briefing,2,to deliver,2
judged more,2,already identified,2,vendor only,2,the facts,2,and scope,2
more harshly,2,threshold automatically,2,inability to,2,week selection,2,and reliability,2
budget committee,2,immediately and,2,export timing,2,in protections,2,council narrative,2
committee chair,2,recommendation that,2,in usable,2,transition terms,2,trade civitas,2
what helps,2,with we,2,from vendor,2,lock novagrid,2,requires an,2
if failure,2,waiting on,2,it affects,2,if asked,2,with non,2
failure happens,2,primary award,2,a distinct,2,s prior,2,review time,2
vendor but,2,gating item,2,configs detector,2,added failover,2,remaining uncertainty,2
did we,2,delivery and,2,detector mappings,2,re treating,2,best case,2
t fully,2,t look,2,mappings logs,2,award conditions,2,the it,2
critics can,2,document that,2,logs performance,2,and audit,2,makes civitas,2
can show,2,that novagrid,2,performance metrics,2,audit risk,2,modular the,2
most likely,2,remains technically,2,only available,2,evaluation memo,2,the more,2
kind of,2,approval risk,2,full corridor,2,review it,2,recommendation unless,2
ll be,2,to waiver,2,corridor configuration,2,escalators lock,2,reason to,2
safety impacting,2,review show,2,least modular,2,architecture contract,2,prefer novagrid,2
because cloud,2,show that,2,outages and,2,engineering emergency,2,your schedule,2
due to,2,option b,2,patch cadence,2,how each,2,implementation critical,2
is exactly,2,waiver in,2,t slip,2,complexity or,2,failover capability,2
one issues,2,in parallel,2,model and,2,vendor specific,2,to implementation,2
test it,2,and preserve,2,delivery commitment,2,from becoming,2,new it,2
with council,2,rules allow,2,integrator commercial,2,becoming a,2,requiring on,2
you bought,2,within a,2,no extra,2,novagrid you,2,maintenance patching,2
not select,2,few business,2,extra charge,2,you chose,2,patching monitoring,2
select civitas,2,with council,2,no punitive,2,requirements acceptance,2,the rollout,2
path to,2,if procurement,2,beyond the,2,testing including,2,times and,2
gates novagrid,2,it has,2,if possible,2,and drills,2,to approve,2
gates that,2,or switch,2,a cap,2,concrete to,2,it compounds,2
option avoids,2,is permissible,2,you on,2,it in,2,two gating,2
integrated civitas,2,permissible and,2,on lock,2,your current,2,waiver extra,2
months best,2,and doesn,2,in without,2,your constraint,2,extra documentation,2
term operating,2,to ask,2,council lock,2,delay project,2,condition on,2
as budgets,2,novagrid right,2,risk so,2,means you,2,failover required,2
modular standards,2,what constitutes,2,and contractable,2,to proceed,2,required which,2
standards based,2,waiver packet,2,quickly a,2,high political,2,the implementation,2
architecture to,2,novagrid to,2,truthful and,2,if technically,2,council scrutiny,2
export of,2,a delivery,2,vendor with,2,technically feasible,2,why are,2
of timing,2,timeline civitas,2,modular configuration,2,new facts,2,cloud system,2
timing config,2,better incident,2,open interfaces,2,failover adding,2,an on,2
config performance,2,given everything,2,want paste,2,adding 180k,2,vs vendor,2
early milestone,2,tightening opex,2,can add,2,weeks civitas,2,cloud and,2
slas incident,2,and now,2,decision window,2,clears dot,2,flagged in,2
now depends,2,posture is,2,week dot,2,exception failover,2,a premium,2
failover scope,2,preserve leverage,2,the documentation,2,award civitas,2,novagrid now,2
scope that,2,leverage option,2,documentation package,2,no new,2,you d,2
the five,2,to treat,2,questions and,2,it mandated,2,d need,2
s the,2,a must,2,and procurement,2,scope that,2,response capabilities,2
the year,2,must do,2,governance risk,2,that extends,2,can contractually,2
d be,2,cloud first,2,delay the,2,you the,2,burden of,2
maintain extend,2,first central,2,a very,2,a contractual,2,of proof,2
without civitas,2,a higher,2,measurable incident,2,deliverable incident,2,how much,2
compete components,2,cloud on,2,etc and,2,fast enough,2,a failover,2
bite year,2,s week,2,clears gates,2,immediately and,2,mode that,2
available and,2,novagrid now,2,baseline civitas,2,and is,2,infrastructure resilience,2
standard controller,2,has two,2,civitas now,2,the on,2,including complete,2
a different,2,a deployment,2,schedule robustness,2,start milestones,2,complete submission,2
models approved,2,work comms,2,your month,2,start immediately,2,and burn,2
approved alternates,2,testing tuning,2,pending waiver,2,detection comms,2,burn in,2
and cost,2,s months,2,waiver approval,2,fiber cellular,2,in if,2
with early,2,the failover,2,waiver as,2,a visible,2,novagrid on,2
civitas then,2,it worsens,2,mode and,2,if procurement,2,request a,2
system fiasco,2,worsens the,2,detour plan,2,it that,2,clean defensible,2
an export,2,support obligations,2,make modular,2,by day,2,is viable,2
models alternates,2,monitoring and,2,protect schedule,2,g business,2,failover adds,2
services needs,2,and dr,2,future flexibility,2,business days,2,means for,2
me your,2,cloud opex,2,novagrid alive,2,no major,2,required failover,2
award the,2,and added,2,waiver sprint,2,during the,2,failover adding,2
review uncertain,2,failover costs,2,treat the,2,line recommendation,2,adding cost,2
failover that,2,local fail,2,a gated,2,it gating,2,cost time,2
burden under,2,running safe,2,waiver documentation,2,novagrid the,2,meet incident,2
demo incident,2,safe plans,2,date if,2,betting the,2,commercial protections,2
modes integration,2,for it,2,not approved,2,now treat,2,failover scope,2
integration triggers,2,active active,2,approved by,2,is months,2,scope without,2
not change,2,cold standby,2,to award,2,the critical,2,from novagrid,2
this offer,2,required rto,2,the risk,2,if there,2,i e,2
the price,2,complexity and,2,constraints you,2,is impaired,2,or can,2
commit this,2,ask them,2,confirm you,2,an option,2,can it,2
would change,2,what functions,2,without reopening,2,t matter,2,field deployment,2
recommendation it,2,during failover,2,reopening the,2,option has,2,is mostly,2
and controller,2,monitoring only,2,the competition,2,novagrid currently,2,of a,2
that adds,2,timing changes,2,to ask,2,currently has,2,system fiasco,2
dual environment,2,given dot,2,upgrade history,2,says adds,2,that reduces,2
written dot,2,weeks it,2,references from,2,weeks plus,2,comment is,2
matters most,1,architectural add,2,now civitas,2,those are,2,but we,2
most in,1,modular becomes,2,dot policy,2,introduce the,2,a documented,2
in this,1,but now,2,policy automatically,2,added complexity,2,security and,2
this decision,1,as conditional,2,are selecting,2,activation workflow,2,this helps,2
your constraints,1,written it,2,selecting their,2,workflow and,2,appearing to,2
constraints you,1,including security,2,option and,2,reason to,2,to pick,2
just buying,1,security controls,2,operations capabilities,2,cost not,2,best political,2
buying software,1,a tested,2,response needs,2,this tends,2,it clear,2
software you,1,test as,2,waiver with,2,tends to,2,dot it,2
buying operational,1,an acceptance,2,waiver on,2,modular if,2,architecture contract,2
operational continuity,1,acceptance milestone,2,a the,2,the chance,2,gates that,2
continuity for,1,novagrid would,2,and b,2,the logic,2,current facts,2
infrastructure under,1,now carries,2,mission critical,2,with strong,2,aren t,2
tight timeline,1,gates fast,2,critical and,2,failover approval,2,address the,2
timeline the,1,to deliver,2,to recommending,2,enough that,2,guaranteed exports,2
differentiators that,1,ready for,2,primary path,2,are not,2,plans databases,2
that will,1,for submission,2,operational capabilities,2,toward novagrid,2,formats exit,2
will likely,1,meet that,2,a separate,2,you could,2,timelines api,2
likely dominate,1,cost to,2,with it,2,weeks it,2,access rights,2
dominate the,1,to maintain,2,plus it,2,be delivered,2,fees to,2
outcome are,1,maintain the,2,weeks implementation,2,t treat,2,in c,2
are regulatory,1,s on,2,and additional,2,noticeable outage,2,parking fiasco,2
regulatory policy,1,fast and,2,integration testing,2,outage in,2,t want,2
integration pushes,1,the lowest,2,requirement is,2,pilot city,2,you also,2
still win,1,your current,2,is effectively,2,infrastructure an,2,due to,2
win but,1,go live,2,are now,2,outage report,2,to address,2
re comfortable,1,date or,2,novagrid dot,2,risk signal,2,it doesn,2
comfortable staking,1,can map,2,automatically and,2,signal that,2,the chair,2
staking schedule,1,show how,2,it avoids,2,diligence a,2,three things,2
political capital,1,you truly,2,waiver dependency,2,moderate weight,2,this deal,2
capital on,1,document the,2,complexity for,2,burden of,2,re buying,2
waiver plus,1,to appear,2,tighter opex,2,of proof,2,up front,2
plus comparable,1,that best,2,leadership insists,2,high weight,2,keep emergency,2
deployments documentation,1,delays and,2,insists novagrid,2,the event,2,s incident,2
documentation essential,1,dependency risk,2,in play,2,local plans,2,incident features,2
infrastructure hosting,1,re putting,2,what fails,2,cloud service,2,public safety,2
hosting constraint,1,in controls,2,fails over,2,loss of,2,do this,2
constraint novagrid,1,integrity by,2,how intersections,2,only intervention,2,define incident,2
management your,1,can share,2,intersections behave,2,or just,2,require civitas,2
it policy,1,that affect,2,behave during,2,of intersections,2,contractually meet,2
policy allows,1,waiver timeline,2,increases include,2,the more,2,you ignored,2
allows cloud,1,in mitigation,2,deliver a,2,the architecture,2,politics a,2
for non,1,architecture choices,2,stack what,2,the pilot,2,we have,2
non critical,1,use the,2,make sure,2,emergency operations,2,for budget,2
critical systems,1,vendor lock,2,failover is,2,and expected,2,locks vs,2
systems but,1,to show,2,for central,2,how the,2,predictability and,2
but signals,1,that lock,2,operators can,2,rollout plan,2,structuring the,2
infrastructure requiring,1,regardless of,2,acceptable or,2,patch update,2,the cleanest,2
requiring case,1,commit to,2,or must,2,update change,2,the outcome,2
review that,1,to these,2,in failover,2,maintenance windows,2,draft a,2
real gating,1,controller neutrality,2,failover mode,2,post incident,2,when a,2
could become,1,plans configurations,2,complexity if,2,incident reporting,2,approvals and,2
risk after,1,configurations logs,2,to essential,2,this interacts,2,chance of,2
not cleared,1,defined export,2,adds a,2,interacts with,2,on your,2
cleared up,1,fee controls,2,review it,2,already have,2,your latest,2
up early,1,operations rollback,2,requires on,2,is already,2,latest facts,2
early civitas,1,rollback if,2,alternative only,2,weight if,2,plus the,2
civitas does,1,in concerns,2,is willing,2,field work,2,ve shared,2
not present,1,then show,2,willing to,2,your cannot,2,under the,2
present that,1,show the,2,to absorb,2,is no,2,delay constraint,2
that same,1,to keep,2,time cost,2,chain risk,2,and start,2
same policy,1,now you,2,an on,2,risk from,2,address lock,2
policy dependency,1,have two,2,adds cost,2,from proprietary,2,start without,2
dependency based,1,s year,2,reduce schedule,2,proprietary lead,2,notice to,2
your description,1,a dot,2,increase lifecycle,2,just the,2,to proceed,2
description lock,1,and an,2,in while,2,a distinct,2,proceed for,2
risk vs,1,an it,2,novagrid says,2,distinct product,2,corridor acceptance,2
vs political,1,it mandated,2,political risk,2,pilot outage,2,corridor or,2
sensitivity council,1,step brief,2,is we,2,newer architecture,2,and rollback,2
is publicly,1,procurement risk,2,the least,2,would do,2,scale rollout,2
publicly anti,1,aware of,2,pre brief,2,risk due,2,time but,2
anti vendor,1,to protect,2,pre briefs,2,windows and,2,commitment named,2
heavy civitas,1,but we,2,using the,2,availability is,2,plans configs,2
civitas new,1,a governance,2,is to,2,novagrid at,2,now rates,2
new modular,1,here are,2,condition for,2,in likely,2,rates deliverables,2
option cost,1,standards portability,2,adds 180k,2,emergency incident,2,deliverables timelines,2
cost add,1,modular contract,2,here are,2,at this,2,milestones remedies,2
add directly,1,ask your,2,mitigation package,2,de risk,2,remedies holdbacks,2
directly addresses,1,award language,2,in focus,2,provided you,2,missed critical,2
addresses this,1,modular the,2,award and,2,contractually eliminate,2,operations deliverable,2
this and,1,a locked,2,configs timing,2,the lead,2,deliverable emergency,2
and also,1,architecture with,2,performance data,2,if modular,2,audit trail,2
also uses,1,added dot,2,migrates in,2,written confirmation,2,trail degraded,2
controllers strong,1,cost risk,2,the future,2,committed allocation,2,delay becomes,2
strong leverage,1,cannot responsibly,2,that reduces,2,early modular,2,t drift,2
leverage for,1,without jeopardizing,2,just promised,2,tests that,2,would justify,2
for future,1,t let,2,the record,2,make these,2,a delay,2
future competitiveness,1,a promise,2,directly keep,2,protect you,2,inability to,2
competitiveness novagrid,1,be politically,2,recommendation is,2,milestone based,2,within a,2
modular at,1,review with,2,record and,2,based payments,2,phased cutover,2
field level,1,start on,2,in governance,2,payments tied,2,a no,2
level but,1,activities that,2,critical dependencies,2,t depend,2,it becomes,2
has proprietary,1,low regret,2,a practical,2,depend on,2,added complexity,2
an unavoidable,1,best supports,2,that increases,2,a corridor,2,complexity and,2
unavoidable recurring,1,no delay,2,that the,2,needed for,2,is no,2
adjustment so,1,is now,2,a defined,2,modular uses,2,translate this,2
not lock,1,an on,2,with payment,2,on time,2,milestones and,2
in free,1,because civitas,2,payment tied,2,one failure,2,that neutralize,2
free just,1,automatically no,2,to acceptance,2,failure will,2,timeline is,2
just locked,1,no week,2,s issue,2,be interpreted,2,you said,2
in differently,1,weeks plus,2,have procurement,2,the wrong,2,consequences so,2
differently time,1,civitas offers,2,legal confirm,2,something minor,2,so i,2
deploy and,1,offers a,2,to do,2,minor goes,2,approval with,2
chain novagrid,1,modular standard,2,and tested,2,a hiccup,2,civitas clears,2
novagrid months,1,path is,2,risk a,2,why did,2,and added,2
civitas months,1,address lock,2,narrative that,2,the locked,2,one of,2
and their,1,start immediately,2,cleanest approval,2,parking fiasco,2,of these,2
their proprietary,1,network readiness,2,infrastructure we,2,why scrutiny,2,the reason,2
controllers integrated,1,test plan,2,specifically avoided,2,be defending,2,the ones,2
system have,1,training plan,2,paste your,2,the incident,2,evidence and,2
have week,1,who does,2,recommendation paragraph,2,tightly integrated,2,to offset,2
times key,1,does what,2,paragraph or,2,or proprietary,2,must prove,2
question does,1,visible progress,2,into council,2,modular standard,2,approval failover,2
avoid those,1,any vendor,2,mobilization design,2,likely interpretation,2,failover works,2
those lead,1,unless it,2,field surveys,2,minor failures,2,and d,2
times by,1,milestone based,2,planning controller,2,is clearly,2,with fewer,2
using more,1,phased notice,2,year subscriptions,2,vendor standards,2,fewer external,2
more readily,1,notice to,2,time without,2,we warned,2,exit portability,2
if yes,1,immediate mobilization,2,taking on,2,a central,2,waiver it,2
yes civitas,1,design inventory,2,notice to,2,be framed,2,it mandated,2
timeline risk,1,field deployment,2,to proceed,2,back to,2,mandated on,2
risk may,1,down rollback,2,has two,2,for response,2,advantage and,2
be lower,1,you start,2,start without,2,novagrid would,2,a set,2
than it,1,and operationally,2,without delay,2,harshly for,2,t commit,2
it looks,1,still want,2,documentation week,2,complexity civitas,2,the gates,2
looks if,1,want novagrid,2,possible iteration,2,judged harshly,2,decision pivot,2
if no,1,time boxed,2,iteration it,2,you a,2,and support,2
no novagrid,1,it requirements,2,your operational,2,in story,2,modular s,2
may have,1,only way,2,threshold automatically,2,contingent on,2,apis transition,2
practical schedule,1,without delaying,2,times can,2,interoperability data,2,satisfy it,2
schedule advantage,1,delaying start,2,to satisfy,2,export and,2,failover requirements,2
advantage long,1,start is,2,while staying,2,best choice,2,vendor and,2
profile novagrid,1,and time,2,in optics,2,choice now,2,weight to,2
is venture,1,time box,2,test plan,2,most executable,2,give it,2
venture backed,1,within business,2,api documentation,2,meets the,2,weight because,2
backed with,1,waiver package,2,hold points,2,year preference,2,because of,2
with less,1,outcome it,2,before major,2,integrated is,2,an outage,2
less certain,1,a fixed,2,purchase orders,2,vulnerable on,2,visibility and,2
certain long,1,basis to,2,to full,2,optics and,2,event is,2
and shorter,1,without looking,2,package is,2,we learned,2,high enough,2
history you,1,looking like,2,is delivered,2,learned from,2,the weight,2
you also,1,said you,2,on schedule,2,civitas offers,2,a single,2
also note,1,reason is,2,while your,2,offers a,2,novagrid already,2
note less,1,you cannot,2,remains viable,2,maintenance versus,2,reliability uncertainty,2
less data,1,waiver outcome,2,hard gate,2,carries recurring,2,probability of,2
events civitas,1,a specific,2,failover design,2,one a,2,outage signal,2
is established,1,to message,2,civitas award,2,judged harshest,2,it would,2
established and,1,re starting,2,award ntp,2,to avoidable,2,system what,2
and offers,1,immediately with,2,do it,2,exceptions waiver,2,the outage,2
is meaningful,1,with mobilization,2,you said,2,tested fail,2,go to,2
meaningful cost,1,and field,2,the operational,2,fail safes,2,to flash,2
risk reduction,1,readiness and,2,you end,2,failover that,2,determine whether,2
reduction side,1,the fewest,2,by choosing,2,adds cost,2,requirement for,2
side by,1,ownership portability,2,early phase,2,modular choice,2,cloud connectivity,2
by side,1,portability substitution,2,to deliver,2,as contract,2,of intersections,2
side where,1,momentum while,2,deliver within,2,logs exportable,2,and time,2
where each,1,now with,2,modular reference,2,exportable in,2,directly answers,2
vendor is,1,phased start,2,plan showing,2,access documented,2,concern what,2
is strongest,1,primary path,2,showing what,2,and pricing,2,reported outage,2
strongest weakest,1,that threaten,2,want tell,2,capped if,2,failover complexity,2
weakest civitas,1,contract structure,2,t get,2,if licensed,2,you verify,2
integrated strengths,1,rather than,2,get trapped,2,licensed incident,2,central optimization,2
strengths longest,1,first field,2,trapped later,2,procedures and,2,can share,2
longest track,1,suggest the,2,if something,2,modular standards,2,tell you,2
record dot,1,the cleanest,2,build out,2,failover delays,2,red flag,2
dot friendly,1,milestones to,2,out that,2,delays directly,2,times are,2
friendly predictable,1,these are,2,dependency if,2,and provides,2,you get,2
operations year,1,because you,2,it should,2,provides the,2,said you,2
lock weaknesses,1,ve said,2,these as,2,costs while,2,t delay,2
weaknesses lock,1,costly and,2,iteration risk,2,still delivering,2,delay project,2
in costly,1,review time,2,weeks civitas,2,delivering incident,2,project start,2
switch controller,1,as designed,2,on what,2,contractual requirements,2,better availability,2
risk slower,1,when central,2,ve shared,2,threshold automatically,2,months civitas,2
updates longer,1,comms are,2,has week,2,concrete explainable,2,in early,2
longer rollout,1,and require,2,so i,2,versus civitas,2,lower maintenance,2
option strengths,1,politically visible,2,after a,2,require modular,2,deployments cities,2
strengths keeps,1,redesign that,2,budgets make,2,modular specific,2,waiver weeks,2
keeps civitas,1,is inherently,2,applying a,2,specific references,2,opex volatility,2
civitas maturity,1,or can,2,process time,2,and payment,2,outage in,2
maturity addresses,1,lifecycle operating,2,required failover,2,obtain a,2,similar system,2
in standard,1,to adapt,2,failover build,2,plan delivered,2,would do,2
controllers early,1,only changes,2,testing complexity,2,support fees,2,dates for,2
cost no,1,failure mode,2,adjustment budget,2,define incident,2,controllers are,2
no stability,1,adds weeks,2,the probability,2,without major,2,spares delivered,2
issues reported,1,performance high,2,or future,2,real exit,2,delivered early,2
reported in,1,incident timing,2,your can,2,the operational,2,early a,2
in city,1,s an,2,start constraint,2,civitas cannot,2,bill of,2
city deployment,1,evidence requests,2,that stack,2,licenses integrations,2,of materials,2
deployment still,1,this logic,2,the logic,2,times allocation,2,committed delivery,2
still likely,1,week review,2,deployments acceptance,2,early spares,2,your no,2
likely easiest,1,it cloud,2,incident drills,2,to pass,2,reality if,2
easiest political,1,with on,2,must start,2,contract exhibits,2,to modular,2
political regulatory,1,fees adjustable,2,lock down,2,dependencies civitas,2,corridor with,2
regulatory fit,1,adjustable annually,2,mobilize now,2,civitas proprietary,2,with explicit,2
fit weaknesses,1,start constraint,2,deliverables controller,2,deployments novagrid,2,explicit acceptance,2
weaknesses newer,1,full commitment,2,commitments portability,2,those risks,2,criteria before,2
newer architecture,1,cloud failover,2,the chance,2,formats sample,2,rollback and,2
architecture only,1,reduces near,2,the following,2,export provided,2,the first,2
only years,1,modular has,2,extra documentation,2,provided api,2,you make,2
cities still,1,the logic,2,cloud only,2,access terms,2,a newer,2
still higher,1,safe degraded,2,budget tightening,2,priority incident,2,modular not,2
cost base,1,fewer external,2,terms if,2,modes procedures,2,materially lower,2
base modular,1,via standards,2,how much,2,drills with,2,than novagrid,2
premium may,1,logic into,2,give it,2,tests support,2,modular controllers,2
may still,1,do you,2,unless the,2,requirements that,2,pilot phased,2
still have,1,plus the,2,control plane,2,anything it,2,risk of,2
have slower,1,weight to,2,update mechanism,2,if anything,2,either vendor,2
novagrid strengths,1,give it,2,certificate identity,2,price match,2,each choice,2
strengths lower,1,it and,2,identity expiry,2,a lead,2,be judged,2
cost faster,1,or an,2,traffic signal,2,the offer,2,and transparency,2
rollout strong,1,inability to,2,noticeable outage,2,commit this,2,be politically,2
strong reported,1,traffic signal,2,incident handling,2,right call,2,the choice,2
reported congestion,1,major incident,2,already has,2,the matched,2,still had,2
improvements modular,1,weight toward,2,added critical,2,proceed on,2,we reduced,2
modular extensibility,1,any of,2,overall risk,2,a signed,2,can look,2
extensibility weaknesses,1,the following,2,now to,2,frame the,1,mitigation if,2
weaknesses cloud,1,flash unexpectedly,2,was it,2,decision in,1,strong slas,2
hosting requirement,1,outage was,2,single intersection,2,the terms,1,your politics,2
requirement policy,1,cloud failure,2,central monitoring,2,that will,1,chose a,2
policy gating,1,intersections stayed,2,a simple,2,will matter,1,pre wire,2
gating recurring,1,safe timing,2,detectability recoverability,2,matter later,1,to ensure,2
adjustment shorter,1,that your,2,one event,2,later both,1,s judged,2
record vs,1,incident report,2,in safe,2,passed technical,1,to cloud,2
vs dot,1,fix and,2,safe local,2,technical audits,1,you already,2
preference ownership,1,evidence it,2,local control,2,audits so,1,a similar,2
uncertainty less,1,matters more,2,an update,2,the differentiators,1,early and,2
less major,1,more for,2,that failure,2,differentiators are,1,more and,2
event history,1,that it,2,incident reporting,2,are mostly,1,and got,2
history recommendation,1,failover dr,2,choice given,2,mostly schedule,1,it feels,2
recommendation choose,1,demonstrate safe,2,failover add,2,schedule reliability,1,failure tied,2
with specific,1,run locally,2,weeks and,2,reliability regulatory,1,especially damaging,2
protections given,1,those quickly,2,can rapidly,2,and long,1,damaging for,2
the combined,1,you toward,2,a reported,2,run controllability,1,deployment and,2
combined regulatory,1,a lower,2,reported outage,2,controllability cost,1,corridor prove,2
regulatory preference,1,delay start,2,demonstrated failover,2,cost exit,1,prove stability,2
is award,1,mode acceptance,2,can share,2,options you,1,then scale,2
civitas but,1,operator procedures,2,share what,2,also operating,1,early issues,2
require the,1,failover works,2,vs intersections,2,operating under,1,uptime mttr,2
and write,1,before broad,2,intersections flashing,2,under time,1,most forgiving,2
write the,1,broad rollout,2,tell you,2,time compression,1,select civitas,2
mayor already,1,reliability requirements,2,a major,2,compression support,1,systems using,2
already views,1,exactly the,2,month rollout,2,months delays,1,rollout pilot,2
views positively,1,share what,2,rollout beyond,2,delays aren,1,corridor first,2
positively reduced,1,you whether,2,beyond months,2,t academic,1,cloud model,2
reduced political,1,issue or,2,longer the,2,academic they,1,civitas does,2
political friction,1,integrated is,2,the safe,2,they become,1,novagrid has,2
friction a,1,week proprietary,2,schedule robust,2,become operational,1,adjustable cloud,2
a record,1,can easily,2,civitas path,2,operational and,1,plus added,2
record that,1,past months,2,better controller,2,and safety,1,added failover,2
dot preferences,1,deployment sequencing,2,availability is,2,safety risk,1,can push,2
preferences reduced,1,has fewer,2,should do,2,risk vendor,1,modular contract,2
reduced waiver,1,buy down,2,controller make,2,vendor must,1,lock named,2
risk a,1,risk with,2,supplier commitments,2,be chosen,1,formats priced,2
credible response,1,with evidence,2,civitas will,2,chosen in,1,scenarios must,2
concerns standard,1,product line,2,the critical,2,weeks anything,1,be implemented,2
controllers modularity,1,novagrid still,2,because modular,2,anything requiring,1,trained and,2
modularity more,1,it on,2,tests for,2,requiring uncertain,1,tested time,2
more predictable,1,it now,2,and cutover,2,approvals especially,1,to deploy,2
run costs,1,gate can,2,you already,2,especially cloud,1,early delivery,2
costs year,1,the schedule,2,plus a,2,exceptions can,1,delivery of,2
being blocked,1,more likely,2,dot clear,2,can quietly,1,spares opex,2
blocked by,1,controllers portability,2,can push,2,quietly become,1,opex clarity,2
policy review,1,to defend,2,past months,2,become the,1,covers and,2
review why,1,rollback incidents,2,months and,2,schedule killer,1,dot year,2
the default,1,controller delivery,2,avoids proprietary,2,killer what,1,year preference,2
can absolutely,1,as leverage,2,controller bottleneck,2,what each,1,for tightening,2
absolutely be,1,if not,2,the proven,2,vendor optimizes,1,budgets civitas,2
be viable,1,current constraints,2,controller configuration,2,for and,1,addresses the,2
viable on,1,where it,2,reference validation,2,what it,1,s supply,2
on technical,1,emphasize to,2,concern without,2,it exposes,1,schedule threat,2
technical grounds,1,architecture the,2,procurement and,2,exposes you,1,threat modular,2
grounds but,1,the civitas,2,delivery plan,2,systems vendor,1,has fewer,2
biggest non,1,like a,2,spend portability,2,vendor a,1,the award,2
non technical,1,a delay,2,and performance,2,a what,1,contingent on,2
technical risks,1,failures are,2,g days,2,buying a,1,accountability and,2
risks cloud,1,are judged,2,award or,2,a long,1,decisive while,2
approval shorter,1,out of,2,time can,2,operating record,1,way council,2
history long,1,of coordination,2,be interpreted,2,record years,1,low lock,2
uncertainty are,1,given what,2,less on,2,that aligns,1,to migrate,2
the ones,1,vs third,2,risk of,2,aligns well,1,test require,2
ones that,1,chose civitas,2,is how,2,well with,1,vendor services,2
that tend,1,default expectation,2,now we,2,for highway,1,before full,2
tend to,1,expectation this,2,the failure,2,integration price,1,costs can,2
to derail,1,minor failures,2,be framed,2,price stability,1,if incident,2
derail essential,1,as we,2,newer configuration,2,stability via,1,availability is,2
infrastructure projects,1,we paid,2,the architecture,2,via a,1,is better,2
projects after,1,paid more,2,can point,2,lock material,1,approved alternates,2
novagrid you,1,was the,2,point to,2,material for,1,early spares,2
should treat,1,what softens,2,this choice,2,for budgeting,1,that you,2
treat cloud,1,softens judgment,2,a normal,2,budgeting and,1,novagrid could,2
continuity safeguards,1,what hardens,2,transparency and,2,and for,1,have delivered,2
safeguards as,1,hardens judgment,2,to say,2,for avoiding,1,gates and,2
as pre,1,can frame,2,did not,2,avoiding post,1,all of,2
award gating,1,we planned,2,extra approvals,2,post award,1,the following,2
items not,1,planned for,2,as predictable,2,award cost,1,clean and,2
not implementation,1,response times,2,predictable consequence,2,cost creep,1,not on,2
implementation details,1,like central,2,cloud down,2,creep primary,1,it cost,2
details make,1,clear and,2,in civitas,2,risks lock,1,and degraded,2
recommendation resilient,1,politically damaging,2,in supply,2,the standard,1,scope clarity,2
resilient conditions,1,in narrative,2,waiver cloud,2,standard integrated,1,risk under,2
conditions and,1,rollback from,2,political fallout,2,architecture politically,1,best fit,2
mitigations you,1,a bad,2,go live,2,politically sensitive,1,failover environment,2
should insist,1,especially if,2,what constitutes,2,sensitive given,1,choosing novagrid,2
recommended or,1,measured rto,2,constitutes a,2,given council,1,conditions you,2
decision will,1,managed vs,2,for severity,2,chair stance,1,defensible standards,2
judged on,1,included support,2,uptime mttr,2,stance financially,1,without city,2
on operational,1,becoming a,2,mttr dashboard,2,financially sensitive,1,exit guaranteed,2
management here,1,enforceable exit,2,a central,2,sensitive long,1,remedies schedule,2
important deal,1,and adaptive,2,drill and,2,term time,1,price on,2
deal terms,1,systems using,2,intersections remain,2,chain month,1,commit this,2
terms gates,1,defensible choice,2,strongest defense,2,month rollout,1,change anything,2
gates if,1,external blockers,2,say we,2,rollout and,1,you were,2
recommended add,1,blockers civitas,2,me what,2,controllers have,1,risk from,2
add these,1,civitas meets,2,controllers not,2,have week,1,it if,2
these requirements,1,meets the,2,year preference,2,times manageable,1,the two,2
requirements define,1,the state,2,preference automatically,2,but needs,1,an integrated,2
define modular,1,state dot,2,dependency inside,2,needs early,1,and schedule,2
contract not,1,dot experience,2,window novagrid,2,early ordering,1,toward novagrid,2
not marketing,1,experience preference,2,also triggers,2,ordering discipline,1,would be,2
marketing language,1,gates that,2,triggers essential,2,discipline product,1,mistake if,2
language city,1,and compress,2,stack for,2,product agility,1,are already,2
data signal,1,schedule buffer,2,a similar,2,agility reports,1,decision in,1
signal timing,1,novagrid adds,2,alone but,2,reports of,1,in one,1
and as,1,adds adjustable,2,issue is,2,of slower,1,sentence pick,1
documentation use,1,the proprietary,2,a tightening,2,feature update,1,pick the,1
use of,1,controller supply,2,tightening budget,2,update responsiveness,1,that most,1
of industry,1,weeks is,2,civitas offers,2,responsiveness the,1,most reliably,1
controllers explicitly,1,better availability,2,system because,2,key pivot,1,reliably gets,1
explicitly listed,1,council proof,2,could push,2,pivot civitas,1,gets you,1
listed and,1,these as,2,civitas must,2,option adds,1,support deadline,1
alternates open,1,obligations if,2,must name,2,adds to,1,while minimizing,1
apis documented,1,workflow basics,2,provide lead,2,to base,1,minimizing future,1
documented and,1,spares delivery,2,dates pre,2,base price,1,surprises under,1
at award,1,lowest approval,2,of timing,2,but uses,1,s political,1
award not,1,addresses council,2,logs in,2,controllers reduces,1,political and,1
not roadmap,1,complexity that,2,documented apis,2,chain single,1,constraints what,1
roadmap exit,1,and budget,2,for operational,2,single point,1,s actually,1
exit and,1,it gives,2,days for,2,point risk,1,actually driving,1
competition protections,1,in in,2,payment milestones,2,risk early,1,driving risk,1
components separately,1,more predictable,2,one clean,2,data shows,1,just features,1
separately controllers,1,predictable near,2,to start,2,reduction vs,1,features a,1
software modules,1,avoids civitas,2,predictable operating,2,vs integrated,1,we deliver,1
modules where,1,integrated s,2,an added,2,integrated no,1,deliver in,1
feasible data,1,by using,2,and complexity,2,no reported,1,than rollout,1
export guarantees,1,using the,2,while contractually,2,reported stability,1,months you,1
guarantees formats,1,practice not,2,resilience acceptance,2,stability issues,1,weeks then,1
formats timelines,1,still be,2,fit for,2,issues in,1,then execute,1
timelines optional,1,reporting or,2,the strongest,2,in city,1,execute procurement,1
optional source,1,is proprietary,2,than adjustable,2,city year,1,procurement ordering,1
source code,1,require civitas,2,adjustable cloud,2,year footprint,1,ordering integration,1
code escrow,1,civitas only,2,subscription costs,2,footprint smaller,1,testing field,1
for critical,1,tend to,2,models delivery,2,sample but,1,field cutovers,1
critical components,1,verify now,2,substitutes data,2,not unproven,1,cutovers and,1
components or,1,wrong a,2,logs documented,2,unproven either,1,acceptance civitas,1
least escrow,1,painful upgrades,2,tests including,2,either implication,1,integrated includes,1
for configuration,1,wrong the,2,to test,2,implication civitas,1,includes proprietary,1
configuration binaries,1,contract doesn,2,data access,2,lowest political,1,with week,1
binaries build,1,t allow,2,if lead,2,governance friction,1,times a,1
build artifacts,1,costs are,2,times slip,2,path while,1,a tangible,1
artifacts depending,1,performance is,2,year increases,2,while directly,1,tangible schedule,1
s negotiable,1,and audit,2,validate the,2,directly addressing,1,unless orders,1
negotiable schedule,1,the public,2,be the,2,addressing the,1,orders are,1
controls a,1,clearly wrong,2,plan with,2,in criticism,1,are placed,1
a controller,1,ve learned,2,systemic reliability,2,criticism that,1,placed immediately,1
controller procurement,1,hours practical,2,decisive you,2,could otherwise,1,and buffered,1
with confirmed,1,spare delivery,2,you chose,2,otherwise derail,1,buffered novagrid,1
confirmed lead,1,portability clauses,2,modular partly,2,derail council,1,novagrid advertises,1
the standard,1,tests are,2,partly to,2,council support,1,advertises months,1
propose liquidated,1,insist on,2,decisive it,2,support novagrid,1,rollout which,1
damages or,1,that preserves,2,project plan,2,novagrid solutions,1,which sounds,1
or milestone,1,preserves momentum,2,if any,2,solutions vendor,1,sounds safer,1
acceptance not,1,clean recommendation,2,any of,2,vendor b,1,safer against,1
delivered operational,1,option industry,2,these tripwires,2,b what,1,cliff but,1
operational responsiveness,1,those are,2,that makes,2,buying faster,1,approval doesn,1
responsiveness since,1,risk is,2,option industry,2,months and,1,t stall,1
since clients,1,exposure what,2,best choice,2,and lower,1,stall the,1
updates require,1,early spares,2,best way,2,cost reported,1,project b,1
require bug,1,obligations and,2,provides a,2,reported congestion,1,b governance,1
bug fix,1,pricing acceptance,2,the required,2,congestion metric,1,governance gates,1
fix sla,1,change the,2,down safe,2,metric improvement,1,gates can,1
sla severity,1,this offer,2,the price,2,improvement in,1,can dominate,1
severity based,1,toward the,2,otherwise you,2,in current,1,dominate schedule,1
based response,1,even at,2,at a,2,current deployments,1,schedule state,1
times a,1,the configuration,2,matched price,2,deployments a,1,preference years,1
defined enhancement,1,a discount,2,would not,2,modular posture,1,years civitas,1
enhancement process,1,commit this,2,without these,2,posture overall,1,civitas fits,1
and annual,1,terms must,2,api interface,2,overall though,1,fits cleanly,1
annual roadmap,1,formats transition,2,to modular,2,though central,1,cleanly novagrid,1
roadmap review,1,assistance defined,2,change my,2,software still,1,novagrid years,1
small pool,1,have written,2,when choosing,2,proprietary components,1,years likely,1
pool of,1,match is,2,novagrid would,2,components primary,1,likely needs,1
of funded,1,civitas won,2,cloud wan,2,risks cloud,1,exception narrative,1
funded change,1,is exactly,2,more likely,2,cloud requirement,1,narrative doable,1
change requests,1,to include,2,enough to,2,requirement essential,1,doable but,1
requests with,1,leaning novagrid,2,final position,2,infrastructure classification,1,consumes time,1
with capped,1,novagrid might,2,do not,2,classification your,1,political bandwidth,1
capped rates,1,negotiables to,2,not select,2,your it,1,bandwidth city,1
rates validate,1,rpo and,2,decision in,1,policy allows,1,cloud case,1
the maintenance,1,frame the,1,one frame,1,allows cloud,1,s required,1
maintenance reduction,1,decision around,1,frame gates,1,for non,1,required cloud,1
reduction claim,1,around what,1,gates first,1,non critical,1,hosted central,1
claim require,1,can fail,1,then optimization,1,critical systems,1,gate if,1
a transparent,1,fail not,1,optimization because,1,systems but,1,if this,1
transparent maintenance,1,not what,1,have hard,1,but signals,1,this review,1
and references,1,what looks,1,hard time,1,infrastructure needing,1,is slow,1
references from,1,looks best,1,time constraints,1,needing case,1,or results,1
cities specifically,1,best on,1,constraints vendor,1,that review,1,results in,1
on staffing,1,paper given,1,vendor selection,1,review can,1,in constraints,1
staffing time,1,the timelines,1,selection in,1,be quick,1,constraints novagrid,1
repair if,1,timelines the,1,weeks existing,1,quick or,1,t meet,1
want novagrid,1,biggest practical,1,existing system,1,or it,1,meet you,1
a serious,1,practical risk,1,system loses,1,can expand,1,lose precious,1
serious contender,1,t which,1,loses support,1,expand into,1,precious weeks,1
contender treat,1,which algorithm,1,support in,1,into security,1,and may,1
treat these,1,is better,1,months the,1,security architecture,1,be forced,1
these as,1,better it,1,right structure,1,architecture demands,1,forced into,1
as gating,1,s what,1,structure is,1,demands procurement,1,pivot c,1
items cloud,1,could derail,1,is pass,1,procurement amendments,1,c lock,1
hosting approval,1,derail implementation,1,can derail,1,amendments and,1,first order,1
approval before,1,implementation or,1,derail schedule,1,governance escalations,1,order political,1
award get,1,or create,1,or approvals,1,escalations dot,1,political constraint,1
written determination,1,create an,1,approvals even,1,preference friction,1,constraint mayor,1
determination from,1,an unmanageable,1,the product,1,friction years,1,prior positive,1
from whoever,1,unmanageable long,1,product is,1,years since,1,positive mention,1
whoever authorizes,1,dependency your,1,is good,1,since founding,1,mention of,1
authorizes essential,1,your two,1,good then,1,founding waivers,1,civitas helps,1
exceptions require,1,two schedule,1,then compare,1,possible but,1,helps civitas,1
a security,1,breakers are,1,compare cost,1,but waivers,1,civitas council,1
architecture review,1,are governance,1,cost performance,1,waivers add,1,council budget,1
review incident,1,governance approval,1,and flexibility,1,add process,1,chair has,1
response plan,1,delays especially,1,flexibility among,1,process and,1,has criticized,1
and cyber,1,especially essential,1,among the,1,this exception,1,criticized lock,1
cyber insurance,1,novagrid supply,1,the options,1,exception long,1,in that,1
insurance evidence,1,dependency lock,1,options that,1,term continuity,1,that hurts,1
evidence clarify,1,in especially,1,that clear,1,continuity venture,1,hurts civitas,1
clarify fail,1,especially proprietary,1,clear the,1,ownership less,1,integrated most,1
if cloud,1,and high,1,the gates,1,certain not,1,most civitas,1
connectivity is,1,architecture a,1,gates this,1,not inherently,1,is specifically,1
is lost,1,good recommendation,1,this prevents,1,inherently negative,1,specifically aligned,1
lost signals,1,should therefore,1,prevents a,1,negative but,1,defuse this,1
signals must,1,therefore optimize,1,a common,1,increases probability,1,this political,1
must operate,1,for probability,1,common failure,1,probability of,1,vendor by,1
safely in,1,probability of,1,mode selecting,1,of acquisition,1,vendor assessment,1
in isolated,1,of on,1,system on,1,acquisition or,1,assessment what,1
isolated mode,1,time supportable,1,paper that,1,or pricing,1,you gain,1
mode cost,1,supportable cutover,1,that later,1,pricing roadmap,1,gain vs,1
cost containment,1,cutover before,1,later stalls,1,roadmap changes,1,can go,1
containment put,1,support end,1,stalls in,1,changes less,1,wrong vendor,1
put guardrails,1,end ability,1,in approvals,1,term evidence,1,a civitas,1
guardrails on,1,operate during,1,approvals procurement,1,under rare,1,civitas best,1
90k annual,1,events outages,1,procurement amendments,1,rare stressors,1,choose maturity,1
fee cap,1,outages construction,1,amendments or,1,stressors major,1,predictability years,1
increases cpi,1,construction exit,1,or infrastructure,1,events widespread,1,cities regulatory,1
cpi cap,1,exit substitution,1,classification reviews,1,widespread comms,1,regulatory alignment,1
cap or,1,substitution options,1,reviews pass,1,outages emergency,1,alignment minimizes,1
vs billable,1,options to,1,gates what,1,plans implication,1,minimizes waiver,1
billable continuity,1,avoid another,1,can actually,1,implication novagrid,1,friction for,1
continuity ownership,1,another lock,1,actually stop,1,a great,1,integration budget,1
ownership risk,1,in story,1,stop you,1,great fit,1,stability year,1
risk change,1,story side,1,gate a,1,fit if,1,and appears,1
to terminate,1,side by,1,s biggest,1,can rapidly,1,appears to,1
terminate price,1,by side,1,biggest gate,1,rapidly eliminate,1,reduce maintenance,1
price hold,1,side what,1,gate novagrid,1,biggest uncertainty,1,maintenance early,1
hold support,1,re really,1,management your,1,uncertainty the,1,early reduction,1
if acquired,1,really buying,1,policy cloud,1,any dot,1,integrated main,1
acquired escrow,1,buying and,1,cloud allowed,1,needs the,1,concerns integrated,1
escrow or,1,re risking,1,allowed for,1,the killer,1,architecture lock,1
or contingency,1,risking vendor,1,for non,1,risks vs,1,in expensive,1
contingency access,1,vendor a,1,non critical,1,vs manageable,1,expensive to,1
access if,1,a civitas,1,critical systems,1,risks practical,1,change later,1
vendor fails,1,civitas what,1,systems traffic,1,practical sorting,1,later politically,1
fails at,1,buying strong,1,case review,1,sorting this,1,exposed supply,1
minimum configuration,1,strong operational,1,review if,1,the fastest,1,chain proprietary,1
export local,1,cities aligned,1,that review,1,fastest way,1,controllers have,1
local fallback,1,integration price,1,uncertain in,1,defensible recommendation,1,have week,1
fallback operations,1,price predictability,1,in timeline,1,recommendation potential,1,times integrated,1
practical week,1,predictability via,1,timeline outcome,1,potential killer,1,integrated option,1
decision path,1,via year,1,of price,1,can break,1,option slower,1
path so,1,support lock,1,price or,1,break schedule,1,slower feature,1
can defend,1,lock lower,1,or reported,1,schedule or,1,updates likely,1
defend the,1,lower novelty,1,performance what,1,or approval,1,likely not,1
outcome week,1,novelty risk,1,demand immediately,1,novagrid essential,1,a go,1
week confirm,1,risk proven,1,immediately within,1,hosting not,1,go live,1
confirm gating,1,proven algorithms,1,within weeks,1,not approved,1,live risk,1
gating constraints,1,algorithms longer,1,weeks written,1,approved in,1,risk but,1
constraints cloud,1,longer field,1,written statement,1,writing early,1,but can,1
policy ruling,1,field history,1,statement from,1,early novagrid,1,reduce satisfaction,1
ruling timeline,1,history key,1,from city,1,novagrid dot,1,satisfaction over,1
timeline if,1,risks integrated,1,the likelihood,1,dot highway,1,years how,1
remains in,1,architecture lock,1,likelihood and,1,integration waiver,1,how the,1
play confirm,1,in high,1,of approval,1,waiver becomes,1,option changes,1
confirm controller,1,cost slower,1,approval novagrid,1,becomes contentious,1,profile uses,1
modular not,1,months proprietary,1,novagrid documentation,1,contentious or,1,controllers reduces,1
integrated week,1,weeks creates,1,documentation architecture,1,or documentation,1,reduces hardware,1
week total,1,creates a,1,architecture cybersecurity,1,documentation heavy,1,procurement fragility,1
weighted cost,1,path dependency,1,cybersecurity controls,1,heavy civitas,1,fragility still,1
cost build,1,dependency for,1,controls identity,1,integrated lock,1,still newer,1
model with,1,system slower,1,identity access,1,in becomes,1,newer than,1
with upfront,1,responsiveness could,1,access audit,1,political blocker,1,legacy architecture,1
cost year,1,could matter,1,logs incident,1,blocker very,1,architecture years,1
year operating,1,matter if,1,uptime history,1,very plausible,1,cities but,1
cost maintenance,1,you anticipate,1,how the,1,plausible given,1,issues so,1
support cloud,1,anticipate rapid,1,system behaves,1,given stated,1,far vendor,1
with escalation,1,rapid policy,1,behaves during,1,stated council,1,vendor b,1
scenarios staffing,1,policy program,1,during cloud,1,dynamics civitas,1,b novagrid,1
staffing impacts,1,program changes,1,cloud or,1,times cause,1,novagrid best,1
impacts risk,1,changes civitas,1,or network,1,cause cascading,1,choose speed,1
risk adjusted,1,option important,1,network loss,1,cascading schedule,1,speed months,1
adjusted adders,1,important standard,1,loss local,1,schedule slip,1,rollout creating,1
adders for,1,controllers reduces,1,local failover,1,slip if,1,creating buffer,1
approval uncertainty,1,procurement fragility,1,gate b,1,if ordering,1,cliff cost,1
uncertainty supply,1,fragility early,1,b dot,1,ordering waits,1,cost lower,1
viability lock,1,data suggests,1,waiver risk,1,waits for,1,upfront price,1
cost to,1,suggests lower,1,s second,1,for late,1,price demonstrated,1
switch week,1,costs vs,1,second gate,1,late milestones,1,demonstrated operational,1
week reference,1,system only,1,dot prefers,1,milestones manageable,1,operational improvement,1
checks that,1,years city,1,prefers years,1,be contracted,1,improvement congestion,1
match your,1,city history,1,years operational,1,contracted or,1,congestion metric,1
your risk,1,less mature,1,history for,1,or engineered,1,metric improvement,1
risk call,1,mature than,1,integration waivers,1,engineered down,1,improvement reported,1
call cities,1,than their,1,waivers possible,1,down civitas,1,reported in,1
cities that,1,their core,1,possible with,1,updates mitigate,1,in deployments,1
that use,1,platform but,1,with comparable,1,with slas,1,deployments modular,1
use civitas,1,not unproven,1,comparable documented,1,slas roadmap,1,modular design,1
modular all,1,unproven net,1,documented performance,1,roadmap governance,1,design easier,1
all if,1,net civitas,1,performance novagrid,1,and defined,1,easier to,1
possible and,1,a meaningful,1,old approval,1,defined change,1,extend replace,1
about stability,1,meaningful attempt,1,approval might,1,process novagrid,1,components though,1
staffing parts,1,to solve,1,be fine,1,novagrid vendor,1,though central,1
and upgrade,1,concern while,1,fine but,1,continuity mitigate,1,software remains,1
pain call,1,the benefits,1,but if,1,with termination,1,remains partly,1
call novagrid,1,benefits of,1,package it,1,rights escrow,1,partly proprietary,1
novagrid cities,1,vendor vendor,1,adds time,1,escrow where,1,proprietary main,1
about outages,1,vendor b,1,and uncertainty,1,feasible data,1,concerns cloud,1
outages cloud,1,b novagrid,1,uncertainty action,1,guarantees and,1,cloud required,1
connectivity issues,1,novagrid what,1,action ask,1,and fee,1,infrastructure system,1
issues incident,1,buying faster,1,liaison now,1,caps risk,1,system highest,1
handling and,1,months and,1,now if,1,risk reduced,1,highest gating,1
performance during,1,cost modular,1,if we,1,reduced not,1,risk recurring,1
major events,1,design reported,1,we choose,1,not eliminated,1,90k year,1
events week,1,references so,1,what documentation,1,eliminated limited,1,year base,1
week best,1,far modern,1,long does,1,limited rare,1,base adjustable,1
best and,1,modern product,1,it typically,1,rare event,1,adjustable annually,1
and final,1,product velocity,1,typically take,1,event history,1,annually long,1
final negotiations,1,velocity likely,1,take gate,1,history mitigate,1,exposure shorter,1
negotiations civitas,1,likely higher,1,gate c,1,mitigate via,1,shorter track,1
modular defined,1,higher key,1,c supply,1,via acceptance,1,in stress,1
defined exit,1,management clashes,1,chain deployment,1,testing fail,1,stress conditions,1
protections schedule,1,clashes with,1,integrated vs,1,operations tabletop,1,conditions major,1
commitments slas,1,infrastructure classification,1,vs modular,1,tabletop drills,1,major infrastructure,1
slas milestone,1,classification case,1,modular civitas,1,drills and,1,infrastructure events,1
payments novagrid,1,risk shorter,1,system uses,1,and local,1,events ownership,1
approval evidence,1,shorter operational,1,times that,1,modes recommendation,1,uncertainty venture,1
evidence fee,1,preference waiver,1,threaten the,1,recommendation a,1,backed acquisition,1
escalation caps,1,waiver may,1,schedule civitas,1,preserves schedule,1,acquisition strategy,1
protections week,1,be needed,1,option uses,1,political viability,1,changes can,1
decision memo,1,integration venture,1,uses industry,1,viability recommended,1,create future,1
memo built,1,ownership introduces,1,controllers which,1,recommended selection,1,future risk,1
built around,1,introduces continuity,1,which could,1,selection path,1,contractually controlled,1
around constraints,1,continuity exit,1,could materially,1,robust choice,1,controlled recommendation,1
constraints write,1,exit risk,1,reduce supply,1,choice under,1,recommendation a,1
write it,1,risk acquisition,1,they are,1,under foreseeable,1,a primary,1
it so,1,acquisition product,1,are actually,1,foreseeable change,1,primary path,1
it answers,1,product shifts,1,actually available,1,change because,1,path a,1
answers how,1,changes less,1,available and,1,aligns cleanly,1,alternative default,1
how does,1,term evidence,1,not effectively,1,cleanly with,1,this best,1
does this,1,evidence during,1,effectively single,1,dot operational,1,best balances,1
this choice,1,major infrastructure,1,single sourced,1,history preference,1,balances lowest,1
choice minimize,1,infrastructure events,1,sourced in,1,preference reduces,1,approval regulatory,1
minimize operational,1,events resilience,1,practice action,1,waiver friction,1,friction reduced,1
budget realities,1,resilience unknowns,1,action require,1,friction gives,1,in addresses,1
realities bottom,1,unknowns net,1,to specify,1,gives a,1,addresses council,1
line most,1,net novagrid,1,specify exact,1,strong answer,1,council chair,1
defensible choice,1,s technical,1,dates or,1,s anti,1,concern more,1
option negotiated,1,technical promise,1,or approved,1,stance standard,1,stable long,1
negotiated with,1,biggest risks,1,substitutes contractually,1,controllers avoids,1,term budgeting,1
explicit modular,1,are institutional,1,contractually if,1,uncertain approval,1,lock less,1
terms and,1,institutional hosting,1,if both,1,approval gate,1,less single,1
schedule guarantees,1,approval continuity,1,both clear,1,exception offers,1,single point,1
guarantees why,1,continuity not,1,gates compare,1,offers predictable,1,point supply,1
preference avoids,1,not engineering,1,compare long,1,predictable opex,1,integrated because,1
a potentially,1,engineering capability,1,run posture,1,opex year,1,because standard,1
potentially project,1,capability recommendation,1,posture lock,1,maintenance why,1,controllers in,1
project killing,1,recommendation choose,1,in cost,1,integrated because,1,in plain,1
killing cloud,1,but steer,1,volatility continuity,1,creates your,1,plain terms,1
approval issue,1,steer it,1,continuity lock,1,most avoidable,1,terms civitas,1
issue addresses,1,it toward,1,integrated clearly,1,avoidable political,1,safer governance,1
concerns if,1,toward low,1,clearly high,1,political vulnerability,1,governance lifecycle,1
and fits,1,low lock,1,high lock,1,vulnerability lock,1,lifecycle play,1
existing political,1,in primary,1,in switching,1,adds supply,1,play even,1
political context,1,primary recommendation,1,switching later,1,chain dependency,1,cheapest conditional,1
context while,1,with specific,1,later is,1,controllers conditional,1,two gates,1
keeping long,1,specific contractual,1,is costly,1,if budget,1,close quickly,1
risk lower,1,contractual technical,1,costly civitas,1,budget forces,1,quickly proceed,1
lower if,1,technical gates,1,modular materially,1,forces it,1,proceed with,1
decision matrix,1,gates this,1,materially better,1,it novagrid,1,if within,1
matrix criteria,1,this path,1,better standard,1,gated if,1,window you,1
criteria weights,1,best fits,1,but still,1,city cannot,1,can obtain,1
weights scores,1,the combined,1,still validate,1,cannot absorb,1,obtain a,1
scores and,1,combined reality,1,validate software,1,absorb civitas,1,clear written,1
a draft,1,reality of,1,data openness,1,modular s,1,written path,1
draft award,1,of dot,1,openness novagrid,1,s additional,1,review including,1
award recommendation,1,preference essential,1,novagrid modular,1,additional capex,1,including security,1
recommendation memo,1,infrastructure governance,1,modular design,1,capex novagrid,1,security resilience,1
memo outline,1,governance political,1,design helps,1,be rational,1,and strong,1
outline tailored,1,run maintainability,1,but central,1,rational but,1,controls on,1
tailored to,1,maintainability why,1,management has,1,if two,1,cloud price,1
council mayor,1,most robust,1,has proprietary,1,two gates,1,price growth,1
mayor dynamics,1,robust choice,1,components and,1,gates are,1,growth continuity,1
dynamics to,1,choice lowest,1,cloud requirement,1,are cleared,1,continuity under,1
get council,1,lowest external,1,requirement can,1,quickly enough,1,under change,1
council approval,1,approval friction,1,a de,1,to protect,1,control data,1
approval while,1,friction civitas,1,de facto,1,protect the,1,either is,1
still making,1,civitas long,1,facto lock,1,schedule gate,1,uncertain novagrid,1
making a,1,long operating,1,in data,1,gate must,1,risk despite,1
clear recommendation,1,history likely,1,gravity hosting,1,must clear,1,rollout contract,1
a anchor,1,likely makes,1,hosting dependency,1,fast written,1,to demand,1
anchor the,1,makes dot,1,dependency what,1,path not,1,demand to,1
decision in,1,dot coordination,1,in either,1,a verbal,1,prevent regret,1
in objective,1,coordination simpler,1,either contract,1,verbal should,1,regret later,1
objective auditable,1,simpler contains,1,contract non,1,be fine,1,later these,1
auditable criteria,1,contains lock,1,negotiable if,1,fine a,1,the must,1
criteria tied,1,controllers modular,1,if lock,1,a documented,1,must haves,1
to city,1,architecture directly,1,is politically,1,documented security,1,haves that,1
city policy,1,directly answers,1,politically sensitive,1,security risk,1,that convert,1
risk b,1,answers the,1,sensitive data,1,acceptance or,1,convert a,1
b show,1,stated concern,1,of configurations,1,a specific,1,good proposal,1
you actively,1,concern reduces,1,configurations timing,1,specific controls,1,proposal into,1
actively mitigated,1,integrated less,1,standard formats,1,controls checklist,1,a robust,1
mitigated the,1,less dependence,1,formats published,1,checklist with,1,robust outcome,1
the hot,1,dependence on,1,published apis,1,a committed,1,modular controller,1
hot button,1,times operating,1,integration documentation,1,committed timeline,1,commitment explicit,1
button concerns,1,operating budget,1,no future,1,timeline gate,1,explicit models,1
concerns lock,1,budget stability,1,future paywall,1,gate dot,1,transition clause,1
in cloud,1,stability year,1,paywall for,1,integration triggers,1,clause predefined,1
cloud cost,1,valuable two,1,for access,1,triggers the,1,predefined data,1
c make,1,two must,1,migration cost,1,the preference,1,access and,1
the choice,1,confirm items,1,upfront and,1,preference written,1,and priced,1
choice look,1,items before,1,more if,1,written guidance,1,assistance acceptance,1
regrets path,1,before final,1,modular but,1,guidance on,1,testing objective,1
path under,1,final award,1,but offers,1,on whether,1,objective performance,1
under schedule,1,or as,1,upfront but,1,s comparable,1,performance reliability,1
schedule pressure,1,contingencies controller,1,recurring 90k,1,comparable deployments,1,reliability metrics,1
pressure not,1,substitution confirm,1,adjustment cost,1,deployments qualify,1,uptime comms,1
preference pick,1,and formally,1,volatility contract,1,qualify and,1,loss tolerance,1
pick below,1,formally allow,1,contract control,1,required if,1,tolerance detector,1
practical way,1,allow pre,1,control for,1,either gate,1,health progression,1
to structure,1,equivalents to,1,if chosen,1,not cleared,1,progression travel,1
structure this,1,prevent a,1,chosen cap,1,cleared by,1,travel time,1
this so,1,supplier from,1,increases e,1,by week,1,time kpis,1
can confidently,1,from owning,1,g cpi,1,week you,1,kpis schedule,1
confidently recommend,1,owning your,1,linked and,1,you pivot,1,remedies service,1
and withstand,1,your schedule,1,define what,1,pivot to,1,for late,1
withstand scrutiny,1,schedule evidence,1,included storage,1,modular what,1,late delivery,1
scrutiny frame,1,evidence from,1,storage support,1,to negotiate,1,delivery spare,1
frame the,1,deployments obtain,1,tiers data,1,negotiate so,1,times minimum,1
decision the,1,obtain a,1,egress security,1,stays good,1,procurement commitments,1
the way,1,a the,1,features vendor,1,good over,1,commitments if,1
way council,1,the cities,1,longer steadier,1,time if,1,cap cpi,1
will evaluate,1,cities b,1,steadier operating,1,choosing civitas,1,cpi linked,1
evaluate it,1,b outage,1,backed acquisition,1,modular ask,1,linked cap,1
it council,1,outage patch,1,acquisition strategy,1,for controller,1,for years,1
council review,1,patch history,1,strategy change,1,supply plan,1,years no,1
review usually,1,history c,1,change risk,1,plan which,1,no unilateral,1
usually turns,1,c maintenance,1,is higher,1,which controller,1,unilateral price,1
turns on,1,cost breakdowns,1,higher not,1,availability expected,1,price changes,1
on four,1,breakdowns and,1,disqualifier but,1,expected lead,1,changes resilience,1
four questions,1,and d,1,should mitigate,1,spares strategy,1,requirements explicit,1
questions are,1,d reference,1,mitigate mitigations,1,strategy exit,1,explicit uptime,1
taking on,1,and upgrade,1,mitigations escrow,1,exit and,1,uptime sla,1
on avoidable,1,upgrade stability,1,escrow for,1,interoperability commitments,1,sla rto,1
avoidable risk,1,stability if,1,for critical,1,commitments city,1,unreachable local,1
risk safety,1,t satisfy,1,critical artifacts,1,of configs,1,local failover,1
safety reliability,1,satisfy these,1,artifacts where,1,configs and,1,failover plans,1
reliability cybersecurity,1,these cleanly,1,where feasible,1,and timing,1,plans data,1
cybersecurity schedule,1,cleanly the,1,feasible acquisition,1,plans documented,1,data ownership,1
schedule are,1,the advantage,1,acquisition change,1,documented export,1,ownership and,1
we locking,1,advantage narrows,1,protections and,1,export formats,1,portability continuous,1
locking ourselves,1,narrows and,1,and explicit,1,integration documentation,1,continuous export,1
ourselves in,1,more competitive,1,explicit service,1,documentation predefined,1,export documented,1
in again,1,competitive if,1,service continuity,1,predefined transition,1,apis no,1
again especially,1,if leadership,1,continuity obligations,1,rates responsiveness,1,protections termination,1
especially given,1,leadership insists,1,obligations performance,1,responsiveness slas,1,termination step,1
your budget,1,insists on,1,and resilience,1,slas to,1,step in,1
this fiscally,1,it novagrid,1,resilience don,1,address slower,1,in rights,1
fiscally responsible,1,be selected,1,t overweight,1,updates response,1,rights escrow,1
responsible over,1,selected but,1,overweight improvement,1,response restore,1,escrow continuity,1
the full,1,you remove,1,improvement without,1,restore targets,1,continuity arrangements,1
full lifecycle,1,remove the,1,without context,1,targets cadence,1,arrangements for,1
just upfront,1,the two,1,context novagrid,1,cadence for,1,for critical,1
upfront was,1,two biggest,1,novagrid reports,1,for roadmap,1,critical software,1
was the,1,biggest unknown,1,reports congestion,1,roadmap review,1,software security,1
the process,1,unknown unknowns,1,improvements in,1,review change,1,artifacts required,1
process fair,1,unknowns a,1,in deployments,1,process with,1,required documentation,1
fair and,1,approval must,1,deployments that,1,with time,1,documentation aligned,1
documented to,1,must become,1,s useful,1,cost transparency,1,s essential,1
prevent protests,1,a gated,1,useful but,1,transparency reference,1,infrastructure review,1
protests and,1,gated milestone,1,should confirm,1,checks specific,1,timelines for,1
political blowback,1,milestone not,1,what metrics,1,specific to,1,for review,1
blowback so,1,a hope,1,metrics delay,1,just civitas,1,review a,1
so your,1,hope before,1,delay travel,1,overall stability,1,can actually,1
should read,1,or via,1,time throughput,1,maintenance experience,1,actually decide,1
read like,1,via a,1,throughput reliability,1,any integration,1,decide on,1
like given,1,hard contingency,1,reliability measured,1,pain if,1,week identify,1
schedule civitas,1,contingency in,1,measured where,1,choosing novagrid,1,identify gating,1
overall risk,1,contract require,1,where for,1,novagrid insist,1,gating decisions,1
and best,1,written concurrence,1,long baseline,1,insist on,1,decisions it,1
best protects,1,concurrence from,1,baseline conditions,1,governance package,1,security what,1
s long,1,infrastructure reviewer,1,conditions before,1,package suitable,1,the fastest,1
leverage use,1,reviewer or,1,after confounders,1,suitable for,1,fastest realistic,1
ready scoring,1,defined approval,1,confounders like,1,infrastructure uptime,1,evidence is,1
and don,1,controls require,1,like construction,1,uptime sla,1,is required,1
over index,1,a compliant,1,construction or,1,sla penalties,1,required dot,1
index cost,1,compliant hosting,1,or demand,1,penalties incident,1,dot would,1
cost a,1,hosting design,1,demand changes,1,cadence encryption,1,would novagrid,1
simple weighted,1,design e,1,changes whether,1,encryption access,1,novagrid need,1
matrix is,1,g dedicated,1,whether benefits,1,controls logging,1,need a,1
your friend,1,dedicated environment,1,benefits persist,1,logging audit,1,waiver for,1
friend because,1,environment strict,1,persist after,1,audit rights,1,does it,1
shows you,1,strict network,1,after novelty,1,rights rto,1,it take,1
t pick,1,segmentation audited,1,novelty period,1,and backup,1,take week,1
a favorite,1,audited logging,1,period and,1,backup restore,1,checks civitas,1
favorite example,1,logging dr,1,and across,1,restore testing,1,modular call,1
example categories,1,testing ensure,1,across seasons,1,testing cost,1,call of,1
categories and,1,ensure intersection,1,seasons events,1,cost control,1,cities maintenance,1
and suggested,1,operations remain,1,events also,1,control for,1,burden controller,1
suggested weights,1,safe under,1,the bigger,1,fee cap,1,procurement update,1
weights operational,1,under central,1,bigger operational,1,annual increases,1,update cadence,1
resilience compliance,1,degradation local,1,is behavior,1,fixed escalator,1,cadence novagrid,1
compliance policy,1,local fallback,1,during abnormal,1,escalator define,1,novagrid call,1
fit dot,1,fallback plans,1,abnormal conditions,1,what services,1,call cities,1
dot history,1,plans timing,1,conditions major,1,services are,1,cities cloud,1
history hosting,1,plans fail,1,construction special,1,included vs,1,cloud outages,1
hosting constraints,1,if approval,1,events comms,1,vs add,1,outages experience,1
constraints lifecycle,1,timing is,1,outages novagrid,1,add ons,1,experience annual,1
cost price,1,uncertain novagrid,1,novagrid explicitly,1,ons continuity,1,fee changes,1
year schedule,1,s faster,1,explicitly has,1,continuity protections,1,changes incident,1
schedule deliverability,1,rollout can,1,has less,1,protections termination,1,response during,1
staffing avoiding,1,can evaporate,1,evidence here,1,termination for,1,during disruptions,1
options vendor,1,evaporate b,1,here so,1,for convenience,1,disruptions week,1
viability support,1,b continuity,1,so require,1,convenience terms,1,week force,1
support responsiveness,1,continuity and,1,require scenario,1,guarantees in,1,force comparable,1
responsiveness then,1,cost containment,1,scenario based,1,formats escrow,1,comparable pricing,1
then show,1,containment terms,1,based demonstrations,1,escrow continuity,1,and terms,1
show scores,1,terms non,1,demonstrations and,1,continuity provisions,1,terms ask,1
scores for,1,optional fee,1,checks focused,1,provisions where,1,model upfront,1
likely loses,1,cap on,1,on those,1,feasible acquisition,1,upfront annual,1
loses on,1,fee fixed,1,those situations,1,acquisition change,1,hosting upgrades,1
on lock,1,fixed or,1,situations recommendation,1,control clauses,1,upgrades staff,1
modular likely,1,or cpi,1,recommendation most,1,clauses fail,1,staff training,1
likely strongest,1,cpi based,1,most robust,1,operations clearly,1,training price,1
strongest overall,1,based change,1,constraints recommended,1,defined local,1,price adjustment,1
overall novagrid,1,protections termination,1,recommended selection,1,is disrupted,1,adjustment rules,1
novagrid strong,1,rights transition,1,selection civitas,1,disrupted a,1,rules slas,1
strong on,1,assistance if,1,on validation,1,a feasible,1,slas credits,1
claims weaker,1,if acquired,1,and specific,1,feasible week,1,tests exit,1
weaker on,1,acquired data,1,terms this,1,decision workflow,1,costs week,1
on hosting,1,portability interface,1,this best,1,workflow so,1,week make,1
run predictability,1,interface rights,1,the combination,1,can actually,1,defensible decision,1
predictability this,1,rights export,1,combination of,1,actually land,1,decision artifact,1
you say,1,in usable,1,of dot,1,land this,1,artifact build,1
we didn,1,usable formats,1,preference lowest,1,week confirm,1,build a,1
t choose,1,formats documented,1,lowest waiver,1,confirm non,1,short scorecard,1
default we,1,documented apis,1,infrastructure constraints,1,negotiables is,1,scorecard schedule,1
best addresses,1,apis consider,1,constraints no,1,is highway,1,schedule certainty,1
concern while,1,consider escrow,1,no forced,1,integration in,1,friction lifecycle,1
and infrastructure,1,escrow continuity,1,forced cloud,1,politically important,1,lifecycle lock,1
recommendation conditional,1,continuity arrangements,1,path political,1,s tolerance,1,maturity run,1
conditional in,1,arrangements for,1,political need,1,tolerance for,1,a sensitivity,1
a way,1,components at,1,answer schedule,1,hosting and,1,check if,1
way that,1,at minimum,1,risk reduction,1,signs risk,1,approval takes,1
increases confidence,1,minimum enough,1,reduction avoid,1,acceptance week,1,weeks does,1
confidence you,1,enough documentation,1,avoid proprietary,1,week time,1,does novagrid,1
can recommend,1,documentation tools,1,times two,1,boxed due,1,still work,1
modular subject,1,tools to,1,two validation,1,diligence civitas,1,no that,1
to specific,1,operate through,1,validation items,1,architecture controller,1,s decisive,1
contract commitments,1,through a,1,items before,1,sourcing modular,1,decisive weeks,1
commitments council,1,a transition,1,award modular,1,modular references,1,weeks negotiate,1
council likes,1,transition a,1,modular controller,1,references novagrid,1,negotiate hard,1
likes this,1,practical week,1,times named,1,novagrid initiate,1,hard on,1
this because,1,decision plan,1,models procurement,1,initiate formal,1,risks civitas,1
shows governance,1,plan built,1,procurement path,1,formal cloud,1,modular commitments,1
and leverage,1,built for,1,path substitutions,1,review request,1,commitments exit,1
leverage recommendation,1,for defensibility,1,substitutions reference,1,request security,1,transition schedule,1
recommendation structure,1,defensibility week,1,least of,1,security documentation,1,protections novagrid,1
structure recommend,1,week define,1,uptime maintenance,1,documentation and,1,approval fee,1
using the,1,define non,1,cost reality,1,terms week,1,protections what,1
option contingent,1,negotiables pages,1,reality and,1,week targeted,1,would present,1
upon documented,1,pages hosting,1,and update,1,calls civitas,1,present to,1
documented modularity,1,hosting requirements,1,cadence key,1,civitas cities,1,leadership clear,1
modularity and,1,infrastructure controller,1,key contract,1,cities using,1,and politically,1
interoperability deliverables,1,standards compatibility,1,terms to,1,option novagrid,1,politically legible,1
deliverables standard,1,compatibility and,1,protect you,1,that experienced,1,legible recommendation,1
controllers open,1,and spare,1,you open,1,experienced disruptions,1,modular safer,1
interfaces data,1,strategy slas,1,open data,1,disruptions construction,1,safer delivery,1
export schedule,1,slas cyber,1,access commitments,1,season comms,1,delivery approval,1
commitments with,1,cyber requirements,1,commitments slas,1,outages special,1,approval addresses,1
with milestone,1,requirements incident,1,for system,1,events week,1,rationale minimizes,1
payments hard,1,operations offline,1,system availability,1,week risk,1,minimizes governance,1
commitments on,1,offline behavior,1,response defined,1,adjusted year,1,and deadline,1
support costs,1,behavior week,1,defined patch,1,cost view,1,deadline risk,1
costs use,1,week architecture,1,security maintenance,1,view capex,1,risk reduces,1
use their,1,architecture schedule,1,maintenance delivery,1,capex rollout,1,reduces future,1
lock service,1,schedule workshops,1,schedule commitments,1,rollout maintenance,1,in stabilizes,1
service level,1,workshops one,1,commitments with,1,hosting fees,1,stabilizes budgeting,1
level requirements,1,one per,1,remedies governance,1,fees expected,1,budgeting contingency,1
requirements response,1,per vendor,1,on feature,1,expected escalators,1,contingency novagrid,1
times severity,1,vendor force,1,feature requests,1,escalators switching,1,two quick,1
severity levels,1,force a,1,requests even,1,switching migration,1,quick clarifying,1
levels patch,1,path procurement,1,is slower,1,migration scenario,1,clarifying questions,1
timelines this,1,times permitting,1,slower you,1,scenario costs,1,questions to,1
this turns,1,permitting traffic,1,can formalize,1,costs add,1,the final,1
turns the,1,control staffing,1,formalize response,1,add a,1,call is,1
the vote,1,assumptions request,1,times when,1,reserve line,1,integration in,1
vote from,1,a bill,1,the better,1,line item,1,scope on,1
from trust,1,bill of,1,better choice,1,item especially,1,on day,1
trust the,1,of materials,1,choice pick,1,especially for,1,one or,1
vendor into,1,materials and,1,pick novagrid,1,exception uncertainty,1,phase historically,1
into approve,1,and dependencies,1,if and,1,uncertainty week,1,historically how,1
approve a,1,dependencies list,1,and only,1,week negotiation,1,does your,1
a controlled,1,list week,1,security confirms,1,negotiation sprint,1,security case,1
controlled risk,1,week targeted,1,confirms cloud,1,sprint push,1,case cloud,1
risk posture,1,modular upgrade,1,approval for,1,push contract,1,review take,1
posture pre,1,cadence downtime,1,infrastructure is,1,optionality data,1,take for,1
pre wire,1,downtime controller,1,achievable on,1,ownership exit,1,essential systems,1
wire the,1,availability real,1,novagrid accepts,1,exit slas,1,systems weeks,1
two predictable,1,costs novagrid,1,accepts hard,1,slas fee,1,months what,1
predictable council,1,novagrid cloud,1,hard commercial,1,caps week,1,your role,1
council objections,1,dr experience,1,caps data,1,decision memo,1,role requires,1
objections and,1,experience billing,1,portability continuity,1,memo make,1,a recommendation,1
and your,1,changes response,1,continuity provisions,1,political logic,1,recommendation council,1
your answers,1,response during,1,provisions offline,1,logic explicit,1,approve since,1
answers objection,1,during emergencies,1,safe operations,1,explicit we,1,since council,1
objection a,1,emergencies construction,1,operations a,1,chose open,1,council will,1
chair this,1,construction week,1,concrete week,1,or we,1,will review,1
is vendor,1,week external,1,decision plan,1,we obtained,1,review but,1
in all,1,coordination dot,1,plan so,1,obtained written,1,re making,1
again your,1,dot confirm,1,can execute,1,approval with,1,making the,1
response we,1,confirm waiver,1,execute week,1,with controls,1,recommendation your,1
not recommending,1,waiver needs,1,week get,1,controls x,1,your job,1
civitas tightly,1,needs and,1,written positions,1,x y,1,job is,1
system we,1,evidence requirements,1,positions from,1,y z,1,is to,1
are recommending,1,any it,1,from dot,1,z bottom,1,decision legible,1
recommending the,1,security cloud,1,liaison city,1,line default,1,legible clear,1
option specifically,1,review requirements,1,cloud feasibility,1,robust against,1,clear logic,1
contract will,1,and timeline,1,feasibility request,1,against approval,1,logic not,1
will require,1,timeline week,1,request architecture,1,approval delays,1,not gut,1
require industry,1,week contract,1,architecture security,1,delays lock,1,gut feel,1
controllers documented,1,hardening exit,1,security packages,1,politics and,1,feel show,1
documented apis,1,exit clauses,1,packages from,1,and lifecycle,1,show you,1
apis and,1,clauses substitution,1,from both,1,lifecycle uncertainty,1,biggest risks,1
plan data,1,rights fee,1,both week,1,uncertainty novagrid,1,risks schedule,1
data we,1,caps acceptance,1,week deep,1,becomes preferable,1,schedule approvals,1
we will,1,tests performance,1,checks civitas,1,preferable only,1,approvals lock,1
will include,1,reporting support,1,cities novagrid,1,can quickly,1,in long,1
include exit,1,slas week,1,novagrid cities,1,quickly secure,1,cost offer,1
provisions data,1,decision memo,1,cities with,1,secure written,1,offer a,1
and rights,1,and award,1,with major,1,if relevant,1,a fallback,1
components what,1,award make,1,major events,1,relevant without,1,fallback so,1
to put,1,the memo,1,events construction,1,jeopardizing the,1,council sees,1
put in,1,memo explicitly,1,construction week,1,schedule if,1,sees continuity,1
this isn,1,explicitly about,1,week tabletop,1,share whether,1,continuity even,1
t just,1,about risk,1,tabletop failure,1,is mandatory,1,if one,1
just a,1,risk containment,1,scenarios cloud,1,mandatory whether,1,one gating,1
a promise,1,containment schedule,1,outage comms,1,can fund,1,gating item,1
promise controller,1,and avoiding,1,loss detector,1,fund the,1,item fails,1
controller standards,1,in outcomes,1,detector failures,1,modular premium,1,fails pre,1
standards list,1,outcomes what,1,failures emergency,1,premium and,1,pre commit,1
list acceptable,1,say politically,1,preemption construction,1,approval i,1,to accountability,1
alternates as,1,decision survives,1,construction detours,1,can produce,1,tests reporting,1
deliverables data,1,survives scrutiny,1,detours week,1,page weighted,1,reporting i,1
acceptance criterion,1,modular we,1,week draft,1,weighted decision,1,m basing,1
criterion objection,1,but required,1,draft term,1,decision matrix,1,basing this,1
objection b,1,required an,1,term sheets,1,matrix and,1,this strictly,1
b novagrid,1,open controller,1,sheets emphasizing,1,of must,1,strictly on,1
cheaper and,1,architecture to,1,emphasizing exit,1,have contract,1,provided i,1
faster why,1,reduce lifecycle,1,rights data,1,clauses tailored,1,see vendor,1
why aren,1,volatility if,1,rights slas,1,to your,1,vendor contracts,1
aren t,1,novagrid we,1,commitments week,1,situation what,1,contracts security,1
t we,1,modular system,1,week best,1,what changes,1,artifacts or,1
taking the,1,system contingent,1,best and,1,changes when,1,or your,1
the savings,1,on meeting,1,and final,1,the recommender,1,s internal,1
savings your,1,meeting essential,1,final offers,1,recommender and,1,internal it,1
response novagrid,1,hosting controls,1,offers with,1,council reviews,1,it timelines,1
s central,1,enforceable cost,1,with those,1,reviews your,1,timelines so,1
management requires,1,cost continuity,1,those terms,1,your job,1,so where,1
hosting traffic,1,protections quick,1,terms and,1,job is,1,where those,1
traffic signals,1,quick clarifiers,1,and clarified,1,make a,1,those unknowns,1
are classified,1,clarifiers answering,1,clarified pricing,1,single clear,1,unknowns matter,1
classified as,1,answering these,1,pricing including,1,clear recommendation,1,matter i,1
as essential,1,these would,1,including year,1,recommendation council,1,ll make,1
case that,1,would tighten,1,tco sensitivity,1,council hates,1,them explicit,1
trivial approval,1,tighten the,1,sensitivity week,1,hates show,1,explicit recommended,1
could derail,1,final call,1,decision memo,1,you understood,1,can own,1
schedule after,1,call how,1,memo to,1,understood the,1,own publicly,1
award their,1,and when,1,council emphasizing,1,political constraints,1,publicly primary,1
their annual,1,when who,1,emphasizing schedule,1,constraints without,1,most council,1
is adjustable,1,s their,1,certainty policy,1,without being,1,recommendation lowest,1
adjustable civitas,1,many intersections,1,policy compliance,1,being political,1,lowest governance,1
lock greater,1,intersections controllers,1,compliance lock,1,political i,1,governance friction,1
greater budget,1,any planned,1,mitigation and,1,e you,1,civitas clearly,1
s shorter,1,planned corridor,1,control two,1,you reduced,1,clearly meets,1
history also,1,corridor rebuilds,1,to finalize,1,reduced schedule,1,dot years,1
also creates,1,rebuilds in,1,finalize the,1,risk demonstrate,1,integration less,1
higher waiver,1,next years,1,recommendation tightly,1,can execute,1,less waiver,1
policy burden,1,years any,1,tightly to,1,execute a,1,exception exposure,1
burden for,1,any requirements,1,city how,1,recommendation paired,1,exposure under,1
integration you,1,prem operations,1,how likely,1,a plan,1,selection clock,1
saying novagrid,1,during wan,1,likely is,1,plan contract,1,clock lock,1
bad you,1,wan loss,1,security reviewers,1,and decision,1,concern is,1
re saying,1,loss or,1,reviewers approve,1,ready recommendation,1,is directly,1
saying the,1,integration if,1,infrastructure within,1,less about,1,directly addressed,1
it the,1,can produce,1,weeks high,1,about claiming,1,addressed the,1
the higher,1,short scoring,1,high medium,1,claiming certainty,1,option uses,1
choice show,1,scoring model,1,medium low,1,certainty and,1,s stated,1
show due,1,model plus,1,low is,1,more about,1,stated stance,1
diligence what,1,draft list,1,your top,1,about showing,1,stance against,1
you checked,1,contingent clauses,1,top priority,1,showing you,1,against lock,1
checked in,1,clauses tailored,1,priority schedule,1,you identified,1,in budget,1
week window,1,tailored to,1,certainty lowest,1,few risks,1,stability the,1
window council,1,to whichever,1,lowest year,1,could blow,1,lock is,1
council members,1,you prefer,1,cost or,1,up cost,1,easy for,1
members often,1,recommendation you,1,or maximum,1,ve bounded,1,council to,1
often ask,1,credibly own,1,maximum flexibility,1,bounded them,1,to understand,1
ask how,1,own and,1,flexibility avoid,1,them my,1,understand and,1
how do,1,defend at,1,in pick,1,my recommended,1,and value,1
do we,1,council recommended,1,one how,1,recommended position,1,value schedule,1
know have,1,award path,1,to position,1,position to,1,schedule realism,1
tight diligence,1,path recommend,1,position this,1,to take,1,realism civitas,1
diligence list,1,option subject,1,this when,1,take to,1,system has,1
list ready,1,to specific,1,when you,1,council clear,1,reduces reliance,1
ready reference,1,specific award,1,must recommend,1,clear defensible,1,reliance on,1
checks at,1,contingencies that,1,recommend but,1,defensible recommend,1,hardware which,1
least cities,1,a preserve,1,but council,1,option core,1,practical hedge,1
cities per,1,preserve interoperability,1,council reviews,1,simple and,1,hedge against,1
per vendor,1,interoperability and,1,reviews your,1,defensible meets,1,against procurement,1
modular speak,1,b protect,1,your job,1,preference cleanly,1,procurement supply,1
speak to,1,council resilient,1,job is,1,cleanly year,1,supply bottlenecks,1
deployments if,1,resilient position,1,less pick,1,year operational,1,bottlenecks tradeoffs,1
possible supply,1,position because,1,the coolest,1,history less,1,tradeoffs you,1
chain confirmation,1,it aligns,1,coolest system,1,less waiver,1,should acknowledge,1
confirmation written,1,stated preference,1,more present,1,approval exposure,1,acknowledge to,1
written lead,1,preference less,1,present a,1,exposure addresses,1,to build,1
time commitments,1,less waiver,1,defensible choice,1,in directly,1,build credibility,1
commitments especially,1,friction directly,1,choice with,1,directly industry,1,credibility higher,1
any proprietary,1,concern via,1,with risk,1,architecture aligns,1,and modular,1
hardware is,1,and modularity,1,controls that,1,with council,1,modular adds,1
is involved,1,modularity avoids,1,a meets,1,s stated,1,adds to,1
involved cybersecurity,1,avoids novagrid,1,cliff b,1,stated concern,1,civitas base,1
cybersecurity continuity,1,s largest,1,b avoids,1,concern avoids,1,base modular,1
continuity basic,1,largest unknown,1,avoids approval,1,biggest governance,1,shorter deployment,1
basic incident,1,unknown calendar,1,surprises and,1,governance wildcard,1,years than,1
response capabilities,1,risk essential,1,and c,1,wildcard essential,1,platform offset,1
capabilities patch,1,approval reduces,1,c directly,1,exception protects,1,offset by,1
and offline,1,fragility relative,1,sensitivity a,1,protects schedule,1,by no,1
offline fail,1,why not,1,friendly recommendation,1,schedule under,1,issues and,1
operations lifecycle,1,not recommend,1,recommendation typically,1,under the,1,the benefit,1
model upfront,1,recommend novagrid,1,typically lands,1,cliff stabilizes,1,benefit of,1
upfront year,1,primary novagrid,1,lands best,1,stabilizes long,1,of standard,1
m including,1,novagrid may,1,best when,1,costs year,1,controllers keep,1
fees put,1,be attractive,1,when it,1,deployments what,1,alternative not,1
put this,1,attractive on,1,it states,1,should say,1,main recommendation,1
an appendix,1,on speed,1,states the,1,say about,1,recommendation novagrid,1
appendix or,1,speed cost,1,logic upfront,1,about cost,1,is attractive,1
or slide,1,cost performance,1,upfront what,1,cost without,1,attractive on,1
slide it,1,performance but,1,would disqualify,1,sounding evasive,1,on speed,1
increases credibility,1,an essential,1,disqualify an,1,evasive yes,1,and initial,1
credibility a,1,infrastructure system,1,an option,1,s higher,1,initial cost,1
ready one,1,of governance,1,option what,1,higher upfront,1,cost but,1
page narrative,1,governance issue,1,what differentiates,1,upfront we,1,but your,1
narrative you,1,issue that,1,differentiates them,1,are buying,1,council risk,1
can lift,1,can stall,1,them separates,1,buying down,1,risk increases,1
lift into,1,stall a,1,separates facts,1,that tend,1,increases sharply,1
a memo,1,a project,1,from judgment,1,tend to,1,sharply because,1
memo you,1,project and,1,judgment what,1,to explode,1,hosting while,1
can adapt,1,and later,1,re mitigating,1,explode total,1,infrastructure needing,1
adapt this,1,later become,1,mitigating includes,1,cost forced,1,needing case,1
this verbatim,1,the headline,1,includes if,1,forced cloud,1,base year,1
verbatim recommended,1,headline at,1,then contingencies,1,exceptions for,1,year subject,1
recommended award,1,council why,1,contingencies what,1,expensive vendor,1,adjustment it,1
award civitas,1,that couldn,1,changes your,1,in later,1,has shorter,1
option rationale,1,couldn t,1,if new,1,later this,1,shorter operating,1
rationale meets,1,approved you,1,new info,1,predictable year,1,operating history,1
meets technical,1,still keep,1,info emerges,1,year path,1,term stress,1
technical requirements,1,viable fallback,1,emerges shows,1,path keep,1,stress event,1
and aligns,1,fallback if,1,you negotiated,1,an evaluated,1,event evidence,1
for experienced,1,if and,1,negotiated protections,1,evaluated but,1,evidence so,1
experienced vendors,1,and only,1,protections data,1,alternative not,1,so position,1
vendors in,1,if hosting,1,rights exit,1,not your,1,position novagrid,1
in highway,1,is pre,1,exit fee,1,recommendation this,1,as viable,1
integration avoids,1,pre cleared,1,caps delivery,1,is useful,1,two specific,1
avoids unresolved,1,cleared and,1,commitments recommended,1,useful politically,1,specific gates,1
unresolved policy,1,contractual protections,1,recommended path,1,it shows,1,gates are,1
risk associated,1,protections are,1,to take,1,shows you,1,are cleared,1
associated with,1,are strong,1,take to,1,you didn,1,cleared immediately,1
with mandatory,1,strong how,1,council with,1,t default,1,immediately see,1
infrastructure addresses,1,to present,1,clear rationale,1,default to,1,see section,1
council concerns,1,present this,1,rationale recommendation,1,the incumbent,1,section the,1
concerns about,1,this to,1,council what,1,incumbent style,1,council ready,1
about vendor,1,to city,1,d write,1,style vendor,1,ready decision,1
design using,1,city council,1,write as,1,rejecting novagrid,1,logic simple,1
and contractually,1,council so,1,headline recommend,1,for specific,1,simple and,1
required data,1,s decision,1,recommend awarding,1,specific documentable,1,and hard,1
data interface,1,decision grade,1,awarding to,1,documentable constraints,1,hard to,1
interface deliverables,1,grade council,1,systems with,1,constraints essential,1,to argue,1
deliverables provides,1,council typically,1,on confirmed,1,approval uncertainty,1,argue with,1
provides greater,1,typically wants,1,confirmed availability,1,shorter operational,1,with use,1
greater long,1,wants three,1,availability lead,1,history relative,1,the spine,1
predictability via,1,three things,1,the specific,1,preference less,1,spine of,1
via year,1,things public,1,specific standard,1,under major,1,your presentation,1
lock key,1,public safety,1,of contract,1,disruptions the,1,presentation meet,1
conditions modularity,1,control avoidance,1,that preserve,1,exact structure,1,the time,1
modularity defined,1,of repeating,1,preserve interoperability,1,structure of,1,time constraint,1
defined in,1,repeating past,1,interoperability and,1,recommendation memo,1,constraint select,1
contract milestone,1,past mistakes,1,reduce future,1,memo slide,1,weeks deploy,1
payments interoperability,1,mistakes your,1,future switching,1,slide what,1,deploy comfortably,1
and data,1,points should,1,cost why,1,what council,1,comfortably before,1
export deliverables,1,should map,1,defensible council,1,council expects,1,cliff minimize,1
slas for,1,map cleanly,1,safe recommendation,1,expects use,1,minimize approval,1
for response,1,cleanly to,1,recommendation lowest,1,a format,1,approval delays,1
response patch,1,to those,1,given current,1,format that,1,delays avoid,1
timelines if,1,those use,1,constraints civitas,1,to argue,1,avoid paths,1
council pushes,1,page decision,1,year track,1,argue with,1,paths likely,1
pushes for,1,logic that,1,record aligns,1,decision summary,1,to trigger,1
for keep,1,can follow,1,preference this,1,summary front,1,trigger lengthy,1
novagrid alive,1,follow use,1,this minimizes,1,front recommendation,1,lengthy it,1
alive offer,1,this structure,1,minimizes waiver,1,modular single,1,it or,1
offer a,1,structure simple,1,friction novagrid,1,single sentence,1,or dot,1
clean fallback,1,simple and,1,a binary,1,sentence why,1,dot exceptions,1
fallback you,1,defensible non,1,binary gating,1,why now,1,exceptions prevent,1
can propose,1,negotiables what,1,gating risk,1,now vendor,1,prevent repeat,1
propose a,1,what must,1,policy even,1,months must,1,in mistakes,1
defensible alternative,1,be true,1,s ultimately,1,must award,1,mistakes prefer,1
alternative without,1,any award,1,ultimately approvable,1,award in,1,prefer architectures,1
without re,1,award must,1,approvable uncertainty,1,meet rollout,1,architectures that,1
running procurement,1,deployable within,1,threaten schedule,1,rollout top,1,that preserve,1
procurement fallback,1,the support,1,schedule inside,1,reasons dot,1,preserve future,1
fallback path,1,support window,1,window directly,1,dot alignment,1,future choice,1
path only,1,window with,1,concern civitas,1,alignment lock,1,choice stabilize,1
council insists,1,buffer must,1,architecture is,1,mitigation schedule,1,stabilize multi,1
insists novagrid,1,must meet,1,prone but,1,approval certainty,1,cost reduce,1
is acceptable,1,meet essential,1,strongest we,1,certainty top,1,reduce exposure,1
acceptable only,1,infrastructure operational,1,we heard,1,mitigations see,1,to unbounded,1
is approved,1,operational expectations,1,heard you,1,see section,1,unbounded annual,1
approved in,1,expectations safe,1,you response,1,section cost,1,escalation operational,1
writing before,1,under comms,1,response you,1,cost overview,1,operational confidence,1
award annual,1,central issues,1,can reinforce,1,overview capex,1,confidence prioritize,1
fee escalations,1,issues must,1,reinforce this,1,capex delta,1,prioritize mature,1
escalations are,1,must avoid,1,and technically,1,delta year,1,mature incident,1
are capped,1,avoid unacceptable,1,technically by,1,opex highlights,1,field reliability,1
control continuity,1,unacceptable vendor,1,and transition,1,highlights include,1,reliability then,1
protections are,1,dependency controllers,1,assistance in,1,include novagrid,1,show how,1
are included,1,portability primary,1,contract details,1,fees implementation,1,how civitas,1
gives council,1,primary schedule,1,details below,1,implementation timeline,1,modular best,1
council an,1,risks novagrid,1,below reduces,1,timeline months,1,fits all,1
an off,1,uncertain in,1,schedule exposure,1,months procurement,1,all five,1
off ramp,1,in timing,1,exposure civitas,1,procurement lead,1,five the,1
ramp while,1,timing civitas,1,integrated uses,1,time plan,1,political optics,1
keeping your,1,and tighter,1,times the,1,plan b,1,optics how,1
recommendation intact,1,tighter coupling,1,option should,1,b risk,1,to speak,1
intact what,1,coupling civitas,1,should reduce,1,register appendix,1,speak to,1
draft for,1,controller lock,1,reduce this,1,appendix quantify,1,both mayor,1
for you,1,keeping maturity,1,this if,1,quantify likelihood,1,mayor and,1
you quickly,1,maturity benefits,1,it truly,1,likelihood impact,1,chair mayor,1
quickly if,1,benefits recommendation,1,truly uses,1,impact plainly,1,angle deliverability,1
a whether,1,explicit interoperability,1,uses readily,1,plainly high,1,deliverability and,1
whether highway,1,interoperability procurement,1,available standard,1,high med,1,and credibility,1
integration is,1,procurement safeguards,1,controllers verify,1,med low,1,credibility this,1
in scope,1,safeguards what,1,verify by,1,low council,1,stable citywide,1
scope on,1,re doing,1,by model,1,council members,1,citywide cutover,1
on day,1,doing to,1,model delivery,1,members anchor,1,cutover with,1
day one,1,ownership documented,1,commitments lifecycle,1,anchor on,1,with minimal,1
one b,1,interfaces transition,1,lifecycle budgeting,1,this c,1,minimal regulatory,1
b whether,1,assistance termination,1,budgeting is,1,protections appendix,1,friction budget,1
time issue,1,rights this,1,predictable civitas,1,appendix a,1,angle avoid,1
c your,1,decision rooted,1,is easy,1,of non,1,in we,1
your preferred,1,rooted in,1,easy to,1,negotiables you,1,are explicitly,1
preferred contract,1,in verifiable,1,explain and,1,include this,1,explicitly choosing,1
contract term,1,verifiable governance,1,and defend,1,this signals,1,modular configuration,1
length i,1,and delivery,1,defend novagrid,1,signals competence,1,configuration with,1
memo executive,1,delivery realities,1,has recurring,1,competence and,1,with industry,1
executive summary,1,realities not,1,fees 90k,1,reduces fear,1,and negotiated,1
summary recommendation,1,personal preference,1,base subject,1,fear of,1,negotiated exit,1
recommendation conditions,1,preference include,1,adjustment which,1,of lock,1,in pattern,1
conditions a,1,two column,1,which council,1,in pre,1,pattern that,1
scoring matrix,1,column what,1,council may,1,pre empt,1,that hurt,1
matrix with,1,can go,1,may view,1,empt the,1,hurt us,1
with weights,1,go wrong,1,view as,1,hard questions,1,us previously,1
weights and,1,wrong how,1,an open,1,questions risks,1,previously that,1
and fill,1,prevent it,1,open ended,1,risks and,1,that second,1
fill in,1,it council,1,ended operating,1,and mitigations,1,second sentence,1
the blank,1,council members,1,operating liability,1,mitigations you,1,sentence matters,1
blank scoring,1,members respond,1,liability unless,1,should state,1,matters council,1
scoring notes,1,respond well,1,cap it,1,state upfront,1,council members,1
notes anticipated,1,well to,1,it contractually,1,upfront risk,1,members will,1
anticipated q,1,to concrete,1,contractually what,1,option too,1,will look,1
a for,1,concrete failure,1,recommendation so,1,too new,1,look for,1
council hard,1,modes example,1,you look,1,new reality,1,for structural,1
hard questions,1,example entries,1,look fair,1,reality modular,1,structural safeguards,1
questions with,1,entries delay,1,fair not,1,is only,1,safeguards not,1
with crisp,1,delay from,1,not pre,1,only years,1,not assurances,1
crisp answers,1,from approvals,1,pre decided,1,cities smaller,1,assurances what,1
answers if,1,approvals choose,1,decided tell,1,sample than,1,to negotiate,1
answer those,1,choose architecture,1,tell council,1,integrated mitigation,1,negotiate so,1
those three,1,avoids discretionary,1,council explicitly,1,mitigation you,1,so your,1
three items,1,discretionary approvals,1,explicitly if,1,can commit,1,is truly,1
items i,1,or make,1,novagrid receives,1,commit to,1,truly robust,1
ll tailor,1,make approval,1,receives written,1,to require,1,robust these,1
tailor the,1,approval a,1,written essential,1,require reference,1,specific terms,1
the package,1,contractual gate,1,approval within,1,checks specifically,1,that turn,1
package core,1,gate vendor,1,procurement timeline,1,specifically for,1,turn civitas,1
core trade,1,vendor raises,1,and agrees,1,deployments stability,1,modular into,1
trade offs,1,raises recurring,1,agrees to,1,maintenance outcomes,1,defensible low,1
offs high,1,fees caps,1,to fee,1,outcomes controller,1,low regret,1
high level,1,defined fee,1,exit protections,1,sourcing add,1,regret decision,1
level proven,1,fee schedules,1,protections it,1,criteria burn,1,decision a,1
proven track,1,schedules can,1,a viable,1,burn in,1,a for,1
record policy,1,get replacement,1,alternative that,1,in period,1,modular recommended,1
alignment vs,1,controllers approved,1,that shows,1,period failover,1,recommended require,1
vs newer,1,strategy cyber,1,considered innovation,1,failover tests,1,require these,1
newer innovation,1,cyber availability,1,innovation but,1,tests defined,1,and attach,1
innovation civitas,1,availability incident,1,but refused,1,defined performance,1,attach them,1
civitas long,1,incident slas,1,refused unmanaged,1,reporting include,1,an exhibit,1
long operational,1,slas logging,1,unmanaged risk,1,include termination,1,exhibit or,1
cities aligns,1,logging incident,1,memo structure,1,transition language,1,or summary,1
aligns naturally,1,response dr,1,that works,1,language tied,1,summary page,1
naturally with,1,testing offline,1,works a,1,to sustained,1,page for,1
dot years,1,offline safe,1,strong memo,1,sustained non,1,council standards,1
years preference,1,intersection operation,1,memo is,1,non performance,1,commitment no,1
preference and,1,operation vendor,1,is usually,1,performance risk,1,no backsliding,1
and generally,1,vendor acquisition,1,usually pages,1,risk aren,1,backsliding into,1
generally lowers,1,acquisition change,1,pages plus,1,t we,1,into proprietary,1
lowers perceived,1,control clause,1,plus an,1,we paying,1,proprietary list,1
perceived deployment,1,clause transition,1,an appendix,1,paying more,1,list the,1
deployment risk,1,assistance the,1,appendix here,1,more just,1,the controller,1
risk novagrid,1,terms you,1,a template,1,to appease,1,models and,1
novagrid shorter,1,explicitly require,1,template you,1,appease anti,1,substitutions ensure,1
cities but,1,require so,1,can largely,1,politics frame,1,ensure the,1
but modern,1,so your,1,largely copy,1,as operational,1,city can,1
modern approach,1,recommendation is,1,copy decision,1,operational prudence,1,can procure,1
approach and,1,not aspirational,1,statement one,1,prudence we,1,procure compatible,1
and strong,1,aspirational if,1,paragraph current,1,re standardizing,1,compatible controllers,1
strong recent,1,modular make,1,current system,1,on open,1,controllers from,1
recent results,1,it clear,1,system support,1,competitive procurement,1,from multiple,1
results may,1,clear you,1,support ends,1,procurement and,1,multiple sources,1
require more,1,not trusting,1,ends in,1,and reduce,1,sources where,1
more justification,1,trusting modularity,1,months selection,1,reduce lifecycle,1,feasible exit,1
justification waiver,1,modularity you,1,selection must,1,risk concrete,1,later data,1
waiver style,1,buying enforceable,1,must occur,1,concrete mitigations,1,apis configuration,1
style documentation,1,openness minimum,1,occur in,1,mitigations to,1,configuration export,1
documentation for,1,minimum terms,1,to maintain,1,to cite,1,export and,1
integration governance,1,specify in,1,maintain deployment,1,cite data,1,support period,1
policy certainty,1,contract package,1,deployment schedule,1,export clauses,1,period with,1
certainty vs,1,package controller,1,schedule both,1,clauses timing,1,with preset,1
vs cloud,1,controller openness,1,both finalists,1,plans configuration,1,preset rates,1
cloud enabled,1,openness industry,1,finalists meet,1,configuration logs,1,rates acceptance,1
enabled model,1,controller requirement,1,meet baseline,1,logs api,1,testing tied,1
model civitas,1,requirement named,1,baseline technical,1,access commitments,1,to measurable,1
civitas as,1,models pre,1,technical legal,1,commitments transition,1,outcomes system,1
described avoids,1,equivalent substitutions,1,legal requirements,1,pre negotiated,1,system uptime,1
a mandatory,1,substitutions city,1,requirements recommendation,1,negotiated so,1,uptime communications,1
dependency so,1,plans and,1,recommendation why,1,priced risk,1,communications reliability,1
so fewer,1,and configuration,1,why risk,1,what about,1,reliability detector,1
approval gates,1,configuration artifacts,1,managed policy,1,about supply,1,health reporting,1
infrastructure novagrid,1,artifacts data,1,policy aligned,1,times this,1,reporting fail,1
management because,1,portability export,1,aligned avoids,1,is mainly,1,performance measures,1
case you,1,of configs,1,in recurrence,1,mainly a,1,measures even,1
re trading,1,access or,1,recurrence options,1,a civitas,1,t promise,1
trading technical,1,or documented,1,options considered,1,controller issue,1,promise a,1
technical upside,1,interfaces sufficient,1,considered short,1,issue modular,1,specific improvement,1
upside for,1,sufficient to,1,short table,1,modular should,1,improvement schedule,1
real governance,1,migrate exit,1,table include,1,should reduce,1,dates required,1
governance approval,1,transition transition,1,include upfront,1,reduce it,1,required staffing,1
can impact,1,assistance hours,1,cost rollout,1,t assume,1,staffing plans,1
impact schedule,1,pricing pre,1,rollout timeline,1,assume mitigation,1,remedies for,1
public confidence,1,pre set,1,timeline hosting,1,mitigation require,1,missed milestones,1
confidence upfront,1,set termination,1,model dot,1,a controller,1,milestones credits,1
cost vs,1,for convenience,1,dot history,1,plan at,1,holdbacks spare,1
vs total,1,convenience or,1,history fit,1,at contract,1,and lead,1
civitas higher,1,or clearly,1,fit lock,1,contract award,1,time plan,1
but offers,1,clearly defined,1,risk recurring,1,award multi,1,plan minimum,1
lock on,1,defined termination,1,fees supply,1,source strategy,1,spares replenishment,1
support good,1,for cause,1,continuity gates,1,strategy spares,1,replenishment windows,1
good predictability,1,cause with,1,gates pass,1,spares stage,1,paths if,1
predictability modular,1,with data,1,fail and,1,stage rollout,1,if supply,1
option adds,1,data handover,1,and outcome,1,by corridors,1,supply disruptions,1
adds cost,1,handover obligations,1,outcome show,1,corridors to,1,disruptions occur,1
may reduce,1,obligations schedule,1,show gates,1,avoid all,1,occur b,1
reduce ongoing,1,schedule enforceability,1,gates and,1,all or,1,b if,1
ongoing maintenance,1,enforceability critical,1,whether each,1,or nothing,1,if council,1
maintenance novagrid,1,schedule attached,1,clears them,1,nothing commissioning,1,council pushes,1
novagrid lower,1,attached as,1,them cleanly,1,commissioning risk,1,pushes for,1
rollout but,1,exhibit liquidated,1,cleanly essential,1,the cheaper,1,novagrid or,1
but has,1,liquidated damages,1,novagrid conditional,1,cheaper faster,1,as contingency,1
a recurring,1,damages or,1,conditional uncertain,1,faster novagrid,1,contingency pre,1
fee 90k,1,or service,1,uncertain unless,1,novagrid give,1,pre negotiate,1
year with,1,credits for,1,unless already,1,give two,1,negotiate these,1
adjustments less,1,missed milestones,1,already approved,1,two crisp,1,these gating,1
less predictable,1,milestones even,1,approved in,1,crisp non,1,gating protections,1
term spend,1,modest ones,1,novagrid potential,1,non personal,1,protections so,1
spend unless,1,ones change,1,potential waiver,1,personal reasons,1,the downside,1
you negotiate,1,change behavior,1,waiver civitas,1,reasons essential,1,downside cloud,1
negotiate caps,1,behavior long,1,civitas aligns,1,not pre,1,cap e,1
caps speed,1,lead procurement,1,aligns deployment,1,approved schedule,1,g cpi,1
speed to,1,procurement plan,1,modular mitigated,1,for years,1,for at,1
deliver vs,1,plan within,1,mitigated pending,1,years waiver,1,least years,1
vs delivery,1,within x,1,pending verification,1,waiver risk,1,years cloud,1
certainty novagrid,1,x days,1,verification cybersecurity,1,if waivers,1,unreachable rto,1
novagrid faster,1,days of,1,cybersecurity bcp,1,possible then,1,rpo penalties,1
faster stated,1,of ntp,1,bcp both,1,then acknowledge,1,penalties data,1
months civitas,1,ntp operations,1,both require,1,acknowledge upside,1,and no,1
civitas longer,1,incident readiness,1,require provisions,1,upside novagrid,1,protections acquisition,1
longer stated,1,readiness defined,1,provisions cloud,1,novagrid shows,1,acquisition ownership,1
potential supply,1,defined patching,1,cloud adds,1,shows strong,1,ownership change,1
chain exposure,1,patching windows,1,adds complexity,1,strong congestion,1,change triggers,1
exposure week,1,windows rollback,1,complexity this,1,improvements if,1,triggers extended,1
system if,1,rollback procedures,1,this format,1,council directs,1,rights a,1
controllers that,1,paths acceptance,1,format is,1,directs us,1,clean decision,1
reduce this,1,includes degraded,1,is compelling,1,us to,1,decision gate,1
this gap,1,operation central,1,compelling because,1,pursue it,1,gate structure,1
gap if,1,down cost,1,not subjective,1,it we,1,structure you,1
novagrid has,1,cost stability,1,subjective scoring,1,will need,1,can put,1
schedule edge,1,stability the,1,scoring first,1,need written,1,put in,1
edge avoiding,1,maintenance lock,1,first it,1,comfort as,1,the memo,1
in vs,1,lock should,1,s governance,1,as conditions,1,memo this,1
vs where,1,explicit with,1,governance first,1,precedent how,1,this reduces,1
where the,1,with tightly,1,first scored,1,to handle,1,reduces debate,1
in sits,1,tightly defined,1,scored comparison,1,handle the,1,debate and,1
sits civitas,1,prevent scope,1,comparison only,1,mayor council,1,and shows,1
integrated tightly,1,scope creep,1,you use,1,dynamics without,1,shows disciplined,1
integrated switching,1,creep fees,1,use weights,1,without getting,1,disciplined management,1
switching later,1,fees the,1,weights keep,1,getting caught,1,management gate,1
later would,1,the timeline,1,keep them,1,caught in,1,written it,1
be costly,1,timeline reality,1,them simple,1,in them,1,security approval,1
costly classic,1,reality temporal,1,and tied,1,them mayor,1,path by,1
classic lock,1,temporal dynamics,1,priorities schedule,1,mayor cited,1,date e,1
modular reduces,1,dynamics build,1,certainty lifecycle,1,cited civitas,1,g end,1
in materially,1,build in,1,predictability lock,1,civitas positively,1,of week,1
materially via,1,in buffer,1,risk operational,1,positively you,1,week or,1
via industry,1,not perfection,1,resilience performance,1,say this,1,must have,1
and modularity,1,perfection you,1,protections the,1,this aligns,1,have security,1
modularity though,1,have months,1,the we,1,with regional,1,requirements checklist,1
though you,1,months until,1,we learned,1,regional peer,1,checklist hosting,1
still rely,1,until support,1,learned from,1,peer experience,1,hosting architecture,1
rely on,1,support ends,1,from past,1,experience but,1,architecture timeline,1
on their,1,ends that,1,past lock,1,but keep,1,for case,1
their platform,1,that sounds,1,in section,1,it secondary,1,case approval,1
platform software,1,sounds comfortable,1,section this,1,secondary lead,1,approval written,1
software novagrid,1,comfortable until,1,this section,1,lead with,1,confirmation that,1
novagrid modular,1,until you,1,section is,1,with governance,1,for this,1
modular field,1,you account,1,members often,1,schedule lock,1,this system,1
field components,1,account for,1,often look,1,in logic,1,system is,1
components but,1,for procurement,1,look for,1,logic budget,1,is approvable,1
but central,1,legal cycles,1,for contract,1,chair criticized,1,approvable under,1
management includes,1,cycles field,1,require practical,1,criticized lock,1,defined controls,1
includes proprietary,1,work sequencing,1,practical enforceable,1,in make,1,get this,1
proprietary elements,1,sequencing and,1,enforceable these,1,controller point,1,this novagrid,1
elements and,1,control communications,1,are written,1,point central,1,not rejected,1
cloud service,1,communications provisioning,1,written so,1,central and,1,on merit,1
service so,1,provisioning acceptance,1,so procurement,1,and repeatable,1,merit it,1
so lock,1,tuning adaptive,1,legal can,1,repeatable this,1,s rejected,1
in shifts,1,systems often,1,can operationalize,1,this procurement,1,on unacceptable,1
the software,1,often need,1,operationalize them,1,procurement explicitly,1,risk given,1
software service,1,need iterative,1,a interoperability,1,avoids repeating,1,cliff gate,1
service layer,1,iterative tuning,1,interoperability exit,1,repeating the,1,path if,1
layer operational,1,tuning any,1,rights both,1,in pattern,1,if needed,1
resilience unknowns,1,any permitting,1,vendors critical,1,pattern by,1,needed if,1
unknowns vs,1,permitting coordination,1,critical for,1,by standardizing,1,is in,1
vs established,1,dot for,1,modular data,1,on industry,1,scope early,1
established behavior,1,highway corridors,1,ownership city,1,industry controllers,1,early require,1
behavior civitas,1,corridors your,1,all operational,1,and requiring,1,require dot,1
civitas more,1,explicitly include,1,and configuration,1,requiring data,1,s explicit,1
more years,1,a buffer,1,configuration data,1,this balances,1,explicit waiver,1
of observed,1,buffer strategy,1,data exportability,1,balances both,1,expected review,1
observed behavior,1,strategy target,1,exportability vendor,1,political signals,1,review duration,1
behavior across,1,target cutover,1,must provide,1,signals without,1,duration comparable,1
across varied,1,cutover well,1,provide exports,1,without appearing,1,comparable deployment,1
varied events,1,well before,1,exports timing,1,appearing to,1,deployment documentation,1
events generally,1,month mark,1,formats on,1,choose sides,1,documentation novagrid,1
generally easier,1,mark e,1,on demand,1,sides the,1,would submit,1
to predict,1,g substantial,1,demand and,1,the execution,1,submit if,1
predict how,1,substantial completion,1,at termination,1,execution plan,1,if timing,1
system behaves,1,completion by,1,termination apis,1,plan you,1,timing is,1
behaves under,1,by month,1,apis interface,1,should present,1,is unclear,1
under unusual,1,month so,1,delivery of,1,present so,1,unclear that,1
unusual conditions,1,so surprises,1,of interface,1,recommendation feels,1,that uncertainty,1
conditions novagrid,1,surprises don,1,interface specs,1,feels real,1,uncertainty becomes,1
novagrid good,1,t become,1,specs and,1,real council,1,becomes part,1
good performance,1,outage how,1,and continued,1,council is,1,recommendation against,1
claims congestion,1,to handle,1,continued access,1,is calmer,1,novagrid a,1
congestion improvement,1,handle the,1,assistance pre,1,calmer if,1,week plan,1
improvement but,1,the politics,1,negotiated hourly,1,you show,1,can show,1
term data,1,without letting,1,hourly rates,1,show a,1,show council,1
events higher,1,letting it,1,rates and,1,a timeline,1,council you,1
higher uncertainty,1,it drive,1,and minimum,1,timeline with,1,re controlling,1
uncertainty around,1,drive the,1,minimum support,1,with control,1,controlling time,1
around edge,1,the outcome,1,support period,1,control points,1,week confirm,1
cases responsiveness,1,outcome you,1,g months,1,points within,1,confirm it,1
responsiveness to,1,can acknowledge,1,months if,1,within weeks,1,timeline confirm,1
change vs,1,acknowledge both,1,migrates later,1,weeks of,1,confirm dot,1
vs stability,1,political signals,1,later b,1,of award,1,needs request,1
stability civitas,1,signals without,1,b delivery,1,award final,1,request final,1
civitas clients,1,without being,1,delivery supply,1,final architecture,1,final best,1
slower response,1,being captured,1,chain commitments,1,architecture design,1,best and,1
to requested,1,captured by,1,commitments especially,1,design review,1,and final,1
requested feature,1,by either,1,civitas identify,1,review controller,1,final offers,1
updates trade,1,either mayor,1,identify exact,1,sourcing confirmation,1,offers with,1
trade agility,1,s positive,1,and quantity,1,confirmation delivery,1,with identical,1
agility for,1,positive reference,1,quantity ranges,1,schedule cybersecurity,1,identical term,1
for maturity,1,reference to,1,ranges require,1,cybersecurity communications,1,term sheet,1
maturity predictability,1,civitas your,1,schedule with,1,plan finalized,1,sheet requirements,1
novagrid often,1,recommendation still,1,remedies liquidated,1,finalized even,1,requirements week,1
often perceived,1,still selects,1,damages or,1,not cloud,1,calls civitas,1
perceived as,1,selects civitas,1,or service,1,hosted comms,1,cities novagrid,1
as more,1,but with,1,service credits,1,comms still,1,cloud incident,1
more responsive,1,a modern,1,credits or,1,still matters,1,incident cities,1
responsive iterative,1,modern architecture,1,substitutions include,1,matters by,1,cities week,1
iterative based,1,reduces risk,1,include staging,1,by month,1,week draft,1
on strong,1,risk budget,1,staging acceptance,1,month pilot,1,draft contract,1
references but,1,critique you,1,criteria so,1,pilot corridor,1,contract redlines,1
but that,1,to standard,1,so delivered,1,corridor live,1,redlines on,1
that agility,1,controllers exit,1,delivered means,1,live acceptance,1,the non,1
agility comes,1,terms as,1,means installed,1,testing complete,1,negotiables exit,1
comes with,1,a direct,1,installed and,1,complete measured,1,exit acceptance,1
record and,1,direct corrective,1,functional not,1,measured before,1,acceptance pricing,1
potential platform,1,corrective to,1,not shipped,1,before after,1,protections week,1
platform evolution,1,to past,1,shipped c,1,after metrics,1,week finalize,1
evolution risk,1,past pain,1,c operating,1,metrics baseline,1,finalize scorecard,1
risk the,1,pain this,1,controls especially,1,baseline locked,1,scorecard sensitivity,1
the essence,1,decision as,1,still useful,1,locked so,1,check what,1
essence if,1,as responsive,1,useful for,1,so improvements,1,review takes,1
prioritize policy,1,responsive governance,1,any recurring,1,improvements are,1,weeks week,1
fit predictable,1,governance not,1,fees define,1,are credibly,1,week executive,1
predictable governance,1,not favoritism,1,inclusions and,1,credibly measured,1,executive negotiation,1
lower unknown,1,favoritism keep,1,and cap,1,measured by,1,negotiation implementation,1
unknown unknowns,1,a disciplined,1,increases cpi,1,by months,1,implementation plan,1
unknowns civitas,1,disciplined fallback,1,fixed percent,1,months phased,1,plan ordering,1
especially modular,1,and say,1,percent clarify,1,by corridor,1,ordering staging,1
win if,1,say so,1,clarify support,1,corridor zone,1,staging cutover,1
prioritize speed,1,so explicitly,1,tier pricing,1,zone monthly,1,cutover sequence,1
speed lower,1,explicitly a,1,pricing and,1,monthly performance,1,sequence week,1
lower initial,1,friendly stance,1,triggers additional,1,reporting to,1,week deliver,1
initial cost,1,stance is,1,additional charges,1,council congestion,1,deliver council,1
and demonstrated,1,is novagrid,1,charges d,1,congestion uptime,1,recommendation risk,1
demonstrated congestion,1,viable option,1,d reliability,1,uptime maintenance,1,controls milestones,1
congestion gains,1,two conditions,1,reliability resilience,1,maintenance tickets,1,milestones contingency,1
gains novagrid,1,are met,1,resilience and,1,tickets if,1,contingency what,1
is attractive,1,met quickly,1,security both,1,council pushes,1,packet should,1
attractive but,1,quickly essential,1,both more,1,pushes you,1,should include,1
approval continuity,1,confirmed in,1,complex if,1,to pick,1,include minimal,1
continuity and,1,writing with,1,cloud slas,1,pick novagrid,1,minimal persuasive,1
predictability risk,1,contract caps,1,for uptime,1,novagrid anyway,1,persuasive complete,1
risk unless,1,caps recurring,1,uptime and,1,anyway a,1,complete page,1
can contract,1,and guarantees,1,response with,1,a safe,1,page recommendation,1
policy clear,1,guarantees portability,1,with meaningful,1,safe pivot,1,recommendation summary,1
clear those,1,transition that,1,meaningful credits,1,pivot stance,1,summary decision,1
those items,1,shows you,1,credits patch,1,stance if,1,logic selected,1
items up,1,you evaluated,1,and vulnerability,1,council insists,1,selected vendor,1
up front,1,evaluated it,1,vulnerability management,1,insists on,1,vendor why,1
front from,1,it fairly,1,management requirements,1,for cost,1,why now,1
a city,1,fairly while,1,requirements offline,1,cost speed,1,now risk,1
operations perspective,1,while managing,1,offline fail,1,speed propose,1,risk register,1
perspective the,1,managing calendar,1,requirements signals,1,propose conditions,1,register top,1
the best,1,i need,1,locally under,1,precedent rather,1,risks mitigations,1
best traffic,1,need from,1,central connectivity,1,than arguing,1,mitigations owners,1
traffic signal,1,from you,1,connectivity how,1,arguing indefinitely,1,owners dates,1
signal adaptive,1,to tailor,1,handle the,1,indefinitely proceed,1,dates schedule,1
adaptive system,1,tailor the,1,political dynamics,1,proceed with,1,schedule with,1
one that,1,packet quick,1,dynamics without,1,if written,1,with milestones,1
that stays,1,quick answers,1,without getting,1,cloud authorization,1,milestones to,1
stays safe,1,answers who,1,trapped by,1,authorization named,1,cliff include,1
safe stays,1,is their,1,by them,1,named approver,1,include procurement,1
stays up,1,scope in,1,them mayor,1,approver defined,1,procurement factory,1
up is,1,year and,1,mayor referenced,1,defined controls,1,factory acceptance,1
is supportable,1,and does,1,referenced civitas,1,escalator cap,1,acceptance pilot,1
supportable with,1,does dot,1,civitas positively,1,cap for,1,corridor phased,1
rules and,1,dot need,1,positively you,1,cost data,1,phased cutovers,1
be changed,1,to sign,1,can acknowledge,1,assistance clauses,1,cutovers final,1
changed over,1,sign off,1,acknowledge this,1,clauses so,1,final acceptance,1
time without,1,off is,1,as known,1,can exit,1,acceptance lifecycle,1
without drama,1,is there,1,known quantity,1,exit dot,1,view year,1
drama the,1,there a,1,quantity confidence,1,waiver path,1,with ranges,1
important factors,1,a mandated,1,but keep,1,path documented,1,ranges and,1
factors usually,1,prem requirement,1,it secondary,1,documented if,1,s capped,1
usually cluster,1,essential systems,1,secondary to,1,integration applies,1,variable lock,1
cluster into,1,systems or,1,to governance,1,applies this,1,safeguards architecture,1
into these,1,a case,1,risk council,1,you professionally,1,choice exit,1
these areas,1,review approximate,1,chair anti,1,professionally you,1,exit clause,1
areas safety,1,approximate intersection,1,in make,1,you recommended,1,clause summary,1
safety and,1,intersection count,1,architecture contract,1,recommended the,1,summary my,1
and fail,1,count and,1,terms the,1,the safer,1,my recommendation,1
behavior non,1,whether controllers,1,the centerpiece,1,safer path,1,recommendation stated,1
negotiable safe,1,controllers must,1,centerpiece use,1,path but,1,plainly for,1
safe operation,1,be replaced,1,use plain,1,you also,1,your opening,1
under fault,1,replaced citywide,1,plain language,1,also provided,1,opening slide,1
fault conditions,1,citywide or,1,language standard,1,provided a,1,slide recommend,1
if comms,1,or phased,1,rights we,1,a responsible,1,option because,1
comms drop,1,phased if,1,change components,1,responsible contingency,1,fits our,1
drop servers,1,draft a,1,components later,1,contingency my,1,our approval,1
servers fail,1,ready recommendation,1,without re,1,my suggested,1,approval environment,1
fail detectors,1,outline pages,1,re buying,1,suggested one,1,in while,1
detectors misread,1,pages plus,1,buying the,1,sentence recommendation,1,while providing,1
misread or,1,register and,1,the whole,1,recommendation you,1,providing predictable,1
or timing,1,a shortlist,1,whole system,1,verbatim i,1,predictable long,1
plans corrupt,1,shortlist of,1,system avoid,1,recommend selecting,1,term costs,1
corrupt intersections,1,of contract,1,avoid framing,1,modular industry,1,a realistic,1
intersections must,1,to hand,1,as bad,1,standard controller,1,realistic path,1
must revert,1,to legal,1,bad frame,1,best meets,1,to complete,1
revert to,1,procurement core,1,as promising,1,expectations directly,1,complete deployment,1
to safe,1,core trade,1,promising but,1,mitigates vendor,1,deployment well,1
safe predictable,1,trade offs,1,but gated,1,and avoids,1,current system,1
predictable operation,1,offs high,1,run fee,1,the unresolved,1,system loses,1
operation flash,1,high level,1,fee continuity,1,unresolved essential,1,loses vendor,1
flash fixed,1,level delivery,1,controls a,1,risk giving,1,support novagrid,1
time predefined,1,vs speed,1,short script,1,giving us,1,remains a,1
predefined plans,1,speed to,1,script you,1,us the,1,if essential,1
plans deterministic,1,to benefit,1,use in,1,the highest,1,date otherwise,1
local control,1,benefit civitas,1,council q,1,highest confidence,1,otherwise it,1
control controllers,1,civitas slower,1,q a,1,confidence we,1,introduces unacceptable,1
controllers in,1,months but,1,a why,1,can deliver,1,answer two,1
field should,1,but generally,1,why not,1,deliver before,1,specifics i,1
to run,1,generally higher,1,the cheaper,1,before our,1,can tighten,1
run safely,1,higher predictability,1,cheaper vendor,1,our current,1,tighten this,1
and acceptably,1,predictability because,1,vendor novagrid,1,system loses,1,a near,1
acceptably even,1,because of,1,s base,1,loses support,1,near final,1
the central,1,of longer,1,base price,1,support if,1,final council,1
is unavailable,1,longer operating,1,lower but,1,your estimated,1,council memo,1
unavailable change,1,fewer novel,1,infrastructure which,1,estimated project,1,memo is,1
change control,1,novel approvals,1,which needs,1,project budget,1,initial deployment,1
control ability,1,approvals novagrid,1,needs case,1,budget range,1,deployment or,1
prevent accidental,1,novagrid faster,1,case approval,1,range and,1,or later,1
accidental unauthorized,1,months on,1,approval with,1,ll draft,1,later what,1
unauthorized timing,1,paper but,1,with our,1,ready one,1,the typical,1
timing changes,1,but that,1,our schedule,1,page with,1,success rate,1
changes approvals,1,that advantage,1,approval uncertainty,1,simple scorecard,1,rate of,1
approvals logs,1,advantage can,1,a material,1,scorecard cost,1,review core,1
and rollback,1,can disappear,1,material risk,1,resilience and,1,core trade,1
rollback reliability,1,disappear if,1,we also,1,exact contract,1,trade offs,1
reliability and,1,if essential,1,also need,1,negotiables list,1,offs high,1
and uptime,1,or related,1,need stronger,1,list core,1,high level,1
uptime day,1,related controls,1,stronger long,1,core trade,1,level delivery,1
day to,1,controls add,1,continuity protections,1,trade offs,1,vs speed,1
to day,1,add months,1,protections due,1,offs high,1,speed to,1
day reality,1,practice the,1,to recurring,1,high level,1,to benefit,1
reality system,1,the fast,1,ownership uncertainty,1,level upfront,1,benefit civitas,1
system availability,1,fast option,1,uncertainty are,1,cost vs,1,civitas longer,1
availability targets,1,is only,1,we ignoring,1,vs lifecycle,1,longer rollout,1
targets for,1,only fast,1,ignoring innovation,1,lifecycle predictability,1,months but,1
software communications,1,fast if,1,innovation performance,1,predictability civitas,1,but execution,1
communications and,1,if its,1,performance no,1,civitas higher,1,execution is,1
and field,1,its gating,1,no novagrid,1,higher capex,1,is generally,1
field devices,1,gating approvals,1,s reported,1,but more,1,generally more,1
devices plus,1,approvals are,1,congestion gains,1,costs notably,1,predictable given,1
plus how,1,are already,1,gains are,1,notably the,1,given maturity,1
how outages,1,already aligned,1,are compelling,1,lock modular,1,long deployment,1
outages are,1,aligned institutional,1,compelling we,1,option may,1,history novagrid,1
are detected,1,institutional regulatory,1,re requiring,1,may lower,1,novagrid faster,1
detected and,1,regulatory smoothness,1,requiring both,1,maintenance novagrid,1,and documented,1
and resolved,1,smoothness vs,1,to meet,1,novagrid lower,1,documented congestion,1
resolved alerting,1,vs waiver,1,meet performance,1,but ongoing,1,congestion improvements,1
alerting and,1,justification burden,1,performance acceptance,1,ongoing cloud,1,improvements but,1
and diagnostics,1,burden civitas,1,risk while,1,fees that,1,but speed,1
diagnostics that,1,civitas naturally,1,while preserving,1,can adjust,1,speed only,1
that actually,1,naturally fits,1,preserving modularity,1,adjust annually,1,only helps,1
actually reduce,1,fits dot,1,modularity through,1,annually and,1,helps if,1
reduce time,1,years of,1,through standard,1,and introduce,1,integration don,1
repair actionable,1,of highway,1,rights how,1,introduce longer,1,t introduce,1
actionable alarms,1,integration history,1,we preventing,1,longer term,1,introduce delays,1
alarms remote,1,time spent,1,in we,1,cost variability,1,delays trade,1
remote troubleshooting,1,spent assembling,1,re specifying,1,variability delivery,1,off choose,1
troubleshooting clear,1,assembling waiver,1,specifying standard,1,delivery speed,1,choose the,1
clear root,1,justification novagrid,1,controllers requiring,1,speed vs,1,s fast,1
cause clues,1,novagrid at,1,and adding,1,vs approval,1,fast on,1
clues patch,1,at years,1,adding transition,1,approval implementation,1,on paper,1
patch upgrade,1,years may,1,assistance clauses,1,implementation certainty,1,paper novagrid,1
upgrade stability,1,may need,1,clauses so,1,certainty novagrid,1,novagrid versus,1
stability predictable,1,waiver narrative,1,we retain,1,novagrid faster,1,versus the,1
predictable maintenance,1,additional evidence,1,retain leverage,1,months civitas,1,s less,1
maintenance windows,1,evidence doable,1,leverage and,1,slower months,1,less likely,1
windows minimal,1,doable but,1,and optionality,1,months but,1,to surprise,1
minimal surprise,1,it consumes,1,optionality what,1,but fewer,1,surprise you,1
surprise downtime,1,consumes scarce,1,to tailor,1,fewer external,1,you during,1
downtime maintainability,1,scarce time,1,tailor the,1,gate uncertainties,1,during delivery,1
maintainability with,1,and introduces,1,the final,1,uncertainties especially,1,delivery civitas,1
and vendors,1,introduces uncertainty,1,final recommendation,1,you avoid,1,civitas governance,1
vendors ease,1,uncertainty trade,1,recommendation package,1,hardware bottleneck,1,friction vs,1
ease of,1,trade less,1,package answering,1,bottleneck key,1,vs flexibility,1
of troubleshooting,1,less friction,1,answering these,1,key nuance,1,flexibility modern,1
troubleshooting what,1,friction now,1,these lets,1,nuance novagrid,1,modern architecture,1
what your,1,now versus,1,lets me,1,advantage can,1,architecture civitas,1
your technicians,1,versus more,1,me generate,1,be erased,1,civitas clean,1
technicians can,1,more effort,1,generate a,1,erased if,1,clean fit,1
can diagnose,1,effort to,1,a near,1,if essential,1,fit with,1
diagnose on,1,justify and,1,near final,1,approval becomes,1,s years,1
site and,1,and monitor,1,final council,1,becomes protracted,1,fewer exception,1
and remotely,1,monitor lock,1,memo and,1,protracted proven,1,exception pathways,1
remotely parts,1,vs product,1,one slide,1,record vs,1,pathways needed,1
and lead,1,product flexibility,1,decision summary,1,vs innovation,1,needed novagrid,1
times controllers,1,flexibility and,1,summary has,1,innovation shorter,1,may require,1
comms gear,1,and where,1,has it,1,history civitas,1,waiver depending,1
gear this,1,in actually,1,security given,1,civitas longer,1,on highway,1
is often,1,actually sits,1,given any,1,longer operational,1,and definitely,1
often where,1,sits civitas,1,any preliminary,1,history aligns,1,definitely requires,1
where schedules,1,integrated high,1,preliminary signal,1,preference and,1,infrastructure trade,1
schedules slip,1,high lock,1,signal even,1,and usually,1,off lower,1
slip standardization,1,in tightly,1,even informal,1,usually reduces,1,more modern,1
standardization the,1,controllers costly,1,informal on,1,reduces unknown,1,modern deployment,1
the more,1,costly to,1,on approving,1,unknown failure,1,deployment model,1
more the,1,to switch,1,approving cloud,1,modes over,1,model that,1
system uses,1,switch civitas,1,cloud for,1,over many,1,that may,1
and common,1,in materially,1,infrastructure roughly,1,many seasons,1,may trigger,1
common components,1,materially via,1,roughly how,1,seasons events,1,trigger policy,1
components the,1,via industry,1,many intersections,1,events novagrid,1,policy and,1
the easier,1,controllers but,1,intersections controllers,1,novagrid strong,1,security reviews,1
easier it,1,but modular,1,are in,1,strong early,1,reviews novagrid,1
to stock,1,has shorter,1,in scope,1,early results,1,novagrid lock,1
stock spares,1,shorter deployment,1,scope order,1,results congestion,1,risk vs,1
spares and,1,deployment history,1,of magnitude,1,and modern,1,vs integration,1
and cross,1,years novagrid,1,magnitude this,1,adaptive approach,1,integration simplicity,1
cross train,1,novagrid modular,1,this affects,1,approach but,1,simplicity civitas,1
train staff,1,design but,1,affects supply,1,but less,1,integrated tightly,1
staff documentation,1,but proprietary,1,rollout realism,1,less time,1,architecture changing,1
documentation quality,1,software recurring,1,realism is,1,time tested,1,changing later,1
quality as,1,fees can,1,city more,1,tested during,1,later is,1
builts wiring,1,a different,1,more risk,1,during rare,1,is costly,1
wiring diagrams,1,different form,1,risk averse,1,rare high,1,costly also,1
diagrams configuration,1,form of,1,averse to,1,high stress,1,also proprietary,1
configuration exports,1,of lock,1,to schedule,1,stress scenarios,1,with long,1
exports and,1,in economic,1,or to,1,scenarios major,1,times civitas,1
and consistent,1,economic and,1,to higher,1,disruptions outages,1,via industry,1
consistent naming,1,operational dependency,1,cost if,1,outages big,1,controllers at,1
naming conventions,1,dependency key,1,if forced,1,big construction,1,at added,1
conventions vendor,1,key nuance,1,choose one,1,construction cycles,1,added cost,1
support quality,1,nuance modular,1,one core,1,cycles lock,1,shorter modular,1
quality and,1,can mean,1,core trade,1,risk vs,1,modular track,1
and accountability,1,mean the,1,offs high,1,vs modularity,1,record novagrid,1
accountability support,1,is swappable,1,high level,1,modularity and,1,novagrid modular,1
slas that,1,swappable while,1,level policy,1,of modularity,1,in many,1
match operations,1,while the,1,policy schedule,1,modularity civitas,1,many components,1
operations response,1,the center,1,vs better,1,higher lock,1,components but,1
times escalation,1,center is,1,better faster,1,in harder,1,but central,1
escalation paths,1,is sticky,1,faster cheaper,1,harder expensive,1,management has,1
paths after,1,sticky ask,1,cheaper on,1,expensive to,1,proprietary elements,1
hours support,1,ask where,1,paper civitas,1,switch later,1,elements and,1
support severity,1,where the,1,longer operating,1,later civitas,1,dependence a,1
severity definitions,1,the true,1,history aligns,1,modular much,1,a different,1
definitions clear,1,true switching,1,preference fewer,1,much better,1,different kind,1
clear responsibility,1,cost lives,1,fewer waiver,1,better on,1,of lock,1
responsibility boundaries,1,lives cost,1,waiver questions,1,in due,1,in trade,1
boundaries who,1,cost profile,1,questions fewer,1,to industry,1,off you,1
who owns,1,profile predictable,1,fewer governance,1,controllers novagrid,1,choosing lock,1
owns problems,1,predictable total,1,governance surprises,1,novagrid more,1,in vs,1
problems that,1,total cost,1,surprises novagrid,1,modular overall,1,vs no,1
that span,1,cost vs,1,and lower,1,overall but,1,choosing which,1
span controller,1,lower entry,1,cost but,1,a required,1,which lock,1
controller comms,1,entry price,1,but cloud,1,hosted management,1,re willing,1
software track,1,price with,1,infrastructure and,1,management layer,1,to live,1
record on,1,with variable,1,and shorter,1,layer so,1,with proprietary,1
handling not,1,variable opex,1,history can,1,so modularity,1,proprietary on,1
just features,1,opex civitas,1,can introduce,1,modularity is,1,prem integration,1
features but,1,civitas higher,1,introduce approval,1,real but,1,integration civitas,1
but how,1,higher upfront,1,approval steps,1,not total,1,integrated a,1
they behave,1,cost more,1,steps that,1,total local,1,more standard,1
behave when,1,more if,1,t fit,1,local control,1,standard hardware,1
when something,1,modular but,1,fit a,1,control vs,1,hardware base,1
breaks at,1,but year,1,window in,1,cloud dependence,1,base civitas,1
a m,1,reduces budget,1,safer bet,1,dependence novagrid,1,or cloud,1
m cybersecurity,1,upfront but,1,bet for,1,requires cloud,1,cloud platform,1
resilience security,1,but adds,1,for we,1,management that,1,platform dependence,1
architecture least,1,adds recurring,1,start and,1,can bring,1,dependence plus,1
least privilege,1,adjustable and,1,and finish,1,bring scalability,1,plus proprietary,1
privilege mfa,1,potentially additional,1,finish on,1,scalability and,1,software novagrid,1
mfa network,1,additional compliance,1,time novagrid,1,vendor managed,1,novagrid upfront,1
network segmentation,1,security costs,1,the higher,1,managed updates,1,cost vs,1
segmentation secure,1,hosting trade,1,higher payoff,1,updates but,1,vs long,1
secure remote,1,trade capex,1,payoff option,1,but creates,1,long run,1
remote access,1,capex heavy,1,if approvals,1,creates governance,1,run cost,1
access audit,1,heavy but,1,approvals are,1,governance security,1,predictability civitas,1
logs patch,1,but predictable,1,are clear,1,security review,1,civitas higher,1
and vulnerability,1,predictable vs,1,fast vendor,1,review work,1,cost offers,1
vulnerability response,1,lower capex,1,in vs,1,work and,1,which limits,1
response how,1,capex with,1,vs near,1,an operational,1,limits mid,1
quickly they,1,with ongoing,1,term integration,1,operational dependency,1,mid term,1
they remediate,1,ongoing costs,1,integration simplicity,1,connectivity and,1,term budget,1
remediate and,1,can grow,1,simplicity civitas,1,vendor cloud,1,surprises novagrid,1
how you,1,grow supply,1,integrated tightly,1,cloud operations,1,novagrid lower,1
ll deploy,1,dependency vs,1,architecture easier,1,operations civitas,1,cost adds,1
deploy fixes,1,vs hosting,1,easier single,1,civitas no,1,adds recurring,1
fixes safely,1,hosting dependency,1,vendor responsibility,1,no stated,1,base that,1
safely resilience,1,dependency civitas,1,responsibility now,1,cloud mandate,1,adjust annually,1
resilience to,1,integrated physical,1,now but,1,mandate in,1,annually creating,1
to connectivity,1,physical dependency,1,higher switching,1,your summary,1,creating longer,1
loss especially,1,dependency week,1,cost later,1,summary typically,1,longer run,1
anything depends,1,controllers can,1,modular mitigates,1,typically easier,1,run exposure,1
on cloud,1,can threaten,1,mitigates lock,1,to align,1,exposure trade,1
cloud or,1,strategy novagrid,1,controllers at,1,align with,1,off pay,1
or wide,1,novagrid platform,1,at extra,1,with essential,1,pay more,1
wide area,1,platform dependency,1,extra cost,1,governance expectations,1,stable near,1
area networking,1,dependency must,1,and with,1,expectations vendor,1,term o,1
networking cost,1,must run,1,a shorter,1,vendor stability,1,o m,1
predictability over,1,run central,1,shorter modular,1,stability continuity,1,m costs,1
over lifecycle,1,central in,1,modular track,1,continuity vs,1,costs civitas,1
just purchase,1,cloud you,1,record novagrid,1,vs potential,1,versus pay,1
purchase price,1,re dependent,1,novagrid more,1,potential upside,1,pay less,1
price stable,1,dependent on,1,more modular,1,upside civitas,1,less now,1
stable o,1,on hosting,1,modular overall,1,civitas established,1,now but,1
m costs,1,approvals connectivity,1,overall but,1,established less,1,but accept,1
costs maintenance,1,connectivity and,1,but proprietary,1,less ownership,1,accept more,1
support hosting,1,vendor operated,1,software and,1,uncertainty slower,1,more variable,1
fees licensing,1,operated central,1,and required,1,updates reported,1,variable recurring,1
licensing add,1,central services,1,cloud can,1,reported novagrid,1,recurring costs,1
on modules,1,services trade,1,still create,1,novagrid venture,1,costs novagrid,1
modules and,1,trade hardware,1,create lock,1,backed with,1,novagrid depth,1
and required,1,hardware bottlenecks,1,through platform,1,certain long,1,depth of,1
upgrades hidden,1,bottlenecks versus,1,platform dependence,1,term ownership,1,of operational,1
hidden cost,1,versus governance,1,dependence and,1,ownership structure,1,history vs,1
cost drivers,1,governance availability,1,gravity in,1,structure potentially,1,vs performance,1
drivers proprietary,1,availability bottlenecks,1,short the,1,potentially faster,1,performance evidence,1
hardware required,1,bottlenecks vendor,1,the real,1,faster moving,1,in current,1
cloud subscriptions,1,continuity vs,1,real question,1,moving and,1,current deployments,1
subscriptions paid,1,vs innovation,1,question isn,1,more responsive,1,deployments civitas,1
integrations specialized,1,innovation velocity,1,t modular,1,responsive but,1,civitas broad,1
specialized training,1,velocity civitas,1,or not,1,but higher,1,broad history,1
training budgetability,1,civitas established,1,not it,1,higher risk,1,history across,1
budgetability multi,1,established and,1,s how,1,of changes,1,across many,1
multi year,1,and stable,1,how expensive,1,changes in,1,many cities,1
price locks,1,stable but,1,expensive is,1,in pricing,1,and years,1
locks or,1,but client,1,to exit,1,pricing strategy,1,years proven,1
or caps,1,client feedback,1,exit in,1,strategy if,1,proven reliability,1
caps matter,1,feedback suggests,1,years and,1,if acquired,1,reliability patterns,1
matter because,1,suggests slower,1,we contractually,1,acquired political,1,patterns novagrid,1
long lived,1,feature responsiveness,1,contractually guarantee,1,defensibility vs,1,novagrid strong,1
lived assets,1,likely faster,1,guarantee portability,1,vs pure,1,strong references,1
assets interoperability,1,faster iteration,1,portability upfront,1,pure performance,1,references and,1
later even,1,iteration and,1,upfront capex,1,performance narrative,1,and quantified,1
t plan,1,and modern,1,capex vs,1,narrative civitas,1,quantified improvements,1
plan to,1,modern tooling,1,vs long,1,defend to,1,improvements congestion,1
switch vendors,1,tooling but,1,higher purchase,1,council as,1,congestion metrics,1
vendors operations,1,but venture,1,lock reduces,1,as reliable,1,metrics but,1
operations benefits,1,shorter track,1,reduces budget,1,reliable avoids,1,fewer years,1
benefits from,1,record introduce,1,volatility novagrid,1,novagrid easier,1,years of,1
option industry,1,introduce continuity,1,lower purchase,1,to sell,1,of history,1
and interfaces,1,continuity questions,1,fees with,1,sell on,1,evidence on,1
interfaces reduce,1,questions acquisition,1,annual adjustments,1,on faster,1,on rare,1
reduce risk,1,acquisition risk,1,adjustments add,1,cheaper measured,1,rare stress,1
procurement friction,1,risk roadmap,1,add long,1,congestion gains,1,events major,1
friction later,1,roadmap shifts,1,cost uncertainty,1,gains but,1,emergencies regional,1
later data,1,changes trade,1,uncertainty unless,1,must defend,1,regional reroutes,1
export you,1,trade stability,1,unless capped,1,defend cloud,1,reroutes trade,1
to extract,1,and slower,1,capped in,1,and shorter,1,off prefer,1
extract timing,1,slower change,1,may win,1,history under,1,prefer known,1
plans configs,1,change vs,1,win the,1,preference if,1,known durability,1
configs logs,1,faster change,1,first year,1,can condense,1,durability across,1
formats integration,1,with higher,1,year budget,1,condense these,1,across time,1
integration capability,1,higher uncertainty,1,budget civitas,1,these into,1,and scenarios,1
capability with,1,uncertainty resilience,1,be easier,1,single either,1,scenarios civitas,1
systems transit,1,resilience under,1,defend over,1,either or,1,versus stronger,1
transit signal,1,under abnormal,1,over a,1,or sentence,1,stronger measured,1
signal priority,1,abnormal conditions,1,operating budget,1,use in,1,measured gains,1
priority emergency,1,conditions long,1,budget proven,1,council discussion,1,gains so,1
emergency preemption,1,long history,1,proven resilience,1,discussion or,1,far but,1
preemption atms,1,vs promising,1,under edge,1,one slide,1,less time,1
atms and,1,promising but,1,cases vs,1,slide trade,1,time tested,1
and future,1,but shorter,1,vs newer,1,trade off,1,tested novagrid,1
future detection,1,shorter evidence,1,newer performance,1,off chart,1,novagrid political,1
detection types,1,evidence civitas,1,evidence civitas,1,chart cost,1,defensibility vs,1
types performance,1,civitas longer,1,civitas long,1,time approval,1,vs innovation,1
performance management,1,longer history,1,long deployment,1,resilience vendor,1,innovation narrative,1
management you,1,history means,1,deployment history,1,continuity what,1,narrative civitas,1
can trust,1,means more,1,history implies,1,most operationally,1,civitas aligns,1
trust measurable,1,to edge,1,implies more,1,operationally what,1,with mayor,1
measurable outcomes,1,cases storms,1,more unknowns,1,your signal,1,s positive,1
outcomes travel,1,storms major,1,unknowns already,1,signal shop,1,positive prior,1
travel time,1,detours regional,1,already discovered,1,shop and,1,prior mention,1
time delay,1,regional events,1,discovered construction,1,traffic engineers,1,mention modular,1
delay arrivals,1,events novagrid,1,construction phases,1,engineers will,1,option helps,1
arrivals on,1,novagrid good,1,phases comms,1,will live,1,helps answer,1
on green,1,reported performance,1,outages special,1,live with,1,answer council,1
green queue,1,performance improvements,1,events but,1,with safety,1,concern novagrid,1
queue lengths,1,improvements but,1,but slower,1,and fail,1,as innovation,1
lengths plus,1,but less,1,updates novagrid,1,behavior non,1,innovation and,1
plus transparency,1,evidence in,1,novagrid reported,1,negotiable clear,1,and results,1
transparency on,1,in rare,1,improvements and,1,clear deterministic,1,results driven,1
on how,1,rare stress,1,strong references,1,behavior in,1,driven but,1
re calculated,1,stress scenarios,1,references but,1,in abnormal,1,but is,1
calculated tools,1,scenarios trade,1,but less,1,abnormal conditions,1,more exposed,1
tools staff,1,trade proven,1,evidence during,1,conditions cabinet,1,exposed to,1
use dashboards,1,proven behavior,1,during major,1,cabinet faults,1,to scrutiny,1
dashboards that,1,in weird,1,major disruptions,1,faults detector,1,scrutiny on,1
that help,1,weird years,1,disruptions and,1,detector failures,1,vendor longevity,1
help operators,1,vs less,1,and less,1,failures comms,1,longevity trade,1
operators make,1,less tested,1,less time,1,loss time,1,off easier,1
make decisions,1,tested behavior,1,field overall,1,time drift,1,easier consensus,1
decisions not,1,behavior but,1,overall in,1,drift gps,1,consensus building,1
just vendor,1,potentially better,1,lower surprise,1,gps loss,1,building often,1
vendor facing,1,better optimization,1,surprise risk,1,loss if,1,often civitas,1
facing analytics,1,optimization in,1,is potentially,1,if used,1,modular versus,1
analytics ability,1,normal conditions,1,potentially higher,1,used power,1,a bolder,1
to tune,1,can condense,1,higher benefit,1,power events,1,bolder choice,1
tune adapt,1,condense these,1,benefit upside,1,events graceful,1,that needs,1
adapt without,1,these into,1,upside with,1,graceful degradation,1,needs tighter,1
without calling,1,single slide,1,with more,1,degradation ability,1,tighter justification,1
calling the,1,slide s,1,more uncertainty,1,to revert,1,justification and,1
for every,1,s worth,1,uncertainty about,1,to flashing,1,stronger risk,1
every change,1,worth of,1,about rare,1,flashing time,1,controls novagrid,1
change deployment,1,of bullets,1,but important,1,time of,1,me whether,1
deployment practicality,1,bullets council,1,important events,1,of day,1,whether a,1
practicality and,1,friendly or,1,events supply,1,day plans,1,infrastructure is,1
change management,1,turn them,1,risk vs,1,plans or,1,is realistically,1
management phased,1,them into,1,vs faster,1,or local,1,realistically approvable,1
phased cutovers,1,into yes,1,faster implementation,1,local adaptive,1,approvable in,1
cutovers that,1,yes no,1,implementation civitas,1,adaptive without,1,city and,1
that don,1,no gating,1,controllers have,1,without unsafe,1,b highway,1
t destabilize,1,gating questions,1,have week,1,unsafe states,1,scope i,1
destabilize the,1,quickly indicate,1,times a,1,states strong,1,say which,1
the network,1,indicate which,1,schedule vulnerability,1,strong change,1,which trade,1
network training,1,the safer,1,vulnerability civitas,1,control so,1,off dominates,1
training operators,1,safer fit,1,modular likely,1,so a,1,dominates for,1
operators field,1,fit for,1,likely reduces,1,bad configuration,1,situation what,1
field techs,1,s constraints,1,reduces that,1,push doesn,1,most operationally,1
techs and,1,what matters,1,that risk,1,t create,1,operationally day,1
quickly new,1,matters most,1,risk standard,1,create systemic,1,day to,1
new staff,1,most operationally,1,must confirm,1,systemic risk,1,to day,1
be onboarded,1,operationally what,1,confirm actual,1,risk citywide,1,day and,1
onboarded operational,1,what your,1,actual availability,1,citywide operational,1,and over,1
operational handoff,1,shop will,1,faster stated,1,operational question,1,years safety,1
handoff who,1,will live,1,stated rollout,1,to ask,1,and fail,1
who supports,1,with safety,1,but schedule,1,ask if,1,behavior non,1
supports what,1,and predictable,1,schedule can,1,the central,1,negotiable operations,1
what during,1,conditions operations,1,be derailed,1,central system,1,operations cares,1
during rollout,1,operations cares,1,derailed by,1,system is,1,cares first,1
and for,1,cares less,1,and cybersecurity,1,is unreachable,1,first about,1
for how,1,less about,1,cybersecurity review,1,unreachable for,1,about what,1
long after,1,about best,1,review complexity,1,for hours,1,when things,1
after go,1,case optimization,1,complexity in,1,hours what,1,things go,1
live a,1,optimization and,1,short each,1,happens at,1,wrong flash,1
simple operations,1,more about,1,each has,1,at intersections,1,flash failover,1
operations north,1,about safe,1,a different,1,we verify,1,failover correctness,1
north star,1,safe deterministic,1,different critical,1,verify it,1,correctness what,1
star if,1,deterministic fallback,1,path hardware,1,it uptime,1,what intersections,1
had to,1,fallback what,1,times vs,1,incident recovery,1,intersections do,1
reduce it,1,down what,1,vs governance,1,recovery mttr,1,do on,1
it to,1,if communications,1,governance hosting,1,mttr beats,1,on cabinet,1
to one,1,communications drop,1,approval vendor,1,beats features,1,cabinet faults,1
sentence choose,1,drop to,1,vendor longevity,1,features real,1,faults detector,1
choose the,1,corridor can,1,longevity certainty,1,real world,1,detector failures,1
is safest,1,can intersections,1,vs innovation,1,world operations,1,failures comms,1
safest under,1,run local,1,innovation market,1,operations is,1,loss local,1
under failure,1,coordination timing,1,market momentum,1,is dominated,1,operation continuity,1
failure easiest,1,plans safely,1,momentum civitas,1,dominated by,1,continuity intersections,1
supply chains,1,safely without,1,civitas established,1,by how,1,must run,1
chains and,1,without the,1,established provider,1,quickly can,1,safely even,1
predictable in,1,the adaptive,1,provider more,1,we detect,1,unavailable clear,1
support while,1,adaptive layer,1,predictable long,1,detect triage,1,clear fault,1
while preserving,1,layer are,1,run support,1,triage and,1,fault modes,1
preserving flexibility,1,are preemption,1,support posture,1,restore key,1,modes predictable,1
flexibility to,1,priority functions,1,posture novagrid,1,key metrics,1,predictable diagnosable,1
to evolve,1,functions emergency,1,backed still,1,metrics system,1,diagnosable behavior,1
evolve if,1,vehicles rail,1,still solvent,1,system availability,1,behavior rather,1
a bit,1,rail transit,1,solvent but,1,availability mean,1,than mystery,1
bit about,1,transit preserved,1,but ownership,1,to detect,1,mystery outages,1
about your,1,preserved under,1,ownership strategy,1,detect mean,1,documented failure,1
your ops,1,under failures,1,strategy could,1,to restore,1,behavior cabinet,1
ops reality,1,failures operational,1,could change,1,restore and,1,cabinet controller,1
reality union,1,operational bar,1,change acquisition,1,and clarity,1,controller watchdog,1
union contracted,1,bar failures,1,acquisition pricing,1,clarity of,1,watchdog behavior,1
contracted maintenance,1,failures should,1,pricing model,1,of alarm,1,field evidence,1
maintenance number,1,should degrade,1,model shifts,1,alarm prioritization,1,of safe,1
of signal,1,degrade service,1,shifts in,1,prioritization avoid,1,safe degraded,1
signal techs,1,service gracefully,1,may move,1,avoid alarm,1,degraded operation,1
techs current,1,gracefully not,1,move faster,1,alarm fatigue,1,operation reliability,1
current controller,1,not create,1,faster civitas,1,fatigue vendor,1,and uptime,1
controller brands,1,create chaotic,1,more institutionally,1,support responsiveness,1,uptime in,1
brands and,1,chaotic field,1,institutionally stable,1,paths matter,1,the messy,1
a tmc,1,field behavior,1,stable practical,1,matter more,1,messy real,1
tmc i,1,behavior maintainability,1,practical takeaway,1,more than,1,real world,1
the above,1,maintainability can,1,takeaway if,1,than marketing,1,world a,1
short must,1,we fix,1,want the,1,marketing claims,1,a system,1
have checklist,1,fix it,1,the simplest,1,claims ask,1,system can,1
checklist for,1,fast with,1,simplest council,1,for historical,1,be technically,1
for vendor,1,the people,1,ready framing,1,historical uptime,1,technically compliant,1
vendor bafo,1,people we,1,framing civitas,1,uptime incident,1,compliant and,1
terms where,1,we have,1,modular lowest,1,incident postmortem,1,be operationally,1
you so,1,this includes,1,risk predictable,1,postmortem examples,1,operationally painful,1
so far,1,includes how,1,operations reduced,1,examples and,1,painful if,1
far is,1,quickly technicians,1,reduced lock,1,with penalties,1,s fragile,1
a fairly,1,technicians can,1,in if,1,penalties credits,1,fragile controller,1
fairly clear,1,can diagnose,1,at higher,1,credits maintainability,1,controller and,1
clear directionally,1,diagnose issues,1,higher price,1,maintainability for,1,and communications,1
directionally preferred,1,issues clear,1,feature cadence,1,for city,1,communications stability,1
preferred option,1,clear alarms,1,cadence novagrid,1,staff day,1,stability field,1
option plus,1,logs root,1,cost faster,1,day workload,1,conditions power,1
short list,1,root cause,1,rollout strong,1,workload how,1,quality heat,1
of prove,1,cause tools,1,strong reported,1,how easy,1,heat water,1
prove it,1,tools whether,1,performance but,1,easy it,1,water ingress,1
it de,1,whether common,1,higher governance,1,is for,1,ingress intermittent,1
it items,1,common failures,1,run continuity,1,for technicians,1,intermittent fiber,1
items you,1,be resolved,1,continuity cost,1,technicians to,1,cellular issues,1
should close,1,resolved with,1,volatility risk,1,to replace,1,issues mean,1
close before,1,and routine,1,risk unless,1,replace controllers,1,restore mttr,1
council current,1,routine skills,1,unless tightly,1,detectors update,1,mttr matters,1
current picture,1,skills how,1,tightly contracted,1,update firmware,1,than mean,1
picture based,1,much depends,1,contracted if,1,firmware safely,1,time between,1
on constraints,1,on vendor,1,me which,1,safely manage,1,between failures,1
constraints ops,1,only knowledge,1,which risk,1,manage spare,1,failures once,1
ops priorities,1,knowledge tools,1,risk scares,1,parts troubleshoot,1,once the,1
priorities the,1,tools training,1,scares you,1,troubleshoot with,1,the network,1
decision is,1,training burden,1,you more,1,with good,1,network is,1
is being,1,burden and,1,more approval,1,good diagnostics,1,is large,1
being driven,1,vendor provides,1,or long,1,diagnostics training,1,large software,1
driven more,1,provides good,1,run lock,1,training burden,1,update stability,1
more by,1,good documentation,1,in opex,1,system fits,1,stability ability,1
by operational,1,documentation and,1,opex volatility,1,fits current,1,to patch,1
operational and,1,and refreshers,1,volatility i,1,current staffing,1,patch without,1
than by,1,refreshers reality,1,translate these,1,and union,1,without breaking,1
by algorithms,1,check the,1,these trade,1,union job,1,breaking timing,1
algorithms both,1,s staffing,1,offs into,1,job classifications,1,or causing,1
vendors passed,1,model and,1,paragraph recommendation,1,classifications complexity,1,causing downtime,1
passed technical,1,hours coverage,1,recommendation tailored,1,tax highly,1,downtime what,1
technical audits,1,coverage often,1,tailored to,1,highly capable,1,verify uptime,1
audits and,1,often determine,1,council audience,1,capable systems,1,uptime reporting,1
and meet,1,determine success,1,audience what,1,systems can,1,reporting incident,1
meet requirements,1,success more,1,what matters,1,can increase,1,incident logs,1
requirements so,1,than algorithm,1,matters most,1,increase cognitive,1,logs from,1
differentiators are,1,algorithm quality,1,most to,1,cognitive load,1,reference cities,1
are now,1,quality uptime,1,the stuff,1,load unless,1,cities patch,1
now policy,1,support quality,1,stuff that,1,the tooling,1,patch cadence,1
governance cloud,1,quality cities,1,determines day,1,is excellent,1,cadence rollback,1
approval long,1,cities need,1,day success,1,excellent tell,1,rollback procedures,1
later delivery,1,need clear,1,success safety,1,tell tale,1,procedures and,1
certainty including,1,slas for,1,safety first,1,tale sign,1,maintenance windows,1
including supply,1,for critical,1,first behavior,1,sign how,1,windows maintainability,1
chain the,1,critical outages,1,and graceful,1,many steps,1,maintainability with,1
leading path,1,outages signal,1,graceful degradation,1,steps and,1,your actual,1
is recommend,1,flash comms,1,degradation operations,1,much vendor,1,actual staffing,1
standard tightly,1,loss central,1,operations cares,1,vendor involvement,1,model cities,1
system because,1,central failure,1,cares less,1,involvement it,1,cities rarely,1
history lowest,1,failure escalation,1,about best,1,it takes,1,rarely have,1
lowest friction,1,paths that,1,best optimization,1,takes to,1,have unlimited,1
friction easiest,1,that work,1,optimization and,1,a routine,1,unlimited signal,1
defend city,1,during storms,1,happens when,1,routine timing,1,signal staff,1
operations priorities,1,storms events,1,when things,1,plan change,1,staff the,1
priorities reliability,1,events fast,1,things go,1,change interoperability,1,system should,1
reliability maintainability,1,fast turnaround,1,go wrong,1,interoperability and,1,should fit,1
maintainability predictable,1,turnaround for,1,wrong intersections,1,and avoiding,1,fit how,1
support council,1,for bug,1,intersections must,1,avoiding operational,1,you operate,1
concern modular,1,bug fixes,1,must default,1,operational lock,1,operate ease,1
modular industry,1,fixes balanced,1,default to,1,in use,1,ease of,1
best counterargument,1,balanced against,1,to safe,1,use of,1,of troubleshooting,1
counterargument budget,1,against change,1,safe deterministic,1,of industry,1,troubleshooting clear,1
lower approval,1,control discipline,1,deterministic states,1,and interfaces,1,clear alarms,1
risk avoids,1,discipline also,1,states e,1,interfaces reduces,1,alarms remote,1
avoids mandatory,1,also what,1,g flash,1,reduces dependence,1,remote diagnostics,1
hosting classification,1,vendor considers,1,flash plans,1,single supplier,1,diagnostics good,1
classification questions,1,considers supported,1,day backups,1,supplier and,1,good logs,1
questions novagrid,1,supported troubleshooting,1,backups local,1,and eases,1,what changed,1
still viable,1,troubleshooting vs,1,coordination when,1,eases mutual,1,changed audit,1
viable but,1,billable consulting,1,when comms,1,mutual aid,1,trails standard,1
but is,1,consulting change,1,comms or,1,aid with,1,and tools,1
a conditional,1,change management,1,or central,1,with neighboring,1,tools controllers,1
conditional choice,1,and upgrades,1,control is,1,neighboring agencies,1,controllers detectors,1
choice novagrid,1,upgrades without,1,is lost,1,agencies data,1,detectors comms,1
s advantages,1,without breaking,1,lost emergency,1,portability ability,1,gear that,1
advantages faster,1,breaking the,1,vehicle preemption,1,detector configs,1,that technicians,1
rollout lower,1,the street,1,preemption and,1,metrics in,1,technicians can,1
upfront good,1,street signal,1,and railroad,1,formats integration,1,can source,1
good congestion,1,signal operations,1,railroad coordination,1,with existing,1,source and,1
improvements are,1,operations tends,1,coordination if,1,existing assets,1,and service,1
are real,1,to prefer,1,applicable must,1,assets emergency,1,service without,1
real but,1,prefer boring,1,must keep,1,preemption transit,1,without heroic,1
biggest unresolved,1,boring upgrades,1,keep working,1,transit signal,1,heroic effort,1
unresolved risks,1,upgrades patch,1,working under,1,signal priority,1,effort training,1
risks remain,1,patch cadence,1,under degraded,1,priority railroad,1,training burden,1
remain mandatory,1,cadence and,1,degraded conditions,1,railroad preemption,1,burden how,1
that requires,1,how updates,1,conditions clear,1,preemption pedestrian,1,to get,1
requires case,1,are tested,1,clear testable,1,pedestrian features,1,get a,1
review a,1,tested rolled,1,testable requirements,1,features atms,1,a new,1
a potential,1,rolled back,1,requirements if,1,atms integration,1,new tech,1
potential schedule,1,back ability,1,hours intersections,1,integration operational,1,tech productive,1
schedule approval,1,to stage,1,continue operating,1,operational risk,1,productive clarity,1
approval tripwire,1,stage changes,1,operating with,1,t swap,1,of manuals,1
tripwire less,1,changes pilot,1,with y,1,swap components,1,manuals availability,1
history needs,1,corridor broader,1,y acceptable,1,or export,1,vendor training,1
needs waiver,1,broader rollout,1,acceptable performance,1,export configs,1,training what,1
waiver strength,1,rollout clear,1,and z,1,configs every,1,verify training,1
strength documentation,1,clear release,1,z safety,1,every future,1,training plan,1
documentation recurring,1,release notes,1,safety guarantees,1,future change,1,plan typical,1
adjustment needs,1,notes tied,1,guarantees why,1,change becomes,1,typical truck,1
needs caps,1,to field,1,it matters,1,a procurement,1,truck roll,1
caps controls,1,field impacts,1,matters over,1,procurement event,1,roll reduction,1
controls ownership,1,impacts whether,1,time rare,1,event cybersecurity,1,reduction claims,1
uncertainty needs,1,whether upgrades,1,events fiber,1,cybersecurity and,1,claims with,1
needs change,1,upgrades require,1,cuts power,1,governance that,1,evidence clarity,1
protections what,1,require intersection,1,power issues,1,matches essential,1,of alarms,1
still unknown,1,intersection downtime,1,issues firmware,1,infrastructure identity,1,alarms and,1
unknown must,1,downtime or,1,firmware bugs,1,identity and,1,and spare,1
validated before,1,or risky,1,bugs are,1,and access,1,parts strategy,1
re essentially,1,risky coordinated,1,are inevitable,1,access management,1,strategy vendor,1
essentially down,1,coordinated cutovers,1,inevitable across,1,change timings,1,quality during,1
down to,1,cutovers this,1,across a,1,timings and,1,incidents not,1
short diligence,1,where systems,1,year lifecycle,1,and from,1,just during,1
diligence checklist,1,strong optimization,1,lifecycle high,1,from where,1,during procurement,1
checklist does,1,optimization can,1,high availability,1,where audit,1,procurement operations,1
time problem,1,still fail,1,availability fast,1,logs role,1,operations remembers,1
problem if,1,fail operationally,1,fast fault,1,role based,1,remembers who,1
controllers civitas,1,operationally if,1,fault detection,1,based access,1,who answers,1
risk drops,1,if updates,1,detection not,1,access mfa,1,answers at,1
drops materially,1,are disruptive,1,just uptime,1,mfa secure,1,at a,1
materially if,1,disruptive hardware,1,uptime marketing,1,secure remote,1,a m,1
t novagrid,1,hardware logistics,1,marketing ops,1,remote access,1,m during,1
s rollout,1,logistics reality,1,ops performance,1,access patch,1,during storms,1
rollout advantage,1,reality spares,1,performance is,1,patch management,1,storms or,1
advantage becomes,1,spares lead,1,is driven,1,who patches,1,or special,1
more consequential,1,and standardization,1,by mean,1,patches what,1,events response,1
consequential can,1,standardization day,1,detect mttd,1,how changes,1,time slas,1
novagrid clear,1,reliability depends,1,mttd how,1,changes are,1,paths on,1
clear cloud,1,can stock,1,quickly do,1,are validated,1,on call,1
approval in,1,stock spares,1,you know,1,validated if,1,call structure,1
and in,1,spares ability,1,know an,1,is involved,1,whether engineers,1
review can,1,substitute equivalent,1,an intersection,1,involved incident,1,engineers not,1
t be,1,equivalent controllers,1,intersection is,1,response coordination,1,just call,1
be completed,1,controllers avoids,1,is unhealthy,1,coordination data,1,call takers,1
completed or,1,source supply,1,unhealthy mean,1,data residency,1,takers can,1
or looks,1,supply issue,1,to repair,1,residency and,1,be reached,1
looks contentious,1,issue mean,1,repair mttr,1,continuity plans,1,reached root,1
contentious novagrid,1,to repair,1,mttr how,1,plans operational,1,analysis quality,1
becomes difficult,1,repair can,1,quickly can,1,reality cyber,1,quality after,1
difficult to,1,can a,1,can staff,1,cyber incidents,1,after incidents,1
recommend on,1,a tech,1,staff or,1,incidents often,1,incidents what,1
on governance,1,tech swap,1,or contractor,1,often look,1,verify support,1
governance grounds,1,swap a,1,contractor restore,1,like we,1,support slas,1
grounds regardless,1,a unit,1,restore service,1,t manage,1,slas with,1
of performance,1,unit quickly,1,service alarm,1,manage signals,1,remedies named,1
claims is,1,and restore,1,quality low,1,signals before,1,escalation contacts,1
is civitas,1,restore known,1,low false,1,before they,1,contacts and,1
modular modular,1,known good,1,false positives,1,they look,1,and references,1
just architecture,1,good configs,1,positives and,1,like data,1,on incident,1
architecture slides,1,configs standard,1,and field,1,data breach,1,incident handling,1
slides you,1,good spares,1,field visibility,1,breach resilience,1,handling ability,1
want explicit,1,strategy often,1,visibility controller,1,resilience during,1,operate during,1
explicit requirements,1,often produce,1,controller status,1,during disruptions,1,major disruptions,1
requirements standard,1,produce better,1,status detector,1,disruptions where,1,disruptions and,1
controllers interface,1,better uptime,1,health comms,1,where systems,1,events systems,1
api docs,1,uptime than,1,comms health,1,systems get,1,systems often,1
docs data,1,than any,1,health practical,1,judged construction,1,often look,1
export as,1,any software,1,practical ask,1,season frequent,1,look great,1
builts and,1,software feature,1,ask dashboards,1,frequent plan,1,great under,1
rights lifecycle,1,feature cybersecurity,1,dashboards alerts,1,changes lane,1,under normal,1
comparison with,1,cybersecurity and,1,alerts integrated,1,lane closures,1,normal patterns,1
with realistic,1,and access,1,integrated into,1,closures detours,1,patterns the,1
realistic escalation,1,access control,1,into existing,1,detours special,1,the stress,1
especially novagrid,1,control as,1,existing work,1,stadium traffic,1,test is,1
fees including,1,as operational,1,work order,1,traffic parades,1,is disruption,1
escalation versus,1,operational necessities,1,order workflows,1,parades emergencies,1,disruption construction,1
versus civitas,1,necessities for,1,workflows and,1,emergencies severe,1,construction detours,1
locked practical,1,infrastructure operations,1,clear severity,1,severe weather,1,detours stadium,1
practical takeaway,1,needs security,1,severity levels,1,weather and,1,stadium events,1
takeaway where,1,security that,1,levels maintainability,1,and power,1,events emergency,1
you stand,1,s workable,1,maintainability with,1,power disturbances,1,emergency routes,1
stand today,1,workable role,1,actual staffing,1,disturbances cabinet,1,routes signal,1
today civitas,1,role based,1,staffing levels,1,ups strategy,1,signal outages,1
council provided,1,based access,1,levels a,1,strategy and,1,outages along,1
contractually lock,1,access who,1,system succeeds,1,recovery procedures,1,along corridors,1
and confirm,1,can change,1,succeeds if,1,procedures coordination,1,corridors ability,1
confirm deliverability,1,change timing,1,your team,1,coordination with,1,to rapidly,1
deliverability lead,1,timing who,1,team can,1,with police,1,rapidly implement,1
times schedule,1,can push,1,can maintain,1,police fire,1,implement temporary,1
schedule what,1,push firmware,1,maintain it,1,fire and,1,temporary timing,1
answer if,1,firmware audit,1,without heroic,1,management ask,1,timing strategies,1
still carries,1,audit trails,1,heroic effort,1,ask vendors,1,strategies manage,1
carries long,1,trails what,1,effort can,1,vendors for,1,manage closures,1
long hardware,1,changed when,1,can technicians,1,event playbook,1,closures and,1
novagrid obtains,1,when by,1,technicians configure,1,playbook and,1,and coordinate,1
obtains a,1,by whom,1,configure replace,1,and examples,1,coordinate with,1
clean cloud,1,whom network,1,replace detectors,1,examples from,1,with police,1
strong cost,1,segmentation guidance,1,detectors and,1,from comparable,1,police fire,1
cost continuity,1,guidance that,1,and controllers,1,cities performance,1,fire priorities,1
protections novagrid,1,can actually,1,controllers without,1,performance measurement,1,priorities robustness,1
stronger contender,1,actually implement,1,without waiting,1,measurement that,1,robustness when,1
contender if,1,implement incident,1,waiting weeks,1,is actionable,1,when detection,1
page status,1,incident playbooks,1,for vendor,1,actionable not,1,detection is,1
status decision,1,playbooks that,1,vendor support,1,just pretty,1,is partially,1
gates brief,1,that don,1,support are,1,pretty dashboards,1,partially degraded,1
brief you,1,t depend,1,are tools,1,dashboards ability,1,degraded or,1
use internally,1,one engineer,1,tools usable,1,to measure,1,or traffic,1
internally this,1,engineer at,1,usable training,1,measure improvements,1,traffic patterns,1
week what,1,vendor security,1,training realistic,1,improvements credibly,1,patterns shift,1
re validating,1,security is,1,realistic and,1,credibly travel,1,shift abruptly,1
validating when,1,is operational,1,and documentation,1,time delay,1,abruptly what,1
when a,1,operational because,1,documentation current,1,delay stops,1,verify stories,1
a final,1,because a,1,current are,1,stops split,1,stories and,1
final recommendation,1,a lockout,1,updates manageable,1,split failures,1,and metrics,1
recommendation will,1,lockout compromised,1,manageable planned,1,failures and,1,metrics from,1
be ready,1,compromised account,1,planned windows,1,and trace,1,reference deployments,1
ready a,1,account or,1,windows rollback,1,trace causes,1,deployments during,1
a tighter,1,or misconfiguration,1,rollback procedures,1,causes tools,1,major projects,1
operating budget,1,misconfiguration can,1,procedures compatibility,1,tools that,1,projects events,1
budget shifts,1,outage observability,1,compatibility tracking,1,help engineers,1,events how,1
decision away,1,observability can,1,tracking operations,1,engineers answer,1,quickly staff,1
away from,1,you see,1,operations friendly,1,answer which,1,staff can,1
from who,1,see performance,1,friendly systems,1,which corridors,1,can implement,1
who can,1,and faults,1,systems reduce,1,corridors are,1,implement corridor,1
can deploy,1,faults without,1,reduce tribal,1,are failing,1,overrides interoperability,1
deploy faster,1,a data,1,tribal knowledge,1,failing and,1,interoperability and,1
cheaper toward,1,data scientist,1,knowledge dependency,1,just here,1,and avoiding,1
toward who,1,scientist operations,1,dependency and,1,a heatmap,1,avoiding operational,1
who gives,1,needs actionable,1,support repeatable,1,heatmap reporting,1,operational hostage,1
you the,1,actionable dashboards,1,repeatable procedures,1,reporting that,1,hostage situations,1
lowest and,1,dashboards intersection,1,procedures supply,1,that stands,1,situations from,1
predictable year,1,intersection health,1,strategy field,1,stands up,1,from operations,1
year run,1,health comms,1,field reality,1,up to,1,operations lock,1
run cost,1,comms health,1,reality intersections,1,to public,1,in shows,1
cost with,1,health detector,1,intersections fail,1,scrutiny without,1,shows up,1
least exposure,1,detector health,1,field not,1,without excessive,1,up as,1
exposure to,1,health alerts,1,not in,1,excessive manual,1,t change,1
to surprise,1,alerts that,1,a spreadsheet,1,manual effort,1,change x,1
surprise increases,1,are specific,1,spreadsheet operations,1,effort vendor,1,x without,1
increases with,1,specific not,1,operations values,1,and roadmap,1,vendor y,1
with that,1,not alarm,1,values availability,1,roadmap alignment,1,y key,1
that lens,1,alarm fatigue,1,availability of,1,alignment cities,1,key capabilities,1
lens the,1,fatigue performance,1,of spare,1,cities evolve,1,capabilities standards,1
the picture,1,reporting that,1,spare parts,1,evolve new,1,and interfaces,1
picture generally,1,that supports,1,and standard,1,new development,1,interfaces where,1
generally tilts,1,supports public,1,standard components,1,development new,1,where possible,1
tilts more,1,public council,1,components ability,1,new transit,1,possible data,1
more toward,1,council questions,1,to source,1,transit routes,1,portability easy,1
modular unless,1,questions before,1,source controllers,1,routes pedestrian,1,easy export,1
is willing,1,before after,1,and cabinets,1,pedestrian safety,1,data multi,1
to meaningfully,1,after corridor,1,cabinets without,1,safety initiatives,1,multi vendor,1
meaningfully restructure,1,corridor trends,1,vendor choke,1,initiatives vision,1,vendor integration,1
restructure its,1,trends without,1,choke point,1,vision zero,1,integration detection,1
its recurring,1,without heroic,1,point clear,1,zero changes,1,comms cabinets,1
risk what,1,heroic analysis,1,clear lifecycle,1,changes if,1,cabinets preemption,1
what changes,1,analysis good,1,lifecycle commitments,1,is slow,1,preemption transit,1
when o,1,good observability,1,long hardware,1,slow on,1,transit signal,1
m matters,1,observability reduces,1,hardware is,1,a governance,1,signal priority,1
more you,1,reduces overtime,1,is supported,1,governance model,1,priority what,1
should increase,1,and shortens,1,supported and,1,model roadmap,1,apis export,1
the weight,1,shortens outages,1,life this,1,roadmap cadence,1,formats configuration,1
weight of,1,outages flexibility,1,where standard,1,cadence request,1,configuration ownership,1
of cost,1,flexibility without,1,and non,1,request prioritization,1,ownership terms,1
predictability ability,1,without fragility,1,non proprietary,1,prioritization and,1,terms and,1
years out,1,fragility integration,1,components can,1,and transparent,1,and costs,1
out recurring,1,integration and,1,can materially,1,transparent pricing,1,costs steps,1
fees exposure,1,future proofing,1,reduce downtime,1,pricing for,1,steps for,1
exposure annual,1,proofing cities,1,downtime risk,1,for enhancements,1,for migrating,1
annual escalators,1,cities rarely,1,escalation paths,1,enhancements total,1,migrating away,1
escalators licensing,1,rarely stay,1,paths even,1,of ownership,1,away cybersecurity,1
licensing hosting,1,stay still,1,even great,1,stability predictable,1,cybersecurity and,1
hosting maintenance,1,still new,1,great systems,1,predictable maintenance,1,and access,1
maintenance labor,1,new detectors,1,systems need,1,support costs,1,access control,1
labor burden,1,detectors cameras,1,need vendor,1,costs price,1,control that,1
burden how,1,cameras transit,1,vendor help,1,locks help,1,t cripple,1
many truck,1,transit priority,1,help sometimes,1,help expected,1,cripple operations,1
rolls and,1,integration construction,1,sometimes ops,1,expected replacement,1,operations signals,1
and hours,1,detours special,1,needs defined,1,replacement cycles,1,infrastructure security,1
hours per,1,events school,1,defined escalation,1,cycles controllers,1,security needs,1
per month,1,school schedule,1,escalation who,1,detectors comms,1,be strong,1
month parts,1,schedule changes,1,who answers,1,comms equipment,1,strong and,1
availability standardization,1,changes coordination,1,answers at,1,equipment cloud,1,and workable,1
standardization spares,1,dot on,1,at 2am,1,if applicable,1,workable role,1
spares strategy,1,on highway,1,2am who,1,applicable cost,1,role based,1
strategy lead,1,highway ramps,1,owns the,1,of scaling,1,based access,1
leverage lock,1,ramps corridors,1,and severity,1,scaling adding,1,access mfa,1
in over,1,corridors operations,1,severity based,1,adding intersections,1,mfa strong,1
time because,1,operations values,1,based slas,1,intersections corridors,1,strong auditing,1
in tends,1,values systems,1,slas clear,1,corridors adding,1,auditing clear,1
show up,1,systems that,1,clear boundaries,1,adding new,1,clear patch,1
up as,1,can integrate,1,boundaries between,1,new detection,1,patch management,1
as o,1,integrate via,1,between city,1,detection modalities,1,management and,1
m pain,1,via documented,1,city responsibilities,1,modalities adding,1,and vulnerability,1
pain implications,1,documented standards,1,responsibilities and,1,adding analytics,1,vulnerability response,1
implications for,1,standards and,1,vendor responsibilities,1,analytics implementation,1,response if,1
vendor civitas,1,and apis,1,responsibilities slow,1,implementation quality,1,is involved,1
especially with,1,apis without,1,slow feature,1,quality and,1,involved resilience,1
more attractive,1,without creating,1,updates is,1,and cutover,1,requirements outage,1
attractive under,1,creating brittle,1,less important,1,cutover risk,1,outage plans,1
budgets because,1,brittle dependencies,1,important than,1,risk a,1,security attestations,1
lock reduces,1,dependencies or,1,than slow,1,good system,1,attestations what,1
reduces budget,1,or requiring,1,slow bug,1,system can,1,verify security,1
budget volatility,1,requiring expensive,1,fixes during,1,still fail,1,security architecture,1
volatility a,1,vendor change,1,incident so,1,fail operationally,1,architecture incident,1
a big,1,orders for,1,so separate,1,operationally if,1,response commitments,1
big deal,1,for every,1,separate those,1,if deployment,1,commitments audit,1
deal when,1,every tweak,1,those in,1,deployment is,1,how emergency,1
when councils,1,tweak cost,1,your evaluation,1,is poorly,1,emergency access,1
councils ask,1,predictability across,1,evaluation construction,1,poorly managed,1,access works,1
for certainty,1,across the,1,construction and,1,managed phased,1,works when,1
certainty the,1,lifecycle not,1,and special,1,rollout commissioning,1,when systems,1
s early,1,just purchase,1,event operations,1,commissioning procedures,1,are down,1
data shows,1,purchase price,1,operations tooling,1,procedures acceptance,1,down total,1
shows lower,1,price operational,1,tooling a,1,builts documentation,1,total lifecycle,1
costs than,1,operational budgets,1,is always,1,documentation are,1,predictability not,1
architecture you,1,budgets get,1,always under,1,are operational,1,just lowest,1
ll still,1,get hit,1,under change,1,operational gold,1,lowest bid,1
to validate,1,hit by,1,change detours,1,gold ask,1,bid operational,1
validate via,1,by annual,1,detours lane,1,sample acceptance,1,operational budgets,1
via references,1,annual hosting,1,lane closures,1,and commissioning,1,budgets get,1
references if,1,hosting software,1,closures development,1,commissioning checklist,1,get hit,1
modular truly,1,software fees,1,development and,1,checklist a,1,hit by,1
reduce parts,1,and their,1,and events,1,simple ops,1,by recurring,1
parts cost,1,their escalation,1,events operations,1,ops focused,1,recurring software,1
expand competition,1,escalation maintenance,1,operations needs,1,focused litmus,1,software hosting,1
competition for,1,maintenance contract,1,needs easy,1,litmus test,1,hosting fees,1
for some,1,and exclusions,1,easy temporary,1,you had,1,fees maintenance,1
some components,1,exclusions replacement,1,temporary plan,1,had to,1,maintenance escalation,1
components over,1,pricing and,1,deployment and,1,choose just,1,paid upgrades,1
avoid an,1,and availability,1,rollback construction,1,just three,1,upgrades cost,1
an additional,1,availability the,1,construction mode,1,three ops,1,cost of,1
additional category,1,the amount,1,mode scenario,1,ops questions,1,and replacement,1
category of,1,amount of,1,scenario management,1,questions to,1,replacement cycles,1
of recurring,1,vendor professional,1,management event,1,to drive,1,cycles vendor,1
cost cloud,1,professional services,1,event timing,1,drive selection,1,vendor required,1
fees as,1,services required,1,plans preemption,1,selection i,1,required services,1
described main,1,required for,1,preemption adjustments,1,d use,1,tasks config,1
caution civitas,1,for routine,1,adjustments coordination,1,use what,1,config changes,1
upfront and,1,routine changes,1,coordination shifts,1,happens when,1,changes reports,1
ll need,1,changes a,1,shifts audit,1,down and,1,reports integrations,1
show payback,1,is cheaper,1,trail who,1,we recover,1,integrations what,1
payback even,1,cheaper upfront,1,who changed,1,recover safely,1,verify year,1
even qualitative,1,upfront can,1,changed what,1,safely how,1,model caps,1
qualitative via,1,be harder,1,what when,1,fast can,1,on annual,1
via reduced,1,operate if,1,when and,1,staff troubleshoot,1,annual increases,1
reduced o,1,it forces,1,and why,1,troubleshoot and,1,increases what,1
burden novagrid,1,forces recurring,1,where adaptive,1,restore a,1,billable and,1
novagrid gets,1,fees specialized,1,adaptive systems,1,bad intersection,1,policy performance,1
gets harder,1,specialized labor,1,systems either,1,intersection at,1,performance management,1
defend under,1,labor or,1,either shine,1,2am without,1,management that,1
budgets unless,1,or vendor,1,shine quick,1,intervention how,1,s usable,1
can cap,1,only tooling,1,quick adaptation,1,how easily,1,usable not,1
and control,1,tooling a,1,adaptation or,1,easily can,1,just impressive,1
control o,1,simple operational,1,or create,1,we change,1,impressive operations,1
m because,1,operational test,1,create headaches,1,or vendors,1,operations benefits,1
a visible,1,test you,1,headaches hard,1,vendors later,1,benefits when,1
visible recurring,1,run during,1,hard to,1,later without,1,when performance,1
recurring line,1,during evaluation,1,to predict,1,losing our,1,performance tools,1
line item,1,evaluation ask,1,predict outcomes,1,our timing,1,tools are,1
s subject,1,ask each,1,outcomes unless,1,plans and,1,are actionable,1
to annual,1,vendor to,1,unless well,1,operational knowledge,1,actionable clear,1
adjustment over,1,to walk,1,well governed,1,knowledge if,1,clear dashboards,1
can overtake,1,through three,1,governed cybersecurity,1,me your,1,dashboards tied,1
overtake upfront,1,three tabletop,1,and patchability,1,your staffing,1,to operational,1
upfront savings,1,tabletop scenarios,1,patchability as,1,staffing level,1,operational actions,1
savings cloud,1,supervisors in,1,an operational,1,level number,1,actions split,1
dependence can,1,room a,1,operational function,1,of signal,1,failures detector,1
can introduce,1,m comms,1,function security,1,signal techs,1,health comms,1
introduce ongoing,1,comms outage,1,security isn,1,techs engineers,1,comms dropouts,1
ongoing cybersecurity,1,outage on,1,just it,1,engineers and,1,dropouts automated,1
cybersecurity compliance,1,major corridor,1,it it,1,top operational,1,automated alerts,1
compliance costs,1,corridor what,1,becomes an,1,operational acceptance,1,alerts that,1
costs reviews,1,alarms fire,1,ops burden,1,criteria to,1,are accurate,1
reviews monitoring,1,fire what,1,burden if,1,to include,1,accurate low,1
monitoring contract,1,what does,1,if poorly,1,include in,1,low false,1
contract renewals,1,field do,1,poorly designed,1,contract and,1,false alarms,1
renewals even,1,do how,1,designed patch,1,and factory,1,alarms reports,1
vendor does,1,we restore,1,patch cycles,1,factory site,1,reports that,1
the hosting,1,restore major,1,cycles must,1,site acceptance,1,that help,1
hosting shorter,1,event detour,1,be predictable,1,tests where,1,help justify,1
record ownership,1,detour emergency,1,predictable with,1,you right,1,justify staffing,1
uncertainty increases,1,preemption requests,1,with minimal,1,now current,1,staffing budget,1
chance of,1,requests how,1,minimal downtime,1,current state,1,budget and,1
of future,1,fast can,1,clear rollback,1,state of,1,and show,1
future pricing,1,can timing,1,rollback steps,1,decision we,1,show improvements,1
pricing changes,1,timing be,1,steps access,1,ve clarified,1,improvements to,1
changes new,1,be adjusted,1,access control,1,clarified what,1,leadership what,1
new licensing,1,adjusted and,1,control must,1,decision is,1,verify demo,1
support tiers,1,and verified,1,must support,1,is really,1,demo with,1
tiers acquisition,1,verified safely,1,support real,1,really about,1,with real,1
acquisition driven,1,safely bad,1,real workflows,1,about it,1,real workflows,1
driven renegotiation,1,update regression,1,workflows roles,1,s less,1,workflows not,1
renegotiation that,1,regression how,1,roles contractors,1,less a,1,just canned,1
that said,1,we rollback,1,contractors after,1,a which,1,canned kpis,1
said novagrid,1,rollback what,1,after hours,1,which algorithm,1,kpis alert,1
could still,1,the maximum,1,hours access,1,algorithm is,1,alert tuning,1
still compete,1,maximum downtime,1,without becoming,1,better choice,1,tuning and,1
compete strongly,1,downtime and,1,becoming insecure,1,choice both,1,and examples,1
strongly if,1,who owns,1,insecure workarounds,1,both passed,1,examples of,1
if their,1,owns the,1,workarounds for,1,audits and,1,of how,1
their system,1,the steps,1,any network,1,more a,1,how cities,1
system measurably,1,steps the,1,network cloud,1,lifecycle governance,1,cities used,1
measurably reduces,1,vendor that,1,dependency tested,1,governance choice,1,used reports,1
reduces congestion,1,that answers,1,tested incident,1,choice operational,1,reports to,1
congestion enough,1,answers these,1,procedures over,1,operational reliability,1,reduce calls,1
reduce other,1,these crisply,1,time the,1,reliability and,1,calls complaints,1
other city,1,crisply with,1,the ability,1,and recoverability,1,complaints a,1
city costs,1,clear roles,1,to patch,1,recoverability especially,1,practical operations,1
costs less,1,roles tooling,1,patch cleanly,1,especially during,1,first checklist,1
less staff,1,tooling and,1,cleanly matters,1,during outages,1,in vendor,1
staff time,1,and fallback,1,matters as,1,outages events,1,vendor discussions,1
time retiming,1,behavior will,1,as much,1,events approval,1,discussions if,1
retiming signals,1,will usually,1,much as,1,schedule certainty,1,you only,1
signals fewer,1,usually be,1,initial feature,1,certainty because,1,only had,1
fewer complaints,1,one your,1,feature set,1,week award,1,had time,1
complaints fewer,1,your operations,1,set because,1,and month,1,time for,1
fewer police,1,operations team,1,because vulnerabilities,1,support avoiding,1,for questions,1
police details,1,team can,1,vulnerabilities emerge,1,avoiding lock,1,questions these,1
details for,1,with if,1,emerge continually,1,is credible,1,these cover,1
for failures,1,how your,1,continually data,1,credible to,1,cover most,1
failures etc,1,your signals,1,data quality,1,council not,1,most operational,1
etc and,1,signals group,1,quality ownership,1,just promised,1,outcomes what,1
and they,1,group is,1,and observability,1,promised cost,1,at intersections,1
they accept,1,is staffed,1,observability so,1,cost predictability,1,intersections if,1
accept contractual,1,staffed hours,1,can manage,1,predictability over,1,unreachable for,1
contractual controls,1,hours on,1,manage performance,1,over years,1,hours how,1
controls on,1,on call,1,performance ops,1,years not,1,do you,1
on fee,1,call in,1,needs data,1,price the,1,you detect,1
escalation and,1,in house,1,data that,1,best fits,1,detect and,1
pricing the,1,house it,1,is accurate,1,fits those,1,and pinpoint,1
question becomes,1,it support,1,accurate detector,1,those constraints,1,pinpoint detector,1
becomes which,1,support i,1,health monitoring,1,constraints is,1,detector comms,1
which vendor,1,short operational,1,monitoring time,1,is emerging,1,comms failures,1
vendor lowers,1,operational requirements,1,time sync,1,emerging clearly,1,how noisy,1
lowers our,1,requirements checklist,1,sync consistent,1,clearly leading,1,noisy are,1
our downside,1,can attach,1,consistent timestamps,1,leading path,1,the alerts,1
downside risk,1,packet and,1,timestamps accessible,1,option because,1,alerts what,1
in tight,1,final contract,1,accessible exports,1,preference long,1,your patch,1
tight budget,1,contract where,1,apis reports,1,operating history,1,patch update,1
years the,1,where this,1,reports without,1,history fewer,1,update process,1
the worst,1,this leaves,1,in actionable,1,fewer waiver,1,we roll,1
worst outcome,1,leaves us,1,actionable performance,1,waiver headaches,1,roll back,1
outcome is,1,us current,1,performance measures,1,headaches council,1,back same,1
not paying,1,current state,1,measures tied,1,concern open,1,same day,1
paying more,1,state of,1,to corridors,1,open standard,1,day what,1
more upfront,1,ve established,1,corridors intersections,1,controllers tangible,1,are your,1
upfront it,1,established as,1,intersections and,1,tangible lock,1,your real,1
s getting,1,dominant decision,1,time periods,1,mitigation operational,1,real incident,1
getting hit,1,decision lens,1,periods this,1,reality less,1,times not,1
hit with,1,lens from,1,this enables,1,less dependence,1,not targets,1
with escalating,1,city operations,1,enables continuous,1,governance exceptions,1,targets in,1
escalating fees,1,operations perspective,1,continuous improvement,1,exceptions easier,1,cities what,1
fees surprise,1,perspective the,1,improvement and,1,to run,1,what parts,1
surprise required,1,the priority,1,and helps,1,run through,1,parts are,1
upgrades support,1,priority stack,1,helps defend,1,through disruptions,1,are standard,1
support cost,1,stack is,1,defend decisions,1,disruptions budget,1,standard vs,1
cost spikes,1,is safe,1,decisions to,1,budget governance,1,vs proprietary,1
spikes or,1,safe predictable,1,public total,1,governance year,1,proprietary and,1
or an,1,predictable operation,1,cost to,1,early indication,1,are typical,1
architecture that,1,operation under,1,operate tco,1,indication of,1,typical lead,1
forces sole,1,under failure,1,tco and,1,maintenance vs,1,times how,1
sole source,1,failure degraded,1,predictability operations,1,vs civitas,1,do we,1
source purchases,1,degraded modes,1,operations lives,1,integrated in,1,we export,1
purchases for,1,modes central,1,lives inside,1,in other,1,export all,1
for routine,1,down power,1,inside annual,1,other words,1,data if,1
routine needs,1,power events,1,annual budgets,1,words it,1,we switch,1
needs on,1,events maintainability,1,budgets predictable,1,s the,1,switch vendors,1
that axis,1,maintainability with,1,predictable maintenance,1,friction lowest,1,vendors how,1
axis civitas,1,your actual,1,pricing helps,1,lowest regret,1,quickly can,1
civitas price,1,actual staffing,1,helps staffing,1,regret choice,1,can staff,1
modular standard,1,model diagnostics,1,and contracting,1,choice even,1,staff implement,1
the cleaner,1,spares training,1,contracting hidden,1,even though,1,implement a,1
cleaner story,1,training vendor,1,costs kill,1,though it,1,a citywide,1
story what,1,responsiveness delivery,1,kill cloud,1,it costs,1,citywide or,1
should do,1,certainty within,1,fees that,1,costs more,1,or corridor,1
next to,1,just nominal,1,that escalate,1,upfront novagrid,1,corridor override,1
make this,1,nominal rollout,1,escalate required,1,remains credible,1,override for,1
this budget,1,rollout duration,1,required consulting,1,credible but,1,an emergency,1
budget driven,1,duration avoiding,1,consulting hours,1,conditional not,1,emergency event,1
driven not,1,in pain,1,hours proprietary,1,recommendation novagrid,1,event what,1
not opinion,1,pain through,1,proprietary parts,1,s advantages,1,the training,1
opinion driven,1,through controller,1,parts premiums,1,advantages are,1,training path,1
driven build,1,standards data,1,premiums expensive,1,real faster,1,for technicians,1
year total,1,terms cost,1,expensive change,1,rollout lower,1,technicians and,1
ownership tco,1,predictability over,1,orders a,1,capex measured,1,and operators,1
tco with,1,over the,1,is slightly,1,improvements but,1,operators and,1
with sensitivity,1,lifecycle especially,1,slightly more,1,but based,1,to proficiency,1
sensitivity cases,1,especially recurring,1,expensive upfront,1,matters operationally,1,proficiency what,1
cases even,1,escalation this,1,upfront can,1,operationally and,1,the recurring,1
model will,1,choice less,1,be cheaper,1,two big,1,fees over,1
will clarify,1,less as,1,cheaper operationally,1,uncertainties that,1,years and,1
clarify the,1,as whose,1,operationally if,1,dominate everything,1,can change,1
decision include,1,whose algorithm,1,it reduces,1,everything else,1,change annually,1
include upfront,1,is best,1,reduces truck,1,else essential,1,annually show,1
upfront implementation,1,more as,1,rolls downtime,1,approval case,1,show us,1
implementation equipment,1,as which,1,vendor dependence,1,review could,1,us audit,1
equipment the,1,path stays,1,dependence clear,1,could introduce,1,logs who,1
premium annual,1,stays governable,1,clear accountability,1,introduce delay,1,the previous,1
annual recurring,1,governable for,1,accountability boundaries,1,delay and,1,previous state,1
recurring civitas,1,years what,1,boundaries who,1,and controversy,1,state was,1
locked years,1,what that,1,owns what,1,controversy shorter,1,was if,1
years then,1,that implies,1,what a,1,shorter track,1,share a,1
then assume,1,implies about,1,a frequent,1,record relative,1,a your,1
assume scenarios,1,about each,1,frequent operational,1,preference possible,1,your signal,1
fee base,1,vendor right,1,operational failure,1,possible waiver,1,signal shop,1
base escalation,1,now civitas,1,failure ambiguous,1,waiver narrative,1,shop staffing,1
scenarios support,1,civitas strength,1,ambiguous responsibility,1,so novagrid,1,staffing level,1
support licensing,1,position lower,1,responsibility between,1,is best,1,level and,1
licensing city,1,lower institutional,1,between vendor,1,best framed,1,b whether,1
city internal,1,institutional friction,1,vendor integrator,1,can responsibly,1,you prioritize,1
internal labor,1,preference alignment,1,integrator telecom,1,responsibly choose,1,prioritize minimizing,1
labor estimate,1,alignment mature,1,telecom and,1,choose it,1,minimizing truck,1
estimate changes,1,mature operating,1,and city,1,if these,1,rolls or,1
changes in,1,history predictable,1,city staff,1,these gates,1,or maximizing,1
in technician,1,predictable support,1,staff ops,1,fast in,1,maximizing corridor,1
technician hours,1,costs year,1,ops wants,1,writing we,1,performance gains,1
hours vendor,1,choose it,1,wants a,1,ve identified,1,gains i,1
vendor calls,1,option directly,1,single throat,1,council questions,1,can tailor,1
calls after,1,directly mitigates,1,throat to,1,questions you,1,tailor this,1
hours incidents,1,mitigates lock,1,to choke,1,must answer,1,into an,1
incidents replacement,1,in via,1,choke or,1,answer explicitly,1,operations weighted,1
replacement refresh,1,controllers primary,1,single incident,1,explicitly if,1,weighted scorecard,1
refresh controllers,1,primary residual,1,incident manager,1,you bring,1,scorecard for,1
comms over,1,residual risks,1,manager well,1,bring a,1,given what,1
years risk,1,risks slower,1,well defined,1,without these,1,we ve,1
risk cases,1,slower timeline,1,defined acceptance,1,these the,1,ve discussed,1
cases not,1,timeline if,1,warranties documented,1,the discussion,1,discussed where,1
as probability,1,if using,1,ownership for,1,discussion will,1,where does,1
probability math,1,using integrated,1,for every,1,will wander,1,that leave,1
math but,1,architecture supply,1,every subsystem,1,wander how,1,leave us,1
but as,1,chain lead,1,subsystem controllers,1,how does,1,us so,1
as scenarios,1,and switching,1,controllers detectors,1,does the,1,far where,1
novagrid fee,1,costs also,1,comms central,1,system behave,1,you right,1
escalation e,1,also slower,1,cloud a,1,behave when,1,now working,1
g annual,1,responsiveness net,1,quick ops,1,down safe,1,working conclusion,1
cloud compliance,1,far civitas,1,ops first,1,fallback recovery,1,conclusion you,1
compliance adders,1,civitas becomes,1,first checklist,1,recovery how,1,choosing best,1
adders if,1,the low,1,checklist you,1,how are,1,best technology,1
any civitas,1,low surprise,1,use with,1,we preventing,1,technology you,1
civitas hardware,1,surprise option,1,with either,1,preventing lock,1,defensible risk,1
time impacts,1,you steer,1,vendor ask,1,and preserving,1,risk posture,1
impacts if,1,steer to,1,ask each,1,preserving future,1,posture both,1
they cause,1,and write,1,vendor to,1,competition what,1,vendors passed,1
cause extended,1,write the,1,answer in,1,the credible,1,passed audits,1
extended parallel,1,preserve openness,1,writing what,1,credible timeline,1,audits and,1
parallel operations,1,openness novagrid,1,at intersections,1,timeline relative,1,and meet,1
operations this,1,novagrid strength,1,intersections if,1,cliff what,1,meet requirements,1
show council,1,position faster,1,for hour,1,the long,1,the differentiator,1
council even,1,rollout and,1,hour hours,1,escalators what,1,differentiator is,1
cheaper in,1,cost modularity,1,hours days,1,support expectations,1,is risk,1
year by,1,modularity at,1,days what,1,expectations response,1,risk schedule,1
by year,1,field level,1,your mttd,1,time patch,1,risk against,1
year x,1,level good,1,mttr in,1,cadence escalation,1,cliff governance,1
x the,1,references primary,1,in comparable,1,escalation what,1,risk lock,1
the recurring,1,primary gating,1,comparable cities,1,s still,1,in lifecycle,1
recurring costs,1,risks essential,1,cities and,1,still missing,1,lifecycle risk,1
risk dominate,1,approval calendar,1,how is,1,missing the,1,budget predictability,1
dominate contract,1,uncertainty and,1,it measured,1,the small,1,predictability the,1
contract moves,1,shorter operating,1,measured what,1,small set,1,is taking,1
moves that,1,preference possible,1,what parts,1,of facts,1,taking shape,1
that become,1,possible waiver,1,parts are,1,facts to,1,shape civitas,1
become higher,1,burden plus,1,are proprietary,1,close before,1,leading candidate,1
higher priority,1,plus continuity,1,proprietary what,1,to finalize,1,candidate because,1
priority under,1,continuity uncertainty,1,are current,1,finalize confidently,1,aligns cleanly,1
budgets if,1,uncertainty from,1,times how,1,confidently you,1,cleanly with,1
you stay,1,from venture,1,updates deployed,1,want a,1,reduces waiver,1
stay with,1,trajectory and,1,deployed tested,1,of confirmations,1,friction avoids,1
the recommended,1,components fees,1,tested and,1,confirmations for,1,worst lock,1
recommended civitas,1,fees net,1,and rolled,1,modular confirm,1,optics industry,1
modular path,1,far novagrid,1,rolled back,1,confirm controller,1,which matters,1
path extend,1,viable but,1,back what,1,supply lead,1,matters given,1
extend price,1,cloud governance,1,are your,1,availability so,1,given council,1
predictability where,1,governance is,1,your escalation,1,not surprised,1,politics improves,1
where possible,1,is cleared,1,escalation slas,1,surprised by,1,improves operational,1
possible e,1,cleared quickly,1,a citywide,1,by a,1,operational maintainability,1
g option,1,down continuity,1,citywide incident,1,a different,1,maintainability signals,1
years with,1,cost portability,1,incident can,1,different bottleneck,1,signals early,1
with defined,1,terms otherwise,1,we export,1,bottleneck than,1,reduces exposure,1
defined increases,1,otherwise its,1,export all,1,than the,1,times offers,1
increases after,1,its speed,1,data without,1,the proprietary,1,offers year,1
year make,1,speed is,1,without additional,1,proprietary week,1,defend publicly,1
enforceable standard,1,is fragile,1,additional fees,1,week issue,1,publicly novagrid,1
documentation because,1,fragile the,1,fees how,1,issue speak,1,still in,1
because that,1,the working,1,how do,1,speak to,1,in play,1
s what,1,working recommendation,1,you support,1,cities specifically,1,play but,1
what protects,1,recommendation as,1,support construction,1,specifically stability,1,only as,1
protects future,1,as of,1,audit trails,1,maintenance vendor,1,a gated,1
future maintenance,1,of now,1,trails if,1,responsiveness verify,1,gated alternative,1
costs if,1,option contingent,1,me how,1,exact scope,1,novagrid stays,1
novagrid in,1,on confirming,1,how your,1,scope of,1,stays viable,1
play demand,1,confirming a,1,your operations,1,lock what,1,viable if,1
demand caps,1,a small,1,operations team,1,excluded for,1,two issues,1
increases for,1,small set,1,team is,1,it alive,1,issues fast,1
cloud support,1,of gating,1,is staffed,1,alive as,1,fast cloud,1
support e,1,gating facts,1,staffed in,1,serious alternative,1,hosting approval,1
g cpi,1,facts and,1,in house,1,alternative obtain,1,infrastructure case,1
cpi or,1,and embedding,1,house signals,1,obtain written,1,review risk,1
cap require,1,embedding specific,1,signals techs,1,written approval,1,biggest swing,1
require change,1,specific protections,1,techs vs,1,hosting who,1,swing factor,1
clear rights,1,protections controller,1,vs contractor,1,signs required,1,factor lifecycle,1
rights if,1,spares data,1,contractor heavy,1,timeline clarify,1,lifecycle commercial,1
if pricing,1,assistance enforceable,1,heavy and,1,needs and,1,commercial risk,1
pricing support,1,enforceable schedule,1,and approximate,1,and documentation,1,controls annual,1
support terms,1,schedule acceptance,1,approximate number,1,documentation expectations,1,fee adjustment,1
terms change,1,response expectations,1,of intersections,1,expectations if,1,adjustment change,1
change clarify,1,expectations this,1,intersections i,1,scope lock,1,uncertainty continuity,1
clarify what,1,it simultaneously,1,translate this,1,down fee,1,continuity during,1
included in,1,simultaneously aligns,1,a weighted,1,escalator caps,1,during outages,1
fee storage,1,dot expectations,1,weighted ops,1,continuity exit,1,outages right,1
storage users,1,expectations addresses,1,ops scorecard,1,exit provisions,1,best framed,1
users integrations,1,concern in,1,scorecard you,1,provisions practical,1,as potentially,1
integrations updates,1,controllers contract,1,take into,1,next step,1,value but,1
cybersecurity obligations,1,terms avoids,1,into vendor,1,step turn,1,close on,1
obligations net,1,the largest,1,vendor demos,1,a decision,1,short timeline,1
net effect,1,largest approval,1,demos and,1,decision package,1,timeline what,1
effect on,1,approval uncertainty,1,calls where,1,package not,1,you know,1
with tighter,1,uncertainty cloud,1,are right,1,not more,1,know vs,1
decision typically,1,cloud as,1,current most,1,more discussion,1,still don,1
typically shifts,1,infrastructure reduces,1,defensible direction,1,discussion within,1,t know,1
vendor with,1,reduces procurement,1,direction the,1,window the,1,know known,1
stronger price,1,chain single,1,option not,1,most effective,1,known high,1
price controls,1,failure compared,1,the tightly,1,effective move,1,confidence from,1
controls based,1,compared to,1,controller variant,1,move now,1,from your,1
we have,1,integrated what,1,variant because,1,now is,1,your inputs,1
have that,1,still unresolved,1,selection deadline,1,to produce,1,inputs you,1
that strengthens,1,unresolved what,1,deadline and,1,page recommendation,1,and cut,1
strengthens the,1,verify the,1,cliff minimizes,1,recommendation summary,1,cut over,1
the case,1,finalize confidently,1,minimizes approval,1,summary single,1,over well,1
case for,1,confidently you,1,surprises the,1,single pick,1,before months,1
approval cleanly,1,need answers,1,year operational,1,pick top,1,months council,1
and put,1,answers to,1,history preference,1,reasons top,1,politics penalize,1
put hard,1,few high,1,preference lower,1,mitigations a,1,penalize lock,1
hard limits,1,high leverage,1,lower waiver,1,register with,1,in mayor,1
limits around,1,leverage questions,1,friction the,1,with items,1,prior statement,1
around recurring,1,questions for,1,s sensitivity,1,items total,1,statement mildly,1
escalation if,1,equivalents what,1,sensitivity to,1,total not,1,mildly favors,1
you share,1,what do,1,to vendor,1,not highlighting,1,civitas civitas,1
share rough,1,do the,1,credible mitigation,1,highlighting the,1,uses standard,1
rough ballpark,1,deployments show,1,mitigation operations,1,two schedule,1,controllers novagrid,1
ballpark figures,1,show in,1,operations priorities,1,schedule killers,1,hosting and,1
figures for,1,in outage,1,priorities maintainability,1,killers a,1,and charges,1
civitas base,1,history patch,1,maintainability parts,1,negotiable contract,1,charges recurring,1
base price,1,patch rollback,1,and predictable,1,terms list,1,fees unknown,1
price and,1,rollback behavior,1,predictable budgeting,1,list data,1,unknown these,1
and estimated,1,and real,1,budgeting reinforced,1,export slas,1,these can,1
estimated annual,1,costs what,1,reinforced by,1,slas price,1,can flip,1
annual maintenance,1,schedule with,1,by civitas,1,price controls,1,decision how,1
maintenance even,1,and staffing,1,remains a,1,controls transition,1,long your,1
even ranges,1,assumptions for,1,credible alternative,1,rights a,1,security essential,1
ranges i,1,a realistic,1,alternative but,1,a phased,1,review really,1
can sketch,1,realistic alternative,1,if two,1,phased implementation,1,really takes,1
sketch a,1,alternative can,1,two gating,1,implementation plan,1,what conditions,1
a quick,1,get written,1,gating uncertainties,1,tests focused,1,conditions it,1
quick break,1,that cloud,1,uncertainties are,1,focused on,1,it imposes,1
break even,1,cloud central,1,are resolved,1,operational failure,1,imposes whether,1
even sensitivity,1,is approvable,1,resolved quickly,1,is definitely,1,scope affects,1
sensitivity view,1,approvable for,1,writing essential,1,definitely in,1,affects dot,1
view to,1,infrastructure with,1,approval under,1,approval decision,1,waiver sensitivity,1
show how,1,controls can,1,it governance,1,decision i,1,sensitivity contract,1
much novagrid,1,you cap,1,the needed,1,exact gated,1,contract posture,1
s annual,1,cap structure,1,needed timeline,1,alternative language,1,posture whether,1
escalation would,1,the recurring,1,and adequate,1,language and,1,whether vendors,1
would erase,1,ensure data,1,adequate long,1,negotiables tailored,1,vendors will,1
erase its,1,and change,1,rights resilience,1,how tighter,1,will agree,1
its upfront,1,protections immediate,1,requirements to,1,budgets changes,1,specific protections,1
upfront advantage,1,next steps,1,to offset,1,the picture,1,protections exit,1
advantage that,1,steps practical,1,offset cloud,1,picture opex,1,transition price,1
that split,1,practical fits,1,and venture,1,predictability becomes,1,price caps,1
split is,1,run two,1,backed ownership,1,becomes as,1,caps outage,1
is common,1,two tabletop,1,ownership risk,1,as important,1,commitments acceptance,1
common traffic,1,tabletop ops,1,s still,1,important as,1,tests the,1
traffic engineering,1,ops scenarios,1,still unresolved,1,as opex,1,step structure,1
engineering tends,1,with each,1,unresolved the,1,opex level,1,structure so,1
to value,1,vendor central,1,decision hinges,1,level when,1,close in,1
value determinism,1,rollback with,1,hinges these,1,when budgets,1,time a,1
determinism standards,1,supervisors present,1,that could,1,budgets tighten,1,a treat,1
and known,1,present do,1,recommendation a,1,tighten cities,1,treat these,1
modes emergency,1,do targeted,1,governance outcome,1,cities get,1,these as,1
services values,1,upgrades and,1,novagrid gate,1,get hurt,1,as decision,1
values incident,1,and incidents,1,gate if,1,hurt less,1,decision gates,1
and network,1,incidents novagrid,1,security can,1,less by,1,fail not,1
network wide,1,on cloud,1,hosting promptly,1,by moderately,1,not debate,1
wide agility,1,outages billing,1,promptly with,1,moderately high,1,debate topics,1
agility it,1,changes and,1,acceptable controls,1,high but,1,topics gate,1
automatically mean,1,and emergency,1,controls novagrid,1,but fixed,1,bounded pathway,1
mean you,1,emergency event,1,becomes much,1,fixed costs,1,pathway through,1
you must,1,event performance,1,more viable,1,costs than,1,through essential,1
must pick,1,performance draft,1,viable if,1,than by,1,approval including,1
pick one,1,draft must,1,uncertain or,1,by low,1,including resilience,1
one stakeholder,1,have contract,1,or likely,1,low today,1,resilience and,1
stakeholder over,1,exhibits now,1,likely slow,1,today volatile,1,requirements gate,1
the other,1,now acceptance,1,slow novagrid,1,volatile later,1,is near,1
other it,1,tests portability,1,is high,1,later so,1,term written,1
it means,1,transition fee,1,high schedule,1,should now,1,written dot,1
means your,1,escalation rules,1,of technical,1,now weight,1,timeline if,1
should separate,1,rules controller,1,technical merits,1,weight heavily,1,if required,1
separate the,1,substitution ask,1,merits b,1,heavily maintenance,1,required if,1
core signal,1,ask it,1,b controller,1,price certainty,1,either gate,1
signal control,1,security for,1,procurement reality,1,certainty fee,1,gate is,1
control platform,1,fast ruling,1,modular gate,1,caps city,1,uncertain inside,1
platform must,1,ruling on,1,gate civitas,1,city staffing,1,inside the,1
be boring,1,path even,1,modular avoids,1,workload labor,1,window novagrid,1
boring reliable,1,civitas it,1,avoids the,1,labor is,1,governance gamble,1
reliable policy,1,strengthens your,1,in theory,1,is opex,1,gamble b,1
policy safe,1,your council,1,theory you,1,opex parts,1,b in,1
safe from,1,narrative what,1,need confirmation,1,parts availability,1,parallel convert,1
operations layer,1,can say,1,confirmation of,1,and standardization,1,leading choice,1
layer must,1,say today,1,of exact,1,standardization inventory,1,a locked,1
be fast,1,today in,1,and availability,1,inventory spares,1,down outcome,1
fast flexible,1,a status,1,availability enforceable,1,spares costs,1,default don,1
flexible and,1,status update,1,enforceable delivery,1,costs avoiding,1,t leave,1
and integrated,1,update accurate,1,commitments substitution,1,avoiding architectures,1,leave it,1
integrated with,1,accurate and,1,rules c,1,architectures that,1,as trust,1
cad workflows,1,are prioritizing,1,c ops,1,that force,1,trust us,1
workflows what,1,prioritizing the,1,ops reality,1,force expensive,1,us lock,1
this means,1,that minimizes,1,reality proof,1,future migrations,1,lock standards,1
means for,1,minimizes schedule,1,proof both,1,migrations what,1,commitment into,1
vendor choice,1,schedule breaking,1,vendors for,1,does to,1,contract add,1
winning the,1,breaking approvals,1,for city,1,to each,1,add acceptance,1
system argument,1,approvals and,1,the differentiators,1,s relative,1,milestone remedies,1
argument transportation,1,term vendor,1,differentiators are,1,relative attractiveness,1,remedies add,1
is essentially,1,dependency while,1,are less,1,attractiveness civitas,1,add exit,1
essentially a,1,while maintaining,1,about algorithms,1,civitas opex,1,defined deliverables,1
a vote,1,maintaining safe,1,algorithms and,1,factors year,1,and prices,1
vote for,1,conditions at,1,about behavior,1,lock this,1,prices now,1
for predictable,1,this stage,1,outages central,1,major hedge,1,now where,1
operations and,1,stage civitas,1,central network,1,hedge against,1,confidently brief,1
support fewer,1,architecture appears,1,network power,1,against budget,1,brief leadership,1
approval surprise,1,best match,1,power alarm,1,budget tightening,1,leadership council,1
surprise risks,1,match those,1,quality and,1,tightening it,1,council today,1
risks especially,1,those needs,1,and troubleshooting,1,being forced,1,today you,1
especially around,1,needs pending,1,troubleshooting workflows,1,into cuts,1,re optimizing,1
around cloud,1,pending verification,1,workflows patch,1,cuts elsewhere,1,optimizing for,1
cloud and,1,verification of,1,patch upgrade,1,elsewhere when,1,for operational,1
integration budgetability,1,of deployment,1,upgrade process,1,when vendor,1,and deliverability,1
budgetability maintenance,1,details novagrid,1,rollback response,1,vendor fees,1,deliverability under,1
and with,1,remains under,1,escalation these,1,fees jump,1,hard deadline,1
modular reduced,1,under consideration,1,these must,1,jump modular,1,avoiding repeat,1
infrastructure tighter,1,consideration but,1,validated through,1,option shows,1,in civitas,1
budgets reality,1,but cloud,1,through targeted,1,reduction early,1,concrete outputs,1
reality novagrid,1,key gating,1,targeted reference,1,data vs,1,outputs you,1
winning a,1,we must,1,calls and,1,vs their,1,should produce,1
capability wedge,1,must resolve,1,and scenario,1,if real,1,produce next,1
wedge incident,1,resolve to,1,scenario walk,1,real in,1,next to,1
incident driven,1,certainty if,1,walk throughs,1,your environment,1,finalize a,1
driven adaptation,1,page where,1,throughs what,1,environment that,1,page scorecard,1
adaptation emergency,1,where we,1,say confidently,1,s directly,1,scorecard with,1
t really,1,are brief,1,confidently vs,1,directly aligned,1,with rows,1
really arguing,1,brief for,1,cannot yet,1,new priority,1,rows delivery,1
arguing cheaper,1,council leadership,1,yet confident,1,priority industry,1,friction lock,1
cheaper faster,1,leadership and,1,confident based,1,modular typically,1,exit year,1
rollout they,1,short checklist,1,your provided,1,typically reduce,1,maturity plus,1
re arguing,1,can hand,1,provided facts,1,reduce spare,1,short sensitivity,1
arguing operational,1,to procurement,1,facts civitas,1,part premium,1,sensitivity note,1
outcomes during,1,final two,1,lower regulatory,1,premium single,1,note cloud,1
disruptions rerouting,1,two vendor,1,regulatory friction,1,pricing power,1,review delay,1
rerouting patterns,1,vendor clarification,1,friction longer,1,power specialist,1,delay scenario,1
patterns during,1,clarification round,1,longer history,1,specialist only,1,scenario a,1
incidents dynamic,1,round how,1,history option,1,only maintenance,1,short list,1
dynamic coordination,1,how a,1,option novagrid,1,maintenance dependence,1,of non,1
coordination beyond,1,budget changes,1,has stronger,1,dependence opex,1,negotiable contract,1
beyond standard,1,the picture,1,stronger stated,1,opex watch,1,terms bullets,1
standard time,1,picture when,1,stated congestion,1,watch outs,1,bullets tailored,1
time of,1,when annual,1,congestion improvement,1,outs if,1,tailored to,1
of day,1,annual budgets,1,improvement evidence,1,is slower,1,the chosen,1
day plans,1,tighten operating,1,but carries,1,slower on,1,chosen vendor,1
plans potentially,1,volatility becomes,1,carries governance,1,may end,1,vendor ready,1
potentially better,1,first order,1,continuity uncertainty,1,end up,1,ready for,1
better real,1,order risk,1,architecture has,1,up paying,1,packet attachment,1
time performance,1,risk not,1,has clear,1,paying for,1,attachment if,1
performance when,1,a secondary,1,clear lock,1,for custom,1,answer just,1
when conditions,1,secondary consideration,1,is intended,1,custom work,1,just one,1
conditions change,1,consideration that,1,intended to,1,work or,1,question it,1
change abruptly,1,that changes,1,mitigate both,1,or living,1,will sharpen,1
abruptly that,1,should optimize,1,both at,1,living with,1,sharpen everything,1
a legitimate,1,predictability of,1,at added,1,with manual,1,everything what,1
legitimate requirement,1,of yearly,1,cost not,1,workarounds staff,1,the realistic,1
s also,1,yearly spend,1,not yet,1,time opex,1,and likelihood,1
also the,1,spend can,1,yet confirmable,1,opex mitigate,1,likelihood of,1
the part,1,you forecast,1,confirmable without,1,clear slas,1,of approval,1
part you,1,forecast and,1,without documents,1,a change,1,hosting essential,1
can sometimes,1,it each,1,documents references,1,process net,1,infrastructure in,1
sometimes obtain,1,each budget,1,t fetch,1,budgets generally,1,city there,1
obtain via,1,budget cycle,1,fetch real,1,generally strengthen,1,strong chance,1
via a,1,cycle ability,1,time facts,1,strengthen the,1,chance next,1
defined module,1,operate with,1,facts myself,1,case for,1,year s,1
module integrations,1,with constrained,1,myself whether,1,modular because,1,s budget,1
avl incident,1,constrained staffing,1,exception can,1,it offers,1,budget will,1
incident feeds,1,staffing overtime,1,approved inside,1,offers both,1,be tighter,1
feeds or,1,overtime troubleshooting,1,your timeline,1,both lower,1,tighter long,1
or operational,1,troubleshooting burden,1,timeline whether,1,lower expected,1,costs will,1
operational playbooks,1,burden vendor,1,truly reduces,1,more stable,1,than we,1
playbooks api,1,vendor reliance,1,reduces deployment,1,stable pricing,1,we initially,1
api driven,1,reliance avoidance,1,your specific,1,pricing novagrid,1,initially thought,1
driven plan,1,of cost,1,specific supply,1,novagrid opex,1,thought how,1
plan changes,1,cost traps,1,controller market,1,factors potentially,1,how does,1
changes without,1,traps fee,1,market whether,1,potentially strong,1,picture how,1
without making,1,escalation proprietary,1,whether either,1,strong performance,1,budget changes,1
making that,1,proprietary parts,1,vendor s,1,performance gains,1,picture operating,1
vendor your,1,parts paid,1,s performance,1,gains congestion,1,predictability becomes,1
your entire,1,paid only,1,performance claims,1,congestion metrics,1,becomes as,1
entire core,1,only feature,1,claims translate,1,metrics can,1,as important,1
platform a,1,feature changes,1,translate to,1,reduce indirect,1,important as,1
that reconciles,1,changes contract,1,your corridors,1,indirect costs,1,as total,1
reconciles both,1,contract leverage,1,corridors and,1,costs delay,1,total cost,1
both and,1,leverage now,1,event patterns,1,delay fuel,1,cost when,1
and is,1,now because,1,patterns what,1,fuel complaints,1,when budgets,1
is defendable,1,because once,1,recommendation posture,1,complaints but,1,budgets tighten,1
defendable recommended,1,once you,1,posture to,1,but those,1,biggest operational,1
recommended direction,1,ve deployed,1,council today,1,those benefits,1,pain is,1
core plus,1,deployed your,1,today you,1,benefits don,1,cheapest option,1
plus contractually,1,your negotiating,1,are positioned,1,t always,1,s cost,1
required incident,1,negotiating power,1,positioned to,1,always translate,1,volatility you,1
capabilities you,1,power drops,1,recommend a,1,into your,1,t absorb,1
can keep,1,drops in,1,managed award,1,your operating,1,absorb mid,1
keep engineering,1,words you,1,award primary,1,operating line,1,mid year,1
predictability while,1,re no,1,explicit contractual,1,line items,1,year variable,1
still delivering,1,longer just,1,contractual portability,1,items unless,1,variable adjustable,1
delivering what,1,just comparing,1,delivery protections,1,re tying,1,fees unexpected,1
what emergency,1,comparing capex,1,protections backup,1,tying performance,1,unexpected maintenance,1
services wants,1,capex and,1,backup contingent,1,performance to,1,maintenance burdens,1
wants by,1,and rollout,1,contingent path,1,to measurable,1,burdens truck,1
making incident,1,rollout speed,1,novagrid only,1,measurable savings,1,rolls specialty,1
response operations,1,speed you,1,and commercial,1,savings opex,1,specialty parts,1
a scored,1,re comparing,1,commercial protections,1,opex negative,1,parts proprietary,1
scored testable,1,comparing year,1,are secured,1,negative factors,1,proprietary tools,1
testable deliverable,1,year run,1,secured before,1,factors recurring,1,tools forced,1
deliverable concretely,1,run cost,1,award this,1,fee 90k,1,forced upgrade,1
concretely do,1,and price,1,this framing,1,90k base,1,upgrade costs,1
do two,1,price control,1,framing is,1,base with,1,costs or,1
things write,1,control what,1,is council,1,adjustment this,1,or pay,1
write an,1,this implies,1,friendly because,1,is exactly,1,pay to,1
operations requirement,1,implies for,1,it shows,1,exactly the,1,to fix,1
requirement package,1,vendor civitas,1,considered performance,1,the kind,1,fix support,1
package regardless,1,civitas looks,1,cost you,1,of cost,1,support arrangements,1
vendor make,1,looks better,1,you prioritized,1,cost that,1,arrangements so,1
it operational,1,better on,1,prioritized essential,1,that becomes,1,key shift,1
operational not,1,on opex,1,schedule you,1,becomes painful,1,shift is,1
not aspirational,1,with modular,1,you addressed,1,painful under,1,is prefer,1
aspirational examples,1,what improves,1,addressed lock,1,under budget,1,prefer costs,1
examples within,1,improves under,1,through architecture,1,budget pressure,1,costs you,1
within x,1,under an,1,architecture choice,1,pressure especially,1,cap forecast,1
x minutes,1,an opex,1,choice and,1,if escalation,1,and control,1
minutes of,1,opex sensitive,1,terms practical,1,escalation is,1,control even,1
incident flag,1,sensitive lens,1,practical next,1,not capped,1,if upfront,1
flag on,1,lens year,1,steps so,1,capped and,1,upfront is,1
on corridor,1,is extremely,1,is done,1,if add,1,is higher,1
corridor y,1,extremely valuable,1,done in,1,on modules,1,higher what,1
y system,1,if next,1,in time,1,modules appear,1,vendor based,1
system shall,1,year is,1,time over,1,appear over,1,we know,1
shall deploy,1,is tight,1,over the,1,time essential,1,know civitas,1
deploy predefined,1,tight this,1,weeks so,1,can add,1,looks better,1
predefined incident,1,this caps,1,have time,1,add ongoing,1,better under,1
incident timing,1,caps near,1,to negotiate,1,ongoing compliance,1,opex conditions,1
and coordination,1,budget surprises,1,negotiate and,1,compliance overhead,1,conditions reasons,1
coordination offsets,1,surprises the,1,and write,1,overhead security,1,reasons year,1
offsets support,1,data showing,1,write the,1,security reviews,1,lock directly,1
support operator,1,showing maintenance,1,council package,1,reviews audits,1,directly addresses,1
operator initiated,1,system becomes,1,package get,1,audits vendor,1,addresses budget,1
initiated incident,1,important than,1,security novagrid,1,vendor management,1,budget tightening,1
modes detour,1,the upfront,1,gating memo,1,management which,1,tightening you,1
detour patterns,1,upfront adder,1,memo approve,1,is also,1,can forecast,1
patterns with,1,adder because,1,not approvable,1,also opex,1,and defend,1
with one,1,can pay,1,approvable in,1,opex venture,1,defend it,1
click deployment,1,pay back,1,in timeframe,1,uncertainty can,1,it modular,1
deployment rollback,1,back in,1,timeframe run,1,can translate,1,s early,1
rollback integrate,1,in reduced,1,run failure,1,into pricing,1,vs civitas,1
cad incident,1,reduced annual,1,scenarios with,1,pricing packaging,1,is exactly,1
incident feed,1,fewer vendor,1,with both,1,packaging changes,1,of structural,1
feed or,1,vendor unique,1,vendors comms,1,changes later,1,structural opex,1
minimum accept,1,unique parts,1,loss cloud,1,later another,1,opex reducer,1
accept an,1,mean cheaper,1,cloud central,1,another volatility,1,reducer that,1
an api,1,cheaper spares,1,central outage,1,volatility source,1,that matters,1
api trigger,1,strategy and,1,outage major,1,source net,1,matters when,1
trigger webhook,1,less single,1,document responses,1,budgets make,1,when staffing,1
webhook provide,1,supplier pricing,1,responses do,1,novagrid look,1,staffing and,1
provide audit,1,pricing power,1,do deep,1,look riskier,1,and overtime,1
logs of,1,power over,1,calls focused,1,riskier unless,1,overtime are,1
of who,1,time what,1,on operations,1,contractually convert,1,are constrained,1
who activated,1,to watch,1,operations mttd,1,convert that,1,constrained industry,1
activated what,1,watch after,1,mttr outages,1,that cloud,1,controllers reduce,1
what when,1,year costs,1,outages update,1,cost into,1,the surprise,1
what changed,1,can jump,1,cadence vendor,1,into something,1,surprise premium,1
changed demonstrate,1,jump unless,1,vendor escalation,1,something closer,1,premium of,1
demonstrate during,1,escalation formula,1,escalation not,1,closer to,1,of proprietary,1
during tabletop,1,formula now,1,just satisfaction,1,a predictable,1,and single,1
tabletop exercise,1,now if,1,satisfaction draft,1,predictable utility,1,single source,1
exercise major,1,path long,1,draft contract,1,utility tight,1,source servicing,1
major crash,1,lead hardware,1,contract redlines,1,tight caps,1,servicing over,1
crash lane,1,and sole,1,redlines now,1,caps clear,1,over time,1
closure special,1,sole source,1,now data,1,inclusions strong,1,time caveat,1
special event,1,source parts,1,access exit,1,strong termination,1,caveat you,1
event egress,1,parts can,1,exit assistance,1,rights the,1,still need,1
egress require,1,create both,1,assistance sla,1,key question,1,to validate,1
require an,1,both schedule,1,sla response,1,question now,1,validate that,1
response demonstration,1,future parts,1,response patch,1,now which,1,architecture s,1
demonstration as,1,parts price,1,timelines fee,1,which budget,1,s maintenance,1
a pre,1,price risk,1,caps novagrid,1,budget is,1,savings will,1
award proof,1,risk bad,1,commitments civitas,1,is tighter,1,will apply,1
proof have,1,bad combination,1,civitas quick,1,tighter capital,1,apply in,1
have both,1,combination in,1,quick check,1,capital operating,1,environment intersections,1
vendors run,1,environment net,1,check do,1,operating or,1,intersections count,1
same scenario,1,effect budget,1,want us,1,or both,1,count detector,1
demo using,1,tightening pushes,1,us to,1,both this,1,detector mix,1
using your,1,pushes civitas,1,current state,1,this matters,1,mix comms,1
your map,1,civitas further,1,state as,1,matters because,1,network staffing,1
map corridors,1,further toward,1,the working,1,because cities,1,model novagrid,1
corridors multi,1,strong price,1,working recommendation,1,cities often,1,s opex,1
multi vehicle,1,price parts,1,if yes,1,often fund,1,opex story,1
vehicle crash,1,parts terms,1,yes tell,1,fund capex,1,story becomes,1
crash on,1,and away,1,me one,1,capex bonds,1,becomes riskier,1
a principal,1,away from,1,thing is,1,bonds grants,1,riskier unless,1
principal arterial,1,from civitas,1,security team,1,grants differently,1,unless constrained,1
arterial detour,1,integrated novagrid,1,team leaning,1,differently from,1,may still,1
detour activation,1,cost but,1,toward approving,1,from opex,1,be cost,1
activation emergency,1,potentially higher,1,approving essential,1,opex general,1,cost effective,1
vehicle priority,1,higher opex,1,cloud exceptions,1,general fund,1,effective overall,1
priority on,1,volatility unless,1,exceptions or,1,fund if,1,overall but,1
on alternative,1,unless tightly,1,or is,1,if operating,1,budget tight,1
alternative route,1,tightly capped,1,that likely,1,operating is,1,tight lens,1
route communications,1,capped what,1,a fight,1,constraint spending,1,lens highlights,1
communications degradation,1,what gets,1,fight that,1,spending more,1,highlights risks,1
degradation partial,1,gets worse,1,that single,1,upfront to,1,risks cloud,1
partial loss,1,worse under,1,single answer,1,reduce lock,1,base with,1
loss post,1,under a,1,answer largely,1,lock annual,1,adjustment is,1
post incident,1,budget lens,1,largely determines,1,annual costs,1,a direct,1
incident recovery,1,lens the,1,real finalist,1,costs is,1,direct budget,1
recovery and,1,fee subject,1,finalist or,1,often rational,1,budget volatility,1
and return,1,adjustment becomes,1,conditional fallback,1,rational if,1,volatility driver,1
return to,1,headline risk,1,fallback how,1,if capital,1,driver even,1
normal score,1,modest escalation,1,how a,1,capital is,1,even modest,1
it this,1,escalation compounds,1,a tighter,1,s lower,1,modest yearly,1
defensible bridge,1,compounds and,1,tighter budget,1,capex may,1,yearly increases,1
bridge between,1,also incur,1,budget changes,1,may still,1,increases compound,1
between engineering,1,incur compliance,1,the picture,1,still win,1,compound and,1
engineering and,1,security overhead,1,picture it,1,win but,1,can crowd,1
services you,1,overhead for,1,the importance,1,can lock,1,crowd out,1
not choosing,1,hosting not,1,of four,1,the recurring,1,out other,1
choosing feelings,1,not always,1,four things,1,escalation if,1,other ops,1
feelings you,1,always in,1,things that,1,t know,1,ops needs,1
choosing demonstrated,1,base fee,1,that weren,1,know yet,1,needs cloud,1
demonstrated incident,1,fee if,1,t as,1,yet assume,1,dependence can,1
performance what,1,hosting is,1,as dominant,1,assume both,1,create must,1
civitas so,1,is mandatory,1,dominant before,1,both are,1,must pay,1
t left,1,mandatory and,1,before operating,1,are constrained,1,pay dynamics,1
left behind,1,components are,1,predictability volatility,1,constrained and,1,dynamics you,1
behind if,1,are sticky,1,volatility becomes,1,and prioritize,1,easily defer,1
you go,1,sticky you,1,risk not,1,prioritize cost,1,defer it,1
go civitas,1,can end,1,just a,1,stability exit,1,year without,1
should push,1,up with,1,a finance,1,options what,1,without risking,1
push hard,1,with economic,1,finance detail,1,evaluation method,1,risking operations,1
hard on,1,in even,1,detail when,1,method practical,1,operations venture,1
incident mode,1,is modular,1,when budgets,1,practical steps,1,backed ownership,1
mode tooling,1,modular venture,1,budgets tighten,1,steps re,1,uncertainty can,1
tooling how,1,ownership adds,1,the biggest,1,re score,1,translate into,1
quickly can,1,adds uncertainty,1,biggest pain,1,score using,1,into pricing,1
can operators,1,uncertainty around,1,pain isn,1,using a,1,pricing strategy,1
operators apply,1,around future,1,t high,1,year cash,1,changes later,1
apply corridor,1,future pricing,1,high cost,1,cash risk,1,later unless,1
corridor level,1,pricing models,1,cost it,1,risk model,1,have protections,1
level changes,1,and packaging,1,s unplanned,1,model you,1,protections however,1
changes emergency,1,packaging not,1,unplanned cost,1,need perfect,1,however if,1
vehicle preemption,1,a scandal,1,cost growth,1,perfect forecasting,1,s architecture,1
preemption priority,1,scandal risk,1,growth that,1,forecasting just,1,architecture materially,1
priority capabilities,1,risk just,1,that forces,1,a consistent,1,materially reduces,1
capabilities standards,1,a budgeting,1,forces deferrals,1,consistent comparison,1,reduces field,1
standards supported,1,budgeting risk,1,deferrals patching,1,comparison year,1,field maintenance,1
supported and,1,could offset,1,patching detector,1,year implementation,1,workload fewer,1
any dependencies,1,offset it,1,replacements retiming,1,implementation equipment,1,diagnostics those,1
dependencies integration,1,novagrid demonstrably,1,retiming training,1,equipment training,1,those operational,1
integration can,1,demonstrably reduces,1,training systems,1,training years,1,operational savings,1
civitas ingest,1,reduces staff,1,systems that,1,years maintenance,1,savings could,1
ingest incident,1,time fewer,1,that lock,1,any software,1,could offset,1
incident events,1,rolls better,1,into escalating,1,software licenses,1,offset cloud,1
events cad,1,better diagnostics,1,fees or,1,licenses communications,1,fees but,1
cad feed,1,diagnostics better,1,or specialized,1,communications spares,1,but that,1
feed waze,1,better automated,1,specialized parts,1,spares add,1,be evidenced,1
waze avl,1,automated tuning,1,parts become,1,add scenarios,1,evidenced and,1
avl or,1,tuning it,1,become harder,1,scenarios base,1,and bounded,1
least expose,1,can reduce,1,to sustain,1,base expected,1,bounded not,1
expose apis,1,operational labor,1,sustain who,1,expected high,1,not assumed,1
apis so,1,labor costs,1,who controls,1,high inflation,1,assumed practical,1
can build,1,costs but,1,controls the,1,inflation vendor,1,step force,1
build the,1,and reference,1,cost curve,1,vendor escalator,1,force a,1
the workflow,1,reference confirmed,1,curve city,1,escalator stress,1,and stress,1
workflow feature,1,confirmed metrics,1,city vs,1,test major,1,test it,1
feature delivery,1,metrics not,1,vs vendor,1,event year,1,make this,1
delivery speed,1,not assume,1,vendor costs,1,year overtime,1,this decision,1
speed since,1,it net,1,costs you,1,overtime emergency,1,decision with,1
since they,1,effect tightening,1,can control,1,timing changes,1,budget ask,1
re known,1,budgets don,1,control staffing,1,changes vendor,1,same deliverable,1
known to,1,automatically eliminate,1,model parts,1,vendor surge,1,deliverable a,1
be slower,1,eliminate novagrid,1,strategy standard,1,surge support,1,year tco,1
slower require,1,novagrid but,1,standard vs,1,support treat,1,tco opex,1
a roadmap,1,they make,1,vs proprietary,1,treat fee,1,opex breakout,1
roadmap commitment,1,essential to,1,proprietary how,1,escalator terms,1,breakout include,1
commitment and,1,to convert,1,how often,1,as first,1,include at,1
and time,1,convert adjustable,1,often you,1,first class,1,at minimum,1
time bound,1,fees into,1,you change,1,class requirements,1,minimum annual,1
bound delivery,1,into bounded,1,change timing,1,requirements for,1,hosting if,1
delivery for,1,bounded contractually,1,plans telecom,1,in particular,1,any including,1
incident features,1,contractually predictable,1,telecom choices,1,particular the,1,including escalation,1
features or,1,predictable opex,1,choices sometimes,1,most budget,1,assumptions software,1
or allow,1,opex the,1,sometimes training,1,budget relevant,1,software upgrade,1
allow a,1,key new,1,training costs,1,relevant move,1,policy what,1
a third,1,new question,1,vendor controls,1,move is,1,vs paid,1
party module,1,question which,1,controls maintenance,1,is contractual,1,paid expected,1
module via,1,which option,1,support escalators,1,contractual cap,1,expected staffing,1
via apis,1,option gives,1,escalators cloud,1,fee increases,1,impact training,1
apis this,1,you controllable,1,subscription increases,1,fixed cap,1,training routine,1
is where,1,controllable annual,1,increases proprietary,1,cap define,1,tasks troubleshooting,1
where modularity,1,annual spend,1,proprietary component,1,is included,1,troubleshooting spares,1
modularity matters,1,spend you,1,component pricing,1,included users,1,spares replacements,1
matters you,1,treat this,1,pricing paid,1,users intersections,1,replacements and,1
want the,1,scenario problem,1,maintenance workload,1,intersections data,1,typical failure,1
have options,1,problem because,1,workload and,1,data retention,1,failure items,1
options to,1,because fee,1,and truck,1,retention support,1,items any,1
to add,1,maintenance needs,1,rolls even,1,support tier,1,required third,1
add replace,1,needs change,1,even modest,1,tier prevent,1,party subscriptions,1
replace the,1,change over,1,modest reductions,1,prevent gotcha,1,subscriptions b,1
incident management,1,time run,1,reductions in,1,gotcha fees,1,b a,1
management layer,1,quick year,1,in field,1,fees api,1,bad year,1
layer later,1,year tco,1,field time,1,access integrations,1,year scenario,1
later without,1,tco model,1,time diagnostics,1,modules put,1,scenario this,1
without ripping,1,model with,1,diagnostics replacements,1,put staffing,1,new centerpiece,1
ripping out,1,with scenarios,1,replacements firmware,1,operations workload,1,centerpiece model,1
out controllers,1,scenarios can,1,firmware updates,1,workload into,1,model a,1
controllers what,1,be done,1,updates matter,1,the model,1,a constrained,1
keep it,1,done inside,1,matter a,1,model ask,1,constrained year,1
play if,1,inside your,1,a lot,1,ask each,1,year where,1
if emergency,1,window ask,1,lot when,1,vendor to,1,must freeze,1
services preferred,1,to price,1,when hiring,1,to provide,1,freeze discretionary,1
preferred features,1,and justify,1,hiring freezes,1,provide expected,1,discretionary upgrades,1
features are,1,justify these,1,freezes or,1,expected routine,1,upgrades limit,1
major driver,1,these line,1,or overtime,1,tasks per,1,limit overtime,1
driver novagrid,1,line items,1,overtime constraints,1,per month,1,overtime and,1
novagrid should,1,items cost,1,constraints hit,1,month updates,1,and truck,1
to remove,1,cost buckets,1,hit resilience,1,updates checks,1,rolls absorb,1
biggest blockers,1,buckets year,1,under outages,1,checks plan,1,absorb inflationary,1
blockers cloud,1,year view,1,outages because,1,changes what,1,inflationary pressures,1
infrastructure get,1,view upfront,1,because outages,1,what requires,1,pressures then,1
get written,1,upfront implementation,1,outages create,1,support vs,1,then ask,1
approval feasibility,1,implementation controllers,1,create expensive,1,vs city,1,ask which,1
feasibility and,1,cabinets interfaces,1,expensive surge,1,can do,1,which vendor,1
and provide,1,interfaces central,1,surge work,1,do training,1,vendor keeps,1
strong local,1,comms integration,1,work whether,1,training time,1,system stable,1
local failover,1,integration labor,1,whether central,1,ongoing certification,1,stable and,1
failover isolated,1,labor annual,1,management is,1,certification costs,1,and compliant,1
isolated safe,1,annual maintenance,1,prem or,1,costs even,1,compliant with,1
operations cost,1,support hosting,1,cloud it,1,even small,1,the least,1
predictability cap,1,hosting if,1,still depends,1,small differences,1,least unplanned,1
increases and,1,any including,1,on electricity,1,differences here,1,unplanned spend,1
included continuity,1,including expected,1,electricity networks,1,here matter,1,spend contract,1
continuity change,1,expected compliance,1,networks and,1,matter a,1,contract levers,1
t resolve,1,compliance controls,1,timely vendor,1,a lot,1,levers that,1
resolve those,1,controls software,1,response tighter,1,lot in,1,now if,1
then their,1,software upgrades,1,budgets reduce,1,in tight,1,novagrid in,1
their incident,1,upgrades major,1,reduce your,1,budgets does,1,in contention,1
incident advantage,1,major version,1,your ability,1,does this,1,contention you,1
advantage may,1,version changes,1,to throw,1,this change,1,you likely,1
not outweigh,1,billable spares,1,throw people,1,recommendation it,1,likely need,1
outweigh the,1,spares parts,1,people at,1,it generally,1,need multi,1
governance o,1,and warranty,1,at problems,1,generally reinforces,1,cpi cap,1
m risk,1,warranty terms,1,problems so,1,reinforces the,1,escalator ideally,1
risk where,1,terms city,1,want architectures,1,pursue civitas,1,ideally years,1
where that,1,city labor,1,that fail,1,default because,1,years clear,1
that leaves,1,labor impacts,1,fail gracefully,1,it combines,1,clear what,1
you in,1,impacts training,1,gracefully and,1,combines price,1,included definitions,1
in stakeholder,1,training troubleshooting,1,and are,1,lock stability,1,definitions so,1
stakeholder terms,1,troubleshooting time,1,are diagnosable,1,stability lower,1,so routine,1
terms you,1,time assumptions,1,diagnosable what,1,maintenance indication,1,needs don,1
tell transportation,1,assumptions optional,1,vendor operating,1,indication level,1,become change,1
engineering core,1,optional modules,1,cost lens,1,level reduced,1,change orders,1
core reliability,1,modules you,1,lens civitas,1,in avoids,1,orders change,1
reliability policy,1,re likely,1,modular what,1,avoids expensive,1,control pricing,1
fit is,1,to need,1,what improves,1,future switches,1,continuity obligations,1
is preserved,1,need transit,1,improves under,1,switches novagrid,1,obligations service,1
preserved civitas,1,transit signal,1,budgets year,1,be viable,1,credits penalties,1
tell emergency,1,signal priority,1,lock strong,1,viable but,1,penalties tied,1
services their,1,preemption integrations,1,strong advantage,1,but under,1,to availability,1
their needs,1,integrations reporting,1,advantage for,1,under tighter,1,protect you,1
needs become,1,reporting scenarios,1,for near,1,would only,1,you from,1
become contractual,1,scenarios base,1,budget planning,1,only recommend,1,from paying,1
criteria not,1,base case,1,planning modular,1,turn the,1,paying full,1
not nice,1,case normal,1,controllers tends,1,fees into,1,full price,1
to haves,1,normal escalation,1,run maintenance,1,into predictable,1,price during,1
haves and,1,escalation e,1,data claims,1,predictable capped,1,during poor,1
ll score,1,g cpi,1,claims lower,1,capped opex,1,poor performance,1
score vendors,1,cpi like,1,lower maintenance,1,clear the,1,performance if,1
vendors on,1,like tight,1,maintenance vs,1,approval without,1,modular strengthen,1
a realistic,1,budget case,1,vs their,1,without creating,1,strengthen the,1
realistic incident,1,case you,1,integrated approach,1,creating ongoing,1,lock scope,1
incident scenario,1,need flat,1,approach it,1,ongoing governance,1,scope what,1
scenario you,1,flat ish,1,also reduces,1,governance overhead,1,what exactly,1
tell council,1,ish opex,1,reduces dependency,1,overhead what,1,exactly is,1
council you,1,opex for,1,dependency on,1,next within,1,is locked,1
re balancing,1,years caps,1,single proprietary,1,window build,1,locked what,1
balancing essential,1,caps matter,1,hardware pipeline,1,page year,1,still increase,1
with measurable,1,matter most,1,pipeline what,1,opex tco,1,increase exit,1
measurable operational,1,most stress,1,what still,1,tco comparison,1,costs so,1
outcomes while,1,stress case,1,needs scrutiny,1,comparison with,1,face a,1
while protecting,1,case major,1,scrutiny higher,1,test ask,1,a budget,1
protecting long,1,event year,1,cost can,1,to extend,1,budget cliff,1
m if,1,year supply,1,politically painful,1,extend price,1,you ever,1
want describe,1,chain disruption,1,painful but,1,lock terms,1,ever need,1
describe what,1,disruption higher,1,but operationally,1,as far,1,change vendors,1
what adaptive,1,higher security,1,operationally it,1,far as,1,vendors spare,1
routing during,1,security requirements,1,be rational,1,as possible,1,parts commitments,1
incidents means,1,requirements you,1,rational if,1,possible or,1,commitments to,1
your environment,1,perfect forecasting,1,if capital,1,or define,1,prevent expensive,1
environment signal,1,forecasting you,1,separate common,1,define renewal,1,expensive emergency,1
signal preemption,1,to see,1,common in,1,renewal caps,1,emergency procurement,1
preemption automated,1,see which,1,in cities,1,caps ask,1,procurement does,1
automated detour,1,vendor s,1,cities if,1,for firm,1,recommendation yes,1
detour timing,1,s costs,1,they re,1,firm caps,1,yes it,1
plans integration,1,up under,1,not separate,1,and inclusions,1,it offers,1
cad and,1,under plausible,1,separate you,1,inclusions on,1,a clearer,1
ll translate,1,plausible stress,1,a financing,1,fee and,1,clearer path,1
tests you,1,stress how,1,financing phasing,1,any per,1,to lower,1
can drop,1,recommendation and,1,phasing plan,1,intersection per,1,lower and,1
drop into,1,to negotiate,1,plan slower,1,per module,1,and more,1
the rfp,1,negotiate if,1,updates isn,1,module growth,1,predictable operating,1
rfp bafo,1,re leaning,1,t usually,1,growth pricing,1,b fewer,1
and use,1,leaning civitas,1,usually an,1,pricing add,1,parts in,1
use in,1,modular budget,1,ops cost,1,add exit,1,in annual,1
vendor demo,1,tightening strengthens,1,cost driver,1,exit data,1,annual fees,1
demo weigh,1,the case,1,driver unless,1,portability language,1,fees novagrid,1
weigh them,1,case if,1,means slower,1,the future,1,still win,1
them by,1,in opex,1,slower bug,1,budget hostage,1,win only,1
by mission,1,opex beyond,1,fixes or,1,hostage risk,1,can demonstrate,1
mission criticality,1,beyond years,1,or paid,1,share rough,1,demonstrate credible,1
criticality and,1,or at,1,paid change,1,rough ranges,1,credible net,1
and irreversibility,1,least define,1,orders you,1,ranges for,1,savings in,1
irreversibility frequency,1,define it,1,should distinguish,1,a number,1,and contractually,1
frequency vs,1,it extend,1,distinguish new,1,of signalized,1,contractually cap,1
vs consequence,1,extend the,1,new features,1,intersections b,1,cap the,1
consequence and,1,lock to,1,features from,1,b current,1,fee trajectory,1
and substitutability,1,to years,1,from operational,1,current annual,1,trajectory and,1
substitutability can,1,or define,1,operational fixes,1,annual maintenance,1,still clear,1
you get,1,define a,1,fixes novagrid,1,support spend,1,approval one,1
get the,1,clear escalation,1,what becomes,1,spend and,1,question that,1
the benefit,1,escalation schedule,1,more concerning,1,and c,1,that will,1
benefit another,1,schedule e,1,concerning under,1,c whether,1,will quickly,1
another way,1,g fixed,1,budgets recurring,1,whether cloud,1,quickly clarify,1
way later,1,fixed cap,1,fee 90k,1,fees would,1,clarify the,1
later that,1,included also,1,base with,1,would come,1,the economics,1
that turns,1,also add,1,of expense,1,come from,1,economics in,1
turns conflicting,1,add controller,1,expense that,1,same operating,1,your finance,1
conflicting opinions,1,rights approved,1,that becomes,1,operating fund,1,finance structure,1
opinions into,1,plan priced,1,budget stressor,1,fund bucket,1,structure is,1
into an,1,priced now,1,stressor even,1,bucket i,1,fee coming,1
an explicit,1,now clear,1,even without,1,can sketch,1,coming out,1
explicit trade,1,inclusions for,1,without surprises,1,sketch a,1,same operating,1
trade study,1,for cybersecurity,1,surprises years,1,clean tco,1,operating budget,1
study put,1,updates and,1,years at,1,tco template,1,budget line,1
put each,1,and patching,1,at flat,1,template and,1,line that,1
each input,1,patching to,1,flat 90k,1,the specific,1,that funds,1
input into,1,avoid surprise,1,year 900k,1,specific contract,1,funds signal,1
right bucket,1,surprise consulting,1,900k with,1,most reduce,1,signal maintenance,1
bucket a,1,consulting later,1,increases total,1,reduce future,1,maintenance staff,1
a gating,1,later if,1,total 13m,1,budget risk,1,staff and,1
gating must,1,novagrid viable,1,13m because,1,this stakeholder,1,and parts,1
fail factors,1,viable you,1,compounds cloud,1,stakeholder split,1,parts if,1
factors override,1,to turn,1,cloud also,1,split is,1,yes novagrid,1
override preferences,1,turn their,1,also tends,1,is telling,1,fee becomes,1
preferences these,1,their opex,1,to pull,1,telling you,1,becomes even,1
are conditions,1,opex from,1,pull in,1,you this,1,more constraining,1
conditions where,1,from variable,1,in ongoing,1,this isn,1,constraining in,1
where getting,1,variable subscription,1,ongoing costs,1,just preference,1,year and,1
getting it,1,subscription into,1,costs around,1,preference it,1,and fee,1
it wrong,1,into budgetable,1,around security,1,s two,1,caps become,1
wrong creates,1,budgetable utility,1,security reviews,1,two legitimate,1,become mandatory,1
creates safety,1,utility cap,1,reviews vendor,1,legitimate operating,1,mandatory rather,1
safety legal,1,cap annual,1,vendor management,1,operating modes,1,than nice,1
legal policy,1,annual cloud,1,and sometimes,1,modes transportation,1,have what,1
policy or,1,fee increases,1,sometimes connectivity,1,engineering optimizes,1,new input,1
or schedule,1,increases hard,1,connectivity dependencies,1,for deterministic,1,input means,1
schedule failure,1,hard cap,1,dependencies varies,1,behavior maintainability,1,means this,1
failure safe,1,cap not,1,varies by,1,maintainability stable,1,this doesn,1
safe failover,1,not vague,1,by city,1,stable costs,1,t necessarily,1
failover deterministic,1,vague market,1,city but,1,costs low,1,necessarily overturn,1
local operation,1,market rate,1,real work,1,low variance,1,overturn the,1
operation cybersecurity,1,rate language,1,work what,1,variance and,1,the emerging,1
and hosting,1,language define,1,what could,1,defensible governance,1,emerging direction,1
hosting acceptability,1,define what,1,still make,1,governance especially,1,direction civitas,1
acceptability for,1,triggers additional,1,make novagrid,1,especially under,1,default but,1
infrastructure dot,1,additional charges,1,lower opex,1,council review,1,it raises,1
integration policy,1,charges storage,1,opex option,1,review emergency,1,first class,1
fit waiver,1,storage intersections,1,if their,1,services optimizes,1,class requirement,1
risk ability,1,intersections users,1,their system,1,for time,1,requirement rather,1
to operate,1,users data,1,system materially,1,to clearance,1,a nice,1
operate and,1,data retention,1,materially reduces,1,clearance dynamic,1,have in,1
and maintain,1,retention api,1,reduces staff,1,dynamic rerouting,1,in other,1
your staffing,1,api usage,1,time better,1,rerouting and,1,other words,1
staffing model,1,usage require,1,better diagnostics,1,and rapid,1,words you,1
model if,1,require change,1,diagnostics fewer,1,rapid adaptation,1,re no,1
vendor can,1,protections and,1,fewer failures,1,adaptation during,1,longer selecting,1
t clear,1,assistance pricing,1,failures less,1,during non,1,selecting a,1
clear a,1,now push,1,less retiming,1,non routine,1,a signal,1
a gate,1,push for,1,retiming labor,1,routine events,1,signal optimization,1
gate with,1,an alternative,1,labor and,1,events crashes,1,optimization system,1
with high,1,alternative hosting,1,and they,1,crashes fires,1,system you,1
confidence it,1,possible dedicated,1,they will,1,fires hazardous,1,selecting an,1
t win,1,dedicated private,1,will cap,1,hazardous materials,1,operations platform,1
win even,1,private environment,1,cap fee,1,materials storms,1,platform that,1
if stakeholders,1,reduces compliance,1,and clearly,1,storms major,1,must satisfy,1
stakeholders like,1,compliance driven,1,clearly include,1,events a,1,satisfy two,1
like features,1,driven add,1,include needed,1,good recommendation,1,different operating,1
features b,1,ons operational,1,needed services,1,recommendation acknowledges,1,operating regimes,1
b hard,1,operational reality,1,services they,1,acknowledges both,1,regimes normal,1
later factors,1,reality tight,1,they could,1,both and,1,where predictability,1
factors high,1,amplify the,1,still win,1,and makes,1,predictability maintainability,1
weight these,1,the value,1,win on,1,makes incident,1,maintainability and,1
are expensive,1,value of,1,on total,1,requirement rather,1,cost dominate,1
expensive to,1,of simplicity,1,cost the,1,a nice,1,dominate incident,1
to unwind,1,simplicity and,1,key shift,1,nice to,1,where rapid,1
unwind once,1,and standard,1,shift you,1,to have,1,corridor adaptation,1
once installed,1,parts when,1,should now,1,have translate,1,adaptation coordination,1
installed controller,1,when budgets,1,now treat,1,translate adaptive,1,coordination and,1
controller ecosystem,1,tighten cities,1,treat this,1,incidents into,1,and decision,1
ecosystem choices,1,cities often,1,tco volatility,1,into concrete,1,decision support,1
choices and,1,often defer,1,volatility decision,1,concrete procureable,1,support dominate,1
interoperability vendor,1,defer hiring,1,decision because,1,procureable requirements,1,dominate the,1
in structure,1,hiring and,1,because i,1,requirements before,1,core mismatch,1
rights recurring,1,and stretch,1,i don,1,before you,1,mismatch why,1
fee structure,1,stretch staff,1,maintenance quotes,1,you decide,1,why each,1
escalation architecture,1,staff that,1,quotes staffing,1,decide pin,1,each group,1
decisions cloud,1,makes these,1,staffing costs,1,pin down,1,group is,1
dependency proprietary,1,these operational,1,costs or,1,down what,1,is leaning,1
central platform,1,operational cost,1,or intersection,1,services actually,1,leaning the,1
platform transportation,1,cost reducers,1,intersection counts,1,actually means,1,way it,1
for predictability,1,reducers disproportionately,1,counts the,1,practice it,1,is transportation,1
predictability usually,1,disproportionately valuable,1,the honest,1,s usually,1,transportation engineering,1
usually maps,1,valuable standard,1,honest next,1,usually a,1,s preference,1
maps to,1,standard readily,1,step is,1,a combination,1,civitas predictability,1
to this,1,readily available,1,not assume,1,combination of,1,predictability typically,1
this bucket,1,available controllers,1,assume it,1,of emergency,1,typically translates,1
bucket c,1,spares less,1,s to,1,preemption evp,1,into operational,1
c operational,1,less overtime,1,quick defensible,1,evp signal,1,needs like,1
operational capability,1,overtime fewer,1,defensible model,1,signal grants,1,like stable,1
capability differentiators,1,fewer prolonged,1,with ranges,1,grants green,1,stable controller,1
differentiators weight,1,prolonged outages,1,ranges minimal,1,green for,1,controller behavior,1
weight but,1,outages clear,1,minimal tco,1,for responding,1,fewer surprises,1
but verify,1,clear diagnostics,1,model fast,1,responding units,1,surprises during,1
verify substitutability,1,diagnostics and,1,fast to,1,units transit,1,during cutovers,1
substitutability emergency,1,and remote,1,to build,1,transit emergency,1,cutovers updates,1
a differentiator,1,remote troubleshooting,1,build strong,1,emergency priority,1,updates easier,1
differentiator but,1,troubleshooting fewer,1,strong for,1,priority along,1,easier compliance,1
should ask,1,rolls low,1,council for,1,along key,1,compliance documentation,1
ask is,1,low drama,1,vendor estimate,1,key corridors,1,documentation and,1
this capability,1,drama upgrades,1,estimate year,1,incident timing,1,and known,1
capability unique,1,upgrades with,1,year present,1,plans corridor,1,known knowns,1
unique to,1,with rollback,1,present value,1,corridor flush,1,knowns for,1
novagrid or,1,rollback less,1,value optional,1,flush plans,1,for field,1
civitas deliver,1,less after,1,optional upfront,1,plans pre,1,field staff,1
deliver it,1,hours fire,1,upfront software,1,approved quickly,1,staff less,1
it via,1,fire drills,1,software controllers,1,quickly activatable,1,less policy,1
via modules,1,drills this,1,controllers cabinets,1,activatable real,1,policy friction,1
modules integration,1,this tilts,1,cabinets field,1,real time,1,fewer waivers,1
integration playbooks,1,tilts the,1,field equipment,1,time detection,1,waivers more,1
playbooks is,1,the evaluation,1,equipment installation,1,detection operator,1,more controllable,1
it core,1,evaluation toward,1,installation annual,1,operator tools,1,controllable opex,1
platform dependent,1,toward whichever,1,annual o,1,tools who,1,opex price,1
dependent or,1,whichever proposal,1,o m,1,who triggers,1,controllers emergency,1
can it,1,proposal best,1,m software,1,triggers what,1,novagrid incident,1
it be,1,best reduces,1,software maintenance,1,fast with,1,routing usually,1
be added,1,reduces labor,1,support hosting,1,with what,1,usually translates,1
added later,1,labor volatility,1,hosting cloud,1,what safeguards,1,into faster,1
later cad,1,and single,1,subscription or,1,safeguards traveler,1,faster detection,1
integration incident,1,source dependencies,1,or on,1,traveler information,1,detection to,1
incident plan,1,dependencies what,1,prem server,1,information routing,1,to response,1
plan library,1,steps in,1,server replacement,1,routing often,1,response loop,1
library operator,1,next business,1,replacement cycles,1,often not,1,loop incident,1
operator workflows,1,days request,1,cycles if,1,signal system,1,incident reroute,1
workflows if,1,request from,1,applicable telecom,1,system itself,1,reroute strategy,1
s addable,1,from both,1,telecom connectivity,1,itself but,1,strategy implemented,1
addable later,1,vendors a,1,connectivity vendor,1,but integrations,1,implemented quickly,1
later weight,1,cost worksheet,1,vendor professional,1,avl waze,1,quickly better,1
it lower,1,worksheet in,1,services typical,1,waze dms,1,better tools,1
choices balance,1,your template,1,typical annual,1,dms tmc,1,tools for,1
balance frequency,1,template same,1,annual hours,1,tools important,1,for corridor,1
frequency and,1,same categories,1,hours spares,1,important nuance,1,corridor prioritization,1
and consequence,1,categories same,1,spares parts,1,nuance adaptive,1,prioritization clear,1
consequence not,1,same assumptions,1,warranties staff,1,is frequently,1,clear green,1
just who,1,assumptions ask,1,time fte,1,frequently a,1,green waves,1
who s,1,for two,1,fte fraction,1,a system,1,waves for,1
s louder,1,calls each,1,fraction driven,1,system of,1,for detours,1
louder a,1,each focused,1,by troubleshooting,1,of systems,1,detours dynamic,1
simple way,1,what surprised,1,troubleshooting change,1,systems capability,1,dynamic plans,1
to reconcile,1,surprised you,1,management escalators,1,capability it,1,plans better,1
reconcile daily,1,you financially,1,escalators fixed,1,may not,1,better operator,1
daily value,1,financially in,1,fixed capped,1,not require,1,during high,1
value commuter,1,years have,1,capped cpi,1,require choosing,1,high stress,1
commuter delay,1,have procurement,1,or uncapped,1,signal vendor,1,events one,1
delay reduction,1,legal draft,1,uncapped then,1,vendor solely,1,one click,1
reduction routine,1,draft two,1,then run,1,solely on,1,click playbooks,1
routine coordination,1,two mandatory,1,run scenarios,1,on that,1,playbooks automation,1
coordination technician,1,mandatory terms,1,scenarios base,1,that feature,1,automation potential,1
technician workload,1,terms sets,1,base expected,1,feature if,1,potential integration,1
workload incident,1,sets opex,1,expected tight,1,can integrate,1,with dispatch,1
incident value,1,escalators inclusions,1,tight budget,1,integrate it,1,dispatch incident,1
value less,1,inclusions portability,1,budget deferred,1,it two,1,incident feeds,1
less frequent,1,transition controller,1,deferred replacements,1,two viable,1,feeds depending,1
frequent but,1,spares re,1,replacements fewer,1,viable paths,1,on product,1
but high,1,re rank,1,fewer staff,1,paths that,1,product the,1
high consequence,1,rank options,1,staff hours,1,that reconcile,1,is picking,1
consequence response,1,options using,1,hours available,1,reconcile both,1,picking one,1
times safety,1,simple rule,1,available higher,1,both departments,1,and implicitly,1
safety clearance,1,rule reject,1,higher outage,1,departments and,1,implicitly telling,1
clearance public,1,reject any,1,outage risk,1,are council,1,telling the,1
public trust,1,any solution,1,risk mttr,1,most consistent,1,other group,1
trust don,1,solution whose,1,mttr cost,1,consistent with,1,group your,1
over weight,1,whose opex,1,cost high,1,with everything,1,your needs,1
weight incidents,1,bounded to,1,high escalation,1,everything you,1,needs will,1
incidents just,1,to something,1,escalation cloud,1,said so,1,be handled,1
just because,1,something council,1,cloud support,1,so far,1,handled later,1
re dramatic,1,can fund,1,support increases,1,far select,1,in traffic,1
dramatic don,1,fund if,1,increases above,1,the backbone,1,traffic systems,1
t under,1,want tell,1,above inflation,1,backbone contractually,1,systems later,1
under weight,1,me your,1,inflation this,1,require an,1,later often,1
weight them,1,your planning,1,this will,1,package this,1,often never,1
them because,1,planning horizon,1,will often,1,the predictable,1,never comes,1
re rare,1,horizon or,1,often show,1,predictable governance,1,comes unless,1
rare give,1,or years,1,that predictability,1,governance friendly,1,unless it,1
give incident,1,whether capital,1,predictability is,1,friendly core,1,s in,1
a meaningful,1,capital funds,1,is worth,1,core while,1,contract how,1
meaningful slice,1,funds are,1,worth paying,1,while ensuring,1,to reconcile,1
slice but,1,are easier,1,paying for,1,ensuring emergency,1,reconcile this,1
but insist,1,easier than,1,recommendation practically,1,gets real,1,this without,1
on proof,1,than operating,1,practically it,1,capability not,1,without stalling,1
proof use,1,operating funds,1,it strengthens,1,not vague,1,stalling the,1
model sensitivity,1,funds for,1,strengthens the,1,vague promises,1,decision convert,1
sensitivity test,1,city i,1,the case,1,promises what,1,convert adaptive,1
test to,1,ll suggest,1,case for,1,do in,1,incidents into,1
trade clearly,1,a minimal,1,modular if,1,contract bafo,1,short set,1
clearly create,1,minimal tco,1,can confirm,1,bafo best,1,of testable,1
create a,1,tco template,1,confirm the,1,best and,1,testable operational,1
a weighted,1,template and,1,option truly,1,and final,1,operational requirements,1
matrix and,1,the specific,1,truly lowers,1,final offer,1,requirements have,1
then do,1,clauses that,1,lowers maintenance,1,offer require,1,have emergency,1
a sensitivity,1,make opex,1,maintenance burden,1,require incident,1,traffic engineering,1
sensitivity rerun,1,opex predictable,1,burden and,1,management modes,1,engineering co,1
rerun where,1,predictable for,1,in favorable,1,modes defined,1,co author,1
you increase,1,vendor reframe,1,favorable support,1,defined triggers,1,author incident,1
ops weight,1,reframe this,1,support terms,1,triggers operator,1,scenarios that,1
weight to,1,as two,1,terms beyond,1,approved plans,1,matter most,1
decision flips,1,two modes,1,beyond year,1,plans for,1,most locally,1
flips example,1,modes of,1,year or,1,for top,1,locally examples,1
example weighting,1,of operation,1,least cap,1,top emergency,1,examples highway,1
weighting that,1,operation not,1,increases civitas,1,corridors require,1,highway closure,1
that typically,1,not two,1,already offers,1,require integration,1,closure diverting,1
typically matches,1,two opinions,1,concrete budget,1,with emergency,1,diverting traffic,1
matches city,1,opinions both,1,budget stabilizer,1,emergency systems,1,traffic to,1
operations reality,1,groups are,1,stabilizer year,1,systems cad,1,to arterials,1
reality reliability,1,are right,1,run parts,1,avl if,1,arterials for,1
resilience policy,1,right but,1,it weakens,1,if that,1,hours stadium,1
policy cyber,1,are optimizing,1,weakens novagrid,1,s what,1,stadium egress,1
cyber hosting,1,different operating,1,novagrid unless,1,what novagrid,1,egress simultaneous,1
hosting dot,1,operating regimes,1,can contractually,1,is leveraging,1,simultaneous crash,1
integration fit,1,regimes normal,1,contractually tame,1,leveraging you,1,crash on,1
fit year,1,day regime,1,tame operating,1,can specify,1,a key,1
predictability maintainability,1,regime of,1,governance overhead,1,specify interfaces,1,key arterial,1
maintainability deliverability,1,hours stability,1,overhead specifically,1,interfaces apis,1,arterial major,1
staffing lock,1,stability maintainability,1,specifically hard,1,and latency,1,major signal,1
options incident,1,predictable timings,1,hard cap,1,latency targets,1,signal communications,1
capability emergency,1,timings easy,1,on annual,1,targets require,1,communications outage,1
services then,1,easy troubleshooting,1,annual cloud,1,require evp,1,outage central,1
then rerun,1,troubleshooting minimal,1,fixed subscription,1,evp compatibility,1,central unavailable,1
rerun with,1,minimal surprises,1,subscription to,1,compatibility and,1,unavailable during,1
with incident,1,surprises during,1,to mirror,1,performance with,1,incident emergency,1
ops at,1,during upgrades,1,mirror civitas,1,with measurable,1,priority corridors,1
at if,1,upgrades incident,1,lock clear,1,measurable response,1,corridors during,1
the winner,1,incident regime,1,clear definition,1,times add,1,during peak,1
winner only,1,regime low,1,definition of,1,tests tabletop,1,peak congestion,1
only changes,1,low frequency,1,of what,1,tabletop live,1,congestion construction,1
when incident,1,frequency high,1,the subscription,1,live corridor,1,construction detour,1
ops is,1,high consequence,1,subscription includes,1,corridor test,1,detour activation,1
is weighted,1,consequence rapid,1,includes support,1,test during,1,activation deactivation,1
weighted unrealistically,1,rapid retiming,1,tier storage,1,during commissioning,1,deactivation planned,1
unrealistically high,1,retiming detour,1,storage security,1,commissioning e,1,planned incident,1
high you,1,support priority,1,features upgrades,1,g comms,1,incident for,1
defensible position,1,priority handling,1,upgrades data,1,comms down,1,each scenario,1
position we,1,handling and,1,egress explicit,1,down test,1,scenario define,1
we valued,1,and control,1,explicit exit,1,test plus,1,define time,1
valued incident,1,control room,1,exit data,1,plus incident,1,action target,1
response but,1,room agility,1,portability so,1,activation test,1,target e,1
not above,1,agility when,1,not forced,1,test add,1,g within,1
above core,1,are non,1,accept future,1,add support,1,minutes of,1
core safety,1,non standard,1,future price,1,for incident,1,of confirmation,1
safety policy,1,standard your,1,price jumps,1,incident periods,1,confirmation corridor,1
policy budget,1,decision should,1,jumps negotiation,1,periods who,1,strategy deployed,1
budget risk,1,state the,1,negotiation moves,1,who answers,1,deployed control,1
risk convert,1,system must,1,moves you,1,answers at,1,control mode,1
convert the,1,must excel,1,should make,1,2am escalation,1,mode automatic,1
the emergency,1,excel in,1,make now,1,escalation patch,1,automatic vs,1
services preference,1,day operations,1,now because,1,windows why,1,vs operator,1
preference into,1,defined tested,1,because budgets,1,this works,1,operator approved,1
a testable,1,tested incident,1,budgets tightened,1,works politically,1,approved safety,1
testable requirement,1,mode playbook,1,tightened if,1,politically operationally,1,what if,1
requirement this,1,playbook that,1,if leaning,1,operationally you,1,if comms,1
key move,1,a false,1,leaning civitas,1,council we,1,comms cloud,1
move to,1,false binary,1,modular ask,1,the stable,1,cloud fails,1
avoid engineering,1,binary translate,1,for modular,1,stable platform,1,fails auditability,1
engineering vs,1,translate each,1,modular uplift,1,platform that,1,auditability who,1
vs fire,1,each stakeholder,1,uplift reduction,1,are explicitly,1,to revert,1
fire police,1,stakeholder preference,1,reduction something,1,explicitly procuring,1,revert this,1
police becoming,1,preference into,1,something lower,1,procuring and,1,off concrete,1
becoming political,1,into measurable,1,lower in,1,and testing,1,concrete and,1
political define,1,measurable acceptance,1,for award,1,testing incident,1,defensible make,1
define incident,1,the fastest,1,award certainty,1,as part,1,contract deliverable,1
incident scenarios,1,fastest way,1,and being,1,of acceptance,1,future roadmap,1
scenarios crash,1,to harmonize,1,being a,1,acceptance risk,1,roadmap promise,1
crash detour,1,harmonize departments,1,city extend,1,risk to,1,promise whether,1
detour lane,1,departments and,1,extend predictability,1,to manage,1,you pick,1
closure evacuation,1,and keep,1,predictability keep,1,manage civitas,1,civitas or,1
evacuation egress,1,keep council,1,and negotiate,1,civitas has,1,novagrid require,1
egress comms,1,council review,1,a years,1,a reputation,1,require an,1
loss recovery,1,review grounded,1,years cap,1,reputation for,1,operations package,1
recovery to,1,grounded in,1,cap even,1,for slower,1,package playbooks,1
normal require,1,in evidence,1,full lock,1,updates so,1,playbooks ui,1
a demonstration,1,evidence a,1,lock require,1,you mitigate,1,ui workflows,1
demonstration and,1,a transportation,1,require standard,1,mitigate by,1,workflows training,1
and score,1,predictability acceptance,1,controller multiple,1,ops deliverables,1,and tabletop,1
civitas make,1,criteria fail,1,multiple sourcing,1,deliverables contractual,1,tabletop exercises,1
make incident,1,behavior what,1,sourcing language,1,contractual with,1,exercises acceptance,1
item integration,1,central fails,1,language avoid,1,with milestones,1,tests tied,1
integration one,1,fails local,1,new soft,1,milestones not,1,scenarios above,1
click plans,1,coordination flash,1,via a,1,not roadmap,1,above response,1
plans rollback,1,flash dark,1,controller supplier,1,roadmap path,1,response slas,1
logs training,1,dark handling,1,supplier if,1,path b,1,for high,1
training exercises,1,handling change,1,if keeping,1,b only,1,severity events,1
exercises that,1,staged rollout,1,novagrid viable,1,if emergency,1,events support,1
that lets,1,rollout rollback,1,viable demand,1,services capability,1,support engineering,1
you weight,1,rollback procedure,1,fixed cloud,1,truly unique,1,engineering escalation,1
weight emergency,1,procedure max,1,subscription at,1,unique and,1,escalation reversion,1
needs heavily,1,max downtime,1,least years,1,replicated novagrid,1,reversion controls,1
heavily without,1,downtime per,1,years or,1,but with,1,controls easy,1
without having,1,per intersection,1,a cpi,1,with gated,1,easy rollback,1
having to,1,intersection maintainability,1,linked cap,1,gated approvals,1,rollback to,1
architecture just,1,maintainability controller,1,cap put,1,and hardened,1,to normal,1
just to,1,controller standardization,1,put change,1,hardened operations,1,normal timing,1
get features,1,standardization spares,1,protections in,1,operations if,1,timing with,1
features practical,1,plan mean,1,contract acquisition,1,is demonstrably,1,with logs,1
practical rule,1,to restore,1,acquisition shouldn,1,demonstrably superior,1,logs this,1
rule for,1,restore clarity,1,t trigger,1,superior and,1,is especially,1
for resolving,1,clarity of,1,trigger punitive,1,and depends,1,your note,1
resolving the,1,of alarms,1,punitive repricing,1,platform then,1,note that,1
the conflict,1,logs schedule,1,repricing require,1,still recommend,1,be slower,1
conflict when,1,certainty long,1,require quantified,1,only with,1,slower on,1
when inputs,1,items identified,1,quantified operational,1,with conditions,1,on feature,1
inputs conflict,1,identified procurement,1,operational commitments,1,conditions that,1,need delivery,1
conflict gates,1,procurement substitutions,1,commitments mttd,1,protect operations,1,delivery commitments,1
gates first,1,allowed b,1,mttr reporting,1,and budgets,1,commitments not,1
first policy,1,b emergency,1,uptime slas,1,budgets non,1,not intent,1
policy essential,1,services adaptive,1,slas so,1,gates written,1,intent what,1
operational safety,1,incidents acceptance,1,can validate,1,approval named,1,vendor comparison,1
safety among,1,criteria be,1,validate whether,1,named sign,1,comparison if,1
among gated,1,be precise,1,whether staff,1,off required,1,modular still,1
gated options,1,precise about,1,time savings,1,caps on,1,defensible baseline,1
options prioritize,1,about what,1,savings are,1,inclusions offline,1,baseline you,1
prioritize irreversible,1,what they,1,are real,1,offline local,1,can square,1
irreversible lifecycle,1,they mean,1,real where,1,behavior defined,1,square the,1
lifecycle risks,1,mean often,1,where this,1,defined and,1,the circle,1
risks o,1,often one,1,this leaves,1,tested signals,1,circle by,1
in hosting,1,one of,1,leaves you,1,signals must,1,by keeping,1
hosting dependency,1,of these,1,you today,1,must run,1,keeping the,1
dependency then,1,these dynamic,1,today your,1,run safely,1,predictable approval,1
then optimize,1,dynamic detour,1,decision criteria,1,safely and,1,approval friendly,1
optimize capabilities,1,support rapid,1,criteria should,1,and acceptably,1,friendly core,1
capabilities but,1,rapid corridor,1,be re,1,acceptably without,1,core platform,1
require proof,1,corridor retiming,1,re weighted,1,without cloud,1,platform and,1
proof and,1,retiming to,1,weighted toward,1,cloud change,1,and buying,1
and contractual,1,to accommodate,1,toward opex,1,control protections,1,buying contracting,1
contractual deliverables,1,accommodate diverted,1,and controllability,1,to land,1,contracting the,1
deliverables applied,1,diverted traffic,1,controllability under,1,land under,1,capability explicitly,1
applied to,1,traffic priority,1,under that,1,schedule because,1,explicitly concretely,1
your situation,1,preemption quality,1,that weighting,1,the big,1,concretely ask,1
situation engineering,1,quality better,1,weighting civitas,1,big uncertainty,1,demonstrate or,1
is largely,1,better handling,1,safer operational,1,uncertainty a,1,or commit,1
largely about,1,handling for,1,operational cost,1,practical tie,1,to rapid,1
about and,1,vehicles reliability,1,cost posture,1,breaker exercise,1,overrides special,1
is unless,1,reliability latency,1,posture while,1,exercise you,1,special timing,1
unless it,1,latency logging,1,novagrid must,1,can run,1,plan activation,1
s truly,1,logging central,1,must prove,1,run fast,1,activation integration,1
truly impossible,1,central incident,1,t become,1,fast weeks,1,vehicle preemption,1
impossible to,1,mode tooling,1,a compounding,1,avoid a,1,and priority,1
s platform,1,tooling one,1,compounding subscription,1,a philosophical,1,priority if,1
platform if,1,one click,1,subscription liability,1,philosophical debate,1,relevant interfaces,1
me how,1,click plans,1,liability and,1,debate do,1,apis to,1
how emergency,1,plans automatic,1,clear cloud,1,a structured,1,to ingest,1
services currently,1,automatic detection,1,approval if,1,structured time,1,ingest incident,1
currently expects,1,detection of,1,you share,1,boxed validation,1,incident triggers,1
expects to,1,of abnormal,1,share two,1,validation joint,1,triggers cad,1
trigger operate,1,abnormal patterns,1,two numbers,1,joint incident,1,cad tmc,1
operate adaptive,1,patterns recommended,1,numbers rough,1,use case,1,tmc feeds,1
routing cad,1,recommended strategies,1,rough intersection,1,case workshop,1,feeds operator,1
integration manual,1,strategies turn,1,intersection count,1,workshop hours,1,operator inputs,1
manual activation,1,into tests,1,count and,1,hours pick,1,inputs operator,1
activation avl,1,tests such,1,whether capital,1,pick realistic,1,incidents speed,1
avl based,1,such as,1,separate in,1,realistic scenarios,1,speed matters,1
based priority,1,as time,1,city i,1,scenarios multi,1,than elegance,1
priority etc,1,deploy an,1,can sketch,1,multi vehicle,1,elegance if,1
etc i,1,plan corridor,1,sketch a,1,vehicle crash,1,without vague,1
you decide,1,corridor wide,1,a back,1,crash on,1,vague future,1
decide whether,1,wide e,1,back of,1,on arterial,1,enhancement that,1
s realistically,1,g minutes,1,the envelope,1,arterial downtown,1,real decision,1
realistically substitutable,1,minutes from,1,envelope year,1,downtown event,1,decision point,1
substitutable and,1,from notification,1,tco comparison,1,event surge,1,point not,1
and therefore,1,notification to,1,comparison framework,1,surge storm,1,the brand,1
therefore how,1,to implementation,1,framework you,1,storm related,1,brand names,1
how high,1,implementation ability,1,can drop,1,related outages,1,names if,1
high it,1,to run,1,drop into,1,outages define,1,choose novagrid,1
should sit,1,run predefined,1,memo what,1,define success,1,satisfy emergency,1
sit in,1,predefined detour,1,this stakeholder,1,success metrics,1,services you,1
the weights,1,detour plans,1,stakeholder split,1,metrics activation,1,must protect,1
weights where,1,plans offline,1,split is,1,time corridor,1,protect engineering,1
where things,1,offline locally,1,is really,1,corridor travel,1,s need,1
things stand,1,locally if,1,really telling,1,time improvement,1,need for,1
stand now,1,unavailable logged,1,telling you,1,improvement operator,1,predictability by,1
now summary,1,logged evidence,1,you transportation,1,operator workload,1,by requiring,1
summary leading,1,of changes,1,engineering favoring,1,workload failure,1,requiring deterministic,1
leading direction,1,changes for,1,favoring civitas,1,failure behavior,1,deterministic fallback,1
recommendation given,1,review who,1,for fewer,1,behavior vendor,1,fallback intersections,1
governance avoids,1,when what,1,fewer surprises,1,vendor demo,1,intersections run,1
biggest approval,1,novagrid practically,1,surprises simpler,1,demo requirements,1,and consistently,1
play novagrid,1,practically civitas,1,simpler approvals,1,requirements scripted,1,consistently if,1
s mandatory,1,civitas likely,1,approvals stable,1,scripted both,1,unavailable ability,1
hosting which,1,in deterministic,1,operations and,1,vendors must,1,to lock,1
which may,1,deterministic supportable,1,and known,1,must walk,1,lock plans,1
a difficult,1,supportable normal,1,modes over,1,walk through,1,or constrain,1
difficult case,1,normal operations,1,years especially,1,same incident,1,constrain adaptivity,1
case exception,1,lower governance,1,especially important,1,scenarios what,1,adaptivity under,1
exception state,1,governance friction,1,important with,1,what data,1,defined conditions,1
preference civitas,1,friction the,1,cliff emergency,1,data they,1,conditions strong,1
civitas clearly,1,becomes can,1,services favoring,1,need who,1,strong change,1
clearly fits,1,can civitas,1,favoring novagrid,1,who clicks,1,control and,1
the years,1,civitas deliver,1,for better,1,clicks what,1,trails cloud,1
integration posture,1,deliver emergency,1,better incident,1,what what,1,commitments since,1
posture reducing,1,services incident,1,time outcomes,1,happens if,1,since this,1
reducing waiver,1,capabilities in,1,outcomes clearance,1,if comms,1,is essential,1
policy friction,1,a verifiable,1,times reroutes,1,comms cloud,1,infrastructure this,1
friction tighter,1,verifiable way,1,reroutes travel,1,is down,1,this turns,1
budgets civitas,1,way if,1,hospitals fire,1,down how,1,turns novagrid,1
early indications,1,if yes,1,fire scenes,1,how they,1,and adaptive,1
indications of,1,yes native,1,scenes and,1,they revert,1,adaptive choice,1
costs with,1,native feature,1,and possibly,1,to normal,1,fast adaptive,1
option improve,1,feature add,1,possibly stronger,1,normal safely,1,adaptive but,1
improve long,1,on module,1,stronger real,1,safely score,1,but governable,1
predictability council,1,module or,1,time decision,1,score on,1,governable choice,1
council sensitivity,1,integration you,1,support this,1,operational fit,1,choice a,1
a problem,1,get both,1,this isn,1,fit not,1,practical path,1
problem but,1,both if,1,t who,1,not marketing,1,d recommend,1
but the,1,if no,1,who s,1,marketing can,1,recommend given,1
option standard,1,no the,1,s right,1,can our,1,given all,1
best available,1,the gap,1,right it,1,our staff,1,all constraints,1
available response,1,gap is,1,s two,1,staff run,1,constraints keep,1
response if,1,a requirement,1,two different,1,run it,1,keep civitas,1
s contractually,1,requirement shortfall,1,different operational,1,it at,1,recommendation but,1
real what,1,shortfall not,1,operational success,1,2am does,1,close the,1
s keeping,1,a preference,1,success metrics,1,it require,1,incident gap,1
keeping novagrid,1,preference mismatch,1,metrics engineering,1,require special,1,gap in,1
viable novagrid,1,mismatch best,1,engineering network,1,special approvals,1,writing adopt,1
remains a,1,best fit,1,network wide,1,approvals or,1,adopt civitas,1
credible contender,1,fit variant,1,wide stability,1,or ongoing,1,the base,1
contender because,1,variant given,1,stability maintainability,1,ongoing vendor,1,base addresses,1
because faster,1,given earlier,1,predictable performance,1,intervention is,1,addresses governance,1
cost strong,1,earlier constraints,1,performance emergency,1,the behavior,1,governance lock,1
documented congestion,1,constraints civitas,1,services tail,1,behavior explainable,1,predictability add,1
improvements emergency,1,base reduces,1,tail performance,1,explainable and,1,incident focused,1
services see,1,in supply,1,performance during,1,and auditable,1,focused addendum,1
see operational,1,supply risk,1,incidents the,1,auditable after,1,addendum to,1
operational value,1,risk then,1,the worst,1,the fact,1,the scenario,1
value in,1,then contractually,1,worst of,1,fact this,1,list required,1
in incident,1,require incident,1,of days,1,defensible evidence,1,required response,1
incident responsive,1,mode functionality,1,days when,1,evidence for,1,times workflows,1
responsive adaptive,1,functionality novagrid,1,when minutes,1,for council,1,workflows acceptance,1
routing capabilities,1,in centralized,1,minutes matter,1,council and,1,remedies if,1
capabilities however,1,centralized data,1,matter turn,1,and aligns,1,not met,1
however those,1,data driven,1,the disagreement,1,aligns internal,1,met training,1
those advantages,1,driven incident,1,disagreement into,1,internal stakeholders,1,and joint,1
advantages sit,1,incident adaptation,1,into requirements,1,stakeholders around,1,joint exercises,1
sit alongside,1,adaptation what,1,requirements so,1,around observable,1,exercises with,1
alongside higher,1,what emergency,1,can reconcile,1,observable outcomes,1,services if,1
cost uncertainty,1,is reacting,1,reconcile it,1,outcomes where,1,those incident,1
unless mitigated,1,to but,1,it instead,1,where i,1,deliverables credibly,1
mitigated stakeholder,1,risks remain,1,instead of,1,d land,1,credibly then,1
stakeholder inputs,1,remain essential,1,of debating,1,land given,1,then novagrid,1
inputs how,1,approval recurring,1,debating vendors,1,constraints and,1,the alternative,1
they map,1,shorter long,1,vendors define,1,new stakeholder,1,approval cost,1
map transportation,1,run stress,1,define an,1,input unless,1,controls are,1
engineering civitas,1,stress history,1,capability minimum,1,is both,1,are locked,1
civitas prioritizes,1,history so,1,minimum iocm,1,both uniquely,1,down this,1
prioritizes predictability,1,so novagrid,1,iocm that,1,uniquely necessary,1,this creates,1
predictability known,1,is attractive,1,that any,1,necessary and,1,creates a,1
modes standards,1,attractive specifically,1,any selected,1,be matched,1,a disciplined,1
alignment this,1,specifically for,1,selected vendor,1,matched via,1,disciplined defensible,1
this aligns,1,for incident,1,must satisfy,1,via civitas,1,defensible story,1
with must,1,to operationalize,1,satisfy examples,1,civitas integrations,1,story you,1
fail operations,1,operationalize it,1,examples pick,1,modes you,1,you honored,1
operations criteria,1,it under,1,pick what,1,re still,1,honored engineering,1
criteria emergency,1,infrastructure rules,1,s relevant,1,still in,1,s risk,1
novagrid prioritizes,1,rules without,1,relevant to,1,strongest overall,1,risk concerns,1
prioritizes incident,1,a new,1,city incident,1,overall position,1,concerns while,1
and dynamic,1,new single,1,activation ability,1,position with,1,while ensuring,1
dynamic network,1,single point,1,to push,1,the base,1,ensuring emergency,1
network behavior,1,point of,1,push corridor,1,base recommendation,1,services gets,1
behavior during,1,dependency a,1,corridor plans,1,recommendation with,1,gets measurable,1
disruptions this,1,concrete path,1,or adaptive,1,a formally,1,measurable capability,1
real operational,1,reconcile the,1,adaptive priorities,1,formally specified,1,capability not,1
operational requirement,1,the split,1,priorities within,1,specified and,1,promises what,1
it may,1,split recommended,1,minutes of,1,tested incident,1,do in,1
be achievable,1,most consistent,1,of an,1,capability package,1,days so,1
achievable via,1,ve discussed,1,incident declaration,1,integrations acceptance,1,t lose,1
via requirements,1,discussed pick,1,declaration role,1,that approach,1,one joint,1
requirements integration,1,a stable,1,role based,1,approach respects,1,joint workshop,1
integration even,1,stable base,1,based access,1,respects transportation,1,workshop hours,1
novagrid isn,1,base contract,1,for dispatch,1,engineering s,1,hours engineering,1
t selected,1,contract the,1,dispatch traffic,1,s need,1,services define,1
selected depending,1,capability select,1,center with,1,need for,1,success criteria,1
on vendor,1,platform for,1,with audit,1,for predictability,1,criteria vendor,1
vendor capabilities,1,for controllers,1,logs emergency,1,predictability and,1,day demo,1
capabilities and,1,controllers field,1,vehicle support,1,concerns while,1,demo request,1
and openness,1,field reliability,1,support preemption,1,giving emergency,1,request both,1
openness remaining,1,dot political,1,preemption transit,1,services concrete,1,vendors must,1
uncertainties the,1,political predictability,1,transit signal,1,concrete incident,1,must walk,1
the items,1,predictability include,1,signal priority,1,incident tools,1,walk through,1
items that,1,include an,1,priority compatibility,1,tools rather,1,the scenarios,1
answer civitas,1,operations deliverable,1,compatibility as,1,a we,1,with workflows,1
modular uncertainties,1,deliverable package,1,as applicable,1,we ll,1,workflows timing,1
uncertainties schedule,1,package in,1,applicable verification,1,ll see,1,timing and,1
schedule hardware,1,with demonstrated,1,verification reports,1,see what,1,and fallback,1
hardware availability,1,demonstrated detour,1,reports preemption,1,i need,1,fallback behavior,1
availability does,1,workflow live,1,preemption activations,1,need from,1,behavior write,1
issue week,1,live demo,1,activations failures,1,from you,1,write the,1
what are,1,demo tabletop,1,failures clearance,1,sharpen this,1,requirements into,1
the actual,1,tabletop pilot,1,times reroute,1,crisp recommendation,1,the rfp,1
actual lead,1,corridor integration,1,reroute diversion,1,recommendation what,1,rfp addendum,1
the industry,1,integration requirements,1,diversion support,1,exactly does,1,addendum bafo,1
propose modular,1,requirements e,1,support ability,1,does adaptive,1,bafo terms,1
in enforceable,1,g with,1,to implement,1,incidents mean,1,tests score,1
enforceable terms,1,with cad,1,implement detour,1,mean in,1,score incident,1
terms how,1,cad notifications,1,detour timing,1,city today,1,capability separately,1
much interoperability,1,notifications emergency,1,timing patterns,1,today signals,1,separately from,1
leverage is,1,management transit,1,patterns and,1,signals only,1,from baseline,1
is truly,1,transit or,1,and coordinate,1,or integration,1,baseline deliverability,1
truly delivered,1,or tmc,1,coordinate adjacent,1,avl tmc,1,deliverability so,1
delivered data,1,tmc tools,1,corridors if,1,tools do,1,can see,1
apis standards,1,tools if,1,if adaptive,1,do you,1,see you,1
standards compliance,1,if applicable,1,routing is,1,evp and,1,you didn,1
compliance and,1,applicable hard,1,software feature,1,if so,1,t bury,1
and will,1,hard acceptance,1,feature define,1,so what,1,bury emergency,1
will civitas,1,tests time,1,define exactly,1,what standard,1,needs key,1
civitas put,1,deploy incident,1,what data,1,standard equipment,1,to clarify,1
put it,1,plan rollback,1,data it,1,equipment is,1,clarify because,1
contract incident,1,rollback time,1,it needs,1,in place,1,changes what,1
civitas meet,1,time audit,1,needs and,1,place are,1,routing really,1
routing adaptation,1,logs degraded,1,happens if,1,most critical,1,really means,1
adaptation needs,1,behavior make,1,that data,1,critical incident,1,means when,1
needs via,1,make payment,1,data path,1,incident corridors,1,when emergency,1
via built,1,milestones contingent,1,unavailable degraded,1,corridors on,1,services says,1
built in,1,passing those,1,behavior if,1,on highways,1,says adaptive,1
in tooling,1,those tests,1,unreachable intersections,1,highways state,1,routing do,1
tooling or,1,this preserves,1,continue safe,1,state routes,1,do they,1
or integrations,1,preserves engineering,1,operation with,1,routes which,1,they mean,1
what timeline,1,predictability while,1,with predefined,1,which increases,1,mean a,1
timeline given,1,while making,1,predefined plans,1,increases dot,1,a emergency,1
given reports,1,making emergency,1,day flash,1,dot sensitivity,1,priority preemption,1
reports of,1,services needs,1,flash local,1,sensitivity answer,1,clearance or,1
of slower,1,needs non,1,coordination then,1,answer those,1,b managing,1
novagrid uncertainties,1,optional and,1,then require,1,those and,1,managing public,1
uncertainties cloud,1,and testable,1,a demonstration,1,ll propose,1,public detours,1
infrastructure can,1,testable path,1,demonstration tabletop,1,page incident,1,detours and,1
city obtain,1,if emergency,1,drill in,1,requirement set,1,and dynamic,1
obtain a,1,services feature,1,in procurement,1,set you,1,dynamic corridor,1
approval exception,1,is truly,1,procurement same,1,can drop,1,corridor plans,1
exception in,1,truly unique,1,same scenarios,1,drop into,1,plans during,1
what security,1,unique to,1,scenarios same,1,vendor negotiation,1,incidents or,1
security resilience,1,novagrid structured,1,same success,1,negotiation award,1,or c,1
resilience requirements,1,structured pilot,1,criteria documented,1,award documents,1,c both,1
requirements will,1,pilot gated,1,documented results,1,documents plus,1,both if,1
be imposed,1,gated approval,1,results practical,1,an acceptance,1,answer that,1
imposed long,1,approval if,1,practical paths,1,that forces,1,that i,1
predictability can,1,incident routing,1,paths forward,1,forces real,1,translate it,1
can cloud,1,routing is,1,forward in,1,capability regardless,1,neutral requirement,1
and licensing,1,is materially,1,in order,1,weigh the,1,requirement set,1
support increases,1,materially better,1,of most,1,inputs a,1,set you,1
increases be,1,better and,1,most likely,1,practical method,1,can paste,1
be capped,1,and civitas,1,to work,1,method start,1,paste into,1
vs extra,1,civitas cannot,1,work under,1,with city,1,and use,1
extra cost,1,cannot match,1,constraints path,1,city obligations,1,use for,1
cost dot,1,match it,1,path most,1,obligations before,1,for demos,1
policy waiver,1,it do,1,most balanced,1,before preferences,1,demos acceptance,1
waiver burden,1,not split,1,balanced civitas,1,preferences in,1,acceptance treat,1
burden can,1,split the,1,core contractually,1,in essential,1,conflict as,1
novagrid provide,1,the baby,1,contractually require,1,not all,1,as two,1
provide sufficient,1,baby informally,1,require emergency,1,all stakeholder,1,two operating,1
sufficient comparable,1,informally run,1,emergency operations,1,stakeholder desires,1,operating modes,1
evidence to,1,bounded pilot,1,operations integrations,1,desires are,1,modes not,1
to comfortably,1,pilot pilot,1,and workflows,1,are equal,1,not two,1
comfortably satisfy,1,pilot novagrid,1,workflows this,1,equal because,1,two opinions,1
satisfy dot,1,novagrid incident,1,this leverages,1,the cost,1,opinions you,1
integration expectations,1,operations on,1,leverages civitas,1,of failure,1,re hearing,1
expectations continuity,1,a limited,1,civitas predictability,1,is asymmetric,1,hearing two,1
continuity risk,1,limited corridor,1,predictability while,1,asymmetric a,1,different definitions,1
risk how,1,corridor area,1,while directly,1,good ordering,1,definitions of,1
how will,1,area only,1,addressing emergency,1,ordering is,1,of success,1
will change,1,infrastructure approval,1,without betting,1,safe operation,1,success normal,1
control ownership,1,is obtained,1,betting the,1,operation fail,1,success engineering,1
ownership events,1,obtained in,1,the entire,1,behavior cannot,1,engineering uptime,1
events affect,1,writing keep,1,entire core,1,be traded,1,uptime maintainability,1
affect pricing,1,keep controllers,1,core on,1,traded away,1,maintainability deterministic,1
pricing and,1,controllers standardized,1,on cloud,1,away high,1,deterministic behavior,1
support and,1,standardized so,1,cloud shorter,1,high availability,1,behavior predictable,1
what protections,1,re not,1,record what,1,availability rapid,1,predictable costs,1
protections will,1,not locked,1,demand from,1,rapid recovery,1,costs smooth,1
will the,1,locked into,1,from civitas,1,recovery what,1,smooth delivery,1
city have,1,vendor for,1,civitas incident,1,the public,1,delivery incident,1
you effectively,1,for hardware,1,management workflow,1,public experiences,1,success emergency,1
effectively have,1,hardware decide,1,workflow rapid,1,experiences daily,1,services fast,1
have right,1,decide after,1,deployment corridor,1,daily governance,1,fast operational,1
a probable,1,pilot whether,1,corridor management,1,viability dot,1,changes detours,1
probable core,1,whether to,1,management tools,1,approval auditability,1,corridor strategies,1
platform choice,1,to expand,1,tools and,1,auditability lifecycle,1,strategies priority,1
modular lower,1,expand this,1,and operator,1,lifecycle operating,1,priority handling,1
risk stronger,1,this manages,1,operator ux,1,stability especially,1,handling clear,1
predictability better,1,manages temporal,1,ux commitments,1,budget performance,1,clear operator,1
better narrative,1,temporal risk,1,commitments integration,1,performance enhancements,1,operator workflows,1
narrative to,1,you learn,1,hooks cad,1,enhancements including,1,workflows under,1
council a,1,learn quickly,1,avl feeds,1,including incident,1,under stress,1
capability gap,1,quickly without,1,feeds incident,1,incident optimization,1,stress a,1
gap to,1,committing citywide,1,incident event,1,optimization once,1,good weighting,1
to close,1,citywide before,1,event inputs,1,once the,1,weighting method,1
close ensure,1,ve validated,1,inputs apis,1,the above,1,method respects,1
ensure emergency,1,validated incident,1,apis for,1,above are,1,respects that,1
operations incident,1,governance the,1,for third,1,are satisfied,1,that normal,1
responsiveness is,1,key tension,1,third party,1,satisfied this,1,dominates frequency,1
is addressed,1,tension to,1,party routing,1,t dismiss,1,frequency while,1
addressed as,1,to surface,1,decision tools,1,dismiss emergency,1,while incident,1
a tested,1,surface explicitly,1,tools feature,1,it sets,1,dominates consequence,1
tested contractual,1,explicitly so,1,feature delivery,1,sets the,1,consequence use,1
contractual requirement,1,t derail,1,commitments if,1,the rule,1,use a,1
requirement so,1,derail later,1,if incident,1,rule that,1,a two,1
t asked,1,later emergency,1,features are,1,that incident,1,two layer,1
to take,1,services preferred,1,are missing,1,capability must,1,layer decision,1
take it,1,preferred capabilities,1,missing today,1,must not,1,decision structure,1
it on,1,capabilities typically,1,today negotiate,1,not compromise,1,structure gates,1
on faith,1,typically rely,1,dated roadmap,1,compromise core,1,gates first,1
faith a,1,on centralized,1,roadmap with,1,core safety,1,first then,1
short decision,1,centralized computation,1,and remedies,1,availability governance,1,then weights,1
gates list,1,computation and,1,remedies why,1,governance reframe,1,weights layer,1
list controller,1,and communications,1,often works,1,the disagreement,1,layer a,1
times contract,1,communications often,1,works operationally,1,disagreement as,1,a pass,1
modularity civitas,1,often cloud,1,operationally you,1,reliability vs,1,gates no,1
civitas cloud,1,cloud hosted,1,core signal,1,vs surge,1,no amount,1
approval fee,1,hosted that,1,signal safety,1,capability transportation,1,amount of,1
fee caps,1,can conflict,1,safety and,1,engineering is,1,of scoring,1
continuity terms,1,conflict with,1,and uptime,1,emphasizing baseline,1,scoring can,1
terms novagrid,1,approvals what,1,uptime on,1,reliability of,1,can make,1
gates due,1,the network,1,proven footing,1,of days,1,make up,1
diligence status,1,network is,1,footing you,1,days thousands,1,up for,1
status tracker,1,down realities,1,still deliver,1,thousands of,1,for these,1
tracker you,1,realities operational,1,deliver incident,1,of cycles,1,these these,1
use to,1,operational simplicity,1,improvements by,1,cycles per,1,these should,1
to drive,1,simplicity during,1,by treating,1,intersection maintainability,1,be explicit,1
the remaining,1,during crises,1,treating them,1,maintainability predictable,1,explicit and,1
remaining weeks,1,crises so,1,and operations,1,predictable vendor,1,and written,1
weeks of,1,so whichever,1,operations layer,1,support emergency,1,written down,1
of validation,1,choose require,1,layer not,1,services is,1,down cutover,1
validation before,1,clear answer,1,the foundational,1,emphasizing surge,1,cutover risk,1
council recommendation,1,to can,1,foundational control,1,capability the,1,gate credible,1
credible move,1,can incident,1,control architecture,1,the of,1,credible schedule,1
move that,1,mode plans,1,architecture path,1,of time,1,be stable,1
that directly,1,plans be,1,emergency capabilities,1,time when,1,stable well,1
directly targets,1,executed safely,1,truly decisive,1,when incidents,1,cliff including,1
targets your,1,safely if,1,decisive novagrid,1,incidents happen,1,including hardware,1
biggest political,1,central connectivity,1,with essential,1,happen the,1,times staffing,1
political operational,1,connectivity is,1,approval in,1,system should,1,staffing acceptance,1
operational objection,1,is degraded,1,in hand,1,should meaningfully,1,testing safety,1
objection to,1,degraded what,1,hand and,1,meaningfully improve,1,mode gate,1
civitas lock,1,the fallback,1,strict resiliency,1,improve clearance,1,gate intersections,1
automatically best,1,can operate,1,resiliency cost,1,clearance response,1,must operate,1
best of,1,operate it,1,services can,1,right weighting,1,and predictably,1
of both,1,it at,1,features materially,1,weighting depends,1,predictably when,1
both worlds,1,m next,1,materially improve,1,on how,1,when comms,1
worlds it,1,next step,1,improve response,1,how large,1,comms central,1
newer product,1,scenario exercise,1,outcomes novagrid,1,large the,1,systems fail,1
line from,1,exercise fast,1,be justified,1,the surge,1,fail governance,1
mature vendor,1,fast decisive,1,justified but,1,surge benefit,1,governance gate,1
vendor treat,1,decisive within,1,you neutralize,1,is and,1,gate any,1
as promising,1,next weeks,1,neutralize governance,1,be achieved,1,required approvals,1
promising and,1,weeks run,1,opex risks,1,achieved without,1,approvals must,1
then verify,1,a minute,1,risks non,1,taking on,1,be realistically,1
verify that,1,minute session,1,negotiables if,1,new governance,1,realistically achievable,1
in architecture,1,session with,1,go this,1,risk notably,1,achievable on,1
architecture procurement,1,with engineering,1,this route,1,notably cloud,1,project timeline,1
procurement and,1,services where,1,route written,1,approval use,1,timeline notably,1
terms what,1,where each,1,clear exception,1,a two,1,notably novagrid,1
s compelling,1,vendor must,1,path on,1,two stage,1,infrastructure dot,1
compelling about,1,must walk,1,timeline offline,1,stage decision,1,timing if,1
about civitas,1,through multi,1,operation signals,1,gates first,1,relevant opex,1
modular pitch,1,crash causing,1,must function,1,then weighted,1,opex viability,1
pitch it,1,causing corridor,1,function safely,1,weighted scoring,1,viability gate,1
it squarely,1,diversion heavy,1,and acceptably,1,scoring this,1,gate forecastable,1
squarely addresses,1,heavy congestion,1,acceptably without,1,this avoids,1,forecastable operating,1
narrative moving,1,congestion detour,1,without cloud,1,avoids endless,1,cost trajectory,1
moving to,1,detour retiming,1,connectivity fee,1,endless debate,1,trajectory you,1
to industry,1,retiming central,1,and defined,1,debate because,1,can live,1
most concrete,1,system unreachable,1,defined inclusions,1,because some,1,with in,1
concrete way,1,unreachable wan,1,inclusions for,1,some issues,1,budget environment,1
in traffic,1,wan outage,1,subscription change,1,are pass,1,environment caps,1
traffic systems,1,outage during,1,protections venture,1,fail stage,1,locks or,1
systems if,1,incident post,1,backed continuity,1,stage a,1,or strong,1
are standard,1,normal timing,1,managed compromise,1,gates pass,1,vendor can,1
standard you,1,timing audit,1,compromise if,1,fail meets,1,t clear,1
you reduce,1,trail for,1,council politics,1,infrastructure security,1,clear a,1
reduce dependence,1,review score,1,politics are,1,security governance,1,a gate,1
dependence on,1,score the,1,are tense,1,requirements including,1,gate you,1
proprietary field,1,the vendors,1,tense choose,1,including cloud,1,t discount,1
field hardware,1,vendors on,1,choose the,1,cloud policy,1,discount them,1
expand future,1,action clarity,1,the predictable,1,policy outcomes,1,them you,1
future competitive,1,clarity fallback,1,core now,1,outcomes demonstrates,1,you simply,1
competitive options,1,and operator,1,now and,1,demonstrates safe,1,simply can,1
options it,1,workload this,1,and run,1,operation comms,1,t responsibly,1
it retains,1,this converts,1,boxed pilot,1,central outage,1,responsibly recommend,1
retains the,1,converts the,1,pilot for,1,outage deliverable,1,recommend them,1
vendor advantage,1,the disagreement,1,tooling given,1,deliverable within,1,them layer,1
advantage civitas,1,disagreement into,1,given you,1,within the,1,layer b,1
year track,1,evidence if,1,must select,1,schedule constraint,1,b weighted,1
record still,1,what adaptive,1,select a,1,constraint month,1,weighted scoring,1
still matters,1,incidents specifically,1,vendor in,1,export support,1,scoring only,1
matters for,1,your emergency,1,weeks a,1,cost controls,1,only among,1
for implementation,1,services context,1,a pilot,1,controls if,1,among vendors,1
implementation discipline,1,context detours,1,pilot can,1,if a,1,vendors that,1
discipline support,1,detours vs,1,can de,1,vendor can,1,that clear,1
support processes,1,vs preemption,1,de risk,1,t clear,1,clear gates,1
processes and,1,preemption vs,1,risk the,1,clear a,1,you reconcile,1
dot comfort,1,vs recommendations,1,services ask,1,t weight,1,reconcile engineering,1
comfort especially,1,recommendations i,1,ask without,1,weight your,1,services how,1
integration and,1,draft the,1,without blocking,1,your way,1,to set,1
council scrutiny,1,language that,1,blocking the,1,way around,1,set weights,1
scrutiny early,1,it enforceable,1,core replacement,1,around it,1,weights credibly,1
early o,1,enforceable first,1,replacement schedule,1,it stage,1,credibly and,1
m signal,1,first normalize,1,schedule how,1,stage b,1,and defensibly,1
signal is,1,normalize the,1,a stalling,1,b weighted,1,defensibly to,1
right direction,1,conflict they,1,stalling tactic,1,weighted trade,1,council use,1
direction the,1,they re,1,tactic day,1,trade study,1,use impact,1
the reported,1,re optimizing,1,day pilot,1,study only,1,impact likelihood,1
reported maintenance,1,different risk,1,pilot on,1,only among,1,likelihood thinking,1
cost reduction,1,risk curves,1,a limited,1,among gate,1,thinking likelihood,1
reduction versus,1,curves transportation,1,limited set,1,gate passers,1,likelihood normal,1
architecture if,1,engineering is,1,set of,1,passers now,1,day issues,1
if validated,1,frequency reliability,1,of corridors,1,now incorporate,1,issues happen,1
validated aligns,1,reliability most,1,corridors focused,1,incorporate stakeholder,1,happen constantly,1
your emerging,1,most hours,1,on incident,1,stakeholder priorities,1,constantly daily,1
emerging priority,1,hours of,1,incident scenarios,1,priorities with,1,daily weekly,1
priority tighter,1,year most,1,scenarios predefined,1,explicit weights,1,weekly impact,1
future operating,1,most intersections,1,predefined metrics,1,weights a,1,day failures,1
the catch,1,intersections predictable,1,metrics dispatch,1,a reasonable,1,failures can,1
catch modular,1,predictable maintenance,1,dispatch to,1,reasonable weighting,1,be catastrophic,1
modular can,1,maintenance and,1,to arrival,1,weighting approach,1,catastrophic politically,1
be real,1,tuning emergency,1,arrival time,1,approach for,1,operationally even,1
in hardware,1,high severity,1,time proxies,1,situation given,1,if rarer,1
and still,1,severity tail,1,proxies corridor,1,your context,1,rarer a,1
still sticky,1,tail events,1,time travel,1,context dot,1,practical weighting,1
sticky in,1,events incidents,1,reliability during,1,cloud review,1,weighting that,1
in software,1,incidents where,1,events clear,1,risk opex,1,that usually,1
software even,1,where minutes,1,clear go,1,tightening council,1,usually holds,1
with standard,1,minutes matter,1,go no,1,council sensitivity,1,holds up,1
be locked,1,matter and,1,no go,1,sensitivity to,1,up in,1
through proprietary,1,traffic patterns,1,go criteria,1,defensible starting,1,in council,1
management software,1,patterns are,1,for expanding,1,starting point,1,review adjust,1
software proprietary,1,are abnormal,1,expanding incident,1,point is,1,adjust as,1
configuration formats,1,abnormal neither,1,tooling citywide,1,is day,1,as you,1
formats closed,1,neither is,1,citywide how,1,day operations,1,you see,1
apis expensive,1,more correct,1,to align,1,operations resilience,1,see fit,1
expensive licensing,1,correct the,1,align the,1,resilience uptime,1,fit deliverability,1
support renewal,1,right weighting,1,the groups,1,mttr maintainability,1,deliverability operational,1
renewal leverage,1,weighting depends,1,groups without,1,maintainability governance,1,uptime stability,1
leverage integration,1,a how,1,without forcing,1,preference waiver,1,stability maintainability,1
integration work,1,often incidents,1,forcing false,1,waiver essential,1,maintainability support,1
that only,1,incidents meaningfully,1,false consensus,1,essential infra,1,responsiveness long,1
only they,1,meaningfully stress,1,consensus run,1,infra posture,1,predictability fee,1
can practically,1,stress signals,1,short decision,1,posture lifecycle,1,locks maintenance,1
practically maintain,1,signals and,1,decision workshop,1,caps staffing,1,burden staffing,1
maintain so,1,b whether,1,workshop with,1,staffing burden,1,capability time,1
right interpretation,1,whether incident,1,single output,1,burden incident,1,workflows audit,1
interpretation is,1,features are,1,output joint,1,capability what,1,rollback future,1
it likely,1,are actually,1,joint success,1,services cares,1,future flexibility,1
likely reduces,1,actually deliverable,1,criteria transportation,1,cares about,1,flexibility lock,1
not eliminate,1,deliverable under,1,engineering owns,1,about future,1,exit cost,1
eliminate it,1,governance constraints,1,owns safety,1,future flexibility,1,cost standards,1
it your,1,constraints use,1,safety maintainability,1,flexibility exit,1,standards portability,1
your job,1,use gates,1,maintainability controller,1,options lock,1,portability modularity,1
job is,1,gates before,1,availability downtime,1,standards modularity,1,modularity why,1
to quantify,1,you use,1,downtime mttr,1,modularity two,1,this works,1
quantify how,1,use weights,1,mttr emergency,1,two notes,1,works it,1
much leverage,1,weights before,1,services owns,1,notes if,1,it heavily,1
leverage it,1,before debating,1,owns incident,1,if your,1,heavily reflects,1
it gives,1,debating relative,1,activation speed,1,city has,1,reflects engineering,1
gives the,1,relative importance,1,speed preemption,1,has frequent,1,s core,1
city the,1,importance remove,1,reliability corridor,1,frequent major,1,core mandate,1
key risk,1,remove options,1,clearance during,1,major incidents,1,mandate keep,1
s less,1,made safe,1,events it,1,incidents events,1,system running,1
less proven,1,safe approvable,1,security owns,1,stadium port,1,running it,1
proven than,1,approvable budgetable,1,owns hosting,1,port winter,1,it explicitly,1
system their,1,budgetable typical,1,hosting approvals,1,winter storms,1,explicitly elevates,1
option has,1,typical gates,1,approvals cybersecurity,1,storms push,1,elevates emergency,1
has cities,1,gates for,1,cybersecurity requirements,1,push incident,1,a meaningful,1
of deployment,1,your case,1,requirements auditability,1,ops toward,1,meaningful share,1
deployment good,1,case essential,1,auditability finance,1,toward the,1,share not,1
good sign,1,infrastructure operability,1,finance owns,1,top of,1,a token,1
sign but,1,operability safe,1,owns year,1,of its,1,token it,1
same maturity,1,behavior with,1,volatility limits,1,its range,1,it reflects,1
maturity as,1,with comms,1,limits then,1,range if,1,reflects your,1
as cities,1,down auditable,1,then weight,1,is uncertain,1,your new,1
years early,1,auditable control,1,weight them,1,uncertain or,1,new reality,1
cost data,1,control clear,1,them explicitly,1,or politically,1,reality tighter,1
data useful,1,clear access,1,explicitly this,1,politically hot,1,budgets increase,1
useful but,1,access controls,1,decision sovereign,1,hot push,1,of predictable,1
want confirmation,1,controls hosting,1,sovereign to,1,push governance,1,opex convert,1
confirmation from,1,hosting governance,1,city leadership,1,governance approval,1,convert emergency,1
from references,1,governance feasibility,1,leadership while,1,risk up,1,preference into,1
and clarity,1,feasibility if,1,while making,1,up make,1,into testable,1
still a,1,a solution,1,making trade,1,make incident,1,not subjective,1
manageable risk,1,solution requires,1,offs transparent,1,response a,1,subjective to,1
you require,1,requires cloud,1,transparent for,1,defined testable,1,weigh emergency,1
require evidence,1,approved on,1,review the,1,identity to,1,emergency input,1
evidence and,1,timeline with,1,the electricity,1,services input,1,input fairly,1
protections how,1,controls opex,1,electricity infrastructure,1,input properly,1,fairly define,1
to evaluate,1,opex controllability,1,infrastructure reality,1,properly you,1,define local,1
evaluate whether,1,controllability can,1,reality to,1,to convert,1,local incident,1
truly addresses,1,can annual,1,keep explicit,1,convert it,1,and score,1
in practical,1,costs be,1,explicit in,1,into measurable,1,score each,1
practical tests,1,be capped,1,decision any,1,measurable acceptance,1,vendor on,1
tests ask,1,capped predicted,1,any solution,1,criteria for,1,action e,1
for specifics,1,predicted fees,1,solution that,1,for example,1,g deploy,1
specifics in,1,fees escalation,1,that depends,1,example time,1,a detour,1
writing and,1,escalation support,1,on continuous,1,to activate,1,detour corridor,1
and make,1,support procurement,1,continuous connectivity,1,activate incident,1,strategy within,1
make them,1,supply feasibility,1,connectivity cloud,1,corridor plan,1,minutes operator,1
acceptance contract,1,you actually,1,cloud network,1,plan minutes,1,workflow simplicity,1
contract items,1,actually get,1,network increases,1,minutes who,1,simplicity steps,1
items controller,1,t clear,1,the number,1,can activate,1,steps permissions,1
controller independence,1,clear the,1,of failure,1,activate it,1,permissions clarity,1
independence field,1,the hosting,1,modes that,1,it dispatch,1,clarity degraded,1
field layer,1,hosting gate,1,show up,1,dispatch tmc,1,what still,1
layer which,1,gate quickly,1,up during,1,tmc on,1,still works,1
which controller,1,quickly its,1,during storms,1,on call,1,works if,1
models are,1,incident advantages,1,storms fiber,1,call engineer,1,is down,1
are supported,1,advantages shouldn,1,cuts regional,1,engineer with,1,down reversion,1
supported make,1,get much,1,regional outages,1,with audit,1,reversion and,1
make model,1,they may,1,outages or,1,logs measured,1,rollback in,1
model version,1,be unreachable,1,or cyber,1,measured change,1,in minutes,1
version can,1,unreachable in,1,cyber incidents,1,in queue,1,minutes clear,1
city procure,1,t credibly,1,incidents you,1,queue clearance,1,clear logs,1
procure controllers,1,credibly deliver,1,to reject,1,clearance travel,1,logs then,1
controllers directly,1,deliver incident,1,reject cloud,1,on designated,1,then make,1
directly not,1,mode workflows,1,on principle,1,designated emergency,1,make those,1
not only,1,workflows its,1,principle but,1,emergency routes,1,scenarios part,1
only through,1,its predictability,1,require tested,1,routes behavior,1,training this,1
through civitas,1,predictability shouldn,1,tested failover,1,behavior when,1,we liked,1
can another,1,as covers,1,behavior local,1,when central,1,liked the,1
another vendor,1,covers everything,1,local intersection,1,central cloud,1,the demo,1
vendor maintain,1,everything then,1,intersection autonomy,1,is unavailable,1,demo decisions,1
maintain replace,1,then weigh,1,autonomy and,1,unavailable local,1,decisions convert,1
replace controllers,1,weigh using,1,documented recovery,1,fallback still,1,convert engineering,1
controllers without,1,mode model,1,procedures that,1,still safe,1,s predictability,1
without breaking,1,model normal,1,not theory,1,and acceptable,1,predictability concerns,1
breaking the,1,day a,1,theory it,1,acceptable this,1,concerns into,1
system data,1,practical way,1,s day,1,this often,1,into measurable,1
and portability,1,reconcile inputs,1,day operational,1,often reveals,1,measurable checks,1
portability the,1,inputs is,1,operational survivability,1,reveals that,1,checks similarly,1
real lock,1,to split,1,survivability what,1,can get,1,similarly don,1
in point,1,split scoring,1,d recommend,1,get of,1,treat predictable,1
point can,1,scoring into,1,recommend you,1,benefit via,1,predictable as,1
you export,1,into two,1,next fast,1,via pre,1,a vibe,1
formats timing,1,two regimes,1,fast within,1,integration even,1,vibe measure,1
plans phase,1,regimes and,1,window ask,1,the underlying,1,measure proven,1
phase coordination,1,and combine,1,two measurable,1,underlying vendor,1,proven operational,1
coordination configs,1,combine them,1,outcomes they,1,vendor differs,1,history relevant,1
configs detector,1,explicitly step,1,they believe,1,differs tie,1,relevant to,1
logs performance,1,a score,1,believe novagrid,1,breaker can,1,your scope,1
data can,1,score each,1,novagrid uniquely,1,we get,1,scope incl,1
you recreate,1,vendor in,1,uniquely improves,1,get the,1,incl highway,1
recreate the,1,in each,1,improves and,1,benefit without,1,integration expectations,1
system elsewhere,1,each regime,1,ll measure,1,taking the,1,expectations mean,1
elsewhere from,1,regime normal,1,measure them,1,the governance,1,restore and,1
from exports,1,score high,1,them ask,1,governance hit,1,escalation behavior,1
exports documentation,1,s constant,1,two non,1,hit ask,1,behavior reference,1
interfaces and,1,constant maintainability,1,maintainability requirements,1,ask this,1,on outages,1
and integration,1,maintainability staff,1,requirements mttr,1,this explicitly,1,outages update,1
integration provide,1,time diagnostics,1,mttr targets,1,explicitly in,1,update patch,1
provide api,1,spares upgrade,1,targets degraded,1,evaluation if,1,patch process,1
documentation now,1,rollback discipline,1,mode expectations,1,capability depends,1,with rollback,1
now not,1,discipline stability,1,expectations parts,1,cloud features,1,rollback hardware,1
not available,1,stability history,1,availability require,1,features that,1,and spares,1
available later,1,responsiveness cost,1,require both,1,that trigger,1,spares plan,1
later confirm,1,especially next,1,run the,1,trigger extended,1,plan configuration,1
confirm support,1,year incident,1,drill demo,1,extended essential,1,configuration control,1
support for,1,score lower,1,demo scripted,1,and recurring,1,control change,1
for standard,1,lower frequency,1,scripted scenarios,1,with escalation,1,and reproducibility,1
standard interfaces,1,frequency higher,1,scenarios decide,1,risk then,1,reproducibility reconcile,1
interfaces commonly,1,higher consequence,1,incident capabilities,1,then the,1,reconcile the,1
commonly used,1,consequence time,1,are a,1,benefit must,1,conflict with,1
used in,1,to implement,1,platform requirement,1,be large,1,meet needs,1
in signal,1,timing corridor,1,requirement pushes,1,large and,1,needs via,1
signal atms,1,corridor plans,1,pushes you,1,and proven,1,via contract,1
atms ecosystems,1,plans priority,1,you toward,1,to justify,1,contract strategy,1
ecosystems and,1,preemption reliability,1,if validated,1,justify that,1,strategy if,1
and list,1,and auditing,1,validated and,1,that added,1,predictable base,1
list exactly,1,auditing operator,1,and approvable,1,added risk,1,base choice,1
exactly which,1,stress behavior,1,approvable or,1,modular can,1,choice but,1
which ones,1,behavior under,1,integration requirement,1,meet incident,1,but emergency,1
ones and,1,degraded comms,1,requirement keeps,1,incident needs,1,needs more,1
to what,1,central step,1,modular favored,1,via integrations,1,more incident,1
what extent,1,step b,1,favored with,1,integrations and,1,capability the,1
extent commercial,1,b combine,1,with contractual,1,and scripted,1,weigh that,1
commercial lock,1,combine with,1,contractual hooks,1,scripted incident,1,is ask,1
how are,1,explicit frequency,1,hooks two,1,modes with,1,ask can,1
are licenses,1,frequency impact,1,two clarifying,1,with contractual,1,civitas meet,1
licenses structured,1,impact use,1,clarifying questions,1,deliverables then,1,yes you,1
structured by,1,use an,1,to tell,1,you satisfy,1,can recommend,1
by intersection,1,an expected,1,tell whether,1,satisfy both,1,civitas ideally,1
intersection by,1,expected value,1,features should,1,both groups,1,ideally modular,1
by user,1,value style,1,should drive,1,groups without,1,still honor,1
user by,1,style combination,1,award are,1,without expanding,1,honor emergency,1
by module,1,combination weightnormal,1,preemption priority,1,expanding approval,1,needs if,1
module what,1,weightnormal proportion,1,priority and,1,inputs in,1,no or,1
happens at,1,proportion of,1,fast plan,1,your final,1,only via,1
at renewal,1,hours budget,1,changes or,1,recommendation language,1,via vague,1
renewal do,1,budget exposure,1,a broader,1,language when,1,vague roadmap,1
do prices,1,exposure typically,1,broader routing,1,you write,1,promises the,1
prices jump,1,typically dominant,1,routing dispatch,1,write your,1,capability becomes,1
jump are,1,dominant weightincident,1,optimization function,1,recommendation don,1,a differentiator,1
are updates,1,weightincident incident,1,might sit,1,t present,1,differentiator that,1
updates mandatory,1,incident frequency,1,sit outside,1,over emergency,1,can justify,1
mandatory are,1,severity can,1,outside the,1,emergency or,1,it clears,1
there version,1,be smaller,1,system do,1,or vice,1,the governance,1
version end,1,smaller but,1,you currently,1,vice versa,1,governance opex,1
of life,1,non trivial,1,currently have,1,versa present,1,opex gates,1
life pressures,1,trivial you,1,a traffic,1,we selected,1,clean pivot,1
pressures their,1,perfect math,1,center tmc,1,selected the,1,pivot point,1
lock is,1,math just,1,tmc function,1,best secures,1,point that,1
a plus,1,just agree,1,can operationally,1,secures safe,1,keeps you,1
plus see,1,agree on,1,operationally run,1,reliable baseline,1,you out,1
can extend,1,reasonable range,1,run incident,1,are contractually,1,of politics,1
extend predictability,1,range e,1,mode plans,1,contractually requiring,1,and anchored,1
beyond that,1,g normal,1,would this,1,capabilities with,1,anchored in,1
that caps,1,day incident,1,this rely,1,preserves emergency,1,in operational,1
years what,1,day higher,1,rely on,1,services priority,1,proof the,1
to request,1,higher if,1,on vendor,1,priority as,1,most common,1
request from,1,city has,1,vendor managed,1,deliverable not,1,common weighting,1
from civitas,1,has frequent,1,managed automation,1,a consolation,1,weighting mistake,1
civitas before,1,frequent freeway,1,automation start,1,consolation prize,1,avoid don,1
accept the,1,freeway incidents,1,start by,1,prize bottom,1,let either,1
claim references,1,events weather,1,by separating,1,line guidance,1,either group,1
references specifically,1,weather disruptions,1,separating must,1,guidance weigh,1,group win,1
specifically for,1,disruptions or,1,must not,1,weigh transportation,1,win by,1
deployments call,1,recurring construction,1,not fail,1,engineering more,1,by insisting,1
call at,1,detours this,1,fail from,1,more heavily,1,insisting their,1
least of,1,prevents the,1,from nice,1,baseline safety,1,priorities are,1
ask pointed,1,discussion from,1,to win,1,availability maintainability,1,are absolute,1
pointed questions,1,becoming whose,1,win when,1,maintainability and,1,absolute unless,1
questions any,1,whose priority,1,when inputs,1,and regulatory,1,they truly,1
any stability,1,priority wins,1,inputs conflict,1,viability weigh,1,truly are,1
stability incidents,1,wins and,1,conflict don,1,services heavily,1,are if,1
incidents how,1,and turns,1,t average,1,on defined,1,if emergency,1
hard are,1,turns it,1,average them,1,defined incident,1,services asks,1
are upgrades,1,into what,1,them tier,1,scenarios but,1,for capabilities,1
upgrades actual,1,right incident,1,tier them,1,only after,1,capabilities that,1
actual maintenance,1,incident premium,1,negotiables pass,1,after translating,1,are nice,1
staffing truck,1,premium for,1,fail no,1,translating those,1,have but,1
rolls compared,1,for our,1,no weighting,1,those scenarios,1,t materially,1
to prior,1,our city,1,weighting these,1,scenarios into,1,change emergency,1
prior system,1,city add,1,are items,1,into testable,1,emergency outcomes,1
system how,1,add a,1,items you,1,testable requirements,1,outcomes don,1
how open,1,a tail,1,not trade,1,and ensuring,1,overweight them,1
open does,1,multiplier for,1,trade away,1,ensuring they,1,them if,1
does it,1,services only,1,away for,1,introduce unbounded,1,if engineering,1
it feel,1,the feature,1,for performance,1,unbounded approval,1,engineering asks,1
feel in,1,proven emergency,1,performance features,1,approval opex,1,in ways,1
practice a,1,should carry,1,features ability,1,opex risk,1,ways that,1
written architecture,1,carry extra,1,deploy within,1,share of,1,are really,1
architecture what,1,extra weight,1,schedule implied,1,most common,1,really just,1
s proprietary,1,weight when,1,implied by,1,common high,1,just comfort,1
proprietary statement,1,the capability,1,cliff including,1,high impact,1,comfort with,1
statement a,1,capability measurably,1,including supply,1,impact incident,1,with incumbency,1
simple diagram,1,measurably reduces,1,chain realities,1,incident types,1,incumbency don,1
diagram is,1,reduces response,1,realities clear,1,types and,1,overweight that,1
not enough,1,time improves,1,clear path,1,evp today,1,that either,1
enough get,1,improves route,1,path through,1,today i,1,either the,1
a component,1,route reliability,1,through essential,1,can propose,1,the correct,1
component list,1,it works,1,governance especially,1,short incident,1,correct arbiter,1
list that,1,works when,1,especially hosting,1,requirement pack,1,arbiter is,1
that explicitly,1,are worst,1,hosting security,1,pack you,1,what reduces,1
explicitly states,1,worst congestion,1,security safe,1,can apply,1,reduces the,1
states what,1,congestion comms,1,safe degraded,1,apply to,1,s expected,1
what is,1,comms issues,1,degraded operation,1,and use,1,expected operational,1
is standard,1,be operated,1,operation when,1,use as,1,pain over,1
standard vs,1,operated quickly,1,when central,1,the scoring,1,years under,1
vs proprietary,1,quickly by,1,unavailable maintainability,1,scoring backbone,1,budgets while,1
proprietary and,1,by staff,1,maintainability within,1,backbone where,1,while meeting,1
be swapped,1,staff during,1,your staffing,1,where things,1,meeting safety,1
swapped a,1,during real,1,model mttr,1,things stand,1,governance realities,1
chain plan,1,real incidents,1,mttr spares,1,stand now,1,realities what,1
plan under,1,incidents if,1,spares availability,1,now what,1,likely implies,1
option if,1,s more,1,availability training,1,s aligned,1,implies right,1
major advantage,1,more of,1,training if,1,aligned shared,1,facts with,1
advantage if,1,a marketing,1,vendor is,1,shared understanding,1,with tighter,1
not their,1,marketing claim,1,is better,1,understanding this,1,budgets and,1
their schedule,1,claim or,1,better but,1,is primarily,1,governance uncertainty,1
risk remains,1,or depends,1,but fails,1,primarily a,1,uncertainty around,1
remains bottom,1,on ideal,1,fails a,1,lifecycle operations,1,around essential,1
line civitas,1,ideal connectivity,1,a gate,1,operations governance,1,hosting civitas,1
option can,1,connectivity its,1,gate it,1,governance decision,1,modular remains,1
can legitimately,1,its weight,1,real option,1,decision not,1,default unless,1
legitimately strengthen,1,weight should,1,option under,1,a pure,1,t credibly,1
strengthen their,1,should drop,1,constraints b,1,pure technical,1,credibly deliver,1
their position,1,drop how,1,b tradeable,1,technical compliance,1,workflows emergency,1
it helps,1,to prove,1,tradeable differentiators,1,compliance decision,1,needs novagrid,1
helps you,1,prove it,1,differentiators weighted,1,decision both,1,the better,1
answer council,1,fast within,1,weighted once,1,audits the,1,better choice,1
in criticism,1,window require,1,once vendors,1,hard timeline,1,choice only,1
criticism while,1,live workflow,1,vendors clear,1,timeline dominates,1,clear cloud,1
governance dot,1,workflow demo,1,then you,1,dominates select,1,approval quickly,1
dot risk,1,demo using,1,you weigh,1,select in,1,contain recurring,1
profile of,1,using your,1,weigh incident,1,and replace,1,demonstrate incident,1
caution is,1,your network,1,outcomes network,1,replace before,1,advantages that,1
to treat,1,network map,1,network performance,1,before end,1,cannot contractually,1
treat modular,1,map implement,1,performance improvements,1,support in,1,contractually match,1
defined deliverable,1,implement a,1,improvements cost,1,months anything,1,match if,1
deliverable not,1,a detour,1,predictability over,1,anything that,1,incidents specifically,1
a marketing,1,plan across,1,years flexibility,1,adds uncertain,1,specifically means,1
marketing label,1,across a,1,and roadmap,1,approvals is,1,means in,1
label because,1,corridor in,1,roadmap this,1,is amplified,1,context ev,1
often shifts,1,in minutes,1,this structure,1,amplified council,1,ev preemption,1
shifts from,1,show rollback,1,structure usually,1,council optics,1,preemption priority,1
from hardware,1,rollback show,1,usually resolves,1,optics matter,1,priority vs,1
hardware to,1,show logs,1,resolves stakeholder,1,matter you,1,public detour,1
to software,1,logs do,1,stakeholder conflict,1,a choice,1,detour management,1
and commercial,1,do two,1,conflict because,1,choice that,1,management vs,1
commercial terms,1,focused specifically,1,it acknowledges,1,is defensible,1,vs both,1
terms if,1,specifically on,1,acknowledges emergency,1,in cost,1,both i,1
short modularity,1,operations what,1,value without,1,infrastructure reliability,1,can propose,1
modularity verification,1,changed during,1,override essential,1,reliability with,1,propose a,1
verification checklist,1,event how,1,infrastructure viability,1,a likely,1,tight scenario,1
can hand,1,fast any,1,viability translate,1,budget next,1,list and,1
hand to,1,any failure,1,translate each,1,year recurring,1,a sample,1
civitas and,1,modes run,1,each group,1,recurring operating,1,sample scoring,1
novagrid so,1,tabletop central,1,group s,1,stability not,1,scoring sheet,1
so both,1,down during,1,s preference,1,price has,1,sheet you,1
both are,1,during incident,1,preference into,1,has become,1,next vendor,1
are judged,1,incident what,1,requirements right,1,become a,1,vendor demo,1
judged against,1,happens penalize,1,have preferences,1,a bigger,1,demo where,1
same concrete,1,penalize single,1,preferences convert,1,bigger driver,1,where things,1
concrete exit,1,failure and,1,convert them,1,driver current,1,things stand,1
exit interoperability,1,and unbounded,1,them into,1,current convergence,1,stand now,1
interoperability criteria,1,unbounded costs,1,into evidence,1,convergence leading,1,now current,1
criteria this,1,costs when,1,evidence transportation,1,leading recommendation,1,current direction,1
this materially,1,when inputs,1,requirements such,1,direction civitas,1,direction leading,1
materially shifts,1,inputs conflict,1,as target,1,option rationale,1,leading path,1
decision because,1,conflict it,1,target uptime,1,rationale as,1,path civitas,1
it turns,1,s easy,1,uptime availability,1,as it,1,defensible default,1
turns novagrid,1,easy to,1,and response,1,it stands,1,dot operational,1
novagrid from,1,to overweight,1,slas documented,1,stands aligns,1,history preference,1
from technically,1,overweight features,1,documented fallback,1,aligns best,1,concerns standard,1
technically acceptable,1,features and,1,fallback plans,1,best with,1,controllers supports,1
acceptable into,1,and underweight,1,plans and,1,for operational,1,supports predictable,1
approval dependent,1,underweight fragility,1,and local,1,waiver process,1,predictable budgeting,1
dependent option,1,fragility counter,1,local autonomy,1,process risk,1,lock and,1
option while,1,counter that,1,autonomy expectations,1,risk modular,1,and better,1
while civitas,1,that by,1,expectations controller,1,addresses council,1,better fits,1
civitas remains,1,by assigning,1,sourcing lead,1,and may,1,fits an,1
remains non,1,assigning explicit,1,and multi,1,may reduce,1,first posture,1
non contingent,1,explicit penalties,1,multi sourcing,1,reduce maintenance,1,posture conditional,1
contingent what,1,penalties for,1,sourcing change,1,burden year,1,viable and,1
dot flag,1,for single,1,trail requirements,1,lock improves,1,and potentially,1
flag changes,1,vendor hardware,1,requirements staffing,1,improves budget,1,value if,1
changes it,1,hardware dependency,1,staffing burden,1,budget predictability,1,cost risks,1
it creates,1,dependency proprietary,1,burden hours,1,predictability avoids,1,risks quickly,1
a hard,1,controllers long,1,hours week,1,uncertain governance,1,quickly especially,1
external gating,1,times single,1,week for,1,credible contender,1,especially given,1
item for,1,single hosting,1,for monitoring,1,contender but,1,services interest,1
novagrid a,1,hosting model,1,monitoring retiming,1,conditional positives,1,interest in,1
week waiver,1,model dependency,1,retiming troubleshooting,1,positives lower,1,in its,1
is long,1,dependency mandatory,1,troubleshooting emergency,1,cost faster,1,features what,1
long relative,1,cloud without,1,outcomes such,1,rollout documented,1,what has,1
week vendor,1,path uncapped,1,as time,1,documented congestion,1,has changed,1
vendor selection,1,uncapped recurring,1,mode corridor,1,services sees,1,changed the,1
selection deadline,1,fees cloud,1,corridor response,1,sees strong,1,the weighting,1
deadline it,1,fees subject,1,response minutes,1,strong incident,1,weighting tighter,1
it introduces,1,to adjustment,1,minutes preemption,1,capabilities main,1,tighter expected,1
introduces a,1,adjustment hard,1,and clearance,1,main reservations,1,expected budgets,1
trivial risk,1,to exit,1,time impacts,1,reservations required,1,budgets next,1
a additional,1,exit architectures,1,impacts travel,1,hosting for,1,year increases,1
additional questions,1,architectures high,1,hospitals stations,1,approval process,1,increases emphasis,1
questions b,1,this aligns,1,stations during,1,process uncertainty,1,emphasis on,1
b extended,1,political reality,1,incidents ability,1,shorter long,1,on predictable,1
extended review,1,reality lock,1,detours and,1,term track,1,volatility controls,1
review beyond,1,in sensitivity,1,event traffic,1,record recurring,1,controls which,1
beyond weeks,1,sensitivity and,1,traffic without,1,with adjustment,1,which currently,1
weeks or,1,your budget,1,without destabilizing,1,adjustment risk,1,currently favors,1
or c,1,budget reality,1,destabilizing adjacent,1,and ownership,1,modular maintenance,1
c denial,1,reality opex,1,corridors important,1,ownership continuity,1,maintenance signals,1
denial conditional,1,risk a,1,important distinguish,1,continuity uncertainty,1,signals unless,1
approval that,1,weighting template,1,distinguish signal,1,uncertainty stakeholder,1,unless novagrid,1
forces scope,1,template you,1,system capabilities,1,stakeholder positions,1,cap cloud,1
scope changes,1,can use,1,capabilities preemption,1,positions what,1,demonstrate net,1
changes even,1,use with,1,preemption plan,1,what they,1,savings conflicting,1
if ultimately,1,with stakeholders,1,changes corridor,1,they imply,1,conflicting stakeholder,1
ultimately granted,1,stakeholders and,1,corridor coordination,1,imply transportation,1,stakeholder priorities,1
granted the,1,quick starting,1,coordination from,1,engineering civitas,1,priorities engineering,1
waiver process,1,starting point,1,from dispatch,1,civitas prioritizes,1,engineering predictability,1
process adds,1,point propose,1,dispatch routing,1,prioritizes predictable,1,predictability vs,1
adds schedule,1,propose something,1,routing optimization,1,predictable operations,1,incident adaptability,1
uncertainty and,1,something like,1,optimization which,1,operations long,1,adaptability means,1
and process,1,like normal,1,which might,1,run defensibility,1,means incident,1
process risk,1,day runnability,1,be solvable,1,defensibility fewer,1,operations must,1
that council,1,runnability maintainability,1,solvable without,1,fewer unknowns,1,explicit testable,1
will focus,1,maintainability safety,1,without choosing,1,unknowns emergency,1,requirements not,1
the defensibility,1,safety degraded,1,choosing a,1,services novagrid,1,an implicit,1
defensibility of,1,behavior cybersecurity,1,cloud dependent,1,novagrid prioritizes,1,implicit preference,1
of choosing,1,cybersecurity operability,1,dependent signal,1,prioritizes incident,1,preference remaining,1
civitas you,1,operability lifecycle,1,core use,1,incident time,1,remaining uncertainties,1
can now,1,year with,1,a weighting,1,time performance,1,uncertainties the,1
now credibly,1,with near,1,weighting scheme,1,performance and,1,the items,1
we selected,1,opex focus,1,scheme that,1,and dynamic,1,still flip,1
selected the,1,focus incident,1,matches city,1,dynamic response,1,decision governance,1
that meets,1,capability detours,1,risk posture,1,the synthesis,1,governance policy,1
policy without,1,detours emergency,1,workable default,1,synthesis approach,1,policy gates,1
without waiver,1,emergency priority,1,default after,1,approach that,1,gates cloud,1
and protects,1,priority workflows,1,gates a,1,s emerging,1,approval feasibility,1
project schedule,1,workflows future,1,reasonable council,1,emerging treat,1,feasibility and,1
schedule it,1,future flexibility,1,defensible weighting,1,operations as,1,infrastructure novagrid,1
it makes,1,flexibility exit,1,weighting often,1,testable deliverable,1,s biggest,1
makes novagrid,1,exit feasibility,1,often looks,1,deliverable regardless,1,biggest gating,1
you treat,1,feasibility then,1,like operations,1,vendor rather,1,risk highway,1
as conditional,1,then adjust,1,operations reliability,1,than letting,1,timing day,1
conditional novagrid,1,adjust incident,1,maintainability engineering,1,letting it,1,one vs,1
be chosen,1,mode up,1,engineering heavy,1,it be,1,vs later,1
chosen but,1,up or,1,heavy total,1,be an,1,later and,1
are willing,1,or down,1,cost cost,1,an implicit,1,waiver plus,1
your award,1,down based,1,volatility finance,1,implicit vendor,1,plus how,1
award dependent,1,incident profile,1,finance heavy,1,identity advantage,1,long that,1
dependent on,1,profile and,1,heavy especially,1,advantage remaining,1,that process,1
on waiver,1,incident feature,1,especially relevant,1,uncertainties the,1,process takes,1
approval timing,1,feature clears,1,relevant now,1,few that,1,takes cost,1
timing and,1,clears the,1,now incident,1,that actually,1,lifecycle exposure,1
the completeness,1,the proven,1,services heavy,1,actually matter,1,exposure especially,1
completeness strength,1,proven approvable,1,heavy flexibility,1,matter these,1,especially under,1
strength of,1,approvable gate,1,risk lock,1,the items,1,budgets year,1
of comparable,1,this likely,1,sensitivity performance,1,items most,1,model for,1
evidence practical,1,likely implies,1,evidence congestion,1,to change,1,vendors including,1
practical implication,1,implies right,1,congestion metrics,1,they break,1,including what,1
implication for,1,now based,1,metrics roadmap,1,break one,1,vs change,1
for your,1,your facts,1,roadmap why,1,one way,1,change order,1
decision you,1,facts so,1,this mix,1,way or,1,order billable,1
have three,1,far if,1,mix works,1,or another,1,billable work,1
three realistic,1,requirement remains,1,works it,1,another a,1,work for,1
realistic paths,1,remains uncertain,1,it reflects,1,a essential,1,novagrid ability,1
paths path,1,uncertain under,1,reflects that,1,novagrid unknown,1,to secure,1
path a,1,review engineering,1,that this,1,unknown can,1,secure multi,1
a now,1,preference should,1,is essential,1,can the,1,increases plus,1
now most,1,should dominate,1,infrastructure with,1,city obtain,1,plus clarity,1
most straightforward,1,dominate because,1,budgets it,1,obtain timely,1,clarity on,1
straightforward recommend,1,incident advantage,1,still gives,1,timely written,1,on all,1
modular lowest,1,may not,1,gives emergency,1,written authorization,1,all recurring,1
lowest schedule,1,deployable on,1,services a,1,authorization security,1,recurring charges,1
risk cleanest,1,clear hosting,1,a meaningful,1,security controls,1,charges for,1
cleanest compliance,1,approval quickly,1,meaningful slice,1,controls sign,1,modular confirmation,1
compliance story,1,and demonstrate,1,slice not,1,off authority,1,of maintenance,1
story best,1,demonstrate reliable,1,not token,1,authority timeline,1,savings applicability,1
best fit,1,reliable incident,1,token it,1,timeline for,1,applicability to,1
fit with,1,workflows then,1,s transparent,1,hosted central,1,what costs,1
with tightening,1,then emergency,1,transparent and,1,management for,1,costs remain,1
tightening budgets,1,either choose,1,adjustable you,1,essential system,1,remain variable,1
budgets and,1,choose novagrid,1,you set,1,system why,1,variable after,1
concerns assuming,1,strong opex,1,set the,1,the largest,1,lock operational,1
assuming modular,1,protections or,1,the policy,1,largest schedule,1,operational performance,1
defined path,1,or keep,1,policy not,1,governance swing,1,performance in,1
path b,1,keep civitas,1,the vendors,1,swing factor,1,in worst,1
b run,1,as base,1,vendors if,1,factor it,1,day conditions,1
waiver in,1,base and,1,your leadership,1,can erase,1,conditions whether,1
parallel but,1,require verify,1,leadership says,1,erase novagrid,1,whether civitas,1
t let,1,verify incident,1,says emergency,1,and create,1,can match,1
let it,1,capabilities if,1,outcomes must,1,create council,1,match emergency,1
it drive,1,meet them,1,must dominate,1,council pushback,1,needs detours,1
schedule immediately,1,them the,1,dominate you,1,pushback b,1,workflows with,1
immediately request,1,the move,1,move incident,1,b true,1,tests not,1
request novagrid,1,move that,1,operations to,1,true long,1,not roadmap,1
s full,1,that resolves,1,to but,1,term opex,1,promises novagrid,1
full waiver,1,resolves the,1,but do,1,opex comparison,1,s degraded,1
documentation package,1,conflict fastest,1,do that,1,comparison under,1,during cloud,1
and initiate,1,fastest hold,1,that consciously,1,under realistic,1,cloud or,1
initiate the,1,hold a,1,consciously and,1,realistic terms,1,or comms,1
dot review,1,joint minute,1,and show,1,terms unknown,1,comms outages,1
review now,1,minute scoring,1,show the,1,unknown what,1,function locally,1
now in,1,scoring session,1,the trade,1,full year,1,locally how,1
parallel complete,1,session where,1,trade run,1,cost picture,1,quickly operations,1
complete bafo,1,where both,1,a sensitivity,1,picture including,1,can recover,1
and negotiations,1,groups watch,1,sensitivity analysis,1,including civitas,1,recover delivery,1
negotiations with,1,watch the,1,analysis to,1,excluded novagrid,1,delivery and,1
waiver isn,1,vendor scenario,1,prevent the,1,assumptions what,1,and implementation,1
t approved,1,scenario walkthroughs,1,the weighting,1,included add,1,implementation risk,1
approved by,1,walkthroughs and,1,weighting from,1,on pricing,1,risk supply,1
by your,1,then score,1,from being,1,pricing staffing,1,time realities,1
your internal,1,score independently,1,being arbitrary,1,workload differences,1,realities for,1
internal decision,1,independently multi,1,arbitrary do,1,differences operator,1,for required,1
decision deadline,1,crash with,1,do a,1,operator time,1,hardware civitas,1
deadline you,1,with corridor,1,quick stress,1,time vendor,1,has known,1
clear basis,1,diversion implement,1,stress test,1,vendor dependence,1,known week,1
civitas this,1,plan central,1,test if,1,dependence why,1,week controller,1
this preserves,1,normal audit,1,you shift,1,matters with,1,reduces this,1
preserves fairness,1,trail then,1,shift between,1,budgets volatility,1,this but,1
fairness while,1,then average,1,between engineering,1,volatility and,1,but still,1
while acknowledging,1,average scores,1,engineering reliability,1,and escalators,1,still needs,1
acknowledging the,1,scores but,1,incident capability,1,escalators may,1,needs confirmation,1
the external,1,after applying,1,capability does,1,may outweigh,1,confirmation for,1
external constraint,1,applying the,1,winner change,1,outweigh initial,1,the full,1
constraint path,1,and penalties,1,change if,1,initial savings,1,full bom,1
path c,1,penalties above,1,winner doesn,1,savings c,1,bom the,1
c conditional,1,above this,1,t change,1,c maturity,1,the maturity,1
award structure,1,turns conflict,1,change you,1,maturity and,1,maturity of,1
structure only,1,conflict into,1,a robust,1,and deliverability,1,practice cities,1
if your,1,and makes,1,robust decision,1,deliverability of,1,years reference,1
your procurement,1,makes your,1,decision if,1,option unknown,1,checks should,1
rules allow,1,recommendation defensible,1,winner does,1,unknown do,1,should confirm,1
allow recommend,1,often you,1,does change,1,deployments in,1,confirm stability,1
novagrid contingent,1,have major,1,change then,1,in comparable,1,stability support,1
upon waiver,1,major detour,1,is truly,1,cities show,1,quality and,1
and potentially,1,detour type,1,truly a,1,show the,1,upgrade experience,1
potentially cloud,1,type incidents,1,a policy,1,the claimed,1,experience vendor,1
approval too,1,incidents weekly,1,policy choice,1,claimed maintenance,1,vendor durability,1
too this,1,weekly monthly,1,choice about,1,reduction and,1,durability and,1
this can,1,monthly and,1,about values,1,and stable,1,in mechanics,1
can get,1,whether cloud,1,values day,1,stable operations,1,mechanics for,1
get messy,1,likely fast,1,day predictability,1,are controller,1,novagrid change,1
messy you,1,fast i,1,predictability vs,1,times truly,1,ownership risk,1
may end,1,more precise,1,vs incident,1,truly de,1,risk venture,1
end up,1,precise normal,1,time gains,1,de risked,1,backed and,1
up with,1,normal vs,1,gains and,1,risked via,1,can contract,1
a selected,1,incident weighting,1,should surface,1,via multi,1,for continuity,1
selected vendor,1,weighting range,1,surface that,1,sourcing why,1,continuity data,1
t proceed,1,range and,1,that explicitly,1,matters modular,1,rights for,1
time or,1,what proof,1,explicitly to,1,the mechanism,1,both exit,1
or you,1,proof to,1,to leadership,1,mechanism that,1,terms data,1
you trigger,1,to demand,1,leadership council,1,that resolves,1,export api,1
trigger protest,1,demand from,1,council this,1,resolves the,1,access transition,1
protest risk,1,from each,1,is one,1,in political,1,support pricing,1
not handled,1,vendor where,1,cleanest ways,1,want strong,1,pricing to,1
handled carefully,1,where things,1,ways to,1,strong reference,1,prevent future,1
carefully use,1,things stand,1,handle conflict,1,reference validation,1,in regardless,1
use only,1,stand now,1,conflict without,1,validation d,1,of architecture,1
your city,1,now snapshot,1,without pretending,1,d incident,1,architecture what,1
attorney procurement,1,snapshot what,1,pretending it,1,capability specificity,1,say confidently,1
procurement officer,1,decision has,1,it isn,1,specificity and,1,confidently right,1
officer s,1,has effectively,1,t real,1,and replicability,1,now our,1
s blessing,1,effectively become,1,real force,1,replicability unknown,1,our current,1
blessing what,1,city is,1,force both,1,unknown is,1,current recommendation,1
d recommend,1,just buying,1,vendors through,1,is novagrid,1,is trending,1
recommend you,1,buying optimization,1,drill so,1,incident adaptive,1,meet schedule,1
you do,1,optimization software,1,so emergency,1,capability uniquely,1,governance expectations,1
next operationally,1,software it,1,is evidence,1,and dependent,1,expectations and,1
operationally ask,1,s buying,1,based to,1,dependent on,1,operating predictability,1
ask dot,1,operational backbone,1,weigh emergency,1,platform or,1,predictability while,1
dot exactly,1,backbone that,1,services input,1,or can,1,while addressing,1
what additional,1,must remain,1,input fairly,1,can civitas,1,addressing lock,1
documentation means,1,safe supportable,1,fairly require,1,civitas meet,1,concerns novagrid,1
possible what,1,supportable and,1,short scripted,1,meet needs,1,credible option,1
what counts,1,and affordable,1,scripted demonstration,1,via emergency,1,option but,1
counts as,1,affordable under,1,demonstration or,1,preemption integration,1,can rapidly,1
as comparable,1,under constrained,1,or tabletop,1,integration pre,1,rapidly clear,1
deployments what,1,constrained budgets,1,tabletop reference,1,corridor plans,1,clear essential,1
what evidence,1,budgets the,1,evidence with,1,plans operator,1,down long,1
evidence format,1,dominant differentiators,1,for example,1,and apis,1,and if,1
format they,1,differentiators are,1,example scenario,1,apis why,1,if its,1
they expect,1,breakers b,1,scenario multi,1,this determines,1,advantages are,1
expect performance,1,b long,1,multi vehicle,1,determines whether,1,are demonstrably,1
performance reports,1,and c,1,vehicle crash,1,s advantage,1,demonstrably superior,1
reports highway,1,c resilience,1,crash closes,1,a must,1,superior under,1
integration examples,1,resilience operability,1,closes a,1,have or,1,under test,1
examples incident,1,operability in,1,a corridor,1,or an,1,test the,1
history safety,1,normal and,1,corridor hospital,1,an integrate,1,the immediate,1
safety case,1,incident modes,1,hospital route,1,integrate contract,1,immediate next,1
case references,1,modes current,1,route needs,1,for it,1,actions to,1
what criteria,1,current directional,1,needs priority,1,it requirement,1,to close,1
criteria drive,1,directional lean,1,priority comms,1,requirement e,1,close uncertainty,1
drive approval,1,lean not,1,comms degraded,1,e contractual,1,uncertainty fits,1
approval denial,1,not final,1,degraded time,1,contractual protections,1,window run,1
denial set,1,final leaning,1,detect ingest,1,protections both,1,a joint,1
set an,1,civitas specifically,1,ingest incident,1,vendors unknown,1,joint incident,1
an internal,1,specifically the,1,incident manual,1,unknown how,1,scenario workshop,1
internal drop,1,option because,1,manual trigger,1,how willing,1,workshop engineering,1
for waiver,1,best aligns,1,trigger is,1,willing each,1,define scenarios,1
waiver viability,1,with lower,1,is acceptable,1,to agree,1,success metrics,1
viability example,1,lower external,1,if defined,1,agree to,1,metrics require,1
example if,1,external friction,1,defined time,1,to data,1,require both,1
if waiver,1,dot history,1,deploy corridor,1,export interoperability,1,vendors to,1
not received,1,history preference,1,corridor plan,1,interoperability api,1,to demo,1
received by,1,preference operational,1,changes behavior,1,api commitments,1,demo those,1
by end,1,operational predictability,1,under comms,1,commitments sla,1,and accept,1
of week,1,for day,1,loss must,1,sla and,1,accept them,1
week we,1,day signal,1,and stable,1,terms transition,1,rollback auditability,1
civitas that,1,shop needs,1,stable audit,1,assistance and,1,auditability degraded,1
that keeps,1,needs reduced,1,trail ability,1,and termination,1,mode get,1
keeps your,1,reduced lock,1,to revert,1,rights fee,1,written positions,1
selection intact,1,in relative,1,revert cleanly,1,caps especially,1,positions from,1
intact update,1,integrated standard,1,cleanly evidence,1,especially novagrid,1,security cloud,1
update your,1,controllers better,1,evidence from,1,novagrid hosting,1,approval pathway,1
narrative we,1,lock avoidance,1,from comparable,1,hosting why,1,pathway and,1
evaluated both,1,biggest governance,1,deployments not,1,matters contract,1,needs timeline,1
vendors novagrid,1,governance wildcard,1,just we,1,terms can,1,timeline demand,1
waiver with,1,wildcard mandatory,1,can this,1,can convert,1,demand standardized,1
and uncertain,1,cloud for,1,often reveals,1,convert big,1,opex tco,1
outcome civitas,1,infrastructure what,1,reveals that,1,uncertainties into,1,tco submissions,1
the threshold,1,s keeping,1,that some,1,into manageable,1,submissions and,1
automatically given,1,novagrid in,1,routing value,1,risks or,1,and negotiate,1
the need,1,the running,1,achievable through,1,or leave,1,negotiate the,1
to select,1,running emergency,1,through operational,1,leave you,1,key commercial,1
select a,1,services sees,1,operational procedures,1,next to,1,commercial caps,1
vendor within,1,sees meaningful,1,procedures plan,1,close uncertainties,1,locks before,1
within weeks,1,meaningful value,1,libraries even,1,uncertainties within,1,final selection,1
to stay,1,value in,1,even on,1,window get,1,selection if,1
stay on,1,in incident,1,a more,1,written answers,1,share just,1
schedule we,1,mode adaptability,1,core system,1,answers on,1,just two,1
we recommend,1,adaptability routing,1,system how,1,the novagrid,1,a whether,1
recommend the,1,routing workflows,1,weigh the,1,governance path,1,b typical,1
the compliant,1,workflows novagrid,1,the human,1,path approver,1,duration of,1
compliant option,1,s modular,1,human ethical,1,approver required,1,review i,1
option where,1,modular approach,1,ethical side,1,controls expected,1,tight decision,1
waiver requirement,1,approach and,1,side without,1,expected timeline,1,decision memo,1
requirement added,1,and documented,1,override reality,1,timeline run,1,memo summary,1
added on,1,documented congestion,1,reality emergency,1,run targeted,1,summary with,1
of novagrid,1,improvements are,1,services are,1,checks civitas,1,a recommended,1
s existing,1,are credible,1,are advocating,1,cities maintenance,1,recommended vote,1
existing governance,1,credible but,1,advocating for,1,maintenance stability,1,vote and,1
governance questions,1,only valuable,1,for outcomes,1,stability controller,1,and contingency,1
questions cloud,1,if deployable,1,can affect,1,sourcing novagrid,1,contingency language,1
and longer,1,your essential,1,affect injuries,1,cities with,1,language what,1
longer term,1,hosting constraints,1,injuries and,1,with major,1,make of,1
m uncertainty,1,bounded key,1,and lives,1,disruptions incidents,1,civitas claim,1
uncertainty civitas,1,key tensions,1,lives that,1,incidents how,1,claim the,1
risk easier,1,tensions that,1,that deserves,1,it performed,1,core of,1
to approve,1,now explicit,1,deserves real,1,performed under,1,of their,1
approve recommendation,1,explicit normal,1,real weight,1,under stress,1,their argument,1
waiver fast,1,reliability maintainability,1,weight and,1,stress build,1,argument is,1
fast with,1,maintainability vs,1,and respectful,1,risk view,1,is partly,1
re confident,1,day agility,1,respectful handling,1,view with,1,true but,1
confident the,1,agility engineering,1,handling but,1,test define,1,but needs,1
review won,1,services opex,1,still must,1,define and,1,needs precision,1
second gate,1,predictability vs,1,be reconciled,1,and test,1,precision addresses,1
gate if,1,vs recurring,1,reconciled with,1,test incident,1,in likely,1
me whether,1,fee exposure,1,governance approvals,1,operations requirements,1,likely true,1
project includes,1,exposure tightening,1,approvals outage,1,requirements activation,1,true if,1
includes highway,1,budgets elevate,1,outage fail,1,time workflows,1,option genuinely,1
integration in,1,elevate subscription,1,safe behavior,1,workflows fallback,1,genuinely uses,1
the initial,1,subscription hosting,1,behavior budget,1,require them,1,controllers open,1
initial scope,1,hosting escalation,1,budget sustainability,1,them contractually,1,open configurable,1
scope vs,1,risk governance,1,sustainability a,1,contractually if,1,configurable interfaces,1
vs later,1,governance certainty,1,a fair,1,ready status,1,and allows,1
later phase,1,vs feature,1,fair stance,1,status remaining,1,allows component,1
phase i,1,feature velocity,1,stance you,1,remaining decisions,1,component replacement,1
you calibrate,1,velocity cloud,1,can state,1,decisions slide,1,replacement without,1
calibrate how,1,vendor longevity,1,state we,1,slide current,1,without replatforming,1
hard dot,1,longevity vs,1,will prioritize,1,current leaning,1,replatforming that,1
dot is,1,faster innovation,1,prioritize incident,1,leaning what,1,real lock,1
to scrutinize,1,innovation lock,1,response capabilities,1,still being,1,in reducer,1
scrutinize the,1,optics vs,1,a required,1,being gathered,1,reducer and,1
to phrase,1,vs practical,1,operational outcome,1,gathered and,1,and aligns,1
phrase the,1,practical deliverability,1,outcome but,1,exact date,1,concerns keeps,1
council this,1,deliverability council,1,will not,1,date each,1,keeps proven,1
this significantly,1,council sensitivity,1,not adopt,1,each uncertainty,1,proven track,1
significantly weakens,1,sensitivity to,1,adopt a,1,uncertainty will,1,record only,1
weakens novagrid,1,but also,1,core architecture,1,be resolved,1,only partly,1
s position,1,also need,1,that we,1,resolved what,1,true civitas,1
position because,1,need on,1,cannot approve,1,make of,1,civitas the,1
it converts,1,time cutover,1,approve secure,1,s claim,1,the company,1
converts a,1,cutover remaining,1,secure fund,1,claim what,1,company has,1
a policy,1,uncertainties what,1,fund or,1,s true,1,long track,1
policy concern,1,still don,1,or operate,1,true what,1,record but,1
concern into,1,t know,1,operate reliably,1,s marketing,1,architecture itself,1
required technical,1,know but,1,reliably for,1,marketing what,1,itself has,1
technical scope,1,but need,1,for years,1,to verify,1,shorter operational,1
scope change,1,resolve civitas,1,years practical,1,the claim,1,years you,1
change with,1,option evidence,1,practical recommendation,1,claim is,1,should treat,1
with clear,1,evidence maturity,1,recommendation for,1,is partly,1,as lower,1
clear cost,1,maturity of,1,situation given,1,partly true,1,lower risk,1
schedule penalties,1,of modular,1,know keep,1,true but,1,a startup,1
penalties on,1,offering the,1,keep civitas,1,to split,1,startup s,1
gate you,1,cities you,1,current default,1,split track,1,s new,1
already have,1,need confirmation,1,default leader,1,record into,1,new platform,1
information does,1,confirmation on,1,leader because,1,into components,1,platform but,1
does to,1,on outage,1,it aligns,1,components when,1,not identical,1
off novagrid,1,history upgrade,1,with predictability,1,when civitas,1,identical to,1
now carries,1,rollback experience,1,predictability policy,1,civitas says,1,year legacy,1
carries two,1,experience and,1,policy friction,1,says modular,1,system risk,1
a scope,1,and true,1,friction and,1,modular keeps,1,profile the,1
scope hit,1,true maintenance,1,control treat,1,keeps their,1,right framing,1
hit state,1,cost outcomes,1,incident advantages,1,their proven,1,is proven,1
review additional,1,outcomes controller,1,advantages as,1,record ask,1,vendor newer,1
documentation uncertain,1,strategy modular,1,as decision,1,ask proven,1,architecture why,1
outcome essential,1,reduces proprietary,1,decision relevant,1,proven at,1,why they,1
exception it,1,proprietary lead,1,relevant only,1,at what,1,re pushing,1
it can,1,time issues,1,is removed,1,what layer,1,pushing modular,1
can approve,1,issues but,1,removed in,1,layer vendor,1,modular now,1
approve but,1,need the,1,writing on,1,vendor capability,1,now and,1
failover on,1,exact models,1,demonstrated in,1,capability support,1,and why,1
failover impact,1,that substitutions,1,in drills,1,support organization,1,why that,1
impact per,1,are contract,1,drills references,1,organization likely,1,that isn,1
novagrid 180k,1,contract allowed,1,be replicated,1,proven years,1,t automatically,1
to implementation,1,allowed opex,1,replicated with,1,cities core,1,automatically bad,1
implementation that,1,opex after,1,operational integrations,1,core optimization,1,bad their,1
that weeks,1,is valuable,1,and fee,1,optimization algorithms,1,their incentives,1
is especially,1,valuable but,1,risk are,1,algorithms likely,1,incentives line,1
especially important,1,to understand,1,are contractually,1,proven assuming,1,line up,1
important novagrid,1,understand the,1,contractually controlled,1,assuming same,1,up with,1
s headline,1,cost trajectory,1,controlled what,1,same family,1,environment they,1
headline advantage,1,trajectory caps,1,to tighten,1,family of,1,they know,1
advantage was,1,escalators what,1,the weights,1,of algorithms,1,know lock,1
was months,1,billable novagrid,1,weights to,1,algorithms modular,1,politically radioactive,1
rollout adding,1,timing and,1,city two,1,option controllers,1,radioactive for,1
adding weeks,1,and conditions,1,questions in,1,controllers integration,1,for you,1
weeks narrows,1,conditions this,1,council terms,1,integration tooling,1,you standard,1
narrows that,1,this remains,1,terms is,1,tooling operational,1,controllers help,1
that advantage,1,remains the,1,city s,1,operational workflows,1,help them,1
could erase,1,biggest calendar,1,s top,1,workflows less,1,them compete,1
erase it,1,risk without,1,top narrative,1,years so,1,compete against,1
review delays,1,fast clear,1,narrative reliability,1,option can,1,s modular,1
delays start,1,path novagrid,1,and fiscal,1,best of,1,modular narrative,1
or if,1,s nominal,1,fiscal control,1,of both,1,narrative it,1
if other,1,nominal month,1,or modernization,1,both worlds,1,it may,1
other review,1,month rollout,1,modernization and,1,worlds but,1,may also,1
review cycles,1,be illusory,1,outcomes are,1,not automatically,1,also help,1
cycles occur,1,illusory opex,1,preemption incident,1,automatically equivalent,1,help civitas,1
occur this,1,volatility 90k,1,timing control,1,equivalent to,1,civitas reduce,1
this also,1,year subject,1,for broader,1,to their,1,reduce their,1
also changes,1,adjustment needs,1,broader route,1,their legacy,1,their own,1
cost story,1,needs bounding,1,route guidance,1,system in,1,own supply,1
story novagrid,1,bounding caps,1,guidance dispatch,1,in maturity,1,exposure their,1
novagrid was,1,clear definitions,1,optimization that,1,maturity modular,1,their integrated,1
was lower,1,definitions of,1,be separable,1,controllers reduce,1,is weeks,1
upfront but,1,of what,1,choice where,1,reduce one,1,weeks this,1
but now,1,triggers added,1,where things,1,one big,1,this can,1
now add,1,added charges,1,things stand,1,big lock,1,a win,1
add 180k,1,charges continuity,1,stand now,1,in vector,1,win win,1
180k upfront,1,continuity ownership,1,current synthesis,1,vector they,1,win if,1
upfront keep,1,ownership risk,1,synthesis working,1,t eliminate,1,is contractually,1
keep 90k,1,risk venture,1,working direction,1,eliminate lock,1,contractually and,1
adjustment unless,1,trajectory isn,1,direction not,1,by themselves,1,and technically,1
unless capped,1,automatically bad,1,not final,1,themselves using,1,technically real,1
capped likely,1,need protections,1,final default,1,using industry,1,modularity not,1
likely add,1,protections change,1,default leading,1,strong move,1,a marketing,1
add ongoing,1,control transition,1,leading path,1,move because,1,marketing layer,1
ongoing cost,1,support data,1,option because,1,reduce dependence,1,layer over,1
cost for,1,portability incident,1,best matches,1,hardware supply,1,over proprietary,1
for maintaining,1,capability robustness,1,matches dot,1,supply chains,1,proprietary software,1
maintaining failover,1,robustness in,1,preference alignment,1,chains lower,1,software control,1
failover infrastructure,1,if incident,1,alignment year,1,lower spare,1,control the,1
infrastructure hardware,1,incident benefits,1,year provider,1,part premiums,1,question where,1
hardware refresh,1,benefits depend,1,provider least,1,premiums make,1,where is,1
refresh monitoring,1,on always,1,least waiver,1,make future,1,in now,1
monitoring patching,1,always on,1,governance no,1,future controller,1,now even,1
patching dr,1,on central,1,no mandatory,1,controller replacement,1,controllers lock,1
testing whether,1,cloud connectivity,1,mandatory cloud,1,replacement competitive,1,can simply,1
vendor or,1,connectivity you,1,path operations,1,competitive but,1,simply move,1
or city,1,to know,1,operations predictability,1,but cities,1,move from,1
city covers,1,know what,1,predictability transportation,1,cities still,1,hardware to,1
covers it,1,central are,1,preference budget,1,still get,1,software configuration,1
it under,1,are impaired,1,predictability year,1,get locked,1,formats licensing,1
budgets cost,1,impaired precisely,1,lock lock,1,through other,1,licensing or,1
predictability matters,1,precisely when,1,mitigation relative,1,other channels,1,or hosted,1
as much,1,when incidents,1,relative to,1,channels proprietary,1,hosted services,1
much as,1,incidents occur,1,proprietary approach,1,management software,1,services from,1
as cost,1,occur cross,1,approach standard,1,and databases,1,from can,1
cost level,1,cross cutting,1,controllers viable,1,databases closed,1,t swap,1
level and,1,cutting applies,1,alternative conditional,1,closed apis,1,controllers to,1
s model,1,applies to,1,conditional novagrid,1,apis or,1,can swap,1
model becomes,1,vendor degraded,1,novagrid primarily,1,or paid,1,controllers but,1
more complex,1,and safety,1,primarily supported,1,paid access,1,t run,1
complex to,1,safety concrete,1,supported by,1,access to,1,run them,1
budget what,1,concrete answers,1,by emergency,1,to interfaces,1,them without,1
should infer,1,answers for,1,services due,1,interfaces configuration,1,without civitas,1
infer operationally,1,down and,1,to incident,1,configuration gravity,1,civitas central,1
operationally it,1,and bad,1,time adaptivity,1,gravity timing,1,central stack,1
saying no,1,rollback operational,1,adaptivity routing,1,detector mappings,1,stack or,1
no but,1,operational workload,1,routing and,1,mappings coordination,1,expensive professional,1
they are,1,workload how,1,governance approval,1,coordination groups,1,services so,1
are demanding,1,much city,1,controls can,1,groups that,1,to map,1
demanding a,1,time is,1,be secured,1,export cleanly,1,map lock,1
a control,1,is needed,1,secured fast,1,cleanly proprietary,1,in across,1
control that,1,for tuning,1,and credibly,1,proprietary analytics,1,across three,1
is normal,1,tuning troubleshooting,1,credibly what,1,analytics performance,1,three layers,1
normal for,1,troubleshooting and,1,what changed,1,reporting formats,1,layers field,1
infrastructure continued,1,hours response,1,changed due,1,formats bottom,1,field layer,1
continued safe,1,response acceptance,1,to tighter,1,line modular,1,layer controllers,1
safe manageable,1,that reflects,1,tighter future,1,are necessary,1,controllers cabinets,1
manageable operation,1,reflects reality,1,future budgets,1,necessary but,1,cabinets detection,1
under cloud,1,reality whether,1,budgets the,1,not sufficient,1,detection are,1
cloud outage,1,whether acceptance,1,has shifted,1,sufficient you,1,are these,1
outage cyber,1,criteria include,1,shifted from,1,still need,1,these truly,1
cyber event,1,include incident,1,from upfront,1,need data,1,truly standards,1
event or,1,scenarios dr,1,rollout speed,1,portability documented,1,and multi,1
or connectivity,1,dr tests,1,speed toward,1,rights there,1,multi source,1
loss novagrid,1,tests logging,1,toward year,1,real new,1,source communications,1
s response,1,logging auditability,1,volatility that,1,new option,1,communications management,1
response it,1,auditability and,1,favor solutions,1,option risk,1,management layer,1
s possible,1,rollback not,1,solutions with,1,not hand,1,you replace,1
possible but,1,just functional,1,with capped,1,hand wave,1,components without,1
but costs,1,functional checklists,1,capped locked,1,wave away,1,without replacing,1
costs more,1,checklists what,1,and architectures,1,away a,1,replacing everything,1
more and,1,next fits,1,reduce expensive,1,year city,1,everything data,1
and takes,1,run joint,1,expensive vendor,1,city footprint,1,config layer,1
takes longer,1,based evaluations,1,vendor dependent,1,footprint is,1,you export,1
longer suggests,1,evaluations engineering,1,dependent maintenance,1,not tiny,1,plans controller,1
suggests their,1,services in,1,maintenance and,1,tiny but,1,controller databases,1
their architecture,1,room detour,1,parts constraints,1,same as,1,formats what,1
is cloud,1,workflow time,1,constraints it,1,as years,1,should validate,1
first and,1,action central,1,it raises,1,years across,1,validate fast,1
failover is,1,incident rollback,1,raises the,1,across cities,1,fast but,1
is an,1,rollback after,1,the bar,1,cities risks,1,but thoroughly,1
an add,1,a problematic,1,bar for,1,show up,1,thoroughly think,1
on rather,1,problematic change,1,adjustment unless,1,up later,1,think of,1
than core,1,with audit,1,unless escalation,1,later edge,1,diligence checklist,1
core that,1,trail targeted,1,escalation is,1,bugs in,1,can complete,1
necessarily disqualifying,1,calls civitas,1,is capped,1,in mixed,1,complete inside,1
disqualifying but,1,cities upgrades,1,capped and,1,controller environments,1,a technical,1
increases implementation,1,upgrades downtime,1,and inclusions,1,environments upgrade,1,technical architectural,1
implementation and,1,downtime maintenance,1,inclusions are,1,upgrade versioning,1,architectural proof,1
term complexity,1,costs responsiveness,1,explicit stakeholder,1,versioning complexity,1,points not,1
complexity how,1,cities cloud,1,stakeholder picture,1,complexity between,1,not brochure,1
how this,1,dr billing,1,picture what,1,between modular,1,brochure claims,1
this affects,1,changes incident,1,the conflict,1,modular components,1,claims ask,1
affects your,1,events parallel,1,conflict actually,1,components integration,1,to provide,1
council with,1,parallel governance,1,actually represents,1,integration brittleness,1,provide in,1
gate and,1,governance check,1,represents transportation,1,brittleness especially,1,exact controller,1
now it,1,check get,1,engineering prioritizes,1,with third,1,standards supported,1
it conditional,1,get a,1,prioritizes stable,1,party detection,1,supported ntcip,1
approval requiring,1,written readout,1,operations known,1,detection evp,1,ntcip support,1
requiring 180k,1,readout of,1,modes maintainability,1,evp comms,1,support level,1
weeks novagrid,1,path timeline,1,predictable governance,1,comms operational,1,level atc,1
risk higher,1,controls even,1,delivery emergency,1,operational tooling,1,atc other,1
higher friction,1,civitas this,1,services prioritizes,1,tooling differences,1,other as,1
friction selection,1,this strengthens,1,prioritizes measurable,1,differences alarms,1,as applicable,1
selection to,1,record draft,1,measurable improvements,1,alarms diagnostics,1,applicable and,1
defend because,1,draft contract,1,improvements during,1,diagnostics that,1,whether any,1
you would,1,contract must,1,incidents tail,1,that your,1,any features,1
be asking,1,must haves,1,tail risk,1,your staff,1,require proprietary,1
asking council,1,haves now,1,risk days,1,staff relies,1,proprietary extensions,1
council to,1,now opex,1,days fast,1,relies on,1,extensions a,1
accept schedule,1,and inclusions,1,fast activation,1,mean don,1,a dependency,1
uncertainty waiver,1,inclusions controller,1,activation of,1,it it,1,dependency map,1
waiver added,1,spares requirements,1,of incident,1,means treat,1,map which,1
added implementation,1,requirements data,1,strategies and,1,a separate,1,which components,1
time added,1,assistance incident,1,and routing,1,separate product,1,components are,1
added upfront,1,response slas,1,routing adaptive,1,with separate,1,are swap,1
cost reducing,1,milestones bottom,1,adaptive capabilities,1,separate due,1,swap able,1
reducing their,1,line provisional,1,capabilities that,1,diligence how,1,able and,1
their price,1,provisional best,1,that may,1,to evaluate,1,what breaks,1
price advantage,1,best path,1,may reduce,1,evaluate whether,1,breaks if,1
architecture exception,1,base platform,1,reduce response,1,modular truly,1,if swapped,1
exception cloud,1,platform if,1,times this,1,truly addresses,1,swapped interfaces,1
infrastructure that,1,modular maturity,1,now framed,1,addresses lock,1,and export,1
that must,1,details check,1,reliability approvals,1,a quick,1,formats for,1
be mitigated,1,check out,1,approvals first,1,quick checklist,1,for timing,1
mitigated meanwhile,1,out and,1,then quantify,1,checklist ask,1,and databases,1
meanwhile civitas,1,in longer,1,quantify incident,1,civitas for,1,databases event,1
and doesn,1,longer run,1,time value,1,for concrete,1,event logs,1
t appear,1,run opex,1,value and,1,concrete contract,1,alarms performance,1
appear to,1,opex terms,1,and see,1,contract backed,1,performance metrics,1
to require,1,terms beyond,1,see whether,1,backed answers,1,metrics how,1
path forward,1,year novagrid,1,a unique,1,answers to,1,how upgrades,1
forward recommended,1,credible contender,1,unique to,1,these controller,1,upgrades work,1
recommended default,1,contender primarily,1,novagrid or,1,standards and,1,work can,1
default recommendation,1,primarily on,1,b achievable,1,and substitution,1,you update,1
explicitly position,1,mode value,1,achievable via,1,substitution which,1,update central,1
as lowest,1,value but,1,via civitas,1,which specific,1,software without,1
overall delivery,1,confirmed quickly,1,civitas integrations,1,specific controller,1,without forcing,1
delivery and,1,and recurring,1,integrations procedures,1,models e,1,forcing field,1
with reduced,1,recurring costs,1,procedures remaining,1,g nema,1,field reconfigurations,1
in via,1,costs continuity,1,uncertainties the,1,nema ts2,1,reconfigurations b,1
via standard,1,continuity risks,1,recommendation cloud,1,ts2 atc,1,b operational,1
alternate only,1,contractually bounded,1,approval feasibility,1,atc are,1,points what,1
meet tight,1,bounded if,1,feasibility and,1,are supported,1,your crews,1
tight conditions,1,ready status,1,timeline novagrid,1,supported can,1,crews will,1
preserve optionality,1,status remaining,1,uncertainty traffic,1,you run,1,will feel,1
optionality and,1,uncertainties one,1,case cloud,1,run multi,1,feel since,1
and demonstrate,1,one pager,1,cloud review,1,vendor controllers,1,you care,1
demonstrate fairness,1,pager and,1,review uncertainty,1,controllers in,1,care about,1
fairness you,1,short list,1,can novagrid,1,same system,1,about opex,1
can state,1,exact questions,1,management be,1,system without,1,predictability confirm,1
state that,1,to send,1,approved within,1,losing key,1,confirm the,1
remains viable,1,send both,1,timeline with,1,key functions,1,reported maintenance,1
if all,1,vendors for,1,acceptable security,1,functions what,1,reduction what,1
all of,1,for final,1,security continuity,1,what features,1,what drove,1
the following,1,final clarifications,1,slow uncertain,1,features are,1,drove it,1
following are,1,clarifications what,1,uncertain novagrid,1,are lost,1,it fewer,1
are true,1,make of,1,risk choice,1,lost if,1,diagnostics fewer,1
true within,1,civitas claim,1,choice under,1,any when,1,fewer controller,1
within your,1,claim what,1,under the,1,when using,1,controller failures,1
decision window,1,s true,1,constraint dot,1,using third,1,whether that,1
window dot,1,true what,1,uncertainty dot,1,party controllers,1,that matches,1
or very,1,s marketing,1,preference is,1,export can,1,matches your,1
very high,1,marketing what,1,years for,1,you export,1,environment patch,1
confidence pre,1,s still,1,highway integration,1,plans phase,1,process change,1
clearance it,1,still risky,1,old uncertainty,1,phase configs,1,and ability,1
exception approval,1,risky addresses,1,whether a,1,configs detector,1,to isolate,1
failover defined,1,in likely,1,is needed,1,detector channel,1,isolate faults,1
defined and,1,likely partly,1,if so,1,channel mappings,1,faults support,1
and accepted,1,partly true,1,so time,1,mappings logs,1,responsiveness specifically,1
accepted novagrid,1,true but,1,time effort,1,performance data,1,specifically for,1
novagrid provides,1,to pinpoint,1,effort to,1,formats is,1,modular deployments,1
provides a,1,pinpoint where,1,to obtain,1,is export,1,deployments not,1
your program,1,in remains,1,obtain it,1,export included,1,just civitas,1
program milestones,1,remains their,1,it civitas,1,a paid,1,civitas overall,1
milestones novagrid,1,option includes,1,world maturity,1,paid professional,1,overall c,1
novagrid agrees,1,includes industry,1,maturity and,1,professional services,1,c reference,1
agrees to,1,controllers not,1,chain reality,1,services add,1,checks that,1
to cost,1,not proprietary,1,newer cities,1,on interfaces,1,that target,1
controls caps,1,proprietary that,1,years uncertainties,1,interfaces are,1,target modular,1
increases firm,1,biggest concrete,1,uncertainties you,1,are apis,1,specifically do,1
firm pricing,1,concrete step,1,to validate,1,apis open,1,not accept,1
pricing on,1,step they,1,validate actual,1,open and,1,accept references,1
failover components,1,take to,1,actual controller,1,and documented,1,references from,1
components support,1,reduce lock,1,times does,1,documented any,1,integrated cities,1
support if,1,in because,1,does modular,1,any extra,1,cities as,1
any of,1,it lowers,1,truly avoid,1,extra license,1,as proof,1
of those,1,lowers dependency,1,proprietary bottleneck,1,license fees,1,proof of,1
those slip,1,single hardware,1,bottleneck reference,1,for api,1,of modular,1
slip you,1,hardware supply,1,evidence on,1,integration transition,1,modular maturity,1
clean documented,1,and lead,1,uptime maintainability,1,transition feasibility,1,maturity speak,1
documented basis,1,times makes,1,maintainability and,1,feasibility the,1,speak with,1
civitas two,1,it easier,1,the claimed,1,real lock,1,with of,1
two key,1,to source,1,claimed maintenance,1,in test,1,cities about,1
key clarifying,1,source spares,1,reduction how,1,you changed,1,about stability,1
clarifying questions,1,spares and,1,how measured,1,changed central,1,incident history,1
questions to,1,potentially switch,1,measured over,1,software vendors,1,history vendor,1
novagrid immediately,1,switch central,1,what period,1,vendors in,1,quality any,1
immediately what,1,software later,1,period true,1,in years,1,any gotchas,1
what does,1,later reduces,1,true long,1,years what,1,gotchas where,1
does on,1,change vendors,1,cost comparison,1,would you,1,where something,1
failover actually,1,vendors without,1,comparison both,1,keep require,1,something was,1
actually include,1,replacing everything,1,both uncertainty,1,written transition,1,was less,1
include is,1,everything trap,1,just which,1,transition scenario,1,less modular,1
it local,1,trap however,1,is cheaper,1,scenario describing,1,modular than,1
local only,1,however lock,1,cheaper but,1,describing what,1,than expected,1
only signal,1,in can,1,but how,1,is portable,1,expected total,1
signal operation,1,still persist,1,how costs,1,portable and,1,total maintenance,1
operation controllers,1,persist in,1,costs behave,1,not operational,1,maintenance effort,1
keep running,1,in less,1,behave over,1,operational independence,1,effort compared,1
running vs,1,less visible,1,time civitas,1,independence can,1,compared with,1
vs on,1,visible layers,1,civitas what,1,staff do,1,with prior,1
prem copy,1,layers central,1,happens to,1,do routine,1,prior system,1
copy of,1,management software,1,pricing after,1,tasks plan,1,system contract,1
management with,1,software data,1,after the,1,changes schedule,1,modular promise,1
with operator,1,data models,1,lock costs,1,schedule changes,1,promise real,1
operator control,1,models configuration,1,costs of,1,changes firmware,1,real if,1
control vs,1,configuration formats,1,of change,1,firmware updates,1,if modular,1
vs full,1,formats licensing,1,orders features,1,updates without,1,your direction,1
full redundant,1,licensing adaptive,1,features novagrid,1,vendor tickets,1,direction it,1
redundant system,1,adaptive algorithms,1,novagrid subscription,1,tickets what,1,it likely,1
system with,1,algorithms tied,1,subscription escalation,1,what tasks,1,likely is,1
with real,1,proprietary tuning,1,included and,1,tasks require,1,is given,1
time replication,1,tuning tools,1,any hidden,1,require civitas,1,given politics,1
replication you,1,tools communications,1,costs data,1,civitas access,1,opex these,1
you need,1,communications architecture,1,egress premium,1,access what,1,these terms,1
need specifics,1,and security,1,premium support,1,make civitas,1,the difference,1
specifics because,1,security tooling,1,tiers required,1,modular a,1,difference between,1
because failover,1,tooling reporting,1,required professional,1,strong defensible,1,between reduced,1
failover can,1,reporting performance,1,time capability,1,can provide,1,in with,1
can range,1,performance dashboards,1,capability uniqueness,1,provide the,1,with nicer,1
range from,1,dashboards that,1,uniqueness and,1,the following,1,nicer hardware,1
from modest,1,that become,1,and degraded,1,following their,1,hardware standards,1
modest to,1,become operationally,1,behavior emergency,1,modular pitch,1,in prevention,1
to effectively,1,operationally essential,1,preference hinges,1,pitch becomes,1,prevention clause,1
effectively build,1,essential bottom,1,hinges on,1,becomes compelling,1,clause named,1
second system,1,line modular,1,on outcomes,1,compelling a,1,named controller,1
weeks additive,1,reduce field,1,be made,1,a reference,1,models city,1
additive to,1,field lock,1,made testable,1,reference evidence,1,approval required,1
the month,1,confirm data,1,testable time,1,evidence not,1,substitutions commitment,1
month rollout,1,and interface,1,strategies behavior,1,not generic,1,commitment that,1
what tasks,1,interface openness,1,loss ability,1,generic at,1,that core,1
tasks are,1,openness to,1,detours event,1,least reference,1,core functionality,1
are on,1,reduce system,1,event plans,1,calls specifically,1,functionality does,1
path also,1,system lock,1,plans with,1,specifically on,1,not depend,1
also ask,1,in keeping,1,with auditability,1,deployments not,1,controller features,1
ask what,1,keeping proven,1,auditability and,1,overall ask,1,features data,1
can run,1,proven track,1,rollback uncertainty,1,ask about,1,portability escrow,1
run in,1,record true,1,s adaptive,1,about stability,1,escrow like,1
parallel with,1,vendor not,1,routing during,1,maintenance workload,1,like protections,1
and other,1,not fully,1,incidents is,1,workload upgrade,1,protections guaranteed,1
other mobilization,1,fully transferrable,1,essential to,1,any surprises,1,guaranteed periodic,1
mobilization work,1,transferrable to,1,choose them,1,surprises integrating,1,periodic export,1
work bottom,1,to this,1,them or,1,integrating non,1,of all,1
line this,1,this option,1,b separable,1,non proprietary,1,configs and,1
new requirement,1,option civitas,1,vendor e,1,controllers b,1,operational data,1
requirement substantially,1,city record,1,g a,1,a clear,1,access terms,1
substantially erodes,1,record matters,1,a routing,1,clear architecture,1,that survive,1
erodes novagrid,1,matters for,1,routing cad,1,architecture package,1,survive termination,1
s earlier,1,for organizational,1,cad layer,1,package diagrams,1,termination exit,1
earlier advantages,1,organizational stability,1,layer plus,1,diagrams showing,1,now defined,1
advantages and,1,support capability,1,plus signal,1,showing which,1,transition deliverables,1
and increases,1,capability dot,1,signal incident,1,which components,1,and hourly,1
increases execution,1,dot comfort,1,incident plan,1,components are,1,hourly rates,1
risk combined,1,comfort and,1,libraries contractability,1,are modular,1,rates or,1
combined with,1,and smoother,1,contractability of,1,vs still,1,fixed price,1
timing it,1,smoother external,1,of risk,1,still proprietary,1,price for,1
it pushes,1,coordination general,1,controls both,1,proprietary list,1,for handoff,1
decision further,1,general maturity,1,both some,1,of standards,1,handoff to,1
further toward,1,maturity in,1,some risks,1,standards supported,1,future vendor,1
regrets recommendation,1,in deployments,1,risks are,1,any constraints,1,vendor no,1
can quickly,1,maintenance operations,1,are acceptable,1,constraints c,1,punitive licensing,1
quickly de,1,architecture has,1,can bind,1,in reduction,1,licensing traps,1
risk both,1,and deployments,1,bind them,1,reduction real,1,traps clear,1
both the,1,that means,1,them contractually,1,real non,1,clear statement,1
the failover,1,means less,1,contractually uncertainty,1,negotiables to,1,what licenses,1
with firm,1,evidence through,1,uncertainty remains,1,to consider,1,licenses are,1
firm commitments,1,through major,1,remains about,1,consider data,1,are perpetual,1
commitments and,1,events staff,1,about vendors,1,export rights,1,perpetual vs,1
acceptable schedule,1,staff turnover,1,vendors willingness,1,rights formats,1,vs subscription,1
schedule impact,1,turnover and,1,willingness to,1,formats documented,1,subscription and,1
want paste,1,and multiple,1,accept data,1,documented in,1,renewal acceptance,1
paste your,1,multiple upgrade,1,assistance exit,1,contract api,1,testing including,1
your target,1,upgrade cycles,1,exit ramp,1,access included,1,scenarios particularly,1
target go,1,cycles fewer,1,ramp slas,1,or priced,1,particularly important,1
live window,1,fewer edge,1,for response,1,priced and,1,services priorities,1
window milestones,1,edge case,1,uptime fee,1,and capped,1,priorities make,1
milestones and,1,case failures,1,caps especially,1,capped maintenance,1,mode workflows,1
map how,1,failures discovered,1,novagrid delivery,1,scope clearly,1,workflows a,1
failover timeline,1,discovered and,1,guarantees and,1,defined what,1,a tested,1
timeline realistically,1,fixed less,1,and substitution,1,excluded sla,1,tested deliverable,1
realistically impacts,1,less maintenance,1,rules especially,1,sla for,1,enhancement how,1
impacts each,1,cost history,1,civitas hardware,1,for support,1,picture vs,1
s critical,1,history your,1,hardware what,1,response transition,1,novagrid civitas,1
path and,1,your best,1,say today,1,pre set,1,modular if,1
to explain,1,best signal,1,today to,1,set so,1,if validated,1
explain that,1,signal is,1,council or,1,priced d,1,validated is,1
that succinctly,1,is early,1,or leadership,1,d implementation,1,is essentially,1
succinctly to,1,early not,1,leadership you,1,implementation risk,1,essentially civitas,1
council navigate,1,not definitive,1,defensible emerging,1,risk controls,1,civitas attempt,1
navigate it,1,definitive how,1,emerging recommendation,1,controls because,1,attempt to,1
it by,1,state this,1,modular driven,1,because schedule,1,best of,1
decision and,1,this in,1,by governance,1,is tight,1,of both,1
the optics,1,council safe,1,predictability not,1,tight phased,1,both worlds,1
optics about,1,way civitas,1,not politics,1,rollout with,1,worlds civitas,1
about risk,1,proven the,1,politics you,1,central loss,1,civitas strengths,1
controls and,1,is promising,1,are keeping,1,behavior controller,1,strengths preserved,1
competition protection,1,promising and,1,consideration but,1,with lead,1,preserved regulatory,1
protection not,1,and partially,1,is gated,1,spares how,1,regulatory comfort,1
not about,1,partially proven,1,controls and,1,overall decision,1,comfort organizational,1
prior comments,1,proven and,1,and by,1,decision civitas,1,organizational maturity,1
comments or,1,re making,1,by proof,1,is plausibly,1,maturity cost,1
or any,1,making it,1,that incident,1,plausibly the,1,lock major,1
any vendor,1,it low,1,are material,1,the bridge,1,major civitas,1
s brand,1,low risk,1,material and,1,bridge option,1,civitas weakness,1
brand you,1,risk through,1,robust during,1,that answers,1,weakness reduced,1
can do,1,through evidence,1,outages immediate,1,concern preserves,1,reduced hardware,1
do that,1,evidence checks,1,steps to,1,preserves dot,1,political backlash,1
that while,1,checks and,1,to close,1,dot comfort,1,backlash novagrid,1
still recommending,1,safeguards the,1,close uncertainties,1,comfort with,1,s differentiators,1
civitas if,1,option may,1,uncertainties within,1,with vendor,1,differentiators remain,1
that reduces,1,also solve,1,window written,1,vendor history,1,remain potentially,1
lock those,1,solve a,1,security approve,1,reduces opex,1,potentially stronger,1
those protections,1,have your,1,not feasible,1,volatility price,1,stronger incident,1
contract separate,1,your earlier,1,feasible on,1,lock potential,1,adaptive tooling,1
separate endorsement,1,earlier civitas,1,timeline dot,1,potential maintenance,1,tooling and,1
optics from,1,risk wasn,1,liaison check,1,reduction avoids,1,rollout but,1
from award,1,wasn t,1,check on,1,governance bottleneck,1,still carries,1
award rationale,1,t just,1,waiver requirements,1,bottleneck that,1,carries cloud,1
rationale the,1,just lock,1,and typical,1,that complicates,1,adjustable fee,1
political risks,1,in it,1,typical turnaround,1,complicates novagrid,1,exposure so,1
risks are,1,was week,1,turnaround controller,1,not accept,1,so civitas,1
are different,1,controllers in,1,controller verification,1,accept proven,1,modular strengthens,1
different mayor,1,system standard,1,verification for,1,record as,1,strengthens your,1
mayor praised,1,mean more,1,modular named,1,a blanket,1,recommendation narrative,1
praised civitas,1,more sourcing,1,times delivery,1,blanket statement,1,you confirm,1
civitas risk,1,sourcing options,1,commitments scripted,1,statement your,1,confirm modular,1
of perceived,1,options better,1,scripted incident,1,recommendation should,1,modularity and,1
perceived favoritism,1,better spares,1,drill both,1,should explicitly,1,just controller,1
favoritism budget,1,strategy less,1,vendors must,1,explicitly say,1,controller standardization,1
chair hates,1,less risk,1,must walk,1,say civitas,1,standardization bottom,1
hates lock,1,procurement delays,1,walk through,1,proven as,1,line take,1
a repeat,1,delays eat,1,through including,1,vendor the,1,take take,1
repeat fiasco,1,eat your,1,cloud unavailable,1,is newer,1,take civitas,1
fiasco narrative,1,your month,1,unavailable conditions,1,newer but,1,modular claim,1
narrative your,1,runway so,1,conditions fast,1,but has,1,claim seriously,1
response is,1,just political,1,fast year,1,has real,1,seriously but,1
the record,1,political cover,1,with escalation,1,real deployments,1,as automatically,1
record show,1,cover it,1,escalation scenarios,1,deployments you,1,automatically equivalent,1
show a,1,real feasibility,1,scenarios especially,1,are mitigating,1,equivalent to,1
a documented,1,feasibility improvement,1,especially for,1,mitigating newness,1,legacy proven,1
documented criteria,1,improvement cost,1,and post,1,newness through,1,proven system,1
criteria driven,1,cost implications,1,maintenance term,1,through references,1,system the,1
driven process,1,implications it,1,term sheet,1,enforceability what,1,the prudent,1
structure that,1,good trade,1,sheet negotiation,1,d ask,1,prudent stance,1
that institutionally,1,trade if,1,negotiation focused,1,week high,1,stance is,1
institutionally prevents,1,it truly,1,on portability,1,leverage low,1,is promising,1
prevents parking,1,reduces opex,1,portability slas,1,low time,1,promising and,1
system style,1,opex but,1,caps if,1,time provide,1,likely a,1
style lock,1,but verify,1,turn this,1,provide modular,1,good fit,1
that way,1,verify you,1,page where,1,cities comparable,1,fit pending,1
way even,1,have upfront,1,we stand,1,comparable to,1,pending targeted,1
civitas wins,1,upfront for,1,stand briefing,1,to ours,1,targeted verification,1
wins it,1,for modular,1,briefing suitable,1,ours include,1,verification and,1
s because,1,modular early,1,suitable for,1,include one,1,hardening if,1
least risk,1,early indication,1,council packet,1,has gone,1,paste or,1
architecture under,1,indication of,1,packet bullet,1,gone through,1,or summarize,1
under clear,1,of maintenance,1,bullet only,1,through at,1,summarize civitas,1
clear constraints,1,integrated a,1,short risk,1,major upgrade,1,architecture datasheet,1
it budget,1,lock valuable,1,risk table,1,cycle provide,1,datasheet statement,1
budget make,1,given budget,1,table and,1,provide a,1,of work,1
make lock,1,tightening this,1,the gating,1,written data,1,work bullets,1
in mitigation,1,this can,1,gating decisions,1,export specification,1,bullets especially,1
mitigation the,1,be economically,1,decisions called,1,specification and,1,especially around,1
the centerpiece,1,economically attractive,1,called out,1,export list,1,around controllers,1
centerpiece of,1,the reduced,1,out civitas,1,list controller,1,controllers hosting,1
of your,1,reduced maintenance,1,is making,1,models supported,1,hosting on,1
recommendation not,1,maintenance is,1,making a,1,confirm multi,1,prem apis,1
not an,1,real in,1,reasonable argument,1,vendor controller,1,and licensing,1
an afterthought,1,in comparable,1,argument but,1,controller operation,1,licensing and,1
afterthought if,1,comparable city,1,s partly,1,operation provide,1,ll mark,1
you recommend,1,city conditions,1,partly a,1,provide your,1,mark up,1
civitas do,1,conditions the,1,a framing,1,your standard,1,up where,1
not recommend,1,option doesn,1,framing move,1,standard modular,1,still hide,1
recommend their,1,t introduce,1,move their,1,modular acceptance,1,hide and,1
their tightly,1,introduce new,1,their company,1,plan including,1,to redline,1
architecture recommend,1,new recurring,1,is long,1,mode operations,1,redline what,1
with enforceable,1,recurring software,1,long the,1,operations confirm,1,dot input,1
enforceable interoperability,1,software licensing,1,architecture track,1,confirm in,1,input changes,1
protections then,1,licensing costs,1,is comparatively,1,writing that,1,changes materially,1
then treat,1,the savings,1,comparatively short,1,that api,1,materially it,1
treat lock,1,savings post,1,short from,1,export capability,1,increases novagrid,1
in as,1,pricing is,1,risk standpoint,1,capability are,1,s process,1
a set,1,bounded or,1,standpoint you,1,included and,1,and compresses,1
set of,1,or you,1,should interpret,1,not gated,1,compresses your,1
of measurable,1,extension escalator,1,interpret their,1,gated behind,1,week dot,1
measurable commitments,1,escalator cap,1,claim as,1,behind additional,1,just paperwork,1
commitments industry,1,cap now,1,as likely,1,additional licensing,1,paperwork it,1
models standards,1,now what,1,likely true,1,licensing if,1,consumes of,1
s right,1,would do,1,true hardware,1,paste any,1,your remaining,1
procure them,1,practical due,1,using industry,1,any marketing,1,remaining week,1
them independently,1,diligence in,1,real step,1,marketing technical,1,week vendor,1
independently city,1,treat modular,1,step away,1,technical language,1,vendor selection,1
of data,1,a distinct,1,away from,1,language civitas,1,introduces a,1
data config,1,distinct product,1,from proprietary,1,is using,1,a binary,1
config timing,1,product for,1,proprietary field,1,using about,1,binary uncertainty,1
plans detector,1,for verification,1,field hardware,1,a paragraph,1,uncertainty approved,1
logs export,1,verification ask,1,proprietary lead,1,paragraph i,1,approved vs,1
formats documented,1,ask civitas,1,time exposure,1,you translate,1,vs delayed,1
apis delivered,1,civitas for,1,exposure not,1,translate it,1,delayed denied,1
at acceptance,1,short modular,1,automatically true,1,into precise,1,denied conditioned,1
acceptance as,1,modular evidence,1,true system,1,precise questions,1,conditioned even,1
and configuration,1,package the,1,system lock,1,questions and,1,if approval,1
configuration escrow,1,the reference,1,in overall,1,that prevent,1,approval is,1
escrow handback,1,cities with,1,overall lock,1,prevent modular,1,likely the,1
handback language,1,with contact,1,in can,1,name lock,1,is that,1
language right,1,contact permissions,1,still exist,1,practice what,1,that documentation,1
components where,1,permissions upgrade,1,exist at,1,new dot,1,documentation cycles,1
feasible controllers,1,history number,1,data model,1,dot input,1,cycles add,1
comms analytics,1,of releases,1,model integration,1,input changes,1,add back,1
analytics modules,1,releases applied,1,integration interfaces,1,changes materially,1,forth time,1
modules this,1,applied any,1,operating procedures,1,materially it,1,time dot,1
this directly,1,any rollbacks,1,procedures layers,1,converts an,1,dot requests,1
directly arms,1,rollbacks any,1,layers even,1,an abstract,1,requests clarifications,1
arms the,1,any downtime,1,standard proven,1,abstract preference,1,clarifications approval,1
chair with,1,downtime incidents,1,vendor proven,1,preference into,1,approval comes,1
with this,1,incidents support,1,proven configuration,1,hard time,1,comes with,1
system again,1,support metrics,1,configuration civitas,1,time bound,1,with conditions,1
again we,1,metrics response,1,proven is,1,bound external,1,conditions that,1
we wrote,1,time time,1,is helpful,1,external dependency,1,change scope,1
wrote an,1,to resolution,1,helpful for,1,dependency novagrid,1,scope cost,1
an exit,1,resolution any,1,for governance,1,additional documentation,1,cost schedule,1
exit ramp,1,any severity,1,delivery confidence,1,documentation a,1,schedule it,1
ramp into,1,severity incidents,1,s cities,1,week dot,1,council defensibility,1
the deal,1,incidents maintenance,1,years means,1,not fatal,1,defensibility of,1
deal de,1,cost breakdown,1,must validate,1,fatal but,1,of choosing,1
risk mayor,1,breakdown what,1,validate it,1,path item,1,choosing civitas,1
mayor influence,1,exactly drove,1,it like,1,item inside,1,review being,1
influence optics,1,drove the,1,like a,1,inside your,1,being able,1
optics with,1,the reported,1,newer product,1,your already,1,able to,1
with process,1,reported reduction,1,product variant,1,already tight,1,say this,1
process controls,1,reduction any,1,variant what,1,tight week,1,this meets,1
controls do,1,any known,1,make of,1,week vendor,1,preference without,1
few very,1,known limitations,1,it the,1,window it,1,without exceptions,1
very visible,1,limitations vs,1,the good,1,increases approval,1,exceptions is,1
visible governance,1,integrated platform,1,good the,1,is likely,1,is powerful,1
governance moves,1,platform be,1,the caveats,1,likely you,1,powerful it,1
moves these,1,explicit b,1,caveats and,1,why choose,1,it reduces,1
these help,1,b confirm,1,implication what,1,choose the,1,reduces why,1
help if,1,confirm where,1,s genuinely,1,vendor that,1,why did,1
if anyone,1,where interoperability,1,genuinely good,1,that required,1,vendor requiring,1
anyone later,1,interoperability is,1,good about,1,required an,1,requiring special,1
later alleges,1,real vs,1,about the,1,exception when,1,special approvals,1
alleges bias,1,vs asserted,1,narrative credibly,1,when a,1,approvals under,1
bias publish,1,asserted require,1,credibly standard,1,a compliant,1,under time,1
publish confirm,1,answers and,1,reduce dependence,1,compliant option,1,time pressure,1
confirm evaluation,1,language on,1,dependence on,1,option existed,1,pressure what,1
evaluation criteria,1,standards supported,1,on civitas,1,existed that,1,waiver slips,1
criteria and,1,supported ntcip,1,civitas specific,1,be manageable,1,slips and,1
and weights,1,ntcip etc,1,specific hardware,1,it must,1,we miss,1
weights or,1,etc and,1,hardware and,1,be supported,1,miss the,1
least memorialize,1,models data,1,can lower,1,supported with,1,cliff it,1
memorialize them,1,ownership timing,1,lower switching,1,with evidence,1,it shifts,1
them in,1,data export,1,switching costs,1,clean record,1,shifts novagrid,1
packet before,1,api availability,1,costs later,1,record it,1,from competitive,1
before final,1,documentation ability,1,later it,1,compresses your,1,competitive alternative,1
final scoring,1,to transition,1,strong council,1,your ability,1,alternative to,1
scoring bafo,1,transition to,1,council message,1,resolve other,1,to conditional,1
bafo if,1,to another,1,message we,1,other novagrid,1,alternative with,1
a cross,1,another central,1,chose a,1,novagrid uncertainties,1,gate novagrid,1
cross department,1,system without,1,but avoided,1,uncertainties you,1,be viable,1
department scoring,1,replacing controllers,1,in reduces,1,already had,1,viable but,1
scoring panel,1,controllers c,1,truly standard,1,had potential,1,it needs,1
panel transportation,1,c run,1,and readily,1,potential governance,1,to clear,1
engineering it,1,run ops,1,available you,1,complexity around,1,two separate,1
it procurement,1,ops reality,1,re less,1,around essential,1,separate gating,1
procurement legal,1,reality scenario,1,exposed to,1,if both,1,gating paths,1
legal finance,1,tests with,1,times potentially,1,both the,1,paths quickly,1
finance emergency,1,your staff,1,potentially lowers,1,cloud decision,1,quickly dot,1
services with,1,staff watching,1,lowers operating,1,waiver are,1,review city,1
with written,1,watching have,1,costs their,1,in flight,1,approval still,1
written scoring,1,have civitas,1,data showing,1,flight novagrid,1,major unknown,1
scoring justifications,1,civitas demonstrate,1,showing maintenance,1,two simultaneous,1,unknown and,1
justifications have,1,demonstrate central,1,reduction vs,1,simultaneous external,1,and could,1
have procurement,1,restoration steps,1,vs integrated,1,gates it,1,be longer,1
procurement city,1,steps incident,1,is plausible,1,it strengthens,1,than weeks,1
attorney document,1,workflow detour,1,plausible standard,1,the defensibility,1,that combination,1
that mayor,1,deployment and,1,parts less,1,defensibility of,1,combination is,1
prior remark,1,rollback audit,1,less specialized,1,civitas especially,1,what makes,1
remark did,1,when for,1,specialized servicing,1,with modular,1,makes novagrid,1
did not,1,where modular,1,servicing but,1,meets automatically,1,novagrid notably,1
not direct,1,modular either,1,a hypothesis,1,automatically removes,1,notably harder,1
direct the,1,either proves,1,hypothesis until,1,removes one,1,to recommend,1
the selection,1,proves operationally,1,until you,1,major approval,1,recommend under,1
selection and,1,operationally coherent,1,you confirm,1,approval variable,1,current time,1
that evaluators,1,coherent or,1,confirm how,1,variable very,1,constraints how,1
evaluators had,1,or reveals,1,was measured,1,very valuable,1,d adjust,1
had no,1,reveals hidden,1,measured the,1,valuable under,1,adjust the,1
no improper,1,hidden dependencies,1,key caveats,1,tight timelines,1,recommendation posture,1
improper contacts,1,dependencies contract,1,caveats where,1,scrutiny practical,1,posture default,1
contacts keep,1,contract moves,1,where their,1,practical implication,1,dot update,1
keep a,1,moves that,1,claim can,1,implication for,1,update meaningfully,1
clean communications,1,make their,1,can overreach,1,be treated,1,meaningfully reinforces,1
communications protocol,1,their claim,1,overreach the,1,treated as,1,reinforces civitas,1
protocol one,1,claim true,1,not as,1,a pass,1,civitas as,1
one point,1,true in,1,as proven,1,fail gate,1,safer baseline,1
point of,1,modular bake,1,proven as,1,gate not,1,baseline because,1
of contact,1,bake in,1,as their,1,a weighted,1,it removes,1
contact written,1,protections that,1,system cities,1,weighted preference,1,removes an,1
written q,1,that turn,1,years with,1,preference given,1,an entire,1
a shared,1,turn addresses,1,no reported,1,week timeline,1,entire approval,1
shared equally,1,in into,1,reported stability,1,timeline you,1,approval workstream,1
equally these,1,into enforceable,1,stability issues,1,re no,1,workstream and,1
are boring,1,enforceable reality,1,issues is,1,longer choosing,1,and associated,1
boring but,1,reality controller,1,is encouraging,1,between slightly,1,associated schedule,1
re exactly,1,equivalents spares,1,encouraging but,1,slightly more,1,schedule uncertainty,1
council looks,1,spares pricing,1,as years,1,more risk,1,uncertainty keep,1
looks for,1,now data,1,years of,1,and slightly,1,can run,1
for when,1,exhibit exact,1,of varied,1,slightly less,1,run and,1
when politics,1,exact deliverables,1,varied conditions,1,less risk,1,and win,1
politics are,1,deliverables formats,1,conditions abnormal,1,re choosing,1,win the,1
are in,1,formats timelines,1,abnormal events,1,between civitas,1,path immediately,1
the air,1,assistance clause,1,events and,1,dot approval,1,immediately if,1
air engage,1,clause priced,1,upgrade cycles,1,this dimension,1,still want,1
engage the,1,priced hours,1,cycles modular,1,dimension novagrid,1,to keep,1
chair early,1,obligations fee,1,modular can,1,novagrid cannot,1,novagrid alive,1
early on,1,fee clarity,1,still hide,1,be fully,1,alive you,1
on terms,1,clarity what,1,hide lock,1,fully cleared,1,must initiate,1
on vendors,1,included in,1,controllers you,1,cleared without,1,initiate the,1
vendors ask,1,in maintenance,1,be locked,1,without a,1,documentation now,1
short meeting,1,maintenance caps,1,by proprietary,1,week external,1,predefine an,1
meeting framed,1,escalators after,1,management software,1,external review,1,an internal,1
as here,1,year acceptance,1,software components,1,that might,1,internal cutoff,1
clauses we,1,payment degraded,1,components proprietary,1,might request,1,cutoff date,1
re using,1,workflows my,1,proprietary configuration,1,request revisions,1,date if,1
using to,1,my take,1,formats closed,1,revisions extend,1,if dot,1
prevent lock,1,take civitas,1,closed apis,1,extend or,1,dot hasn,1
in regardless,1,credible strategic,1,apis or,1,or worst,1,hasn t,1
vendor bring,1,strategic response,1,or expensive,1,worst case,1,t signaled,1
bring a,1,to your,1,expensive integration,1,case deny,1,signaled on,1
page anti,1,operational constraints,1,integration licensing,1,deny that,1,track by,1
in package,1,may genuinely,1,licensing vendor,1,is off,1,by that,1
ask are,1,genuinely reduce,1,only tooling,1,off the,1,that date,1
there additional,1,reduce both,1,tooling required,1,the table,1,date you,1
additional protections,1,both lock,1,for routine,1,table it,1,you pivot,1
protections you,1,main caution,1,routine tasks,1,means novagrid,1,pivot practical,1
see this,1,caution is,1,tasks inability,1,becomes rational,1,practical decision,1
this changes,1,is temporal,1,to export,1,rational only,1,plan next,1
the dynamic,1,temporal it,1,plans detector,1,can manage,1,actions you,1
dynamic from,1,s newer,1,detector configs,1,manage the,1,can take,1
from chair,1,newer so,1,and historical,1,waiver timeline,1,take this,1
chair vs,1,should avoid,1,historical data,1,timeline and,1,week convert,1
vs your,1,avoid becoming,1,usable formats,1,and keep,1,waiver into,1
to chair,1,becoming the,1,formats you,1,keep procurement,1,a written,1
chair helped,1,the de,1,you might,1,procurement legally,1,bounded gate,1
helped design,1,de facto,1,might inherit,1,legally operationally,1,gate ask,1
the safeguards,1,facto long,1,inherit integration,1,operationally clean,1,ask dot,1
safeguards give,1,long horizon,1,integration complexity,1,clean what,1,dot for,1
give the,1,horizon test,1,complexity modular,1,should do,1,for or,1
office a,1,test case,1,modular systems,1,next actionable,1,or confirm,1
a neutral,1,by demanding,1,systems can,1,actionable within,1,confirm in,1
neutral framing,1,demanding evidence,1,can shift,1,days immediately,1,exact documentation,1
framing if,1,evidence running,1,shift complexity,1,immediately clarify,1,documentation checklist,1
if asked,1,running scenario,1,complexity from,1,waiver mechanics,1,checklist evaluation,1
asked the,1,contractually locking,1,vendor internal,1,mechanics so,1,evaluation criteria,1
the message,1,in portability,1,internal integration,1,not guessing,1,criteria for,1
message is,1,predictability if,1,integration to,1,guessing ask,1,for comparable,1
running a,1,want paste,1,city facing,1,ask dot,1,comparable deployments,1
a criteria,1,paste or,1,facing integration,1,dot in,1,deployments whether,1
criteria based,1,or summarize,1,integration management,1,writing if,1,whether review,1
based process,1,summarize civitas,1,management more,1,possible what,1,clock starts,1
process with,1,architecture diagram,1,more interfaces,1,exactly is,1,starts at,1
it dot,1,diagram or,1,interfaces more,1,required documentation,1,at submission,1
dot constraints,1,or statement,1,more coordination,1,documentation case,1,submission received,1
constraints and,1,statement of,1,coordination that,1,case studies,1,received vs,1
and total,1,of work,1,not bad,1,studies performance,1,vs submission,1
ownership we,1,work language,1,bad but,1,performance reports,1,submission deemed,1
re explicitly,1,language around,1,affects staffing,1,reports safety,1,deemed complete,1
explicitly addressing,1,around modular,1,support expectations,1,safety records,1,complete whether,1
addressing vendor,1,and i,1,expectations how,1,records highway,1,whether conditions,1
architecture requirements,1,ll flag,1,to evaluate,1,integration examples,1,conditions could,1
contract exit,1,flag the,1,evaluate it,1,examples independent,1,be attached,1
provisions we,1,common hidden,1,it quickly,1,independent evaluations,1,attached and,1
not selecting,1,hidden lock,1,quickly within,1,evaluations is,1,typical examples,1
on past,1,in points,1,window treat,1,review clock,1,examples put,1
past comments,1,points to,1,distinct offering,1,clock from,1,burden on,1
comments we,1,to clarify,1,offering and,1,from submission,1,on novagrid,1
on current,1,clarify before,1,and require,1,submission completeness,1,to produce,1
current operational,1,award what,1,require evidence,1,completeness i,1,produce a,1
predictability that,1,new dot,1,evidence in,1,e stop,1,waiver ready,1
that protects,1,dot input,1,in four,1,if incomplete,1,ready package,1
mayor from,1,input changes,1,four buckets,1,incomplete what,1,package in,1
the appearance,1,changes materially,1,buckets architecture,1,are common,1,in days,1
appearance of,1,materially it,1,and openness,1,common reasons,1,days not,1
of directing,1,it adds,1,openness prove,1,reasons for,1,not weeks,1
directing the,1,adds an,1,prove exit,1,for waiver,1,weeks require,1
award and,1,external gate,1,exit is,1,waiver delay,1,require novagrid,1
it protects,1,gate to,1,is real,1,delay denial,1,deliver a,1
protects you,1,novagrid that,1,real ask,1,denial can,1,waiver packet,1
you from,1,civitas doesn,1,for and,1,can review,1,packet that,1
from being,1,longer a,1,and evaluate,1,review run,1,includes deployment,1
being seen,1,a soft,1,evaluate in,1,run in,1,deployment list,1
seen as,1,soft preference,1,writing controller,1,in parallel,1,list with,1
as implementing,1,preference it,1,models supported,1,parallel with,1,with dates,1
implementing a,1,a process,1,supported make,1,s vendor,1,dates operational,1
preference use,1,process step,1,model firmware,1,selection process,1,operational duration,1
use the,1,step with,1,firmware expectations,1,process or,1,duration city,1
new external,1,with calendar,1,expectations data,1,or must,1,city sizes,1
constraints as,1,calendar time,1,metrics formats,1,must it,1,sizes and,1
your shield,1,and uncertainty,1,formats and,1,it precede,1,scope similarity,1
shield you,1,uncertainty in,1,and completeness,1,precede award,1,similarity quantified,1
you now,1,week vendor,1,completeness apis,1,award start,1,quantified performance,1
now have,1,vendor selection,1,apis documentation,1,start the,1,performance results,1
have strong,1,window that,1,documentation rate,1,packet now,1,results and,1
strong non,1,s significant,1,rate limits,1,now if,1,uptime summaries,1
non political,1,significant because,1,limits authentication,1,want novagrid,1,summaries incident,1
political reasons,1,can consume,1,authentication and,1,novagrid to,1,incident event,1
reasons that,1,consume half,1,whether any,1,to remain,1,event performance,1
defend dot,1,half your,1,any functionality,1,remain viable,1,performance narratives,1
waiver required,1,your remaining,1,functionality is,1,viable if,1,narratives major,1
required for,1,remaining decision,1,is only,1,optionality don,1,emergencies support,1
novagrid week,1,decision runway,1,available via,1,t wait,1,support structure,1
review outcome,1,runway force,1,via vendor,1,wait have,1,escalation process,1
outcome uncertain,1,force you,1,vendor services,1,have novagrid,1,process evidence,1
uncertain it,1,finalize documentation,1,services integration,1,novagrid produce,1,evidence run,1
requires on,1,documentation earlier,1,integration points,1,produce comparable,1,run parallel,1
failover for,1,earlier than,1,points cad,1,comparable deployment,1,parallel procurement,1
exception 180k,1,than planned,1,avl transit,1,deployment evidence,1,procurement discipline,1
novagrid those,1,planned create,1,transit priority,1,evidence relevant,1,discipline don,1
are objective,1,scenario where,1,priority emergency,1,relevant to,1,t pause,1
objective gating,1,where council,1,reporting atms,1,to highway,1,pause civitas,1
items if,1,council asks,1,atms tmc,1,integration performance,1,civitas negotiations,1
council challenges,1,asks why,1,tmc interfaces,1,metrics methodology,1,negotiations while,1
challenges why,1,pick the,1,interfaces acceptance,1,methodology ops,1,while novagrid,1
your answer,1,that needed,1,test idea,1,ops history,1,novagrid pursues,1
answer is,1,needed a,1,idea demonstrate,1,history outages,1,pursues the,1
evaluated it,1,waiver when,1,demonstrate exporting,1,outages incidents,1,waiver continue,1
it seriously,1,when we,1,exporting a,1,incidents support,1,continue contract,1
seriously it,1,we were,1,configuration and,1,support model,1,hardening with,1
requires two,1,were already,1,and re,1,model references,1,commitment exit,1
two approvals,1,pressure it,1,re importing,1,references dot,1,transition acceptance,1
added scope,1,it shifts,1,importing it,1,dot can,1,tests schedule,1
scope time,1,shifts the,1,clean environment,1,can contact,1,schedule remedies,1
cost civitas,1,the burden,1,environment without,1,contact quickly,1,remedies reference,1
and avoids,1,burden of,1,only steps,1,quickly define,1,calls for,1
practical next,1,of proof,1,steps operational,1,define a,1,specifically update,1
steps what,1,proof and,1,operational proof,1,defensible decision,1,update your,1
week draft,1,and staff,1,proof prove,1,structure you,1,narrative you,1
council addendum,1,time onto,1,it works,1,have three,1,can now,1
addendum titled,1,onto the,1,works when,1,three clean,1,now cleanly,1
titled vendor,1,novagrid even,1,when stressed,1,clean structures,1,cleanly explain,1
protections listing,1,novagrid helps,1,stressed do,1,structures pick,1,explain the,1
listing the,1,helps assemble,1,do reference,1,pick the,1,automatically lower,1
exact clauses,1,assemble the,1,on outages,1,that fits,1,lower governance,1
clauses deliverables,1,the package,1,recovery comms,1,fits your,1,risk novagrid,1
deliverables run,1,you and,1,loss controller,1,rules confirm,1,be excellent,1
run a,1,dot become,1,controller swaps,1,with legal,1,excellent but,1
demo requirement,1,become part,1,swaps server,1,legal procurement,1,but requires,1
requirement for,1,part of,1,server issues,1,procurement option,1,an exception,1
operations to,1,that has,1,issues upgrade,1,robust recommend,1,exception process,1
t ignore,1,has opportunity,1,upgrade experience,1,modular now,1,non trivial,1
ignore emergency,1,opportunity costs,1,experience patch,1,now do,1,trivial review,1
services do,1,for contract,1,cadence rollback,1,not hinge,1,time during,1
do reference,1,hardening opex,1,rollback downtime,1,hinge award,1,during a,1
reference calls,1,caps exit,1,downtime incident,1,award on,1,a compressed,1
calls focused,1,terms less,1,management features,1,waiver fastest,1,compressed schedule,1
focused on,1,for operational,1,features and,1,path lowest,1,schedule remaining,1
modular civitas,1,testing more,1,and responsiveness,1,friction you,1,uncertainty to,1
civitas specifically,1,to one,1,responsiveness actual,1,still incorporate,1,to watch,1
avoid criticism,1,one more,1,costs what,1,incorporate emergency,1,watch so,1
criticism that,1,more document,1,included excluded,1,emergency ops,1,get surprised,1
buying an,1,document delays,1,excluded also,1,requirements contractually,1,surprised whether,1
an unproven,1,delays it,1,also run,1,contractually option,1,whether dot,1
unproven variant,1,council defensibility,1,a tabletop,1,option b,1,s week,1
variant pre,1,defensibility of,1,drill fiber,1,b conditional,1,is reliably,1
brief the,1,modular given,1,fiber cut,1,award dual,1,reliably weeks,1
chair on,1,your already,1,cut special,1,track recommendation,1,weeks in,1
on safeguards,1,identified risks,1,event emergency,1,recommendation only,1,practice vs,1
safeguards pre,1,approval opex,1,preemption needs,1,if allowed,1,vs weeks,1
brief mayor,1,opex tightening,1,needs you,1,allowed recommend,1,weeks after,1
office on,1,tightening lock,1,re looking,1,recommend novagrid,1,after completeness,1
on neutrality,1,in politics,1,looking for,1,novagrid conditional,1,completeness or,1
neutrality process,1,politics meets,1,for behavior,1,approval by,1,or best,1
process if,1,meets dot,1,behavior not,1,by x,1,case whether,1
want share,1,dot threshold,1,not marketing,1,x date,1,scope if,1
share your,1,automatically becomes,1,marketing claims,1,date and,1,s later,1
your typical,1,a powerful,1,claims supply,1,cloud clearance,1,later you,1
typical council,1,powerful stabilizer,1,deployment feasibility,1,clearance otherwise,1,you might,1
packet format,1,stabilizer for,1,feasibility prove,1,otherwise award,1,might decouple,1
format memo,1,for schedule,1,slip require,1,modular this,1,decouple the,1
memo slides,1,certainty governance,1,require current,1,often attractive,1,timing but,1
slides or,1,governance optics,1,each controller,1,attractive logically,1,but dot,1
or memo,1,optics reduced,1,controller model,1,logically but,1,dot already,1
memo only,1,reduced interagency,1,any critical,1,but can,1,already flagged,1
only and,1,interagency friction,1,critical peripherals,1,be tricky,1,flagged it,1
ll outline,1,friction practical,1,peripherals a,1,tricky legally,1,it so,1
outline a,1,practical implications,1,commitment and,1,legally must,1,so assume,1
tight council,1,implications for,1,and allowed,1,be vetted,1,assume it,1
narrative that,1,selection timeline,1,allowed substitutions,1,vetted option,1,matter to,1
that neutralizes,1,timeline temporal,1,substitutions in,1,option c,1,to approval,1
neutralizes the,1,temporal reality,1,contract clarity,1,c recommend,1,approval optics,1
mayor endorsement,1,reality if,1,clarity on,1,modular while,1,optics regardless,1
optics foregrounds,1,live contender,1,on who,1,while directing,1,regardless whether,1
foregrounds anti,1,contender you,1,owns procurement,1,directing staff,1,review could,1
and documents,1,you effectively,1,procurement risk,1,staff to,1,could run,1
documents why,1,effectively need,1,risk city,1,a future,1,run longer,1
why novagrid,1,start the,1,city civitas,1,competitive option,1,than the,1
s waiver,1,waiver process,1,civitas or,1,option e,1,waiver making,1
failover gates,1,process immediately,1,or integrator,1,g for,1,making novagrid,1
gates elevate,1,and prepare,1,commercial terms,1,for analytics,1,novagrid effectively,1
elevate risk,1,prepare to,1,that prevent,1,analytics incident,1,effectively gated,1
you truly,1,make a,1,prevent soft,1,incident tooling,1,gated twice,1
truly can,1,a recommendation,1,is technically,1,tooling integration,1,twice where,1
t delay,1,is either,1,technically open,1,integration later,1,you bluntly,1
delay project,1,either conditional,1,open contract,1,later politically,1,bluntly this,1
start the,1,conditional or,1,terms decide,1,politically calming,1,dot flag,1
key is,1,or dual,1,whether you,1,calming you,1,flag makes,1
pick the,1,dual tracked,1,use that,1,not rejecting,1,more prudent,1
path with,1,tracked otherwise,1,that openness,1,innovation you,1,prudent recommendation,1
controllable critical,1,otherwise you,1,openness require,1,re sequencing,1,strong strategic,1
path while,1,you risk,1,require explicit,1,sequencing risk,1,strategic reason,1
while structuring,1,risk week,1,explicit data,1,overall civitas,1,to prefer,1
structuring the,1,week arriving,1,and full,1,novagrid picture,1,novagrid and,1
immediately without,1,arriving with,1,rights at,1,picture with,1,you are,1
without painting,1,re waiting,1,charge no,1,review added,1,are confident,1
painting the,1,on dot,1,for api,1,the balance,1,confident you,1
a corner,1,dot which,1,access needed,1,balance shifts,1,clear both,1
corner what,1,a weak,1,needed for,1,shifts further,1,both waiver,1
what that,1,weak posture,1,for normal,1,further toward,1,cloud approvals,1
that assumption,1,posture in,1,normal operations,1,recommendation because,1,approvals within,1
assumption implies,1,in front,1,operations transition,1,avoids a,1,schedule if,1
implies novagrid,1,front of,1,migration maintenance,1,critical external,1,want tell,1
now has,1,of council,1,pricing protections,1,and remains,1,me one,1
has at,1,council your,1,protections beyond,1,remains aligned,1,one thing,1
least two,1,decision options,1,lock if,1,with lock,1,thing is,1
two schedule,1,options now,1,possible at,1,concerns novagrid,1,initial rollout,1
schedule critical,1,now from,1,cap what,1,be cleared,1,rollout or,1
critical dependencies,1,from most,1,decision civitas,1,terms cap,1,or planned,1
dependencies outside,1,most to,1,civitas pushing,1,volatility how,1,planned as,1
outside your,1,to least,1,pushing modular,1,explain this,1,phase that,1
your direct,1,least schedule,1,is in,1,this to,1,that determines,1
direct control,1,schedule stable,1,in effect,1,council without,1,determines whether,1
control state,1,stable option,1,effect civitas,1,sounding anti,1,waiver is,1
review could,1,most straightforward,1,civitas saying,1,anti innovation,1,is merely,1
could slip,1,straightforward recommend,1,saying we,1,innovation use,1,merely a,1
slip or,1,award why,1,can meet,1,use this,1,a procurement,1
or add,1,s rational,1,meet you,1,this framing,1,procurement preference,1
add conditions,1,rational now,1,without you,1,framing both,1,preference issue,1
conditions it,1,now removes,1,you taking,1,vendors are,1,issue or,1
weeks per,1,removes a,1,taking the,1,are technically,1,a true,1
novagrid even,1,major external,1,governance risks,1,technically qualified,1,true implementation,1
you start,1,item dot,1,risks of,1,qualified the,1,path item,1
start meaningful,1,waiver aligns,1,newer vendor,1,the distinguishing,1,item it,1
meaningful implementation,1,s need,1,vendor that,1,distinguishing factor,1,it department,1
implementation is,1,need for,1,s strategically,1,factor is,1,department raised,1
to bottleneck,1,for predictable,1,strategically aligned,1,is approvals,1,raised concerns,1
bottleneck on,1,predictable delivery,1,current pressures,1,approvals risk,1,concerns about,1
on these,1,and operations,1,pressures council,1,risk within,1,about novagrid,1
these items,1,operations still,1,sensitivity operating,1,within our,1,hosted model,1
items civitas,1,still addresses,1,cost concern,1,our mandated,1,model our,1
and based,1,optics if,1,concern schedule,1,mandated schedule,1,our policy,1
your info,1,choose the,1,right stance,1,schedule novagrid,1,policy requires,1
info does,1,controllers what,1,is be,1,that would,1,requires case,1
same essential,1,do so,1,be receptive,1,would consume,1,review for,1
approval path,1,you ignored,1,receptive but,1,consume half,1,infrastructure they,1
that makes,1,ignored novagrid,1,but conditional,1,half our,1,approve it,1
makes civitas,1,novagrid document,1,conditional treat,1,our selection,1,it but,1
civitas the,1,technically qualified,1,option only,1,and could,1,but they,1
only option,1,qualified but,1,can prove,1,could extend,1,they want,1
that supports,1,but introduces,1,prove openness,1,extend civitas,1,want on,1
supports a,1,introduces schedule,1,openness and,1,civitas does,1,on premise,1
a politically,1,schedule approval,1,and deliverability,1,not given,1,premise failover,1
politically safe,1,risk due,1,deliverability with,1,the end,1,capability which,1
safe start,1,waiver separately,1,with references,1,support deadline,1,implementation what,1
immediately plan,1,separately cloud,1,contractable terms,1,deadline and,1,it requirement,1
plan practical,1,concern that,1,terms quickly,1,infrastructure context,1,requirement does,1
practical recommendation,1,that would,1,ready way,1,context we,1,the novagrid,1
recommendation under,1,would otherwise,1,to describe,1,are recommending,1,novagrid option,1
pressure recommend,1,otherwise be,1,describe it,1,without unresolved,1,it materially,1
with an,1,main political,1,it truthful,1,unresolved third,1,materially changes,1
an immediate,1,political downside,1,and defensible,1,approvals while,1,changes novagrid,1
immediate notice,1,downside option,1,defensible civitas,1,still requiring,1,s value,1
notice to,1,b balanced,1,option meaningfully,1,as deliverables,1,value proposition,1
proceed ntp,1,balanced hedge,1,meaningfully reduces,1,deliverables remaining,1,proposition novagrid,1
ntp plus,1,hedge run,1,by using,1,remaining uncertainty,1,s headline,1
plus contract,1,run the,1,controllers while,1,uncertainty what,1,headline advantages,1
contract provisions,1,parallel and,1,keeping a,1,what could,1,advantages were,1
provisions that,1,preserve novagrid,1,with long,1,could still,1,were lower,1
that preserve,1,an if,1,long integration,1,still change,1,months with,1
preserve leverage,1,if cleared,1,history however,1,dot indicates,1,with it,1
cleanest way,1,cleared alternative,1,however because,1,indicates the,1,it requiring,1
time while,1,alternative this,1,configuration has,1,is routine,1,failover upfront,1
while answering,1,is feasible,1,fewer years,1,routine low,1,cost increases,1
answering the,1,feasible if,1,years in,1,low risk,1,increases by,1
concern why,1,can manage,1,field than,1,be pre,1,by 180k,1
best response,1,manage the,1,legacy system,1,pre cleared,1,likely also,1
in issue,1,the workload,1,system we,1,can also,1,also increases,1
it reduces,1,workload and,1,will only,1,also clear,1,increases ongoing,1
reduces long,1,and procurement,1,only proceed,1,clear essential,1,ongoing costs,1
run operational,1,allow it,1,proceed if,1,same timeline,1,costs hardware,1
and open,1,it how,1,city secures,1,timeline novagrid,1,hardware maintenance,1
interfaces what,1,how submit,1,secures data,1,novagrid could,1,monitoring clarify,1
in contractually,1,submit waiver,1,portability open,1,could re,1,clarify this,1
contractually before,1,waiver documentation,1,interfaces delivery,1,re enter,1,this schedule,1
before ntp,1,documentation within,1,and validates,1,enter as,1,schedule extends,1
ntp or,1,days novagrid,1,validates operational,1,serious contender,1,extends by,1
as ntp,1,novagrid must,1,operational performance,1,contender if,1,by weeks,1
ntp conditions,1,must provide,1,performance through,1,is strict,1,weeks taking,1
conditions named,1,tight evidence,1,through references,1,strict variable,1,taking the,1
controllers city,1,package continue,1,incident outage,1,variable or,1,rollout from,1
formats and,1,continue contract,1,outage drills,1,requires iterative,1,from months,1
required export,1,contract negotiations,1,drills if,1,iterative rounds,1,months to,1
test apis,1,negotiations and,1,paste any,1,rounds then,1,to months,1
early acceptance,1,and scenario,1,any modular,1,then novagrid,1,months before,1
acceptance milestones,1,testing for,1,architecture brochure,1,becomes increasingly,1,before considering,1
milestones tied,1,for both,1,brochure excerpt,1,increasingly incompatible,1,considering any,1
to working,1,vendors in,1,excerpt or,1,incompatible with,1,any dot,1
working intersections,1,memo state,1,or proposed,1,your timeline,1,friction procurement,1
intersections not,1,state preferred,1,proposed contract,1,timeline if,1,testing realities,1
delivered how,1,preferred vendor,1,language they,1,allow a,1,realities net,1
start now,1,is civitas,1,they provided,1,award or,1,net novagrid,1
now without,1,civitas low,1,provided and,1,or whether,1,becomes less,1
without taking,1,low external,1,ll mark,1,must name,1,less fast,1
taking hidden,1,gating and,1,mark up,1,name one,1,and cheap,1
hidden schedule,1,viable alternate,1,up what,1,one vendor,1,cheap while,1
civitas for,1,alternate pending,1,s substantive,1,vendor outright,1,while remaining,1
a project,1,pending dot,1,substantive versus,1,outright with,1,remaining more,1
project plan,1,and essential,1,versus what,1,no contingencies,1,more complex,1
that front,1,approval by,1,s marketing,1,contingencies i,1,complex to,1
front loads,1,by x,1,marketing and,1,cleanest decision,1,approve and,1
loads work,1,x date,1,and propose,1,schedule compliance,1,and operate,1
is schedule,1,date this,1,propose exact,1,compliance and,1,operate than,1
schedule efficient,1,keeps sovereignty,1,exact acceptance,1,and fairness,1,civitas it,1
efficient and,1,sovereignty with,1,criteria wording,1,fairness what,1,compounds with,1
and low,1,council while,1,wording you,1,it input,1,and consumes,1
low regret,1,while showing,1,add to,1,input means,1,consumes your,1
regret start,1,showing diligence,1,award conditions,1,in plain,1,decision runway,1
immediately first,1,diligence option,1,conditions this,1,plain terms,1,runway you,1
first days,1,option c,1,this new,1,terms this,1,gating processes,1
days detailed,1,c only,1,new information,1,a significant,1,processes conditions,1
detailed design,1,legal allow,1,information materially,1,significant update,1,conditions for,1
design intersection,1,allow conditional,1,materially changes,1,update because,1,it approval,1
intersection inventory,1,novagrid award,1,decision geometry,1,converts novagrid,1,approval condition,1
inventory validation,1,on waiver,1,geometry because,1,cloud posture,1,weeks even,1
validation comms,1,approval can,1,it turns,1,posture from,1,these don,1
comms network,1,can work,1,turns dot,1,from policy,1,t add,1
network design,1,work but,1,preference from,1,policy review,1,add linearly,1
design and,1,has pitfalls,1,a soft,1,risk into,1,linearly on,1
and cabinet,1,pitfalls if,1,soft consideration,1,into explicit,1,path they,1
cabinet standards,1,if dot,1,consideration into,1,explicit additional,1,they add,1
standards timing,1,dot denies,1,path process,1,additional scope,1,add more,1
plan migration,1,denies or,1,process step,1,scope with,1,more moving,1
migration approach,1,or delays,1,step for,1,180k capital,1,parts more,1
approach integration,1,delays you,1,dot week,1,capital implementation,1,more coordination,1
integration planning,1,may have,1,waiver really,1,implementation cost,1,coordination more,1
planning with,1,have to,1,really means,1,to implementation,1,more chances,1
with any,1,to unwind,1,means in,1,implementation schedule,1,chances for,1
any dot,1,unwind retender,1,window timeline,1,schedule per,1,for schedule,1
systems training,1,retender or,1,timeline risk,1,per novagrid,1,schedule slip,1
training plan,1,switch late,1,risk temporal,1,novagrid combined,1,slip more,1
and cutover,1,late it,1,temporal reality,1,combined with,1,more council,1
cutover playbooks,1,create confusion,1,reality a,1,s week,1,scrutiny why,1
playbooks early,1,confusion or,1,dot review,1,week waiver,1,are we,1
early procurement,1,or perceived,1,just weeks,1,two external,1,we paying,1
procurement of,1,perceived indecision,1,weeks you,1,gates plus,1,paying extra,1
lead items,1,indecision at,1,need time,1,added build,1,extra to,1
items but,1,you consider,1,to assemble,1,build time,1,system acceptable,1
only after,1,consider this,1,assemble the,1,time how,1,acceptable it,1
after you,1,this get,1,package vendor,1,the trade,1,increases operational,1
you confirm,1,get legal,1,vendor city,1,trade space,1,operational burden,1
confirm what,1,procurement confirmation,1,city integrator,1,space novagrid,1,burden often,1
s actually,1,a conditional,1,integrator answer,1,s headline,1,often overlooked,1
actually long,1,award is,1,answer questions,1,headline advantages,1,overlooked an,1
lead in,1,t violate,1,and potentially,1,advantages narrow,1,capability is,1
architecture make,1,violate procurement,1,potentially iterate,1,narrow previously,1,one time,1
make hardware,1,procurement fairness,1,iterate council,1,previously novagrid,1,time box,1
times explicit,1,fairness what,1,review agenda,1,s main,1,box who,1
explicit if,1,ask dot,1,agenda cycles,1,main differentiators,1,who maintains,1
any components,1,dot novagrid,1,cycles and,1,differentiators were,1,maintains it,1
components are,1,now actionable,1,legal review,1,were lower,1,it city,1
lead require,1,actionable for,1,review still,1,and faster,1,city vs,1
require civitas,1,for dot,1,to happen,1,months with,1,vendor how,1
to present,1,dot today,1,happen any,1,s on,1,how often,1
present a,1,today this,1,any slip,1,requirement upfront,1,often is,1
procurement schedule,1,week confirm,1,slip missing,1,is reduced,1,is failover,1
and alternatives,1,exact scope,1,missing doc,1,reduced or,1,failover tested,1
alternatives where,1,scope of,1,doc dot,1,or could,1,tested how,1
leaves novagrid,1,preference is,1,dot questions,1,could disappear,1,how are,1
novagrid without,1,is it,1,questions staffing,1,disappear depending,1,are patches,1
without burning,1,it only,1,staffing delays,1,baseline pricing,1,patches synchronized,1
burning the,1,only for,1,delays can,1,pricing rollout,1,synchronized between,1
the bridge,1,highway signal,1,can compress,1,rollout becomes,1,between cloud,1
bridge you,1,signal integration,1,compress negotiation,1,becomes roughly,1,and on,1
still keep,1,integration or,1,negotiation time,1,roughly months,1,prem what,1
a plan,1,any intersections,1,time or,1,months weeks,1,failover trigger,1
plan b,1,intersections connected,1,or force,1,weeks months,1,trigger and,1
b future,1,connected to,1,force a,1,months assuming,1,and recovery,1
future module,1,state facilities,1,a rushed,1,assuming no,1,recovery process,1
module without,1,facilities ask,1,rushed contract,1,no further,1,process does,1
without letting,1,ask if,1,so novagrid,1,further integration,1,does failover,1
letting it,1,waiver can,1,now carries,1,testing delays,1,failover preserve,1
it delay,1,be pre,1,carries a,1,delays that,1,preserve full,1
delay the,1,pre reviewed,1,non trivial,1,that still,1,full functionality,1
the start,1,reviewed based,1,trivial probability,1,still might,1,functionality or,1
start continue,1,s city,1,of missing,1,might be,1,only basic,1
continue the,1,city deployments,1,missing the,1,be faster,1,basic operations,1
documentation work,1,what comparable,1,award schedule,1,faster than,1,operations under,1
work in,1,comparable specifically,1,or forcing,1,s months,1,under tighter,1
parallel only,1,means to,1,forcing you,1,months on,1,budgets this,1
t consume,1,to them,1,into an,1,on paper,1,this added,1
consume your,1,them ask,1,an uncomfortable,1,paper but,1,operational surface,1
your selection,1,ask what,1,uncomfortable award,1,the margin,1,surface area,1
selection timeline,1,constitutes an,1,award contingent,1,margin is,1,area matters,1
timeline or,1,an approvable,1,waiver posture,1,is much,1,matters how,1
or distract,1,approvable package,1,posture governance,1,much smaller,1,novagrid comparison,1
distract staff,1,package named,1,risk sovereignty,1,smaller and,1,comparison civitas,1
staff treat,1,named items,1,sovereignty defensibility,1,s now,1,looks stronger,1
treat novagrid,1,items templates,1,defensibility if,1,more complex,1,stronger and,1
s incident,1,templates required,1,you recommend,1,complex deployment,1,and simpler,1
operations strengths,1,required metrics,1,recommend novagrid,1,deployment schedule,1,simpler to,1
strengths as,1,metrics for,1,re implicitly,1,risk increases,1,defend automatically,1
requirements for,1,novagrid immediately,1,implicitly recommending,1,increases nonlinearly,1,automatically meets,1
meet or,1,immediately request,1,recommending we,1,nonlinearly complexity,1,preference threshold,1
or integrate,1,packet that,1,that requires,1,tax adding,1,threshold no,1
with so,1,is concise,1,requires extra,1,adding on,1,no waiver,1
t losing,1,concise and,1,extra regulatory,1,failover isn,1,waiver process,1
losing functionality,1,evidence forward,1,regulatory process,1,just more,1,process no,1
functionality in,1,forward list,1,and could,1,more hardware,1,no cloud,1
decision if,1,of comparable,1,could delay,1,often implies,1,hosting dependency,1
if delay,1,comparable deployments,1,program that,1,implies additional,1,dependency flagged,1
delay becomes,1,deployments size,1,be defensible,1,additional architecture,1,facts so,1
becomes unavoidable,1,size highway,1,defensible but,1,architecture decisions,1,so fewer,1
unavoidable anyway,1,integration specifics,1,very strong,1,decisions what,1,fewer essential,1
anyway the,1,specifics performance,1,strong upside,1,what runs,1,infrastructure exceptions,1
least painful,1,performance reports,1,upside story,1,runs on,1,exceptions year,1
painful bridge,1,reports and,1,story measurable,1,prem what,1,lock helps,1
bridge options,1,operational uptime,1,response gains,1,what syncs,1,helps with,1
options if,1,incident event,1,gains lower,1,syncs what,1,with tight,1
something forces,1,event case,1,lower year,1,what fails,1,budgets modular,1
forces a,1,case studies,1,tco even,1,fails over,1,option addresses,1
a slip,1,studies major,1,with cloud,1,over additional,1,optics without,1
slip supply,1,construction storms,1,fees etc,1,additional testing,1,without introducing,1
chain permitting,1,storms special,1,clear mitigation,1,testing acceptance,1,introducing a,1
permitting unexpected,1,events support,1,mitigation plan,1,acceptance failover,1,architecture requirement,1
unexpected integration,1,and organizational,1,plan how,1,failover drills,1,requirement novagrid,1
integration issues,1,organizational capacity,1,how this,1,drills data,1,premium complexity,1
want a,1,capacity security,1,this shifts,1,data consistency,1,complexity choice,1
a prepared,1,security hosting,1,shifts the,1,consistency security,1,choice unless,1
prepared mitigation,1,posture documentation,1,the comparative,1,security hardening,1,unless its,1
mitigation story,1,documentation since,1,comparative assessment,1,hardening additional,1,incident benefits,1
story and,1,since cloud,1,assessment civitas,1,additional operational,1,benefits are,1
and plan,1,is also,1,civitas becomes,1,operational procedures,1,are decisive,1
plan typical,1,also a,1,the clears,1,procedures who,1,decisive to,1
typical bridges,1,a gating,1,gates baseline,1,failover patching,1,to justify,1
bridges include,1,item for,1,clean advantage,1,patching cadence,1,be confident,1
include short,1,for you,1,advantage in,1,cadence monitoring,1,confident that,1
term support,1,you also,1,in approval,1,monitoring even,1,capabilities emergency,1
support extension,1,also ask,1,certainty no,1,novagrid quotes,1,services wants,1
extension for,1,to provide,1,no waiver,1,quotes weeks,1,wants are,1
the legacy,1,single accountable,1,waiver schedule,1,weeks the,1,are meaningfully,1
legacy system,1,accountable owner,1,robustness one,1,increases exactly,1,meaningfully better,1
if vendor,1,owner for,1,one less,1,exactly what,1,better than,1
support is,1,for waiver,1,less dependency,1,t want,1,than what,1
is ending,1,waiver support,1,dependency council,1,want under,1,what civitas,1
ending soon,1,support and,1,council optics,1,under an,1,contractually deliver,1
soon sometimes,1,delivery date,1,optics we,1,an month,1,deliver and,1
sometimes you,1,date for,1,that minimizes,1,clock governance,1,added 180k,1
can buy,1,the full,1,minimizes regulatory,1,governance defensibility,1,180k added,1
buy limited,1,full package,1,regulatory delay,1,defensibility improves,1,added implementation,1
limited extended,1,package how,1,delay risk,1,improves at,1,implementation time,1
extended support,1,this affects,1,cliff this,1,price from,1,time added,1
support or,1,affects the,1,a big,1,from a,1,operational complexity,1
or third,1,the broader,1,big deal,1,council essential,1,complexity is,1
party maintenance,1,broader vendor,1,deal novagrid,1,infrastructure standpoint,1,is worth,1
maintenance to,1,vendor comparison,1,becomes conditional,1,standpoint it,1,worth it,1
to cover,1,comparison truth,1,conditional option,1,s position,1,still stay,1
cover transition,1,truth in,1,option value,1,position is,1,stay comfortably,1
transition spare,1,in advertising,1,value rather,1,is rational,1,comfortably ahead,1
spare parts,1,advertising this,1,than equal,1,rational cloud,1,ahead of,1
parts stockpile,1,this dot,1,equal finalist,1,acceptable only,1,with adequate,1
stockpile focused,1,dot step,1,finalist novagrid,1,if we,1,adequate buffer,1
focused reliability,1,step does,1,be pursued,1,can keep,1,buffer that,1
reliability program,1,not prove,1,pursued but,1,keep operating,1,s possible,1
program for,1,prove novagrid,1,city should,1,operating during,1,possible but,1
existing signals,1,is inferior,1,conditional selection,1,during cloud,1,proof rises,1
signals target,1,inferior technically,1,selection pending,1,cloud provider,1,rises what,1
target the,1,technically it,1,a plan,1,provider connection,1,should do,1
failure prone,1,it proves,1,plan b,1,connection issues,1,do next,1
prone intersections,1,proves it,1,waiver clears,1,issues but,1,next practical,1
first phased,1,is administratively,1,clears quickly,1,to decide,1,practical time,1
phased deployment,1,administratively riskier,1,re convinced,1,decide if,1,bounded clarify,1
deployment deliver,1,riskier within,1,convinced of,1,city wants,1,clarify what,1
the highest,1,civitas meeting,1,of superior,1,wants to,1,what on,1
highest risk,1,meeting the,1,superior outcomes,1,to pay,1,failover means,1
risk corridors,1,the threshold,1,outcomes two,1,pay money,1,means because,1
corridors intersections,1,threshold does,1,two viable,1,money time,1,because scope,1
first to,1,not guarantee,1,viable paths,1,complexity to,1,scope varies,1
show progress,1,guarantee lower,1,paths from,1,novagrid governance,1,varies wildly,1
progress even,1,lower lifetime,1,from here,1,governance compliant,1,wildly ask,1
if full,1,lifetime cost,1,here pick,1,compliant versus,1,ask it,1
full rollout,1,cost or,1,one deliberately,1,versus choosing,1,and novagrid,1
rollout slips,1,or better,1,deliberately path,1,choosing a,1,define in,1
slips operational,1,response it,1,a most,1,vendor architecture,1,writing failover,1
operational contingency,1,does reduce,1,most straightforward,1,architecture that,1,failover target,1
contingency modes,1,reduce one,1,straightforward recommend,1,avoids that,1,target central,1
modes fixed,1,one major,1,recommend civitas,1,that requirement,1,management ui,1
time plans,1,major source,1,modular now,1,requirement what,1,ui only,1
plans pre,1,source of,1,now why,1,this implies,1,only or,1
pre timed,1,of schedule,1,why you,1,implies for,1,or full,1
timed coordination,1,schedule uncertainty,1,you remove,1,direction taken,1,full adaptive,1
coordination ready,1,uncertainty where,1,remove the,1,taken together,1,adaptive optimization,1
ready to,1,where i,1,a failure,1,together with,1,optimization or,1
deploy if,1,would land,1,and keep,1,s waiver,1,or reporting,1
if adaptive,1,land given,1,project on,1,waiver timing,1,reporting config,1
adaptive features,1,everything so,1,a predictable,1,timing this,1,config etc,1
features lag,1,far with,1,predictable track,1,this update,1,etc rto,1
lag you,1,hard week,1,track how,1,update strengthens,1,rpo how,1
t lead,1,window tightening,1,to preserve,1,case that,1,how fast,1
lead with,1,opex essential,1,preserve the,1,path no,1,fast failover,1
these but,1,cloud scrutiny,1,services interests,1,waiver gate,1,failover how,1
but having,1,scrutiny and,1,interests put,1,and no,1,much data,1
having them,1,gate for,1,put incident,1,no newly,1,data loss,1
them ready,1,the rational,1,operations requirements,1,newly stated,1,loss tolerated,1
ready makes,1,rational defensible,1,requirements into,1,failover build,1,tolerated whether,1
makes if,1,defensible posture,1,civitas sow,1,build out,1,whether failover,1
if we,1,is proceed,1,sow rapid,1,out requirement,1,failover is,1
we must,1,proceed toward,1,plan activation,1,becomes viable,1,is hot,1
must delay,1,the recommended,1,activation preemption,1,are willing,1,hot warm,1
delay we,1,award while,1,reporting detour,1,willing to,1,warm cold,1
can manage,1,while running,1,libraries operator,1,to absorb,1,cold standby,1
manage it,1,running the,1,operator workflows,1,absorb dot,1,standby who,1
it credible,1,the novagrid,1,workflows require,1,review 180k,1,who operates,1
credible bottom,1,novagrid waiver,1,require integration,1,failover the,1,operates it,1
line under,1,parallel only,1,hooks apis,1,the added,1,it during,1
your assumption,1,option value,1,apis data,1,complexity and,1,incident and,1
assumption if,1,value and,1,data feeds,1,still remain,1,how it,1
time is,1,have capacity,1,feeds so,1,remain confident,1,s tested,1
is paramount,1,capacity if,1,add upgrade,1,confident on,1,tested this,1
paramount civitas,1,me whether,1,upgrade routing,1,on overall,1,this prevents,1
that looks,1,whether highway,1,routing incident,1,overall delivery,1,prevents paying,1
looks startable,1,the initial,1,incident decision,1,delivery before,1,paying 180k,1
startable without,1,initial scope,1,support later,1,before the,1,180k for,1
without approvals,1,scope vs,1,without replatforming,1,the support,1,failover mode,1
on architecture,1,vs later,1,replatforming make,1,cliff that,1,t actually,1
architecture work,1,later phase,1,modular portability,1,is bad,1,actually satisfy,1
that push,1,phase i,1,portability contractual,1,bad it,1,satisfy essential,1
path proceed,1,suggest how,1,contractual so,1,means it,1,resilience expectations,1
modular but,1,how aggressively,1,can avoid,1,s no,1,expectations re,1
but protect,1,aggressively to,1,avoid repeating,1,longer the,1,baseline novagrid,1
protect the,1,treat the,1,repeating lock,1,the straightforward,1,s true,1
city with,1,waiver as,1,in mistakes,1,straightforward faster,1,true schedule,1
with contract,1,do now,1,mistakes this,1,cheaper option,1,schedule update,1
modularity exit,1,now item,1,the protect,1,option in,1,update the,1
rights and,1,item versus,1,schedule protect,1,your governance,1,project plan,1
based delivery,1,versus something,1,protect future,1,governance environment,1,plan with,1
you neutralize,1,something that,1,flexibility strategy,1,environment the,1,with dot,1
meeting the,1,be scoped,1,strategy path,1,key decision,1,waiver timeline,1
the no,1,scoped out,1,leadership wants,1,decision question,1,timeline including,1
political reality,1,out or,1,wants to,1,resolve this,1,submission clock,1
reality i,1,or deferred,1,alive run,1,this cleanly,1,clock start,1
i m,1,deferred what,1,boxed waiver,1,cleanly is,1,start it,1
m applying,1,new it,1,sprint with,1,requirement for,1,it review,1
applying a,1,it input,1,hard fallback,1,for any,1,timeline failover,1
a gated,1,input means,1,fallback mechanism,1,any cloud,1,failover build,1
gated risk,1,in plain,1,mechanism treat,1,cloud based,1,build integration,1
weighted decision,1,plain terms,1,gated decision,1,based central,1,testing procurement,1
decision logic,1,terms this,1,decision with,1,central signal,1,times for,1
logic that,1,a material,1,with pre,1,signal management,1,for any,1
that prioritizes,1,material change,1,pre commitments,1,management in,1,any on,1
prioritizes can,1,change because,1,commitments a,1,city policy,1,prem hardware,1
we start,1,it converts,1,workable structure,1,policy it,1,hardware acceptance,1
safely with,1,converts novagrid,1,structure week,1,it stance,1,if that,1
predictable costs,1,s main,1,week now,1,stance or,1,that re,1
costs over,1,main differentiator,1,now notify,1,or is,1,baseline starts,1
over feature,1,differentiator cloud,1,notify both,1,is it,1,starts to,1
feature differentiation,1,management into,1,vendors that,1,it negotiable,1,to approach,1
differentiation because,1,higher capex,1,that award,1,negotiable if,1,approach your,1
because your,1,capex 180k,1,award is,1,if alternative,1,your month,1
context has,1,a longer,1,is contingent,1,alternative resilience,1,with insufficient,1
has hard,1,longer implementation,1,on final,1,resilience controls,1,insufficient buffer,1
it politics,1,implementation weeks,1,final regulatory,1,controls exist,1,buffer novagrid,1
politics and,1,more complex,1,regulatory clearance,1,exist if,1,novagrid should,1
and essential,1,complex architecture,1,clearance request,1,if hard,1,be eliminated,1
risk gate,1,architecture cloud,1,request waiver,1,novagrid must,1,eliminated on,1
gate can,1,failover which,1,package from,1,be evaluated,1,on delivery,1
proceed without,1,which usually,1,from novagrid,1,evaluated with,1,delivery risk,1
external approvals,1,usually increases,1,novagrid within,1,weeks as,1,risk grounds,1
approvals that,1,increases operational,1,days submit,1,baseline and,1,grounds re,1
slip rule,1,operational testing,1,submit waiver,1,choice likely,1,re price,1
rule if,1,testing burden,1,waiver immediately,1,likely shifts,1,price novagrid,1
if an,1,burden combined,1,dot schedule,1,shifts toward,1,opex view,1
option requires,1,combined with,1,schedule a,1,modular unless,1,view with,1
requires approvals,1,review novagrid,1,a standing,1,capabilities are,1,failover included,1
approvals reviews,1,two external,1,standing check,1,are uniquely,1,included request,1
reviews that,1,gates dot,1,check in,1,uniquely mission,1,a revised,1
could delay,1,it that,1,in cadence,1,mission critical,1,revised cost,1
or materially,1,civitas largely,1,cadence e,1,critical if,1,cost sheet,1
materially change,1,largely avoids,1,g twice,1,if negotiable,1,sheet that,1
change scope,1,avoids schedule,1,twice weekly,1,negotiable you,1,includes failover,1
scope it,1,schedule impact,1,weekly hard,1,should explore,1,failover hardware,1
is penalized,1,impact why,1,hard stop,1,explore lower,1,hardware software,1
penalized heavily,1,why weeks,1,stop date,1,lower cost,1,software costs,1
heavily or,1,weeks matters,1,if waiver,1,cost resilience,1,costs annual,1
or disqualified,1,matters even,1,by day,1,resilience alternatives,1,maintenance for,1
disqualified if,1,even with,1,day x,1,alternatives but,1,prem environment,1
start cannot,1,with an,1,x e,1,it agrees,1,environment any,1
cannot slip,1,runway even,1,g end,1,agrees in,1,any additional,1
slip novagrid,1,still have,1,of week,1,writing practical,1,additional licensing,1
an it,1,have time,1,week the,1,next steps,1,licensing staffing,1
it essential,1,time before,1,city proceeds,1,steps high,1,staffing expectations,1
exception that,1,cliff you,1,proceeds to,1,leverage in,1,expectations city,1
s two,1,re managing,1,award civitas,1,the next,1,it vs,1
two gates,1,managing a,1,modular without,1,next weeks,1,vendor managed,1
gates plus,1,window you,1,without further,1,weeks make,1,managed cloud,1
schedule hit,1,need council,1,further delay,1,make it,1,assumptions and,1
hit civitas,1,ready clarity,1,delay this,1,s requirement,1,and propose,1
and does,1,clarity fast,1,keeps city,1,requirement testable,1,propose caps,1
same cloud,1,fast a,1,city sovereignty,1,testable and,1,caps this,1
path based,1,deployment that,1,sovereignty you,1,and specific,1,where cheaper,1
ve shared,1,that already,1,not waiting,1,specific ask,1,cheaper upfront,1
shared result,1,already includes,1,waiting indefinitely,1,ask it,1,upfront often,1
result under,1,includes field,1,indefinitely you,1,to define,1,often flips,1
your cannot,1,comms procurement,1,re managing,1,define on,1,flips once,1
cannot delay,1,times acceptance,1,managing the,1,failover precisely,1,once resilience,1
assumption civitas,1,tuning and,1,the dependency,1,precisely failover,1,requirements are,1
civitas clears,1,the reality,1,dependency the,1,failover of,1,are included,1
clears gate,1,reality that,1,risk procurement,1,management functions,1,included use,1
gate more,1,that complex,1,rules and,1,functions only,1,defensible gate,1
more cleanly,1,complex integrations,1,and fairness,1,or also,1,gate in,1
cleanly gate,1,integrations cloud,1,fairness constraints,1,also optimization,1,recommendation for,1
gate essential,1,prem often,1,ll want,1,optimization decisioning,1,council and,1
resilience rule,1,often add,1,want procurement,1,decisioning required,1,and internal,1
rule the,1,add hidden,1,procurement counsel,1,required rto,1,internal alignment,1
system must,1,hidden time,1,counsel to,1,rpo how,1,alignment you,1
have acceptable,1,time beyond,1,to confirm,1,fast must,1,can state,1
acceptable fail,1,the nominal,1,do this,1,must failover,1,state novagrid,1
behavior cybersecurity,1,nominal weeks,1,this without,1,failover happen,1,it meets,1
cybersecurity posture,1,weeks security,1,competition or,1,happen how,1,meets essential,1
posture and,1,security reviews,1,or violating,1,much data,1,requirements within,1
continuity of,1,reviews networking,1,violating the,1,data loss,1,within schedule,1
of operations,1,networking dr,1,the rfp,1,loss is,1,with bounded,1
operations without,1,testing net,1,rfp process,1,acceptable required,1,bounded operating,1
without introducing,1,effect novagrid,1,process what,1,required duration,1,costs the,1
introducing avoidable,1,months rollout,1,for in,1,duration of,1,the required,1
avoidable complexity,1,advantage is,1,package so,1,of disconnected,1,weeks so,1
complexity novagrid,1,is weakened,1,it actually,1,disconnected operations,1,so we,1
meet this,1,weakened or,1,actually has,1,operations hours,1,are evaluating,1
this but,1,or erased,1,a chance,1,hours days,1,evaluating novagrid,1
only by,1,erased with,1,chance to,1,days who,1,on this,1
by adding,1,add it,1,a thin,1,prem infrastructure,1,this revised,1
adding on,1,s closer,1,thin waiver,1,infrastructure city,1,revised baseline,1
failover cost,1,closer to,1,waiver that,1,city or,1,baseline not,1
cost time,1,to months,1,that triggers,1,or vendor,1,the marketing,1
time complexity,1,in best,1,triggers questions,1,patch responsibilities,1,marketing baseline,1
complexity civitas,1,case before,1,and delays,1,responsibilities this,1,baseline what,1
civitas appears,1,you count,1,delays ask,1,prevents scope,1,likely means,1
appears to,1,count waiver,1,novagrid for,1,scope creep,1,decision given,1
meet resilience,1,friction security,1,for comparable,1,creep and,1,waiver requirement,1
resilience expectations,1,security hardening,1,deployments list,1,and lets,1,requirement weeks,1
expectations with,1,hardening and,1,list focused,1,you compare,1,time the,1
with fewer,1,and testing,1,on highway,1,compare vendors,1,the increased,1
fewer architectural,1,testing cost,1,integration or,1,vendors fairly,1,increased importance,1
architectural contingencies,1,cost impact,1,or close,1,fairly ask,1,of long,1
contingencies result,1,impact it,1,close analogs,1,for two,1,costs this,1
civitas again,1,the very,1,analogs performance,1,two priced,1,new information,1
again has,1,very issue,1,metrics and,1,priced architectures,1,information further,1
lower operational,1,issue you,1,and before,1,architectures not,1,further strengthens,1
operational governance,1,you flagged,1,after studies,1,not one,1,the primary,1
governance burden,1,flagged tighter,1,studies with,1,one request,1,recommendation with,1
burden risk,1,budgets novagrid,1,with methodology,1,request a,1,an alternative,1
weighted lifecycle,1,novagrid already,1,methodology reliability,1,written option,1,can a,1
lifecycle economics,1,already carries,1,reliability history,1,option set,1,requirements in,1
economics because,1,carries recurring,1,history outages,1,set option,1,way civitas,1
because next,1,hosting fees,1,outages incident,1,option cloud,1,cannot and,1
budget tightens,1,adjustable adding,1,incident logs,1,cloud on,1,b accept,1
tightens rule,1,adding on,1,logs upgrade,1,failover their,1,accept strong,1
rule prefer,1,failover tends,1,history cybersecurity,1,their 180k,1,strong commercial,1
prefer the,1,to introduce,1,continuity documentation,1,weeks plan,1,protections fee,1
controls even,1,introduce additional,1,documentation especially,1,clear rto,1,continuity clear,1
if upfront,1,additional hardware,1,especially due,1,operational responsibilities,1,clear failover,1
cost is,1,hardware software,1,to cloud,1,responsibilities option,1,without jeopardizing,1
higher civitas,1,software costs,1,hosting references,1,a reduced,1,jeopardizing schedule,1
option shows,1,costs the,1,from agencies,1,reduced on,1,one key,1
shows early,1,180k additional,1,agencies with,1,prem edge,1,question because,1
maintenance reductions,1,additional maintenance,1,with similar,1,edge approach,1,it affects,1
reductions needs,1,obligations often,1,similar dot,1,possible that,1,affects whether,1
needs validation,1,often ongoing,1,dot oversight,1,meets it,1,still realistic,1
validation novagrid,1,ongoing more,1,oversight also,1,s resilience,1,realistic does,1
novagrid recurring,1,more staff,1,also ask,1,resilience intent,1,does the,1
adjustment added,1,for patching,1,dot what,1,intent with,1,week implementation,1
failover environment,1,patching monitoring,1,what good,1,less complexity,1,implementation increase,1
environment likely,1,dr drills,1,good looks,1,complexity only,1,increase from,1
likely increases,1,drills in,1,like any,1,is open,1,s failover,1
increases both,1,environment the,1,any template,1,open to,1,requirement land,1
both fixed,1,becomes does,1,template minimum,1,to it,1,land on,1
fixed o,1,does novagrid,1,minimum deployment,1,says impossible,1,project s,1
m and,1,incident benefit,1,deployment similarity,1,impossible that,1,s critical,1
and uncertainty,1,benefit justify,1,similarity specific,1,also decision,1,e it,1
unless tightly,1,justify both,1,specific artifacts,1,decision useful,1,it delays,1
tightly capped,1,both recurring,1,artifacts they,1,useful re,1,delays first,1
capped result,1,opex and,1,they expect,1,re run,1,first intersections,1
win on,1,added hybrid,1,expect council,1,run the,1,intersections going,1
on budget,1,a much,1,council facing,1,adjusted comparison,1,going live,1
predictability political,1,much higher,1,facing messaging,1,comparison update,1,live or,1
political acceptability,1,higher bar,1,messaging truthful,1,update your,1,it be,1
acceptability as,1,bar than,1,and clean,1,your model,1,be delivered,1
a constraint,1,than before,1,clean if,1,model with,1,delivered in,1
constraint not,1,before engineering,1,automatically which,1,assumptions 180k,1,parallel while,1
a driver,1,engineering reality,1,which reduces,1,180k added,1,while initial,1
driver rule,1,check on,1,reduces schedule,1,added o,1,initial field,1
rule choose,1,be precisely,1,and contractually,1,m for,1,deployment proceeds,1
choose an,1,precisely defined,1,contractually requiring,1,failover schedule,1,proceeds if,1
is defensible,1,defined before,1,capabilities to,1,reserve civitas,1,s on,1
defensible against,1,you accept,1,needs if,1,modular capex,1,s faster,1
political narratives,1,accept novagrid,1,you pursue,1,capex premium,1,rollout advantage,1
narratives mayor,1,s 180k,1,pursue waiver,1,premium year,1,advantage is,1
mayor favoritism,1,weeks at,1,sprint novagrid,1,lock expected,1,mostly gone,1
favoritism must,1,at face,1,novagrid offers,1,maintenance profile,1,gone if,1
must show,1,face value,1,offers compelling,1,profile controller,1,if parallelizable,1
show objective,1,value clarify,1,compelling incident,1,sourcing plan,1,parallelizable it,1
objective process,1,clarify what,1,capabilities but,1,budget explicitly,1,s still,1
and constraints,1,is actually,1,but requires,1,explicitly highlight,1,a cost,1
constraints vendor,1,actually demanding,1,review we,1,highlight opex,1,cost complexity,1
in fiasco,1,demanding because,1,are pursuing,1,prem upkeep,1,complexity hit,1
fiasco repeat,1,because there,1,pursuing the,1,upkeep keep,1,hit but,1
repeat must,1,there are,1,a strict,1,keep council,1,less of,1
must demonstrate,1,are multiple,1,strict timeline,1,simple if,1,schedule killer,1
demonstrate concrete,1,multiple tiers,1,timeline if,1,you recommend,1,killer the,1
concrete lock,1,tiers intersection,1,by date,1,modular your,1,office called,1
in mitigations,1,intersection autonomy,1,date we,1,your defensible,1,called they,1
mitigations implication,1,autonomy local,1,will award,1,defensible line,1,re aware,1
implication if,1,safe controllers,1,protect the,1,line becomes,1,aware the,1
civitas it,1,controllers keep,1,the implementation,1,becomes given,1,mayor praised,1
be civitas,1,keep running,1,implementation schedule,1,given essential,1,praised civitas,1
modular contract,1,plans if,1,schedule my,1,governance novagrid,1,civitas publicly,1
defined interoperability,1,unavailable many,1,recommendation given,1,additional failover,1,publicly last,1
protections so,1,many systems,1,the new,1,review increasing,1,last year,1
can credibly,1,systems already,1,new dot,1,increasing cost,1,year but,1
you addressed,1,already do,1,dot constraint,1,uncertainty civitas,1,budget committee,1
addressed lock,1,this it,1,constraint unless,1,dot thresholds,1,committee chair,1
in rather,1,s essential,1,have unusually,1,thresholds without,1,chair is,1
than ignored,1,essential but,1,unusually high,1,meet our,1,is watching,1
ignored it,1,not the,1,high confidence,1,our lock,1,watching this,1
it capabilities,1,same as,1,confidence that,1,concerns via,1,this closely,1
capabilities are,1,as central,1,waiver will,1,via open,1,closely he,1
are weighted,1,central failover,1,approved quickly,1,with more,1,he s,1
weighted after,1,failover on,1,quickly with,1,costs where,1,s made,1
after gates,1,prem dr,1,no iteration,1,leaves novagrid,1,made vendor,1
gates incident,1,dr for,1,iteration and,1,novagrid relative,1,vendor lock,1
response vs,1,management a,1,b novagrid,1,to emergency,1,in his,1
vs predictability,1,city hosted,1,are mission,1,services preferences,1,his issue,1
predictability rule,1,hosted instance,1,not replicable,1,preferences emergency,1,issue after,1
rule once,1,instance that,1,replicable through,1,services interest,1,fiasco how,1
once an,1,take over,1,through civitas,1,interest in,1,do i,1
option clears,1,over if,1,operational practices,1,still valid,1,i navigate,1
clears gates,1,unavailable this,1,practices i,1,valid but,1,navigate this,1
gates compare,1,is what,1,would shift,1,but this,1,this reframe,1
compare operational,1,it seems,1,shift to,1,this development,1,reframe the,1
operational capabilities,1,seems to,1,path you,1,development suggests,1,the situation,1
capabilities e,1,be asking,1,still preserve,1,suggests you,1,situation in,1
g emergency,1,asking for,1,preserve optionality,1,capability as,1,way that,1
emergency incident,1,s harder,1,optionality by,1,package integrations,1,reduces heat,1
incident adaptation,1,harder and,1,requiring open,1,evp operator,1,heat your,1
adaptation if,1,s where,1,and export,1,workflows that,1,your safest,1
be required,1,where costs,1,rights defining,1,be contractually,1,safest framing,1
required contractually,1,costs time,1,defining incident,1,contractually delivered,1,prior comment,1
contractually or,1,time come,1,mode operational,1,delivered rather,1,is noted,1
or integrated,1,come from,1,and optionally,1,than accepting,1,noted but,1
integrated later,1,from near,1,optionally planning,1,accepting a,1,are recommending,1
later it,1,near real,1,planning a,1,a broader,1,recommending based,1
it weighs,1,real time,1,separate pilot,1,broader cloud,1,documented evaluation,1
weighs less,1,time active,1,pilot overlay,1,cloud architecture,1,evaluation against,1
less than,1,active failover,1,overlay for,1,architecture shift,1,against operational,1
decisions emergency,1,failover vs,1,the true,1,shift unless,1,operational regulatory,1
novagrid preference,1,vs cold,1,true differentiator,1,the benefit,1,regulatory security,1
preference is,1,standby the,1,differentiator quick,1,truly decisive,1,cost constraints,1
is treated,1,the required,1,quick clarifiers,1,decisive if,1,constraints given,1
treated as,1,rpo how,1,clarifiers to,1,whether a,1,system experience,1
a must,1,quickly it,1,to pick,1,a the,1,experience we,1
have requirement,1,must come,1,pick path,1,project includes,1,are treating,1
requirement to,1,come back,1,a vs,1,includes highway,1,treating lock,1
to specify,1,back how,1,vs path,1,integration triggering,1,exit costs,1
specify and,1,much data,1,b cleanly,1,triggering dot,1,costs as,1
test scenario,1,data can,1,cleanly does,1,b it,1,explicit requirements,1
scenario demos,1,be lost,1,does your,1,it considers,1,requirements regardless,1
demos incident,1,lost drives,1,window mean,1,considers on,1,vendor this,1
integrations not,1,drives complexity,1,mean council,1,failover non,1,helps you,1
necessarily a,1,cost actionable,1,council vote,1,negotiable i,1,avoid two,1
a reason,1,actionable request,1,vote award,1,cleanest go,1,two traps,1
reason to,1,request to,1,award executed,1,go gates,1,traps trap,1
approval schedule,1,to it,1,executed by,1,to express,1,trap a,1
risk remaining,1,it ask,1,by week,1,express them,1,a appearing,1
uncertainties determine,1,them to,1,week or,1,them in,1,civitas because,1
determine conditions,1,specify required,1,just staff,1,innovation your,1,because the,1
conditions not,1,rpo whether,1,staff recommendation,1,your governing,1,mayor likes,1
the direction,1,whether failover,1,recommendation finalized,1,governing principle,1,likes them,1
direction rule,1,be automatic,1,finalized can,1,principle no,1,them trap,1
rule unknowns,1,automatic and,1,can procurement,1,no surprises,1,trap b,1
unknowns become,1,functions must,1,procurement legally,1,surprises no,1,b appearing,1
become decision,1,must work,1,legally support,1,no special,1,pick novagrid,1
decision conditions,1,failover monitoring,1,support a,1,special access,1,to prove,1
conditions things,1,only vs,1,conditional award,1,access with,1,prove independence,1
things to,1,vs full,1,award pending,1,mayor having,1,independence ignoring,1
verify contract,1,full control,1,would that,1,having praised,1,ignoring real,1
contract unless,1,control timing,1,that trigger,1,civitas publicly,1,real governance,1
they threaten,1,does to,1,trigger protest,1,publicly your,1,governance schedule,1
threaten the,1,choice civitas,1,risk reprocurement,1,your biggest,1,schedule risks,1
conditions are,1,civitas position,1,reprocurement this,1,biggest political,1,risks put,1
are does,1,position strengthens,1,a significant,1,is appearance,1,put process,1
does modular,1,strengthens given,1,significant shift,1,appearance of,1,and documentation,1
avoid long,1,burden for,1,shift novagrid,1,of pre,1,documentation out,1
long controller,1,novagrid weeks,1,s model,1,pre selection,1,out front,1
times is,1,required architectural,1,model is,1,selection even,1,front your,1
apis exit,1,add for,1,longer faster,1,the merits,1,your best,1
rights can,1,novagrid 180k,1,faster and,1,merits support,1,political shield,1
can incident,1,weeks your,1,and cheaper,1,support civitas,1,shield a,1
response functions,1,your tightening,1,cheaper with,1,civitas your,1,a publish,1
functions meet,1,opex concerns,1,failover it,1,your countermeasure,1,publish a,1
needs demo,1,concerns civitas,1,complex more,1,countermeasure is,1,neutral decision,1
criteria for,1,especially civitas,1,expensive and,1,is process,1,decision rubric,1
the unknowns,1,the more,1,slower plus,1,process integrity,1,rubric page,1
unknowns are,1,more defensible,1,needs a,1,integrity same,1,page make,1
are gate,1,defensible low,1,review what,1,same information,1,and pre,1
gate level,1,low gating,1,what these,1,information same,1,pre committed,1
level waiver,1,gating lower,1,these new,1,same time,1,committed example,1
timing approval,1,lower volatility,1,new constraints,1,time same,1,example headings,1
approval failover,1,volatility path,1,constraints do,1,same format,1,headings keep,1
failover delivery,1,modular also,1,do to,1,format for,1,it simple,1
so they,1,also directly,1,s value,1,for all,1,simple delivery,1
they remain,1,critique standard,1,value proposition,1,all decision,1,certainty to,1
remain disfavored,1,controllers without,1,proposition a,1,decision makers,1,cliff approval,1
disfavored under,1,a hybrid,1,a timeline,1,makers documented,1,timeline risk,1
pressure net,1,hybrid hosting,1,timeline advantage,1,documented evaluation,1,risk long,1
net logic,1,hosting dr,1,advantage likely,1,evaluation trail,1,predictability year,1
logic outcome,1,dr requirement,1,likely evaporates,1,trail criteria,1,year view,1
outcome right,1,requirement novagrid,1,evaporates temporal,1,criteria weights,1,view lock,1
now the,1,still possible,1,temporal impact,1,weights gating,1,risk architecture,1
pressure b,1,now it,1,impact novagrid,1,gating issues,1,terms incident,1
b dot,1,must clear,1,novagrid originally,1,issues reference,1,capability emergency,1
timing c,1,clear a,1,originally months,1,checks and,1,scenarios then,1
c it,1,higher evidentiary,1,months rollout,1,protections no,1,show scoring,1
s cloud,1,evidentiary bar,1,rollout now,1,no vendor,1,scoring and,1
requirement adding,1,bar if,1,now add,1,vendor backchannels,1,and critically,1
adding time,1,novagrid alive,1,add weeks,1,backchannels through,1,critically show,1
and d,1,alive you,1,implementation for,1,through elected,1,show gates,1
d tighter,1,conditional on,1,for on,1,elected offices,1,gates see,1
future o,1,architecture including,1,additional integration,1,offices route,1,see next,1
m budgets,1,controls a,1,testing also,1,route everything,1,next section,1
budgets pushes,1,tested dr,1,also add,1,everything through,1,section b,1
the rational,1,dr plan,1,add week,1,through procurement,1,b use,1
rational choice,1,plan tabletop,1,review procurement,1,procurement pm,1,use pass,1
choice toward,1,tabletop failover,1,procurement critical,1,pm channels,1,gates to,1
modular provided,1,milestone bounded,1,path net,1,channels if,1,defuse accusations,1
modular anti,1,bounded recurring,1,net effect,1,do nothing,1,accusations of,1
in terms,1,defined maintenance,1,effect your,1,nothing else,1,of bias,1
and validate,1,prem component,1,your fast,1,else ensure,1,bias you,1
validate lead,1,component dot,1,fast rollout,1,ensure every,1,two strong,1
times give,1,timing without,1,rollout differentiator,1,every claim,1,strong non,1
give it,1,without those,1,differentiator shrinks,1,claim you,1,non political,1
it moderate,1,those recommending,1,shrinks or,1,you make,1,political gates,1
moderate to,1,recommending novagrid,1,or disappears,1,make is,1,are easy,1
to high,1,would mean,1,disappears and,1,is backed,1,defend dot,1
weight as,1,mean recommending,1,you add,1,backed by,1,dot novagrid,1
risk signal,1,recommending a,1,add multiple,1,by something,1,review civitas,1
signal but,1,a plan,1,multiple opportunities,1,something you,1,meets automatically,1
t treat,1,plan with,1,opportunities for,1,show in,1,automatically it,1
as dispositive,1,with multiple,1,for delay,1,council packet,1,security novagrid,1
dispositive evidence,1,multiple moving,1,delay design,1,packet reframe,1,cloud requires,1
evidence until,1,parts that,1,design failover,1,choice in,1,weeks civitas,1
until you,1,slip recommended,1,failover testing,1,that satisfies,1,civitas doesn,1
you know,1,path from,1,testing security,1,satisfies both,1,face that,1
what actually,1,from here,1,security review,1,political pressures,1,that requirement,1
actually failed,1,here practical,1,review iterations,1,pressures you,1,requirement per,1
failed and,1,practical and,1,iterations b,1,can reconcile,1,per your,1
mode applies,1,most likely,1,b cost,1,reconcile mayor,1,facts position,1
applies to,1,likely best,1,cost advantage,1,mayor praised,1,position this,1
your intended,1,best now,1,advantage shrinks,1,civitas and,1,as these,1
intended architecture,1,award and,1,shrinks practical,1,and chair,1,are governing,1
architecture and,1,and explicitly,1,practical cost,1,chair hates,1,governing constraints,1
and operating,1,state in,1,cost impact,1,hates lock,1,constraints they,1
operating conditions,1,memo novagrid,1,impact 180k,1,making the,1,they aren,1
conditions in,1,novagrid remained,1,180k capital,1,the headline,1,t preferences,1
in other,1,remained technically,1,capital for,1,headline we,1,preferences address,1
other words,1,technically strong,1,for failover,1,recommend the,1,concern directly,1
words it,1,strong but,1,failover continuing,1,is compliant,1,directly with,1
automatically eliminate,1,carries additional,1,continuing 90k,1,compliant without,1,with concrete,1
eliminate novagrid,1,additional governance,1,fee subject,1,without waivers,1,concrete safeguards,1
novagrid but,1,governance driven,1,adjustment likely,1,waivers meets,1,safeguards if,1
but in,1,driven cost,1,likely added,1,governance without,1,you lean,1
context essential,1,time failover,1,added ongoing,1,without added,1,lean civitas,1
infrastructure no,1,requirement plus,1,ongoing operational,1,added buildout,1,civitas do,1
delay dot,1,plus dot,1,operational overhead,1,buildout and,1,not rely,1
waiver cloud,1,review increasing,1,overhead patching,1,and explicitly,1,rely on,1
it adds,1,increasing schedule,1,patching monitoring,1,through open,1,a slogan,1
adds to,1,and opex,1,monitoring both,1,and transition,1,slogan bring,1
an already,1,leverage keep,1,both cloud,1,rights that,1,bring the,1
already risk,1,an alternate,1,and on,1,that lets,1,chair specifics,1
risk heavy,1,alternate only,1,failover components,1,lets the,1,a architecture,1
heavy profile,1,meet gates,1,components even,1,mayor be,1,in recommend,1
profile how,1,fast give,1,still comes,1,be right,1,modular explicitly,1
to weight,1,give novagrid,1,comes in,1,right about,1,explicitly not,1
it a,1,novagrid a,1,in below,1,about civitas,1,the tightly,1
simple triage,1,short deadline,1,below civitas,1,civitas while,1,controller version,1
triage framework,1,deadline e,1,civitas upfront,1,giving the,1,version specify,1
framework evidence,1,g business,1,upfront it,1,chair a,1,specify industry,1
evidence strength,1,days to,1,s no,1,concrete win,1,require named,1
strength how,1,deliver a,1,longer a,1,win lock,1,named standards,1
how reliable,1,a complete,1,clear budget,1,being engineered,1,models in,1
reliable is,1,complete failover,1,budget win,1,engineered out,1,in contract,1
claim low,1,price a,1,win especially,1,out contractually,1,contract b,1
low weight,1,a revised,1,especially given,1,contractually and,1,b contract,1
s rumor,1,revised schedule,1,your increased,1,and architecturally,1,make no,1
rumor secondhand,1,schedule a,1,increased emphasis,1,architecturally practically,1,in real,1
secondhand with,1,a fee,1,emphasis on,1,practically that,1,real put,1
with no,1,cap for,1,on operating,1,that points,1,put these,1
no timestamps,1,cloud and,1,costs c,1,plus hard,1,packet as,1
timestamps scope,1,maintenance for,1,c governance,1,terms make,1,as bullet,1
scope or,1,failover the,1,risk becomes,1,a measurable,1,bullet commitments,1
or verification,1,packet ready,1,becomes structural,1,measurable requirement,1,commitments data,1
verification higher,1,submission if,1,structural not,1,a talking,1,exports timing,1
higher weight,1,quickly you,1,not theoretical,1,talking point,1,with deliverables,1
can obtain,1,clean rationale,1,theoretical it,1,to satisfy,1,rights documented,1
obtain an,1,rationale to,1,s requirement,1,satisfy the,1,documented interfaces,1
incident ticket,1,to drop,1,effectively saying,1,chair and,1,logs no,1
ticket after,1,drop them,1,saying for,1,and inoculate,1,punitive fees,1
after action,1,them without,1,cloud alone,1,inoculate against,1,to retrieve,1
action report,1,without it,1,alone is,1,against the,1,retrieve city,1
report outage,1,it looking,1,not acceptable,1,system narrative,1,city data,1
duration affected,1,looking arbitrary,1,acceptable you,1,narrative put,1,data no,1
affected intersections,1,arbitrary immediate,1,a resilient,1,put anti,1,approval prevents,1
intersections and,1,next questions,1,resilient posture,1,in deliverables,1,prevents modular,1
and recovery,1,novagrid so,1,posture that,1,deliverables into,1,modular drifting,1
recovery actions,1,t buy,1,very normal,1,award recommendation,1,drifting back,1
actions relevance,1,buy a,1,normal stance,1,recommendation and,1,back into,1
relevance is,1,a vague,1,stance but,1,contract industry,1,into lock,1
it actually,1,vague promise,1,means novagrid,1,controllers named,1,c cost,1
actually similar,1,180k a,1,s default,1,named standards,1,predictability because,1
similar to,1,one time,1,default architecture,1,and confirmation,1,because tight,1
s in,1,the annual,1,architecture conflicts,1,of multi,1,budgets amplify,1
the ways,1,annual cost,1,conflicts with,1,of all,1,amplify lock,1
ways that,1,environment what,1,your infrastructure,1,all configuration,1,in pain,1
matter this,1,what failover,1,classification unless,1,configuration timing,1,pain civitas,1
this matters,1,failover mode,1,unless modified,1,plan data,1,lock becomes,1
more than,1,mode is,1,modified what,1,data and,1,major part,1
the brand,1,included cold,1,decision gates,1,export in,1,narrative include,1
brand similarity,1,standby vs,1,gates are,1,exhibit if,1,include a,1
similarity was,1,vs warm,1,now clearer,1,possible api,1,and note,1
management same,1,warm vs,1,clearer you,1,access define,1,note which,1
same comms,1,vs active,1,you now,1,define whether,1,which costs,1
comms topology,1,active and,1,now have,1,whether included,1,costs are,1
topology cellular,1,the stated,1,have two,1,or capped,1,are capped,1
cellular fiber,1,stated rto,1,two independent,1,capped cost,1,variable this,1
fiber radio,1,rpo during,1,independent gates,1,cost pre,1,you demonstrate,1
radio same,1,failover what,1,clear for,1,and scope,1,demonstrate learning,1
same controller,1,functions work,1,review documentation,1,scope so,1,learning from,1
controller family,1,work monitoring,1,documentation burden,1,so exiting,1,from the,1
family same,1,only plan,1,burden it,1,exiting isn,1,fiasco not,1
same failover,1,plan deployment,1,it acceptance,1,proprietary dependencies,1,promises mechanisms,1
failover model,1,deployment manual,1,acceptance conditional,1,dependencies identify,1,mechanisms how,1
model was,1,manual control,1,conditional on,1,identify what,1,to handle,1
it during,1,control reporting,1,on on,1,what remains,1,handle the,1
during a,1,reporting what,1,weeks if,1,remains proprietary,1,prior praise,1
event cyber,1,what additional,1,if either,1,proprietary and,1,praise optics,1
cyber incident,1,additional cybersecurity,1,either slips,1,s acceptable,1,optics management,1
incident upgrade,1,cybersecurity requirements,1,slips your,1,chair asks,1,management you,1
upgrade or,1,requirements apply,1,risk grows,1,asks how,1,to contradict,1
or routine,1,apply mfa,1,grows in,1,how is,1,contradict the,1
routine operations,1,mfa logging,1,in contrast,1,is this,1,mayor but,1
outage involved,1,logging key,1,contrast civitas,1,this different,1,also don,1
involved cloud,1,key management,1,clears dot,1,different from,1,to appear,1
dependency or,1,and are,1,dot automatically,1,from parking,1,appear directed,1
or central,1,are they,1,and doesn,1,parking you,1,directed suggested,1
management failure,1,they included,1,t inherently,1,can point,1,suggested approach,1
more relevant,1,included is,1,inherently force,1,these clauses,1,approach brief,1
relevant to,1,the weeks,1,force cloud,1,clauses pre,1,brief the,1
it concerns,1,weeks inclusive,1,governance exceptions,1,pre briefing,1,office privately,1
concerns severity,1,inclusive of,1,exceptions how,1,briefing strategy,1,privately we,1
severity and,1,of procurement,1,to respond,1,strategy two,1,re running,1
operational impact,1,procurement security,1,respond two,1,two meetings,1,running a,1
impact not,1,security review,1,two realistic,1,meetings one,1,documented vendor,1
just it,1,testing or,1,realistic paths,1,one deck,1,neutral process,1
it went,1,vendor configuration,1,paths path,1,deck identical,1,process civitas,1
went down,1,configuration time,1,a recommended,1,identical facts,1,currently leading,1
down weight,1,time bottom,1,recommended given,1,facts do,1,leading due,1
weight goes,1,line it,1,constraints pivot,1,do short,1,to governance,1
goes up,1,requirement significantly,1,pivot to,1,short pre,1,lifecycle factors,1
up sharply,1,significantly reduces,1,recommendation this,1,with mayor,1,factors particularly,1
sharply if,1,reduces novagrid,1,now the,1,s office,1,particularly modular,1
it caused,1,s fast,1,most council,1,office or,1,standards and,1
caused signals,1,and cheaper,1,defensible path,1,or cao,1,cost stability,1
signals to,1,cheaper advantage,1,path because,1,cao city,1,stability we,1
go dark,1,advantage and,1,avoids dot,1,city manager,1,re also,1
widely degraded,1,and increases,1,dependency avoids,1,manager mayor,1,also documenting,1
degraded coordination,1,increases both,1,avoids cloud,1,s liaison,1,documenting lock,1
coordination across,1,both implementation,1,exception complexity,1,liaison and,1,in protections,1
across a,1,implementation and,1,infrastructure directly,1,chair or,1,protections to,1
corridor for,1,lifecycle complexity,1,concerns via,1,or chair,1,address council,1
an extended,1,complexity unless,1,via modular,1,chair staff,1,concerns ask,1
extended period,1,unless novagrid,1,controllers supports,1,staff use,1,ask them,1
period created,1,can very,1,supports tighter,1,same page,1,them to,1
created unsafe,1,very quickly,1,opex planning,1,briefing for,1,avoid further,1
unsafe conditions,1,quickly provide,1,planning maintenance,1,for both,1,further public,1
conditions or,1,bounded cost,1,still address,1,both do,1,public advocacy,1
required police,1,cost it,1,address emergency,1,not tailor,1,advocacy until,1
police fire,1,re willing,1,needs by,1,tailor the,1,until council,1
fire traffic,1,willing to,1,by making,1,facts tailor,1,council action,1
traffic control,1,to absorb,1,making incident,1,tailor only,1,action so,1
control if,1,absorb the,1,capabilities contractual,1,only what,1,t look,1
was central,1,added cost,1,contractual requirements,1,you emphasize,1,like interference,1
central ui,1,time this,1,or integrating,1,emphasize suggested,1,interference if,1
ui unavailable,1,this development,1,integrating separate,1,suggested briefing,1,if asked,1
unavailable for,1,development further,1,separate incident,1,briefing outline,1,asked directly,1
for minutes,1,further supports,1,routing tools,1,outline one,1,directly the,1
minutes but,1,supports recommending,1,tools that,1,page project,1,s comment,1
but controllers,1,lowest gating,1,t require,1,project urgency,1,a selection,1
controllers ran,1,gating most,1,hosted signal,1,urgency month,1,selection factor,1
ran fixed,1,most budget,1,core path,1,support week,1,factor the,1
time safely,1,budget predictable,1,b only,1,selection what,1,the evaluation,1
safely it,1,predictable path,1,remains in,1,what changed,1,evaluation record,1
still important,1,share your,1,play require,1,changed dot,1,are how,1
important but,1,current target,1,a binding,1,adds weeks,1,to work,1
less severe,1,target go,1,binding waiver,1,novagrid it,1,work with,1
severe vendor,1,live date,1,failover implementation,1,requires on,1,chair proactively,1
vendor response,1,or latest,1,implementation plan,1,infrastructure recommendation,1,proactively so,1
response quality,1,latest acceptable,1,and renegotiate,1,modular lock,1,become adversarial,1
quality this,1,acceptable cutover,1,renegotiate if,1,protections open,1,adversarial request,1
real maturity,1,cutover i,1,alive don,1,terms cost,1,short pre,1
maturity test,1,map these,1,t treat,1,civitas year,1,pre brief,1
test even,1,these added,1,the 180k,1,fees failover,1,brief with,1
rare outage,1,added week,1,weeks as,1,m exposure,1,chair and,1
outage can,1,dot and,1,a casual,1,exposure what,1,and offer,1
be acceptable,1,and week,1,casual add,1,gets incident,1,offer three,1
acceptable if,1,week it,1,on make,1,package as,1,things the,1
vendor demonstrates,1,gates onto,1,it a,1,deliverables acceptance,1,the rubric,1
demonstrates rapid,1,onto a,1,a negotiated,1,tests talking,1,rubric and,1
rapid detection,1,path and,1,negotiated tightly,1,talking points,1,and gates,1
detection and,1,and show,1,tightly specified,1,points you,1,gates so,1
clear escalation,1,much buffer,1,specified deliverable,1,verbatim neutral,1,so he,1
escalation transparent,1,buffer you,1,deliverable minimum,1,neutral defensible,1,he sees,1
transparent root,1,truly have,1,minimum requirements,1,defensible if,1,sees you,1
cause analysis,1,have start,1,requirements a,1,asked about,1,not hiding,1
analysis rca,1,the truth,1,dated testable,1,prior praise,1,hiding the,1
rca within,1,truth you,1,testable failover,1,praise the,1,the ball,1
defined timeframe,1,can safely,1,architecture what,1,s comments,1,ball the,1
timeframe specific,1,safely say,1,over where,1,comments don,1,mitigation package,1
specific corrective,1,say and,1,where how,1,t drive,1,package architecture,1
corrective actions,1,and document,1,how fast,1,drive the,1,contract exit,1
actions patch,1,prior public,1,during transitions,1,is based,1,exit plan,1
patch config,1,public comment,1,transitions acceptance,1,on current,1,plan a,1
config change,1,comment is,1,acceptance testing,1,current documented,1,page lessons,1
change monitoring,1,a political,1,testing simulated,1,documented constraints,1,lessons learned,1
monitoring and,1,political fact,1,simulated loss,1,constraints dot,1,learned from,1
and proof,1,fact but,1,of wan,1,dot policy,1,from parking,1
proof the,1,it cannot,1,wan loss,1,policy timing,1,parking mapping,1
the fix,1,cannot be,1,of on,1,timing essential,1,mapping what,1
fix is,1,be allowed,1,prem partial,1,requirements lifecycle,1,what went,1
is deployed,1,allowed to,1,partial degradation,1,and lock,1,went wrong,1
deployed across,1,appear as,1,degradation clear,1,protections we,1,wrong then,1
across fleet,1,decision driver,1,clear responsibility,1,can enforce,1,then vs,1
fleet a,1,driver the,1,responsibility boundaries,1,enforce in,1,vs how,1
is slow,1,concern is,1,boundaries novagrid,1,contract if,1,deal prevents,1
slow defensive,1,is substantive,1,novagrid vs,1,asked are,1,prevents it,1
defensive or,1,substantive and,1,vs city,1,we just,1,it key,1
or vague,1,and aligns,1,it vs,1,just picking,1,key messaging,1
vague about,1,with good,1,vs integrator,1,picking civitas,1,messaging we,1
about rcas,1,good governance,1,controls cap,1,civitas because,1,choosing standard,1
rcas is,1,governance especially,1,cap cloud,1,because they,1,standard components,1
a bigger,1,especially after,1,include failover,1,they re,1,components where,1
bigger long,1,a fiasco,1,costs explicitly,1,re established,1,feasible we,1
outage itself,1,fiasco new,1,explicitly no,1,established no,1,buying our,1
itself what,1,new information,1,no surprise,1,no we,1,our exit,1
to do,1,information has,1,surprise support,1,re selecting,1,exit option,1
do with,1,has shifted,1,tiers remedies,1,selecting the,1,option up,1
it right,1,shifted the,1,remedies for,1,avoids two,1,front we,1
now pragmatically,1,risk picture,1,for missed,1,two new,1,re capping,1
pragmatically because,1,picture dot,1,missed failover,1,buildout for,1,capping operating,1
re on,1,failover makes,1,failover delivery,1,cloud we,1,volatility that,1
selection clock,1,makes novagrid,1,dates also,1,also requiring,1,that turns,1
clock treat,1,novagrid materially,1,also you,1,requiring open,1,turns the,1
treat this,1,materially harder,1,should ask,1,portability to,1,chair from,1
risk gating,1,to approve,1,can they,1,to prevent,1,a critic,1
gating question,1,approve slower,1,they deliver,1,prevent lock,1,critic into,1
question for,1,slower and,1,a local,1,in if,1,a co,1
novagrid ask,1,more expensive,1,local first,1,chair pushes,1,co owner,1
novagrid to,1,expensive than,1,first or,1,pushes hard,1,owner of,1
provide within,1,than cloud,1,or hybrid,1,hard on,1,of safeguards,1
short deadline,1,cloud only,1,hybrid primary,1,in we,1,safeguards keep,1
deadline e,1,only faster,1,primary architecture,1,treating lock,1,needs from,1
g business,1,rollout suggests,1,architecture where,1,in as,1,from becoming,1
business days,1,suggests your,1,where on,1,deliverable standard,1,becoming a,1
days known,1,your safest,1,prem is,1,controllers exportable,1,a political,1
known facts,1,safest posture,1,is primary,1,exportable configs,1,political wedge,1
facts date,1,is we,1,primary and,1,configs documented,1,wedge since,1
date time,1,re choosing,1,is secondary,1,assistance we,1,since emergency,1
time duration,1,best meets,1,secondary if,1,conditions and,1,services likes,1
duration scope,1,meets operational,1,not you,1,criteria protect,1,likes novagrid,1
scope how,1,operational needs,1,re signing,1,protect yourself,1,features avoid,1
many intersections,1,needs while,1,signing up,1,yourself and,1,avoid letting,1
intersections functional,1,while minimizing,1,up for,1,city process,1,letting that,1
functional impact,1,minimizing avoidable,1,a permanent,1,process hygiene,1,that become,1
impact central,1,avoidable approval,1,permanent dual,1,hygiene steps,1,become engineering,1
central vs,1,putting lock,1,dual stack,1,steps these,1,safety do,1
vs field,1,controls in,1,ask it,1,are practical,1,this define,1
field recovery,1,contract separate,1,t overbuild,1,practical cover,1,workflows require,1
recovery steps,1,separate optics,1,overbuild make,1,cover your,1,civitas and,1
steps preliminary,1,optics management,1,sure on,1,your work,1,and or,1
rca even,1,management from,1,is defined,1,work actions,1,to contractually,1
not final,1,from decision,1,defined precisely,1,actions that,1,training present,1
final what,1,decision integrity,1,precisely it,1,that reduce,1,present it,1
what failure,1,integrity you,1,it requirements,1,reduce political,1,choosing between,1
failure domain,1,can navigate,1,requirements can,1,risk create,1,between reliability,1
domain is,1,navigate politics,1,can range,1,create a,1,and emergency,1
is suspected,1,without compromising,1,range from,1,single evaluation,1,emergency response,1
suspected cloud,1,compromising integrity,1,from reasonable,1,memo that,1,response we,1
cloud provider,1,by doing,1,reasonable to,1,that explicitly,1,re specifying,1
provider networking,1,doing two,1,to gold,1,explicitly addresses,1,specifying both,1
networking software,1,two things,1,gold plated,1,addresses dot,1,both this,1
software release,1,things consistently,1,plated clarify,1,waiver impact,1,helps prevent,1
release database,1,consistently a,1,clarify is,1,impact week,1,prevent you,1
database config,1,a build,1,is failover,1,requirement 180k,1,ignored emergency,1
config certificate,1,build an,1,failover required,1,weeks opex,1,to follow,1
certificate identity,1,an auditable,1,management only,1,volatility maintenance,1,follow politics,1
identity etc,1,auditable record,1,only or,1,mitigation plan,1,a simple,1
etc how,1,record create,1,or also,1,plan architecture,1,simple two,1
system behaved,1,short decision,1,also for,1,clauses have,1,two audience,1
behaved during,1,record packet,1,for analytics,1,have procurement,1,audience deliverable,1
during the,1,packet pages,1,analytics reporting,1,procurement legal,1,deliverable package,1
outage did,1,pages that,1,reporting what,1,legal review,1,package deliver,1
did controllers,1,share identically,1,the acceptable,1,review any,1,same core,1
controllers operate,1,identically with,1,acceptable recovery,1,any conditional,1,core facts,1
and autonomously,1,with mayor,1,recovery time,1,conditional language,1,facts to,1
autonomously and,1,office budget,1,time objective,1,language especially,1,both offices,1
long can,1,chair council,1,objective rto,1,you propose,1,offices but,1
can they,1,council as,1,rto minutes,1,propose gates,1,but tuned,1
they do,1,as appropriate,1,minutes hours,1,gates log,1,tuned to,1
do so,1,appropriate include,1,hours does,1,log stakeholder,1,priorities for,1
so prevent,1,include the,1,does failover,1,input engineering,1,for mayor,1
prevent mitigate,1,gating items,1,failover mean,1,it and,1,office brevity,1
mitigate plan,1,items that,1,mean operators,1,and show,1,brevity delivery,1
plan monitoring,1,affect deliverability,1,still monitor,1,show how,1,delivery confidence,1
monitoring redundancy,1,deliverability dot,1,monitor and,1,each was,1,confidence we,1
redundancy release,1,timeline it,1,and push,1,was addressed,1,we will,1
release controls,1,requirement controller,1,push plans,1,addressed engineering,1,will meet,1
controls rollback,1,times opex,1,just signals,1,engineering predictability,1,and avoid,1
rollback process,1,predictability a,1,signals run,1,predictability via,1,cliff we,1
process dr,1,register with,1,run safely,1,via proven,1,clean path,1
testing cadence,1,with likelihood,1,safely locally,1,vendor price,1,through dot,1
cadence commitment,1,likelihood impact,1,locally is,1,lock emergency,1,governance we,1
commitment deliver,1,impact and,1,a warm,1,services incident,1,defensible public,1
deliver final,1,and mitigations,1,warm standby,1,requirements package,1,public narrative,1
rca by,1,mitigations a,1,standby acceptable,1,package with,1,narrative and,1
specific date,1,a lock,1,must it,1,with tests,1,and measurable,1
date and,1,mitigation plan,1,it be,1,slas it,1,outcomes for,1
and treat,1,plan contract,1,be hot,1,it essential,1,chair detail,1
contractual deliverable,1,clauses architecture,1,hot active,1,infrastructure resilience,1,detail safeguards,1
deliverable condition,1,choices a,1,active what,1,resilience requirements,1,safeguards lock,1
condition if,1,page recommendation,1,what audit,1,requirements satisfied,1,mitigation modular,1
t provide,1,recommendation with,1,audit security,1,satisfied without,1,standards data,1
provide credible,1,with why,1,security controls,1,without new,1,exit assistance,1
credible information,1,why and,1,controls are,1,new complexity,1,assistance year,1
information quickly,1,prevent repeat,1,are required,1,or explicitly,1,exposure caps,1
quickly you,1,repeat mistakes,1,required in,1,explicitly priced,1,variable costs,1
should weight,1,mistakes b,1,mode this,1,priced if,1,costs accountability,1
weight the,1,b don,1,this matters,1,not avoid,1,tests remedies,1
outage more,1,t do,1,matters because,1,avoid vendor,1,remedies what,1
more heavily,1,do separate,1,can reduce,1,specific adjectives,1,this means,1
heavily because,1,separate backchannel,1,reduce cost,1,adjectives in,1,your posture,1
of outage,1,backchannel versions,1,cost complexity,1,council materials,1,posture right,1
outage no,1,versions if,1,the requirement,1,materials innovative,1,dot and,1
no transparency,1,tell the,1,is scoped,1,innovative cutting,1,it updates,1
transparency is,1,office one,1,scoped to,1,cutting edge,1,say civitas,1
is what,1,one story,1,essential control,1,edge trusted,1,leading recommendation,1
council and,1,story and,1,control functions,1,trusted use,1,recommendation on,1
and ops,1,chair another,1,functions only,1,use testable,1,on governance,1
ops teams,1,another it,1,only recommendation,1,testable statements,1,are structuring,1
teams fear,1,it creates,1,recommendation update,1,statements requires,1,contract specifically,1
fear how,1,creates vulnerability,1,update based,1,requires waiver,1,specifically to,1
it affects,1,vulnerability use,1,on today,1,180k price,1,to neutralize,1
affects the,1,same narrative,1,today s,1,lock standard,1,risk that,1
your current,1,and same,1,s facts,1,controllers how,1,cleanest way,1
current situation,1,same documents,1,facts given,1,keep emergency,1,to navigate,1
situation standing,1,documents tailor,1,given dot,1,services from,1,navigate the,1
standing alone,1,tailor only,1,waiver adds,1,political wedge,1,political cross,1
alone a,1,only the,1,failover adding,1,wedge because,1,cross currents,1
rare but,1,the emphasis,1,adding 180k,1,because emergency,1,currents without,1
but noticeable,1,emphasis make,1,weeks budgets,1,services likes,1,without letting,1
noticeable outage,1,make vendor,1,are tightening,1,likes novagrid,1,letting them,1
outage under,1,first class,1,tightening opex,1,should prevent,1,them dictate,1
under investigation,1,class deliverable,1,predictability rising,1,prevent you,1,dictate the,1
investigation is,1,deliverable not,1,rising in,1,over safety,1,can draft,1
a yellow,1,a talking,1,in importance,1,safety narratives,1,a page,1
yellow flag,1,talking point,1,importance i,1,narratives put,1,page council,1
flag in,1,to neutralize,1,would treat,1,put an,1,council briefing,1
specific stack,1,neutralize the,1,a high,1,operations work,1,briefing summary,1
stack of,1,system shadow,1,high friction,1,work plan,1,summary a,1
of constraints,1,shadow you,1,friction higher,1,plan in,1,a bullet,1
gate already,1,in is,1,higher uncertainty,1,recommendation named,1,bullet lock,1
adds uncertainty,1,being handled,1,uncertainty option,1,named emergency,1,safeguards appendix,1
uncertainty it,1,handled concretely,1,and move,1,activation procedures,1,appendix and,1
infrastructure concerns,1,concretely regardless,1,move to,1,procedures evp,1,short script,1
concerns already,1,vendor commit,1,be kept,1,integration requirements,1,script for,1
complexity on,1,these non,1,kept as,1,loss scenario,1,your mayor,1
on 180k,1,negotiables standard,1,conditional alternative,1,scenario training,1,office budget,1
weeks and,1,controllers or,1,absorb additional,1,training and,1,chair pre,1
now an,1,or controller,1,additional time,1,drills this,1,pre briefs,1
signal in,1,neutrality with,1,services benefits,1,gives emergency,1,briefs what,1
similar architecture,1,with approved,1,demonstrated to,1,services something,1,what no,1
architecture it,1,equivalents city,1,be both,1,something concrete,1,delay implies,1
stronger reinforcing,1,data data,1,both substantial,1,to support,1,decision when,1
reinforcing factor,1,portability defined,1,substantial and,1,support even,1,a delayed,1
factor against,1,formats and,1,not otherwise,1,novagrid isn,1,delayed start,1
against choosing,1,and timelines,1,otherwise achievable,1,t selected,1,start has,1
novagrid for,1,assistance priced,1,achievable how,1,selected what,1,consequences the,1
can demonstrate,1,priced and,1,explain this,1,do this,1,decision should,1
demonstrate robust,1,and obligated,1,this to,1,week a,1,should prioritize,1
robust fail,1,obligated in,1,council succinctly,1,a tight,1,prioritize critical,1
mature incident,1,contract fee,1,succinctly novagrid,1,tight realistic,1,path certainty,1
rca process,1,controls caps,1,model can,1,realistic checklist,1,certainty i,1
process how,1,escalators clear,1,approved but,1,checklist draft,1,e the,1
to represent,1,exclusions acceptance,1,also requires,1,briefing evaluation,1,can mobilize,1
represent this,1,that include,1,review those,1,memo skeleton,1,mobilize kickoff,1
this in,1,include degraded,1,those added,1,skeleton confirm,1,kickoff ordering,1
your evaluation,1,civitas explicitly,1,added dependencies,1,it whether,1,ordering design,1
evaluation so,1,explicitly point,1,dependencies reduce,1,whether on,1,design pilot,1
s defensible,1,to their,1,lifecycle complexity,1,failover is,1,pilot with,1
defensible record,1,option as,1,system civitas,1,is non,1,the fewest,1
record it,1,the structural,1,keeping long,1,negotiable get,1,fewest gating,1
an operational,1,structural response,1,costs more,1,writing ask,1,gating approvals,1
reliability resilience,1,concerns and,1,predictable two,1,to commit,1,and least,1
resilience risk,1,terms that,1,lock the,1,commit in,1,least chance,1
risk indicator,1,it real,1,step does,1,writing to,1,pivot based,1
indicator with,1,real use,1,week timeline,1,the anti,1,now has,1
with pending,1,the new,1,timeline refer,1,terms above,1,has two,1
pending investigation,1,new external,1,refer to,1,above for,1,two explicit,1
investigation don,1,external constraints,1,award execution,1,option hold,1,explicit schedule,1
t score,1,constraints to,1,execution or,1,hold the,1,schedule gates,1
them down,1,keep the,1,or recommendation,1,two pre,1,can slow,1
down for,1,discussion factual,1,recommendation completion,1,same materials,1,or derail,1
the existence,1,factual not,1,completion it,1,materials schedule,1,derail a,1
existence of,1,personal right,1,changes how,1,schedule a,1,a timely,1
outage score,1,two strong,1,how risky,1,a joint,1,timely start,1
them on,1,strong defensible,1,risky the,1,joint internal,1,start dot,1
the documented,1,defensible facts,1,is when,1,internal alignment,1,waiver additional,1
documented outage,1,facts that,1,says weeks,1,alignment meeting,1,additional documentation,1
outage impact,1,that reduce,1,weeks added,1,meeting engineering,1,implementation plus,1
if known,1,reduce the,1,added is,1,emergency it,1,the overhead,1
known and,1,mayor picked,1,that calendar,1,to ensure,1,overhead of,1
the quality,1,picked them,1,calendar time,1,ensure no,1,of designing,1
quality speed,1,them narrative,1,time that,1,no one,1,designing testing,1
speed of,1,narrative civitas,1,that overlaps,1,one is,1,testing a,1
of their,1,weeks that,1,overlaps with,1,is surprised,1,a dual,1
their response,1,not about,1,with other,1,surprised at,1,dual environment,1
response and,1,about who,1,other work,1,at council,1,environment civitas,1
mitigations if,1,who likes,1,work or,1,council if,1,automatically and,1
ve heard,1,likes which,1,or true,1,current draft,1,and from,1
duration what,1,vendor it,1,true critical,1,draft recommendation,1,from what,1
what failed,1,s about,1,path extension,1,recommendation paragraph,1,shared does,1
failed whether,1,about approvability,1,extension lead,1,paragraph or,1,not introduce,1
whether signals,1,approvability and,1,lead with,1,or bullet,1,introduce a,1
signals stayed,1,schedule within,1,with process,1,bullet list,1,failover policy,1
stayed running,1,procurement window,1,process integrity,1,list and,1,policy obstacle,1
running locally,1,window and,1,integrity not,1,ll rewrite,1,obstacle so,1
locally and,1,cliff a,1,not personalities,1,rewrite it,1,so cannot,1
suggest how,1,practical engagement,1,personalities given,1,into council,1,cannot delay,1
to translate,1,engagement plan,1,s prior,1,council safe,1,delay start,1
specific scoring,1,plan what,1,prior praise,1,safe language,1,start pushes,1
scoring note,1,week step,1,praise the,1,language that,1,pushes you,1
note and,1,office minutes,1,primary political,1,that emphasizes,1,you strongly,1
a couple,1,minutes disciplined,1,risk isn,1,emphasizes fairness,1,strongly toward,1
couple of,1,disciplined goal,1,t choosing,1,fairness lock,1,now path,1
of contract,1,goal prevent,1,civitas it,1,in prevention,1,path recommended,1
conditions this,1,prevent them,1,the appearance,1,prevention and,1,path under,1
information is,1,them from,1,appearance of,1,schedule governance,1,the no,1
is pivotal,1,from selling,1,of favoritism,1,governance reality,1,constraint choose,1
pivotal it,1,selling civitas,1,favoritism your,1,reality without,1,start immediately,1
it effectively,1,civitas in,1,your safest,1,re advancing,1,immediately then,1
effectively takes,1,a way,1,safest stance,1,advancing the,1,then harden,1
takes civitas,1,way that,1,re following,1,prior preference,1,harden the,1
architecture off,1,that creates,1,following a,1,preference what,1,contract to,1
off the,1,creates procurement,1,gated evaluation,1,constraint implies,1,needs this,1
the table,1,risk suggested,1,evaluation tied,1,implies cannot,1,this lets,1
table as,1,suggested script,1,cost we,1,start effectively,1,lets you,1
your on,1,script we,1,will recommend,1,effectively means,1,you begin,1
time option,1,re aware,1,recommend the,1,vendor decision,1,begin project,1
it forces,1,prior comments,1,that clears,1,and notice,1,project mobilization,1
forces the,1,comments to,1,clears approvals,1,notice to,1,mobilization without,1
civitas choice,1,protect the,1,approvals with,1,proceed that,1,without waiting,1
choice to,1,city and,1,least risk,1,be executed,1,waiting on,1
be about,1,mayor we,1,and then,1,executed immediately,1,on waiver,1
modular variant,1,decision evidence,1,then contractually,1,on third,1,waiver security,1
variant with,1,evidence based,1,contractually prevents,1,approvals any,1,security review,1
availability versus,1,based and,1,prevents lock,1,any option,1,review outcomes,1
versus novagrid,1,and fully,1,in that,1,that requires,1,outcomes address,1
s approval,1,fully documented,1,that framing,1,requires approvals,1,in scrutiny,1
approval architecture,1,documented at,1,framing keeps,1,approvals design,1,scrutiny proactively,1
architecture hurdles,1,this point,1,keeps you,1,design changes,1,proactively modular,1
hurdles what,1,point civitas,1,on defensible,1,changes or,1,controllers exit,1
time update,1,especially their,1,defensible auditable,1,or added,1,exit terms,1
update changes,1,option appears,1,auditable ground,1,added components,1,terms keep,1
changes civitas,1,best meet,1,ground if,1,components that,1,services whole,1
controllers week,1,meet the,1,if this,1,that extend,1,whole by,1
push implementation,1,risk gates,1,this gets,1,extend implementation,1,by making,1
implementation past,1,concerns but,1,gets contentious,1,implementation becomes,1,making incident,1
months is,1,we will,1,contentious in,1,risk path,1,defined deliverable,1
just an,1,will document,1,in public,1,path even,1,a promise,1
an inconvenience,1,the basis,1,public session,1,feasible given,1,promise how,1
inconvenience it,1,basis and,1,session pre,1,facts novagrid,1,to start,1
path risk,1,contract safeguards,1,brief both,1,waiver with,1,without losing,1
control under,1,safeguards ask,1,both sides,1,with week,1,losing leverage,1
your politically,1,explicitly please,1,sides the,1,b on,1,leverage the,1
politically costly,1,please avoid,1,same way,1,dot history,1,practical sequencing,1
to delay,1,avoid statements,1,way and,1,history automatically,1,sequencing you,1
assumption this,1,statements that,1,document it,1,and based,1,can start,1
this option,1,that imply,1,it do,1,ve shared,1,start quickly,1
becomes hard,1,imply the,1,do two,1,shared doesn,1,quickly without,1
recommend unless,1,decision is,1,two short,1,t require,1,without giving,1
unless civitas,1,is predetermined,1,short pre,1,a cloud,1,giving civitas,1
secure inventory,1,predetermined we,1,briefs mayor,1,buildout to,1,civitas a,1
or provide,1,we ll,1,office and,1,meet essential,1,a blank,1
alternate controller,1,ll provide,1,chair or,1,governance where,1,blank check,1
controller plan,1,ready rationale,1,or their,1,where that,1,check by,1
that preserves,1,rationale when,1,their staff,1,that leaves,1,by structuring,1
preserves schedule,1,when it,1,staff using,1,you decision,1,start into,1
schedule or,1,s time,1,same slide,1,logic under,1,into phased,1
or phase,1,time step,1,slide deck,1,under no,1,phased commitments,1
phase the,1,chair minutes,1,deck and,1,delay default,1,commitments phase,1
the rollout,1,show your,1,same one,1,default executable,1,phase now,1
rollout without,1,your lock,1,page summary,1,executable path,1,now weeks,1
without those,1,controls goal,1,summary your,1,path award,1,weeks mobilize,1
those controllers,1,goal turn,1,your goal,1,best supports,1,mobilize with,1
controllers practically,1,turn a,1,goal is,1,supports an,1,with guardrails,1
practically don,1,a potential,1,avoid triangulation,1,an immediate,1,guardrails authorize,1
t recommend,1,potential critic,1,triangulation and,1,immediate start,1,authorize only,1
integrated unless,1,critic into,1,reduce surprises,1,start because,1,only what,1
contractually remove,1,governance ally,1,surprises what,1,it minimizes,1,avoid delay,1
the lead,1,ally suggested,1,to include,1,minimizes waiting,1,delay kickoff,1
s main,1,suggested structure,1,include facts,1,on someone,1,kickoff field,1
main advantage,1,structure start,1,facts not,1,someone else,1,field surveys,1
advantage just,1,we learned,1,not spin,1,else no,1,surveys inventory,1
just got,1,learned from,1,spin the,1,review gate,1,inventory comms,1
got bigger,1,system here,1,constraint and,1,gate no,1,comms assessments,1
bigger better,1,exact measures,1,cliff dot,1,mandated failover,1,assessments detailed,1
availability likely,1,measures we,1,s week,1,extends schedule,1,detailed design,1
likely means,1,putting in,1,review for,1,schedule modular,1,design for,1
means higher,1,in place,1,novagrid additional,1,option gives,1,for pilot,1
higher schedule,1,place so,1,documentation required,1,best response,1,pilot corridors,1
and fewer,1,can exit,1,required it,1,response to,1,corridors procurement,1
fewer supply,1,exit show,1,s condition,1,scrutiny you,1,procurement planning,1
chain surprises,1,of enforceable,1,approval on,1,still address,1,planning and,1
surprises the,1,enforceable terms,1,failover adds,1,address emergency,1,lead identification,1
off is,1,terms controller,1,concern and,1,services goals,1,identification development,1
is now,1,assistance fee,1,you propose,1,goals by,1,development of,1
now explicit,1,caps then,1,propose to,1,contractual deliverable,1,tests including,1
explicit controller,1,how civitas,1,mitigate it,1,integration procedures,1,scenarios contract,1
availability lock,1,terms produces,1,it regardless,1,drills acceptance,1,contract structure,1
in reduction,1,produces lower,1,of vendor,1,tests novagrid,1,structure to,1
reduction vs,1,lower lock,1,vendor after,1,a only,1,to support,1
vs fewer,1,in than,1,after each,1,it clears,1,support this,1
deployments less,1,than civitas,1,each pre,1,clears gates,1,this a,1
less maturity,1,integrated step,1,brief send,1,gates fast,1,short notice,1
maturity of,1,step put,1,send a,1,enough not,1,for mobilization,1
of that,1,put your,1,short email,1,not to,1,mobilization with,1
modular configuration,1,legal guardrails,1,email recap,1,to threaten,1,with capped,1
configuration novagrid,1,guardrails in,1,recap to,1,threaten start,1,capped spend,1
s relative,1,writing ask,1,to create,1,start option,1,spend clear,1
relative position,1,city attorney,1,create a,1,option given,1,clear exit,1
position doesn,1,attorney procurement,1,clean record,1,is viable,1,transition provisions,1
t improve,1,procurement officer,1,record here,1,is initiated,1,provisions already,1
improve from,1,officer and,1,s what,1,initiated immediately,1,already agreed,1
from this,1,and ethics,1,we covered,1,is highly,1,agreed in,1
this it,1,ethics officer,1,covered here,1,highly likely,1,in principle,1
it still,1,officer if,1,steps here,1,to clear,1,principle phase,1
has dot,1,have one,1,the remaining,1,clear without,1,phase weeks,1
it required,1,one to,1,uncertainties make,1,without iteration,1,weeks pilot,1
required on,1,to bless,1,package the,1,iteration and,1,acceptance framework,1
plus the,1,bless the,1,headline deliverable,1,failover design,1,framework deploy,1
signal you,1,the communication,1,deliverable to,1,design procurement,1,or small,1
you heard,1,communication approach,1,to navigate,1,procurement testing,1,small district,1
about a,1,approach any,1,navigate the,1,testing does,1,district early,1
system so,1,any conditional,1,focus don,1,not jeopardize,1,early validate,1
so civitas,1,language if,1,just say,1,jeopardize visible,1,validate reliability,1
civitas supply,1,if contemplated,1,say modular,1,visible start,1,reliability operator,1
issue doesn,1,contemplated the,1,modular bring,1,milestones in,1,workflow incident,1
the safe,1,the documentation,1,bring a,1,practice that,1,incident playbooks,1
safe schedule,1,documentation that,1,a specific,1,to guarantee,1,playbooks reporting,1
schedule bet,1,shows decision,1,specific enforceable,1,guarantee inside,1,reporting and,1
bet it,1,decision independence,1,enforceable lock,1,inside political,1,rollback only,1
it mainly,1,independence this,1,package that,1,political time,1,only after,1
mainly shifts,1,not bureaucracy,1,that would,1,time pressure,1,after passing,1
shifts you,1,bureaucracy it,1,would apply,1,pressure how,1,passing defined,1
only civitas,1,s protection,1,apply to,1,without painting,1,defined acceptance,1
civitas path,1,protection if,1,to any,1,painting yourself,1,criteria authorize,1
still looks,1,if anyone,1,any award,1,yourself into,1,authorize full,1
looks controllable,1,anyone later,1,and especially,1,a corner,1,rollout this,1
controllable how,1,later alleges,1,especially to,1,corner no,1,this approach,1
to weigh,1,alleges favoritism,1,civitas elements,1,no regrets,1,approach preserves,1
weigh fewer,1,favoritism how,1,elements that,1,regrets start,1,preserves your,1
deployments for,1,to position,1,that read,1,start plan,1,your ability,1
modular treat,1,position the,1,read well,1,plan whether,1,we started,1
treat cities,1,recommendation so,1,well to,1,you award,1,started on,1
years as,1,so both,1,to a,1,civitas now,1,re scaling,1
manageable technology,1,both sides,1,chair standard,1,now or,1,scaling based,1
technology implementation,1,sides can,1,controller requirement,1,or still,1,on evidence,1
implementation risk,1,with it,1,requirement civitas,1,still keep,1,evidence what,1
can verify,1,you end,1,modular multi,1,novagrid alive,1,should demand,1
verify and,1,up recommending,1,multi source,1,alive for,1,demand upfront,1
contract around,1,the framing,1,source procurement,1,short window,1,upfront from,1
around it,1,framing that,1,procurement language,1,window structure,1,make modular,1
it because,1,that harmonizes,1,language data,1,structure the,1,modular real,1
still backed,1,harmonizes both,1,rights configs,1,the start,1,real and,1
backed by,1,political pressures,1,data at,1,start around,1,council safe,1
by an,1,pressures is,1,charge published,1,around work,1,safe since,1
s implementation,1,office this,1,published interfaces,1,work that,1,since the,1
implementation support,1,choice consistent,1,no api,1,is valuable,1,is modular,1
support org,1,with regional,1,api tollbooths,1,valuable either,1,is marketing,1
org and,1,regional practice,1,tollbooths later,1,either way,1,marketing lock,1
controllers which,1,practice and,1,later transition,1,way mobilization,1,lock these,1
which reduces,1,and external,1,future termination,1,mobilization governance,1,these into,1
the risk,1,coordination realities,1,termination exit,1,governance kickoff,1,contract standards,1
being trapped,1,realities to,1,exit plan,1,kickoff stakeholder,1,standards substitutions,1
trapped if,1,not buying,1,plan what,1,stakeholder alignment,1,substitutions require,1
something underperforms,1,locked black,1,city receives,1,alignment project,1,exports of,1
underperforms but,1,black box,1,receives on,1,project controls,1,of timing,1
should not,1,box we,1,on day,1,controls communications,1,timelines schedule,1
not accept,1,based field,1,day year,1,plan confirm,1,protections milestones,1
accept fewer,1,field architecture,1,year and,1,confirm corridor,1,critical dates,1
deployments casually,1,explicit exit,1,life documentation,1,corridor priorities,1,dates incident,1
casually convert,1,exit rights,1,documentation backups,1,priorities construction,1,scenarios become,1
convert it,1,rights plus,1,backups credentials,1,season constraints,1,become acceptance,1
into evidence,1,plus capped,1,credentials configs,1,constraints permitting,1,behavior if,1
evidence acceptance,1,capped supportable,1,configs if,1,permitting lead,1,if delay,1
tests what,1,supportable operating,1,do choose,1,times asset,1,becomes absolutely,1
should require,1,you explicitly,1,modular you,1,asset inventory,1,absolutely necessary,1
require to,1,explicitly acknowledge,1,credibly tell,1,inventory and,1,necessary define,1
get comfortable,1,acknowledge tradeoffs,1,tell the,1,and field,1,the trigger,1
comfortable reference,1,tradeoffs novagrid,1,we selected,1,field validation,1,trigger don,1
checks specifically,1,has compelling,1,selected the,1,validation intersection,1,drift into,1
deployments not,1,compelling incident,1,reduces lock,1,intersection by,1,into it,1
civitas generally,1,capabilities but,1,we wrote,1,by intersection,1,it even,1
generally a,1,requirement introduce,1,wrote the,1,intersection survey,1,modular you,1
clear list,1,introduce schedule,1,so lock,1,survey cabinets,1,predefine what,1
of what,1,we cannot,1,is contractually,1,cabinets controllers,1,justify a,1
s new,1,responsibly accept,1,contractually constrained,1,controllers detection,1,delay so,1
new vs,1,accept without,1,constrained not,1,comms power,1,s defensible,1
vs reused,1,jeopardizing deliverability,1,promised acknowledge,1,power ada,1,defensible rather,1
reused components,1,deliverability red,1,acknowledge the,1,ada ped,1,than reactive,1
components software,1,red lines,1,s comment,1,ped features,1,reactive typical,1
software stack,1,lines avoid,1,comment without,1,features validate,1,typical triggers,1
stack comms,1,avoid these,1,it drive,1,validate as,1,triggers inability,1
central controller,1,these don,1,record if,1,builts vs,1,to procure,1
controller integration,1,t cite,1,if asked,1,vs reality,1,procure required,1
integration layer,1,cite the,1,asked directly,1,reality this,1,hardware within,1
layer a,1,s praise,1,it simple,1,prevents costly,1,a buffered,1
plan pilot,1,praise as,1,and factual,1,costly mid,1,buffered timeline,1
corridor expand,1,a reason,1,factual suggested,1,mid project,1,timeline failure,1
expand with,1,reason to,1,suggested language,1,project surprises,1,failure to,1
rollback capability,1,to pick,1,language the,1,surprises communications,1,to pass,1
capability strong,1,pick civitas,1,mayor previously,1,communications and,1,pass pilot,1
strong warranty,1,civitas ever,1,previously mentioned,1,and infrastructure,1,pilot acceptance,1
warranty sla,1,ever don,1,mentioned civitas,1,infrastructure prep,1,criteria stability,1
sla on,1,t dismiss,1,civitas favorably,1,prep fiber,1,stability safety,1
site support,1,dismiss the,1,favorably but,1,cellular upgrades,1,safety operational,1
support during,1,concern as,1,but staff,1,upgrades cabinet,1,operational workflow,1
during cutover,1,as political,1,staff s,1,ups decisions,1,workflow discovery,1
cutover contractual,1,political treat,1,s recommendation,1,decisions grounding,1,discovery of,1
contractual clarity,1,real engineering,1,is based,1,grounding checks,1,of unresolvable,1
on interoperability,1,engineering fiscal,1,current procurement,1,checks these,1,unresolvable integration,1
interoperability data,1,fiscal risk,1,procurement record,1,these steps,1,integration constraints,1
export so,1,risk don,1,controls particularly,1,steps usually,1,constraints e,1
you preserve,1,let civitas,1,particularly approval,1,usually benefit,1,g legacy,1
leverage where,1,modular claim,1,path schedule,1,benefit any,1,legacy cabinet,1
decision right,1,claim remain,1,predictability the,1,any modern,1,cabinet conditions,1
now civitas,1,remain a,1,terms are,1,adaptive system,1,conditions comms,1
likely not,1,promise require,1,are specifically,1,system operational,1,comms limits,1
not recommendable,1,evidence reference,1,specifically designed,1,operational readiness,1,limits backup,1
recommendable unless,1,cities upgrade,1,designed to,1,readiness planning,1,backup if,1
can neutralize,1,and put,1,address the,1,planning training,1,we must,1
leading civitas,1,put portability,1,concerns avoid,1,training plan,1,must absorb,1
civitas option,1,exit into,1,avoid defending,1,plan maintenance,1,absorb delay,1
and likely,1,contract two,1,defending the,1,maintenance sop,1,delay options,1
likely the,1,two questions,1,mayor defend,1,sop updates,1,options so,1
overall leading,1,affect how,1,defend the,1,updates incident,1,not cornered,1
leading option,1,how aggressive,1,the evaluation,1,mode playbooks,1,cornered if,1
option provided,1,aggressive you,1,evaluation put,1,playbooks acceptance,1,becomes unavoidable,1
you validate,1,politically are,1,put novagrid,1,plan this,1,unavoidable having,1
deployments and,1,are you,1,s disadvantages,1,project started,1,having a,1
contract novagrid,1,you required,1,disadvantages in,1,started in,1,a mitigation,1
novagrid still,1,required to,1,governance critical,1,visible defensible,1,mitigation plan,1
still faces,1,to produce,1,path terms,1,defensible way,1,plan reduces,1
faces two,1,a formal,1,terms not,1,way even,1,reduces political,1
two gating,1,formal scoring,1,not preference,1,even while,1,political damage,1
gating approvals,1,scoring matrix,1,preference terms,1,while final,1,damage phased,1
added time,1,matrix for,1,t want,1,final vendor,1,cutover prioritize,1
cost it,1,council or,1,to attack,1,specific configuration,1,prioritize highest,1
schedule safe,1,or is,1,attack novagrid,1,configuration work,1,highest failure,1
safe alternative,1,a narrative,1,novagrid you,1,work ramps,1,failure corridors,1
alternative immediate,1,narrative memo,1,to show,1,ramps up,1,corridors first,1
immediate next,1,memo acceptable,1,show why,1,up if,1,first keep,1
steps to,1,acceptable is,1,s harder,1,you truly,1,keep legacy,1
to keep,1,council vote,1,recommend right,1,truly must,1,legacy running,1
keep schedule,1,vote an,1,now neutral,1,must keep,1,running elsewhere,1
and strengthen,1,an approval,1,neutral framing,1,in play,1,elsewhere bridge,1
strengthen your,1,approval of,1,be approvable,1,play for,1,bridge support,1
council case,1,just an,1,approvable but,1,short time,1,support plan,1
case get,1,an informational,1,requires dot,1,time do,1,plan for,1
get civitas,1,informational review,1,failover condition,1,it with,1,the legacy,1
modular controller,1,with administrative,1,cloud acceptance,1,with hard,1,system extended,1
availability in,1,administrative award,1,acceptance adding,1,hard deadlines,1,support or,1
writing specific,1,award authority,1,adding cost,1,deadlines if,1,or third,1
specific controller,1,authority if,1,time those,1,allow you,1,party maintenance,1
models suppliers,1,tight memo,1,those are,1,can set,1,maintenance to,1
suppliers lead,1,outline and,1,are schedule,1,set a,1,protect the,1
and alternates,1,points that,1,dependencies in,1,a drop,1,cliff interim,1
alternates whether,1,that minimize,1,in an,1,drop dead,1,interim reliability,1
civitas or,1,minimize optics,1,an already,1,dead gate,1,reliability fixes,1
or the,1,optics risk,1,already tight,1,gate date,1,fixes spares,1
can procure,1,keeping your,1,tight window,1,date internal,1,spares targeted,1
procure make,1,recommendation strong,1,window this,1,internal without,1,targeted controller,1
make schedule,1,strong and,1,is persuasive,1,without calling,1,controller replacements,1
schedule a,1,defensible what,1,persuasive because,1,calling it,1,replacements comms,1
contractual commitment,1,this constraint,1,s about,1,that publicly,1,comms stabilization,1
commitment milestone,1,constraint implies,1,about process,1,publicly by,1,stabilization to,1
acceptance remedies,1,implies start,1,and timing,1,day x,1,reduce failure,1
remedies if,1,time irreversibly,1,timing not,1,x e,1,failure headlines,1
slip expedite,1,irreversibly commit,1,not taste,1,days novagrid,1,headlines during,1
expedite costs,1,commit on,1,taste offer,1,novagrid submits,1,during transition,1
costs borne,1,on day,1,offer the,1,submits complete,1,transition where,1
borne by,1,day you,1,chair a,1,complete dot,1,leaves novagrid,1
by vendor,1,can protect,1,a governance,1,packet it,1,novagrid under,1
vendor substitutions,1,protect political,1,governance role,1,it approved,1,delay posture,1
substitutions etc,1,and technical,1,role without,1,approved failover,1,posture novagrid,1
etc run,1,technical contract,1,reopening procurement,1,failover architecture,1,be kept,1
run modular,1,contract integrity,1,procurement a,1,schedule by,1,kept as,1
modular specific,1,by splitting,1,practical political,1,day y,1,a comparison,1
specific diligence,1,splitting the,1,political move,1,y e,1,comparison point,1
diligence fast,1,project into,1,move is,1,days you,1,point but,1
fast call,1,into immediate,1,to propose,1,have written,1,but practically,1
call modular,1,immediate start,1,propose an,1,written indications,1,practically it,1
cities focus,1,start activities,1,an oversight,1,indications from,1,long shot,1
on stability,1,are valuable,1,oversight checkpoint,1,from dot,1,shot unless,1
burden upgrade,1,valuable no,1,checkpoint structure,1,that approval,1,unless the,1
upgrade issues,1,no matter,1,increases council,1,on track,1,failover design,1
issues and,1,matter what,1,council confidence,1,track with,1,design can,1
any surprises,1,what low,1,confidence without,1,major gaps,1,be completed,1
surprises document,1,and commitment,1,without changing,1,gaps if,1,completed in,1
document why,1,commitment activities,1,changing the,1,if those,1,parallel without,1
why integrated,1,lock architecture,1,procurement outcome,1,those aren,1,without affecting,1
integrated is,1,architecture cost,1,outcome improperly,1,t met,1,affecting start,1
not chosen,1,cost high,1,improperly examples,1,met you,1,start activities,1
chosen proprietary,1,high regret,1,examples a,1,you proceed,1,activities and,1
times introduce,1,should only,1,a day,1,proceed fully,1,city is,1
introduce unacceptable,1,only happen,1,day post,1,fully with,1,is willing,1
unacceptable schedule,1,happen after,1,post award,1,you from,1,to accept,1
risk modular,1,gates clear,1,award checkpoint,1,from slow,1,accept the,1
you draft,1,clear this,1,checkpoint report,1,slow roll,1,recurring fee,1
draft the,1,is standard,1,report to,1,roll into,1,exposure or,1
exact council,1,standard engineering,1,council delivery,1,into delay,1,novagrid agrees,1
council proof,1,engineering risk,1,delivery status,1,delay delay,1,agrees to,1
proof language,1,risk management,1,status interoperability,1,delay contingency,1,to strong,1
language that,1,management under,1,interoperability artifacts,1,contingency since,1,strong caps,1
that explains,1,pressure start,1,artifacts delivered,1,since you,1,caps and,1
explains a,1,start what,1,delivered data,1,you said,1,operational guarantees,1
a why,1,s reversible,1,export test,1,said you,1,guarantees given,1
modular actually,1,reversible gate,1,test completed,1,ll deal,1,longer the,1
actually reduces,1,s irreversible,1,completed controller,1,deal with,1,faster start,1
risk addressing,1,irreversible given,1,sourcing confirmed,1,if absolutely,1,start option,1
addressing the,1,given current,1,confirmed a,1,absolutely necessary,1,option if,1
and b,1,current facts,1,a requirement,1,necessary if,1,short start,1
b why,1,facts which,1,requirement that,1,something forces,1,now plan,1
why choosing,1,supports no,1,vendor deliver,1,forces delay,1,plan slide,1
just following,1,delay civitas,1,package docs,1,delay anyway,1,slide critical,1
following the,1,now strongly,1,docs export,1,anyway e,1,path first,1
prior praise,1,strongly advantaged,1,export scripts,1,g unexpected,1,first day,1
praise but,1,advantaged for,1,scripts schema,1,unexpected procurement,1,day milestones,1
but responding,1,time start,1,schema by,1,procurement protest,1,specific contract,1
responding to,1,start because,1,by a,1,protest supply,1,contract clauses,1
to verifiable,1,gate novagrid,1,defined milestone,1,chain shock,1,clauses that,1
verifiable supply,1,two gating,1,milestone with,1,shock have,1,optics the,1
chain and,1,gating adds,1,acceptance this,1,a mitigation,1,logic i,1
governance constraints,1,adds dot,1,this shows,1,mitigation ready,1,m applying,1
constraints a,1,weeks budgets,1,shows respect,1,ready so,1,applying right,1
failure will,1,budgets tightening,1,respect for,1,city isn,1,now start,1
less on,1,tightening elevates,1,issue while,1,t exposed,1,negotiable gates,1
the technical,1,elevates opex,1,keeping procurement,1,exposed operationally,1,fail because,1
technical details,1,predictability civitas,1,procurement intact,1,operationally bridge,1,because your,1
details and,1,and via,1,intact have,1,bridge support,1,is tight,1
and more,1,via modular,1,can tie,1,support for,1,tight this,1
more on,1,controllers practical,1,tie to,1,the current,1,this isn,1
it fits,1,practical takeaway,1,acceptance and,1,system extended,1,t which,1
fits an,1,takeaway if,1,and payment,1,extended support,1,best overall,1
an existing,1,if start,1,payment what,1,contract spare,1,overall it,1
existing story,1,start must,1,what not,1,parts purchase,1,s which,1
story about,1,must not,1,not to,1,purchase targeted,1,viable without,1
about why,1,not slip,1,do common,1,targeted stabilization,1,without blowing,1
chose that,1,slip your,1,common pitfalls,1,stabilization phased,1,blowing up,1
had controls,1,your least,1,pitfalls don,1,phased cutover,1,up the,1
controls in,1,least risk,1,t argue,1,cutover prioritizing,1,schedule or,1
in place,1,and structure,1,argue the,1,prioritizing highest,1,or approvals,1
place resilience,1,to directly,1,mayor likes,1,highest failure,1,approvals gate,1
resilience slas,1,directly address,1,likes them,1,failure intersections,1,gate a,1
slas transparency,1,ensure operability,1,them that,1,intersections first,1,we start,1
transparency and,1,operability how,1,s radioactive,1,first temporary,1,time without,1
an ability,1,immediately without,1,radioactive don,1,temporary operational,1,without high,1
to recover,1,without painting,1,t promise,1,operational measures,1,high risk,1
recover quickly,1,painting yourself,1,promise we,1,measures retiming,1,risk external,1
quickly below,1,yourself into,1,can always,1,retiming critical,1,external dependencies,1
is how,1,a corner,1,always switch,1,critical corridors,1,dependencies you,1
same minor,1,corner define,1,switch later,1,corridors added,1,said delay,1
failure is,1,define project,1,later unless,1,added technician,1,delay has,1
to land,1,start as,1,have contract,1,technician coverage,1,treat start,1
land politically,1,a phase,1,language and,1,coverage to,1,time as,1
operationally for,1,phase mobilization,1,tested exports,1,reduce risk,1,hard constraint,1
each path,1,design package,1,exports to,1,risk during,1,constraint anything,1
path how,1,can do,1,to back,1,the gap,1,anything that,1
how a,1,this with,1,back it,1,gap bottom,1,that requires,1
failure would,1,with either,1,it up,1,recommendation under,1,requires additional,1
be interpreted,1,s much,1,up don,1,your stated,1,additional approvals,1
interpreted if,1,much safer,1,t let,1,stated constraint,1,approvals special,1
novagrid likely,1,safer with,1,let council,1,constraint given,1,special designs,1
we bet,1,civitas given,1,members negotiate,1,given no,1,designs or,1
bet on,1,the external,1,negotiate vendor,1,delay as,1,or exception,1
newer cloud,1,gates on,1,vendor terms,1,a top,1,exception processes,1
cloud dependent,1,novagrid phase,1,terms directly,1,top requirement,1,processes becomes,1
dependent vendor,1,phase deliverables,1,it staff,1,requirement and,1,major risk,1
that needed,1,deliverables start,1,staff procurement,1,the newly,1,gate b,1
needed exceptions,1,immediately low,1,procurement led,1,newly surfaced,1,b can,1
waivers and,1,regret these,1,led to,1,surfaced dot,1,we plausibly,1
it didn,1,these should,1,protect fairness,1,gating burdens,1,plausibly reach,1
t pay,1,be explicitly,1,fairness and,1,burdens on,1,reach stable,1
pay off,1,explicitly in,1,reduce protest,1,path is,1,with buffer,1
off why,1,and scheduled,1,clean narrative,1,is proceed,1,buffer not,1
harshly dot,1,scheduled in,1,that satisfies,1,proceed to,1,just vendor,1
waiver it,1,first weeks,1,satisfies both,1,modular explicitly,1,vendor rollout,1
exception failover,1,weeks field,1,both political,1,explicitly marketed,1,months also,1
failover any,1,field asset,1,political poles,1,marketed as,1,also supply,1
any outage,1,asset inventory,1,poles if,1,mitigation choice,1,times integration,1
outage invites,1,inventory as,1,your likely,1,choice and,1,and rework,1
invites we,1,as builts,1,modular the,1,and embed,1,rework risk,1
we were,1,builts validation,1,the narrative,1,embed incident,1,gate c,1
were warned,1,validation controllers,1,to land,1,as mandatory,1,c can,1
warned reactions,1,cabinets detection,1,land is,1,mandatory deliverables,1,with high,1
reactions especially,1,detection comms,1,path and,1,deliverables with,1,confidence on,1
especially from,1,comms communications,1,and strongest,1,tests so,1,timeline based,1
from it,1,communications network,1,strongest schedule,1,so emergency,1,on new,1
it and,1,readiness plan,1,schedule confidence,1,services needs,1,new facts,1
council cloud,1,plan segmentation,1,confidence for,1,needs are,1,review requiring,1
hosting even,1,segmentation backhaul,1,we specifically,1,are met,1,s two,1
failover failures,1,backhaul redundancy,1,proprietary lock,1,met without,1,two real,1
failures often,1,redundancy intersections,1,requiring standard,1,without betting,1,real gates,1
often get,1,intersections prioritization,1,and enforceable,1,schedule on,1,gates civitas,1
get attributed,1,prioritization migration,1,enforceable portability,1,complexity if,1,clears dot,1
attributed to,1,migration sequencing,1,portability terms,1,procurement framework,1,dot automatically,1
to architecture,1,sequencing corridors,1,terms we,1,framework permits,1,automatically no,1
choices not,1,corridors critical,1,we preserved,1,permits a,1,no new,1
just the,1,critical routes,1,preserved incident,1,conditional dual,1,it gating,1
specific bug,1,routes schools,1,needs through,1,track approach,1,gating disclosed,1
bug shorter,1,schools hospitals,1,through required,1,approach even,1,disclosed gate,1
record less,1,hospitals acceptance,1,required incident,1,even informally,1,gate d,1
less benefit,1,plan including,1,mode capabilities,1,informally i,1,d can,1
benefit of,1,including degraded,1,hooks with,1,cleanest structure,1,can long,1
the doubt,1,scenarios controller,1,tests immediate,1,and wording,1,costs be,1
doubt people,1,standards spares,1,steps hours,1,wording to,1,be forecast,1
people default,1,strategy especially,1,hours produce,1,preserve fairness,1,and controlled,1
default to,1,especially important,1,produce a,1,fairness while,1,controlled tight,1
to immature,1,important for,1,a slide,1,while protecting,1,budgets i,1
immature product,1,for lock,1,decision backbone,1,protecting the,1,treat cost,1
product budget,1,optics training,1,backbone deck,1,the cannot,1,volatility as,1
chair even,1,plan staffing,1,deck gates,1,start mandate,1,as risk,1
small incident,1,model who,1,gates tradeoffs,1,mandate the,1,risk adjustable,1
incident can,1,what at,1,tradeoffs mitigations,1,logic i,1,operational surfaces,1
be framed,1,m these,1,mitigations schedule,1,m applying,1,surfaces like,1
the first,1,these create,1,schedule the,1,applying right,1,like maintaining,1
first sign,1,create visible,1,the two,1,treat your,1,maintaining failover,1
sign of,1,progress and,1,two pre,1,constraints as,1,failover infrastructure,1
a long,1,reduce downstream,1,briefs send,1,as hard,1,infrastructure are,1
term lock,1,downstream risk,1,send identical,1,hard gates,1,are negatives,1
in recurring,1,risk regardless,1,identical materials,1,gates not,1,negatives unless,1
fee problem,1,vendor gate,1,materials ask,1,not soft,1,contractually capped,1
problem what,1,gate irreversible,1,ask legal,1,soft preferences,1,capped and,1
helps novagrid,1,irreversible commitments,1,legal procurement,1,preferences because,1,operationally simple,1
happens clear,1,commitments do,1,procurement to,1,t politically,1,simple if,1
clear evidence,1,not do,1,to bless,1,politically delay,1,vendor fails,1
evidence controllers,1,do these,1,bless a,1,and end,1,fails one,1
controllers stayed,1,these without,1,a proposed,1,support is,1,gates or,1
stayed safe,1,without cleared,1,proposed portability,1,months i,1,can only,1
safe locally,1,cleared terms,1,portability clauses,1,m assuming,1,only pass,1
locally no,1,terms ordering,1,clauses b,1,assuming these,1,pass via,1
no dark,1,ordering large,1,b any,1,are non,1,via optimistic,1
dark intersections,1,large quantities,1,any acceptance,1,gates no,1,optimistic assumptions,1
intersections quick,1,quantities of,1,test tied,1,external approvals,1,assumptions i,1
quick restoration,1,of any,1,payments c,1,approvals on,1,t average,1
restoration and,1,vendor specific,1,c what,1,could slip,1,average it,1
a strong,1,specific hardware,1,say publicly,1,slip start,1,it out,1
strong rca,1,hardware unless,1,publicly about,1,start or,1,out with,1
rca with,1,s industry,1,about vendor,1,there are,1,with other,1
with fixes,1,standard with,1,vendor comparisons,1,are they,1,other strengths,1
fixes if,1,with substitutions,1,comparisons if,1,they must,1,strengths the,1
option likely,1,allowed finalizing,1,you paste,1,be already,1,reason is,1
chose an,1,finalizing long,1,your draft,1,already cleared,1,is temporal,1
but did,1,term licensing,1,draft recommendation,1,cleared or,1,temporal there,1
we buy,1,licensing hosting,1,or your,1,or near,1,there isn,1
buy a,1,hosting commitments,1,current slide,1,near certain,1,t enough,1
newer variant,1,commitments without,1,slide outline,1,certain within,1,enough time,1
variant that,1,without fee,1,outline i,1,days essential,1,time cushion,1
that wasn,1,terms committing,1,can rewrite,1,infrastructure operability,1,cushion for,1
wasn t,1,committing to,1,rewrite it,1,operability safe,1,for heroic,1
fully mature,1,to architecture,1,council proof,1,fallback and,1,heroic recoveries,1
mature why,1,choices that,1,proof language,1,and manageability,1,recoveries if,1
less harshly,1,that block,1,is firm,1,manageability if,1,if multiple,1
harshly than,1,block later,1,firm neutral,1,if central,1,multiple vendors,1
than novagrid,1,later migration,1,neutral and,1,central connectivity,1,vendors pass,1
novagrid usually,1,migration proprietary,1,and explicitly,1,impaired council,1,pass gates,1
usually civitas,1,proprietary data,1,explicitly addresses,1,defensible anti,1,gates then,1
civitas has,1,data formats,1,without sounding,1,in posture,1,then score,1
vendor halo,1,formats inaccessible,1,sounding defensive,1,posture architecture,1,score on,1
halo stakeholders,1,inaccessible configs,1,defensive what,1,competition and,1,on weighted,1
stakeholders assume,1,configs what,1,what your,1,portability opex,1,weighted operational,1
assume they,1,do contractually,1,your constraint,1,stability given,1,outcomes if,1
can stabilize,1,contractually to,1,constraint we,1,given likely,1,if both,1
stabilize it,1,to allow,1,start implies,1,budgets avoid,1,both remain,1
it no,1,allow start,1,implies it,1,avoid volatile,1,remain viable,1
no dot,1,now while,1,it forces,1,volatile recurring,1,viable i,1
waiver no,1,while staying,1,forces a,1,fees or,1,i score,1
no essential,1,staying safe,1,a distinction,1,or uncapped,1,score them,1
exception as,1,allow structure,1,distinction between,1,uncapped escalators,1,them on,1
described means,1,with milestone,1,between project,1,escalators if,1,on factors,1
means fewer,1,based authorization,1,start mobilization,1,if an,1,factors that,1
fewer you,1,authorization option,1,design field,1,option fails,1,matter over,1
you bypassed,1,a preferred,1,surveys integration,1,fails a,1,over the,1
bypassed policy,1,preferred award,1,integration planning,1,gate it,1,system life,1
policy critiques,1,proceed ntp,1,planning training,1,it doesn,1,life with,1
critiques but,1,ntp ntp,1,training comms,1,matter that,1,with extra,1
but there,1,ntp immediate,1,procurement planning,1,that it,1,extra weight,1
there is,1,inventory atps,1,planning and,1,a better,1,weight on,1
still vulnerability,1,atps training,1,and irreversible,1,better feature,1,ones you,1
vulnerability because,1,plan ntp,1,irreversible commitment,1,feature or,1,you highlighted,1
because modular,1,ntp after,1,commitment points,1,or lower,1,highlighted tight,1
is newer,1,gates procurement,1,points ordering,1,capex identify,1,opex operations,1
newer cities,1,procurement field,1,ordering proprietary,1,identify which,1,operations incident,1
years critics,1,deployment gates,1,hardware locking,1,which option,1,response lock,1
can say,1,to define,1,locking into,1,has the,1,a typical,1
you experimented,1,define before,1,a hosting,1,the fewest,1,typical weighting,1
experimented especially,1,before ntp,1,model signing,1,fewest gates,1,weighting i,1
failure relates,1,ntp controller,1,signing multi,1,gates in,1,m implicitly,1
relates to,1,models confirmed,1,subscriptions without,1,in series,1,implicitly using,1
to integration,1,confirmed approved,1,without caps,1,series right,1,using now,1
integration between,1,equivalents lead,1,caps etc,1,the options,1,adjust operational,1
between modules,1,times data,1,etc you,1,options don,1,reliability maintainability,1
modules controllers,1,exhibit agreed,1,without taking,1,t have,1,maintainability normal,1
controllers central,1,agreed export,1,on avoidable,1,have symmetric,1,day uptime,1
central what,1,formats city,1,schedule gates,1,symmetric risk,1,uptime diagnosability,1
helps civitas,1,ownership price,1,you structure,1,risk profiles,1,diagnosability patch,1
happens you,1,lock language,1,structure the,1,profiles novagrid,1,rollback support,1
can point,1,language clarified,1,and notice,1,two gating,1,responsiveness opex,1
point to,1,clarified what,1,proceed ntp,1,gating dependencies,1,predictability over,1
to why,1,included escalation,1,ntp correctly,1,dependencies dot,1,years price,1
modular was,1,escalation after,1,correctly the,1,approval conditional,1,price locks,1
was chosen,1,scenario test,1,schedule reality,1,on on,1,vs adjustable,1
chosen avoid,1,test results,1,reality given,1,failover which,1,fees staffing,1
avoid lock,1,results accepted,1,ve learned,1,which novagrid,1,staffing burden,1
in avoid,1,accepted central,1,learned novagrid,1,complexity those,1,burden failover,1
failure was,1,rollback this,1,two critical,1,are sequential,1,failover maintenance,1
was handled,1,this lets,1,path adders,1,sequential compounding,1,burden incident,1
handled within,1,lets you,1,adders that,1,compounding risks,1,capability worst,1
within contractual,1,start publicly,1,that threaten,1,risks any,1,day time,1
contractual slas,1,publicly and,1,threaten start,1,any slippage,1,overrides emergency,1
slas and,1,operationally while,1,delay dot,1,slippage threatens,1,emergency workflows,1
and didn,1,while ensuring,1,waiver additional,1,threatens the,1,workflows degraded,1
t create,1,ensuring the,1,and possible,1,the no,1,behavior lock,1
create unsafe,1,city doesn,1,implementation and,1,delay constraint,1,risk standards,1
unsafe operation,1,t lose,1,and likely,1,constraint civitas,1,controllers data,1
operation if,1,lose leverage,1,likely additional,1,dot automatically,1,portability transition,1
for completeness,1,b only,1,additional testing,1,as described,1,assistance proprietary,1
completeness likely,1,novagrid competitive,1,testing acceptance,1,described doesn,1,proprietary dependencies,1
we picked,1,competitive parallel,1,acceptance steps,1,failover gate,1,dependencies key,1
picked the,1,parallel track,1,steps even,1,gate the,1,key detail,1
the locked,1,track but,1,start paperwork,1,the remaining,1,detail i,1
in option,1,but time,1,paperwork the,1,remaining concern,1,treat incident,1
it had,1,boxed given,1,operational deployment,1,concern lock,1,capability as,1
had supply,1,requirements the,1,deployment timeline,1,is addressable,1,a vibes,1
chain issues,1,way novagrid,1,or award,1,addressable via,1,vibes based,1
issues why,1,novagrid stays,1,award finalization,1,via the,1,based score,1
why did,1,stays viable,1,finalization becomes,1,plus enforceable,1,score i,1
we do,1,viable without,1,becomes contingent,1,enforceable contract,1,as scenario,1
this this,1,is start,1,on these,1,terms so,1,scenario based,1
path most,1,start phase,1,these gates,1,so my,1,and testable,1
s parking,1,phase with,1,s exactly,1,my logic,1,testable and,1
system comparison,1,civitas or,1,of uncertainty,1,logic naturally,1,i push,1
comparison even,1,or city,1,uncertainty that,1,naturally favors,1,push it,1
failure can,1,city led,1,that causes,1,favors the,1,contract commitments,1
be amplified,1,led immediately,1,causes political,1,the path,1,commitments apply,1
amplified because,1,box novagrid,1,political pain,1,path with,1,apply burden,1
in critique,1,deliver within,1,pain later,1,with fewer,1,proof proportional,1
critique is,1,days dot,1,civitas has,1,fewer uncertain,1,proportional to,1
is already,1,package ready,1,fewer external,1,and less,1,to novelty,1
already primed,1,submission and,1,gates meets,1,less added,1,novelty and,1
primed the,1,and likely,1,automatically doesn,1,complexity convert,1,added dependencies,1
biggest determinant,1,likely approval,1,t force,1,convert stakeholder,1,dependencies when,1
determinant what,1,approval outcome,1,force the,1,stakeholder conflict,1,a solution,1
what kind,1,architecture at,1,path but,1,conflict into,1,solution introduces,1
of minor,1,price schedule,1,newer and,1,vendor choice,1,introduces new,1
is all,1,schedule opex,1,validated also,1,choice transportation,1,new dependencies,1
all minor,1,caps for,1,also if,1,engineering wants,1,dependencies cloud,1
minor failures,1,fees on,1,you accidentally,1,wants predictability,1,infrastructure failover,1
failures are,1,failover maintenance,1,accidentally drift,1,predictability emergency,1,architecture waiver,1
not equal,1,costs if,1,drift into,1,services wants,1,waiver processes,1
equal in,1,t you,1,path week,1,wants incident,1,processes i,1
they ll,1,clean documented,1,become your,1,capability i,1,i require,1
judged safety,1,documented basis,1,schedule trap,1,m not,1,require stronger,1
impacting failures,1,proceed without,1,trap recommended,1,not averaging,1,stronger evidence,1
failures signals,1,you slow,1,recommended way,1,averaging opinions,1,stronger contractual,1
signals dark,1,slow walked,1,satisfy start,1,opinions i,1,controls to,1
widely unsafe,1,walked them,1,time while,1,m doing,1,offset that,1
unsafe timing,1,them if,1,staying defensible,1,doing this,1,that added,1
timing judged,1,if delay,1,defensible preferred,1,this baseline,1,added uncertainty,1
judged harshly,1,delay becomes,1,preferred path,1,operations safe,1,uncertainty concretely,1
harshly regardless,1,becomes unavoidable,1,path award,1,reliable maintainable,1,concretely novagrid,1
but especially,1,unavoidable make,1,a start,1,maintainable must,1,novagrid must,1
especially harshly,1,it controlled,1,now verify,1,be satisfied,1,prove a,1
harshly for,1,controlled and,1,verify early,1,satisfied first,1,waiver success,1
novagrid because,1,and explainable,1,early commit,1,then incident,1,success b,1
cloud waiver,1,explainable you,1,commit later,1,operations becomes,1,b cloud,1
waiver narratives,1,you said,1,later contract,1,becomes an,1,works c,1
narratives attach,1,ll deal,1,contract structure,1,an explicit,1,c degraded,1
attach central,1,deal with,1,structure this,1,explicit deliverable,1,mode is,1
system cloud,1,with delay,1,cleanest way,1,integration activation,1,is safe,1
cloud management,1,delay if,1,avoid delay,1,tests this,1,safe and,1
management outage,1,if absolutely,1,delay while,1,prevents we,1,and operable,1
outage operators,1,absolutely necessary,1,while addressing,1,we picked,1,operable and,1
operators can,1,necessary if,1,addressing the,1,picked vendor,1,d costs,1
t monitor,1,that happens,1,optics how,1,vendor x,1,costs won,1
monitor control,1,happens the,1,it practically,1,x to,1,drift civitas,1
control field,1,defensible reason,1,practically immediate,1,get incident,1,modular must,1
field runs,1,is external,1,immediate ntp,1,routing from,1,prove modularity,1
runs locally,1,gating you,1,ntp for,1,a reason,1,modularity is,1
locally this,1,responsibly bypass,1,for phase,1,accept broader,1,real standard,1
this will,1,bypass dot,1,phase days,1,broader governance,1,controllers portability,1
be read,1,outcome essential,1,days project,1,risk unless,1,that incident,1
read as,1,infrastructure resilience,1,project management,1,unless it,1,workflows can,1
architecture consequence,1,resilience requirements,1,management kickoff,1,s truly,1,can meet,1
consequence novagrid,1,requirements if,1,kickoff inventory,1,truly unavoidable,1,meet emergency,1
novagrid will,1,must slip,1,inventory intersection,1,unavoidable apply,1,needs use,1
will get,1,slip keep,1,intersection surveys,1,apply risk,1,use de,1
get hit,1,it tight,1,comms assessment,1,adjusted total,1,de risk,1
hit harder,1,tight and,1,assessment system,1,not sticker,1,risk first,1
harder because,1,and purposeful,1,system design,1,sticker price,1,first optimize,1
dependence was,1,purposeful announce,1,design architecture,1,price with,1,optimize second,1
was already,1,announce a,1,architecture confirmation,1,m weighting,1,second because,1
already controversial,1,short delay,1,confirmation acceptance,1,weighting cost,1,because delay,1
controversial feature,1,delay tied,1,plan training,1,stability price,1,delay is,1
feature shortfall,1,specific risk,1,training plan,1,locks capped,1,politically costly,1
shortfall incident,1,risk reduction,1,plan data,1,capped escalators,1,costly since,1
routing doesn,1,reduction action,1,and api,1,escalators recurring,1,easily delay,1
t work,1,action e,1,delivery hold,1,recurring fee,1,delay i,1
work as,1,g complete,1,points before,1,fee exposure,1,i prefer,1
as advertised,1,complete essential,1,major irreversible,1,exposure novagrid,1,prefer the,1
advertised slower,1,infrastructure failover,1,irreversible spend,1,fees on,1,the path,1
slower updates,1,failover validation,1,spend release,1,m and,1,path with,1
may get,1,validation or,1,release purchase,1,of switching,1,external decision,1
get more,1,or complete,1,orders proceed,1,switching lock,1,decision points,1
more patience,1,complete dot,1,proceed to,1,in this,1,points and,1
patience new,1,show what,1,rollout only,1,to favor,1,less rework,1
new vendor,1,what work,1,after controller,1,favor civitas,1,rework potential,1
vendor iterating,1,work continues,1,times are,1,if its,1,potential then,1
iterating civitas,1,continues during,1,are confirmed,1,its price,1,then i,1
civitas may,1,the slip,1,confirmed and,1,and maintenance,1,i use,1
be criticized,1,slip phase,1,dates committed,1,reduction are,1,use contracts,1
criticized for,1,phase tasks,1,committed a,1,real because,1,contracts and,1
for sluggish,1,tasks so,1,delivered full,1,chance you,1,tests to,1
sluggish updates,1,project isn,1,full config,1,re forced,1,the important,1
updates but,1,t stalled,1,config export,1,into budget,1,important capabilities,1
but this,1,stalled just,1,interfaces a,1,budget driven,1,capabilities especially,1
is typically,1,just gated,1,a scripted,1,driven service,1,especially incident,1
typically survivable,1,gated political,1,scripted outage,1,service cuts,1,portability that,1
survivable politically,1,political navigation,1,drill is,1,cuts later,1,that might,1
politically if,1,navigation how,1,is passed,1,later resulting,1,might otherwise,1
if core,1,message start,1,passed central,1,resulting current,1,otherwise push,1
core operations,1,now without,1,behavior council,1,current conclusion,1,push you,1
operations are,1,without favoritism,1,council required,1,conclusion from,1,you toward,1
are stable,1,favoritism to,1,required lock,1,from this,1,toward the,1
stable cost,1,office we,1,in protections,1,this logic,1,the riskier,1
cost surprises,1,starting immediately,1,are embedded,1,logic given,1,riskier option,1
surprises fees,1,mobilization and,1,embedded data,1,facts you,1,option what,1
fees increase,1,field readiness,1,rights transition,1,ve added,1,what that,1
increase required,1,and selecting,1,assistance this,1,logic points,1,that logic,1
required add,1,selecting the,1,this lets,1,to default,1,logic yields,1
ons novagrid,1,the path,1,lets you,1,option paired,1,yields right,1
more exposed,1,approval blockers,1,you say,1,strong anti,1,novagrid currently,1
exposed due,1,blockers to,1,say truthfully,1,clauses and,1,currently carries,1
to recurring,1,schedule to,1,truthfully the,1,package novagrid,1,carries two,1
failover costs,1,starting but,1,project started,1,can collapse,1,concrete schedule,1
costs this,1,re also,1,started on,1,collapse its,1,schedule approval,1
exactly where,1,also contractually,1,schedule while,1,its gates,1,approval headwinds,1
where budget,1,contractually preventing,1,your governance,1,gates waiver,1,headwinds dot,1
budget tight,1,preventing lock,1,governance controls,1,approval design,1,time that,1
tight years,1,assistance this,1,controls stay,1,design fast,1,that weakens,1
years create,1,the optics,1,stay intact,1,that start,1,weakens its,1
create political,1,optics of,1,intact alternative,1,schedule are,1,its prior,1
political heat,1,of momentum,1,viable dual,1,not at,1,prior faster,1
heat how,1,while demonstrating,1,dual track,1,can cap,1,faster cheaper,1
to protect,1,demonstrating governance,1,track with,1,volatility what,1,cheaper advantage,1
protect yourself,1,governance lessons,1,gate and,1,logic the,1,and raises,1
yourself regardless,1,lessons learned,1,and fallback,1,the pivot,1,raises governance,1
of choice,1,learned bottom,1,fallback if,1,pivot conditions,1,time minimize,1
choice so,1,line recommendation,1,play without,1,conditions i,1,minimize approvals,1
so minor,1,recommendation under,1,without delaying,1,would shift,1,approvals control,1
minor stays,1,your constraint,1,delaying the,1,shift materially,1,control opex,1
stays minor,1,constraint proceed,1,start the,1,materially toward,1,opex address,1
minor if,1,proceed now,1,the only,1,could show,1,in objective,1
want year,1,and steer,1,only workable,1,show quickly,1,objective set,1
issues to,1,steer toward,1,workable approach,1,and in,1,set emergency,1
as normal,1,supports immediate,1,approach is,1,writing dot,1,preference doesn,1
normal commissioning,1,mobilization without,1,is start,1,is effectively,1,get ignored,1
commissioning hiccups,1,without adding,1,with non,1,effectively assured,1,ignored it,1
hiccups rather,1,adding dot,1,non vendor,1,assured and,1,scenario requirements,1
than a,1,it gating,1,vendor specific,1,and won,1,requirements that,1
procurement mistake,1,gating delays,1,specific preparatory,1,t extend,1,civitas must,1
mistake set,1,delays that,1,preparatory work,1,extend beyond,1,must contractually,1
set these,1,threaten your,1,work surveys,1,beyond the,1,meet if,1
these expectations,1,political no,1,controller cabinet,1,the stated,1,commit credibly,1
expectations and,1,no slip,1,cabinet condition,1,stated weeks,1,credibly that,1
and controls,1,slip requirement,1,condition assessments,1,it approves,1,main remaining,1
controls now,1,requirement use,1,assessments timing,1,approves the,1,remaining reason,1
now define,1,use contract,1,timing plan,1,cloud approach,1,to re,1
define safe,1,structure phased,1,plan inventory,1,approach without,1,re open,1
safe fallback,1,ntp explicit,1,inventory in,1,without adding,1,open novagrid,1
fallback behavior,1,explicit portability,1,in parallel,1,adding schedule,1,novagrid despite,1
it before,1,substitution clauses,1,parallel run,1,critical failover,1,gates remaining,1
before acceptance,1,to ensure,1,boxed novagrid,1,scope or,1,remaining decision,1
acceptance loss,1,ensure modular,1,novagrid clearance,1,the failover,1,pivot uncertainties,1
of comms,1,modular truly,1,clearance sprint,1,failover can,1,uncertainties what,1
central partial,1,in rather,1,sprint waiver,1,delivered without,1,what could,1
partial outages,1,than just,1,design with,1,jeopardizing start,1,could still,1
outages incident,1,just rebranding,1,a drop,1,and novagrid,1,still change,1
response rca,1,rebranding it,1,drop dead,1,be uniquely,1,outcome can,1
rca requirements,1,what project,1,dead date,1,not replicable,1,modular meet,1
requirements in,1,is publicly,1,gate isn,1,replicable via,1,operations requirements,1
contract timelines,1,publicly measured,1,t cleared,1,via requirements,1,requirements detour,1
timelines for,1,measured as,1,cleared by,1,requirements integration,1,detour override,1
for severity,1,as council,1,the date,1,civitas absent,1,override workflows,1
severity response,1,council award,1,date you,1,absent that,1,workflows response,1
response preliminary,1,award date,1,you execute,1,that no,1,time rollback,1
rca final,1,date ntp,1,execute the,1,delay essential,1,trails with,1
rca corrective,1,ntp date,1,ntp or,1,infrastructure council,1,support commitments,1
corrective action,1,date kickoff,1,or proceed,1,scrutiny opex,1,commitments are,1
action plan,1,kickoff meeting,1,proceed with,1,tightening drives,1,are civitas,1
plan transparent,1,meeting first,1,civitas if,1,drives toward,1,s portability,1
transparent reporting,1,field installation,1,if already,1,can express,1,exit claims,1
reporting monthly,1,installation i,1,already awarded,1,express this,1,claims contractually,1
monthly uptime,1,cleanest phasing,1,awarded this,1,this as,1,contractually enforceable,1
uptime incident,1,phasing language,1,this can,1,decision tree,1,enforceable data,1
incident report,1,language and,1,procurement sensitive,1,tree you,1,export apis,1
report shared,1,the minimal,1,sensitive you,1,can include,1,assistance for,1
shared with,1,minimal set,1,must have,1,include internally,1,can they,1
council committee,1,of early,1,without creating,1,internally gates,1,they a,1
committee leadership,1,early milestones,1,creating protest,1,gates at,1,clear dot,1
leadership brief,1,show visible,1,risk or,1,at the,1,b satisfy,1
brief factual,1,progress within,1,or effectively,1,top dot,1,without pushing,1
factual phased,1,within days,1,effectively reopening,1,failover required,1,pushing critical,1
phased rollout,1,days the,1,competition if,1,required and,1,and c,1
rollout with,1,logic i,1,if delay,1,the recommended,1,c agree,1
a pilot,1,i m,1,delay becomes,1,recommended branch,1,to multi,1
corridor and,1,m using,1,becomes absolutely,1,branch outcome,1,failover related,1
a rollback,1,using right,1,absolutely necessary,1,outcome for,1,related operating,1
rollback plan,1,now explicitly,1,necessary make,1,for each,1,costs if,1
plan reduces,1,explicitly start,1,it controlled,1,each how,1,page decision,1
chance a,1,with non,1,controlled not,1,much weight,1,logic slide,1
small issue,1,non negotiable,1,not accidental,1,weight to,1,slide you,1
issue becomes,1,negotiable gates,1,accidental since,1,to give,1,can reuse,1
becomes citywide,1,gates pass,1,since you,1,give the,1,reuse gates,1
citywide news,1,pass fail,1,said you,1,the reported,1,gates weights,1
news net,1,fail because,1,ll deal,1,reported outage,1,weights current,1
net takeaway,1,because failing,1,deal with,1,outage don,1,current status,1
takeaway a,1,failing any,1,with delay,1,as proof,1,status of,1
failure under,1,any one,1,s unavoidable,1,proof but,1,of each,1
under novagrid,1,one can,1,unavoidable the,1,as noise,1,each gate,1
as evidence,1,can break,1,operational goal,1,noise one,1,evidence closes,1
evidence that,1,break the,1,goal becomes,1,one rare,1,closes each,1
city took,1,project these,1,becomes avoid,1,rare but,1,each remaining,1
took avoidable,1,are stop,1,avoid unplanned,1,but noticeable,1,uncertainty how,1
avoidable governance,1,stop signs,1,unplanned delay,1,a pilot,1,much weight,1
governance architecture,1,signs not,1,up needing,1,city is,1,to give,1
architecture risk,1,not scoring,1,needing schedule,1,not enough,1,practice give,1
risk under,1,scoring items,1,schedule relief,1,to conclude,1,it moderate,1
under civitas,1,items because,1,relief e,1,conclude novagrid,1,moderate to,1
manageable implementation,1,said delays,1,g waiting,1,is unreliable,1,to high,1
implementation issue,1,delays are,1,waiting on,1,unreliable base,1,high weight,1
issue provided,1,are politically,1,failover make,1,base rates,1,of consequence,1
bought modular,1,politically costly,1,it explicit,1,rates matter,1,consequence not,1
modular to,1,your support,1,explicit council,1,matter and,1,not because,1
you enforced,1,cliff is,1,council briefed,1,and details,1,of frequency,1
enforced strong,1,real gate,1,briefed reason,1,details often,1,frequency for,1
strong operational,1,gate a,1,reason documented,1,often change,1,for traffic,1
operational protections,1,a external,1,documented time,1,the story,1,traffic signals,1
protections in,1,external approvability,1,time bounded,1,story however,1,signals the,1
contract if,1,approvability on,1,bounded specific,1,however because,1,the operational,1
you consider,1,your calendar,1,specific decision,1,because traffic,1,operational civic,1
consider minor,1,calendar dot,1,decision date,1,traffic signals,1,civic impact,1
failure e,1,dot integration,1,date offset,1,an outage,1,impact of,1
g minute,1,integration preference,1,offset by,1,report is,1,of an,1
minute central,1,preference does,1,by parallel,1,high value,1,outage is,1
central outage,1,option require,1,parallel work,1,value risk,1,is disproportionate,1
outage a,1,additional review,1,work field,1,that warrants,1,disproportionate safety,1
few intersections,1,time city,1,comms improvements,1,warrants immediate,1,safety risk,1
intersections in,1,city it,1,improvements cabinet,1,immediate diligence,1,risk public,1
in flash,1,infrastructure requirements,1,cabinet upgrades,1,good default,1,public visibility,1
flash bad,1,requirements can,1,upgrades detector,1,default stance,1,political blowback,1
bad timing,1,approved as,1,replacements so,1,stance is,1,blowback even,1
plan deployed,1,designed without,1,program still,1,is moderate,1,is rare,1
deployed i,1,without major,1,still shows,1,weight as,1,rare the,1
map the,1,major redesign,1,shows visible,1,risk flag,1,the impact,1
the likely,1,redesign gate,1,visible progress,1,flag it,1,impact is,1
likely reaction,1,gate b,1,progress how,1,it raises,1,is high,1
reaction and,1,b operational,1,to message,1,raises the,1,high so,1
exact contract,1,operational safety,1,message this,1,the burden,1,it deserves,1
tests that,1,safety under,1,politically mayor,1,proof for,1,deserves attention,1
best prevent,1,under degradation,1,mayor lock,1,novagrid high,1,attention a,1
prevent that,1,degradation intersections,1,in chair,1,weight only,1,a reasonable,1
that specific,1,intersections must,1,chair to,1,event looks,1,reasonable way,1
specific scenario,1,must behave,1,office we,1,looks systemic,1,to weight,1
scenario recommend,1,behave safely,1,re keeping,1,systemic repeatable,1,weight it,1
explicitly do,1,safely and,1,keeping the,1,repeatable or,1,is likelihood,1
architecture why,1,and predictably,1,start date,1,or poorly,1,likelihood unknown,1
why this,1,predictably when,1,date by,1,poorly mitigated,1,unknown possibly,1
recommendation fastest,1,are down,1,the path,1,mitigated the,1,possibly low,1
fastest path,1,down updates,1,path with,1,the weight,1,low one,1
an on,1,updates fail,1,the fewest,1,weight depends,1,one reported,1
time start,1,fail and,1,fewest external,1,what kind,1,reported event,1
start with,1,require rollback,1,external approvals,1,of outage,1,event still,1
s conditional,1,vendor can,1,chain risks,1,outage it,1,still under,1
cloud with,1,t demonstrate,1,risks to,1,it was,1,under investigation,1
s multiple,1,demonstrate this,1,re preventing,1,was you,1,investigation impact,1
multiple approval,1,this clearly,1,by selecting,1,should assign,1,impact potentially,1
approval scope,1,clearly it,1,controller architecture,1,assign very,1,potentially high,1
scope gates,1,a disqualifier,1,and making,1,very different,1,high if,1
slip civitas,1,disqualifier or,1,making portability,1,different weight,1,it affected,1
timeline past,1,a contract,1,portability deliverables,1,weight depending,1,affected intersections,1
best balance,1,contract contingent,1,deliverables a,1,mode lower,1,intersections safe,1
balance of,1,contingent fix,1,a condition,1,lower concern,1,operation or,1
of political,1,fix gate,1,condition of,1,concern still,1,or centralized,1
political realities,1,gate c,1,of moving,1,still relevant,1,centralized control,1
realities addresses,1,c start,1,moving from,1,relevant central,1,control broadly,1
concern credibly,1,now feasibility,1,from early,1,central ui,1,broadly resulting,1
credibly industry,1,you begin,1,phase to,1,ui dashboard,1,resulting weight,1
controllers modular,1,begin meaningful,1,full deployment,1,dashboard outage,1,weight high,1
design is,1,meaningful politically,1,deployment concrete,1,outage but,1,enough to,1
the strongest,1,visible work,1,concrete next,1,but intersections,1,to require,1
strongest anti,1,work immediately,1,steps you,1,intersections continued,1,require evidence,1
in posture,1,immediately mobilization,1,take this,1,continued operating,1,and mitigation,1
posture available,1,inventory network,1,week ask,1,operating safely,1,mitigation not,1
available here,1,readiness without,1,ask your,1,safely on,1,not high,1
here avoids,1,without waiting,1,your attorney,1,on local,1,enough by,1
avoids putting,1,on uncertain,1,attorney procurement,1,plans adaptive,1,by itself,1
putting council,1,uncertain external,1,procurement lead,1,adaptive brief,1,itself to,1
council in,1,approvals if,1,lead can,1,brief cloud,1,to automatically,1
the position,1,start requires,1,can the,1,service interruption,1,automatically disqualify,1
position of,1,requires waiting,1,contract include,1,interruption with,1,disqualify increase,1
of defending,1,waiting weeks,1,include hold,1,with clean,1,compounds existing,1
defending cloud,1,weeks for,1,points and,1,clean automatic,1,existing novagrid,1
waivers for,1,for reviews,1,payments for,1,automatic recovery,1,novagrid specific,1
infrastructure better,1,reviews redesign,1,for portability,1,recovery non,1,specific gating,1
which matters,1,that conflicts,1,sourcing require,1,non safety,1,risk independently,1
tighten early,1,conflicts with,1,days named,1,safety impacting,1,independently a,1
data suggests,1,your stated,1,named standard,1,impacting degradation,1,single pilot,1
suggests the,1,stated constraint,1,times substitution,1,degradation reporting,1,outage might,1
option reduces,1,constraint gate,1,rules export,1,reporting delays,1,might be,1
reduces maintenance,1,gate d,1,documentation sample,1,delays analytics,1,be watch,1
maintenance versus,1,d opex,1,sample modular,1,analytics unavailable,1,watch and,1
system to,1,bounded with,1,reference contacts,1,unavailable higher,1,and verify,1
validated but,1,budget next,1,contacts at,1,higher concern,1,verify in,1
but directionally,1,year recurring,1,least cities,1,concern loss,1,your case,1
directionally aligned,1,recurring and,1,cities prepare,1,of communications,1,already faces,1
aligned with,1,and escalating,1,prepare a,1,communications causes,1,faces dot,1
your needs,1,escalating costs,1,page start,1,causes widespread,1,review essential,1
needs what,1,costs must,1,time plan,1,widespread intersections,1,with on,1
council is,1,be contractually,1,what starts,1,intersections to,1,requirement 180k,1
is approving,1,contractually controllable,1,starts day,1,to enter,1,weeks tighter,1
approving in,1,controllable caps,1,day what,1,enter undesirable,1,tighter future,1
in plain,1,escalators defined,1,what gets,1,undesirable states,1,future opex,1
plain terms,1,inclusions if,1,gets gated,1,states e,1,opex sensitivity,1
terms an,1,inherently unbounded,1,gated what,1,g flash,1,sensitivity that,1
vendor using,1,unbounded it,1,what proves,1,flash unexpectedly,1,that means,1
using a,1,acceptable only,1,proves lock,1,unexpectedly lose,1,means any,1
a modular,1,gates score,1,mitigation if,1,lose coordination,1,any new,1
based field,1,score regret,1,me whether,1,coordination badly,1,new reliability,1
field architecture,1,run governability,1,whether your,1,badly or,1,uncertainty raises,1
pricing so,1,governability for,1,your procurement,1,or require,1,the probability,1
operate within,1,the options,1,rules allow,1,require manual,1,of rework,1
within tighter,1,that pass,1,allow a,1,manual intervention,1,rework delay,1
budgets non,1,pass or,1,a phased,1,intervention configuration,1,delay or,1
negotiable terms,1,can pass,1,phased ntp,1,push or,1,or extra,1
terms to,1,pass with,1,ntp and,1,or software,1,extra scope,1
to include,1,with tight,1,payments i,1,software update,1,scope which,1
include so,1,tight explicit,1,ll outline,1,update triggers,1,which you,1
clean yes,1,explicit contingencies,1,outline exact,1,triggers network,1,said has,1
yes not,1,contingencies i,1,exact milestone,1,network wide,1,same outage,1
a hedge,1,i compare,1,milestone language,1,wide instability,1,signal carries,1
hedge direct,1,compare lock,1,matches the,1,instability failover,1,carries more,1
direct staff,1,risk technical,1,now don,1,failover mechanisms,1,more decision,1
staff to,1,technical economic,1,later approach,1,mechanisms didn,1,decision weight,1
to finalize,1,economic controllers,1,approach the,1,t work,1,weight in,1
award with,1,transition feasibility,1,logic i,1,work as,1,context than,1
these contract,1,feasibility proprietary,1,applying right,1,as intended,1,than it,1
contract requirements,1,components exit,1,now convert,1,intended or,1,would in,1
requirements industry,1,exit assistance,1,convert the,1,or recovery,1,a low,1
models and,1,assistance delivery,1,the situation,1,recovery required,1,low stakes,1
formats export,1,certainty lead,1,situation into,1,required vendor,1,stakes non,1
item apis,1,times implementation,1,risk problem,1,intervention the,1,non essential,1
to intersections,1,implementation complexity,1,problem not,1,the outage,1,essential system,1
intersections accepted,1,complexity number,1,a feature,1,outage affected,1,to know,1
accepted in,1,of moving,1,feature comparison,1,affected emergency,1,know before,1
field not,1,parts lifecycle,1,comparison given,1,emergency preemption,1,before interpreting,1
just equipment,1,operating burden,1,constraints week,1,preemption priority,1,interpreting it,1
equipment delivered,1,burden staffing,1,selection month,1,priority in,1,it don,1
delivered support,1,staffing load,1,cliff can,1,that impaired,1,let this,1
timelines because,1,load troubleshooting,1,start politically,1,impaired response,1,this become,1
issues are,1,troubleshooting tooling,1,politically i,1,response if,1,become rumor,1
are likely,1,tooling patch,1,m prioritizing,1,t yet,1,rumor driven,1
likely in,1,patch upgrade,1,prioritizing what,1,yet know,1,driven the,1
in any,1,upgrade discipline,1,can block,1,know which,1,weight you,1
any rollout,1,discipline vendor,1,block you,1,which category,1,you assign,1
rollout one,1,vendor responsiveness,1,you over,1,category it,1,assign should,1
sentence on,1,responsiveness resilience,1,can improve,1,is you,1,should depend,1
on why,1,resilience through,1,improve metrics,1,as potentially,1,on four,1
s proposal,1,through change,1,metrics if,1,potentially high,1,four facts,1
proposal now,1,change ability,1,something adds,1,high concern,1,facts blast,1
exception requiring,1,adapt to,1,a mandatory,1,concern until,1,blast radius,1
requiring added,1,to future,1,mandatory review,1,until classified,1,radius did,1
increases cost,1,future policy,1,review or,1,classified similar,1,did it,1
and extends,1,policy construction,1,or extra,1,similar to,1,it affect,1
extends schedule,1,construction emergencies,1,extra build,1,to novagrid,1,affect one,1
schedule creating,1,emergencies without,1,can slip,1,s is,1,one intersection,1
creating avoidable,1,without expensive,1,slip dot,1,not specific,1,intersection one,1
avoidable execution,1,changes this,1,waiver essential,1,specific enough,1,one corridor,1
risk for,1,is essentially,1,approval conditions,1,enough similarity,1,or citywide,1
system under,1,essentially a,1,conditions it,1,similarity drives,1,citywide control,1
political environment,1,a minimize,1,s treated,1,drives weight,1,control duration,1
environment if,1,minimize worst,1,treated as,1,weight before,1,and detectability,1
memo recommendation,1,worst case,1,critical dependency,1,before weighting,1,detectability how,1
recommendation rationale,1,case regret,1,something is,1,weighting it,1,long and,1
rationale and,1,regret approach,1,a nice,1,it heavily,1,quickly did,1
five contract,1,approach avoid,1,to have,1,heavily confirm,1,did operators,1
conditions suitable,1,avoid paths,1,have or,1,confirm same,1,operators know,1
suitable for,1,paths where,1,or can,1,same vendor,1,know and,1
the packet,1,where a,1,be layered,1,vendor or,1,and respond,1
packet civitas,1,a plausible,1,layered later,1,just cloud,1,respond degraded,1
option i,1,plausible failure,1,later some,1,hosted adaptive,1,outage did,1
would stand,1,mode creates,1,routing features,1,adaptive generally,1,did signals,1
stand behind,1,creates an,1,features analytics,1,generally same,1,signals keep,1
behind it,1,an expensive,1,analytics it,1,same architecture,1,keep running,1
it publicly,1,expensive politically,1,not determine,1,architecture pattern,1,running safely,1
publicly because,1,visible problem,1,determine the,1,pattern cloud,1,safely on,1
best fits,1,problem later,1,platform unless,1,cloud required,1,on local,1
fits your,1,later apply,1,proven mission,1,required central,1,local timing,1
your non,1,apply time,1,and unique,1,management same,1,timing or,1
non negotiables,1,time as,1,unique use,1,same controller,1,or did,1
negotiables at,1,multiplier because,1,a two,1,controller types,1,did they,1
same time,1,window political,1,two stage,1,types same,1,they go,1
time it,1,political consequences,1,stage filter,1,same comms,1,flash unsafe,1
it clears,1,consequences for,1,filter pass,1,comms similar,1,unsafe states,1
clears the,1,for delaying,1,gates weighted,1,similar scale,1,states failure,1
dot experience,1,start an,1,weighted tradeoffs,1,scale pilot,1,failure class,1
experience preference,1,with typical,1,tradeoffs stage,1,pilot of,1,class cloud,1
preference without,1,typical municipal,1,stage a,1,intersections vs,1,outage software,1
without a,1,municipal project,1,a gates,1,vs intersections,1,update bug,1
waiver avoids,1,project slippage,1,gates must,1,intersections similar,1,bug database,1
exception and,1,slippage risk,1,clear cleanly,1,similar governance,1,database config,1
novagrid needs,1,risk i,1,cleanly i,1,governance posture,1,config corruption,1
needs reduces,1,i treat,1,treating these,1,posture did,1,corruption comms,1
in relative,1,treat any,1,negotiable because,1,did they,1,network cyber,1
integrated design,1,any external,1,because failing,1,they have,1,cyber incident,1
design by,1,external review,1,failing them,1,have on,1,incident controller,1
and gives,1,or architecture,1,them creates,1,failover redundancy,1,controller firmware,1
gives better,1,architecture expansion,1,creates real,1,redundancy different,1,firmware operator,1
better o,1,expansion that,1,real political,1,different cellular,1,operator error,1
predictability with,1,that adds,1,operational consequences,1,cellular provider,1,error these,1
lock while,1,weeks as,1,consequences regulatory,1,provider the,1,these determine,1
start most,1,as more,1,regulatory gate,1,more similar,1,a normal,1
controllable under,1,more costly,1,threshold waiver,1,similar the,1,normal operational,1
under political,1,costly than,1,burden civitas,1,and operating,1,operational hiccup,1
political time,1,than it,1,clears automatically,1,operating conditions,1,hiccup or,1
time pressure,1,it looks,1,package week,1,conditions the,1,a systemic,1
pressure publicly,1,looks on,1,review with,1,more you,1,systemic architectural,1
publicly i,1,paper in,1,with iteration,1,should weight,1,architectural concern,1
be explicit,1,words calendar,1,risk governance,1,weight it,1,concern how,1
explicit that,1,uncertainty gets,1,governance gate,1,it what,1,to translate,1
not buying,1,gets penalized,1,gate essential,1,do immediately,1,into decision,1
buying civitas,1,penalized heavily,1,approved only,1,immediately fast,1,decision action,1
system you,1,heavily because,1,civitas does,1,fast practical,1,action not,1
selecting their,1,it compounds,1,not force,1,practical diligence,1,just anxiety,1
based configuration,1,compounds use,1,force this,1,a ask,1,anxiety a,1
configuration and,1,mode view,1,this specific,1,the preliminary,1,a make,1
re writing,1,view of,1,specific exception,1,preliminary incident,1,it a,1
writing anti,1,of operations,1,path based,1,incident facts,1,diligence requirement,1
performance protections,1,operations normal,1,shared delivery,1,facts from,1,novagrid time,1
contract data,1,reconcile transportation,1,delivery gate,1,from novagrid,1,bounded request,1
export open,1,services normal,1,gate supply,1,novagrid and,1,request within,1
interfaces milestone,1,frequency maintainability,1,chain implementation,1,and or,1,short deadline,1
milestone acceptance,1,behavior stable,1,implementation critical,1,city request,1,deadline e,1
acceptance slas,1,stable operations,1,integrated has,1,request even,1,g business,1
slas yes,1,high impact,1,lead risk,1,if interim,1,days preliminary,1
yes there,1,impact speed,1,m effectively,1,interim timeline,1,preliminary incident,1
there are,1,speed and,1,effectively treating,1,timeline duration,1,incident summary,1
few assumptions,1,and effectiveness,1,treating civitas,1,duration geographic,1,summary even,1
assumptions that,1,effectiveness of,1,integrated as,1,geographic scope,1,if root,1
to underestimate,1,of detour,1,as disfavored,1,what failed,1,cause is,1
underestimate here,1,changes priority,1,disfavored unless,1,failed cloud,1,is pending,1
here and,1,preemption workflows,1,unless mitigated,1,service comms,1,pending timeline,1
and each,1,workflows operator,1,mitigated civitas,1,comms certificates,1,timeline impacted,1
each has,1,stress incident,1,modular could,1,certificates software,1,impacted functions,1
a this,1,capability gets,1,could avoid,1,software bug,1,functions safety,1
this would,1,gets meaningful,1,avoid that,1,bug update,1,safety outcomes,1
would look,1,meaningful weight,1,that but,1,update power,1,outcomes current,1
look clearly,1,weight only,1,but must,1,power routing,1,current hypothesis,1
hindsight failure,1,is deployable,1,be verified,1,routing database,1,hypothesis and,1
mode since,1,your dot,1,verified by,1,database etc,1,and containment,1
since you,1,it constraints,1,by controller,1,etc what,1,containment actions,1
re leaning,1,and proven,1,times stage,1,what intersections,1,actions planned,1
leaning toward,1,proven in,1,stage b,1,intersections did,1,planned corrective,1
modular i,1,in scenario,1,b tradeoffs,1,did during,1,corrective actions,1
ll focus,1,tests otherwise,1,tradeoffs only,1,event fallback,1,actions and,1
the assumptions,1,otherwise it,1,then i,1,fallback mode,1,expected delivery,1
assumptions embedded,1,an attractive,1,i compare,1,mode specifics,1,dates whether,1
embedded in,1,non realizable,1,compare year,1,specifics detection,1,the issue,1
that recommendation,1,realizable benefit,1,predictability tight,1,detection and,1,issue is,1
recommendation and,1,benefit convert,1,this bigger,1,and response,1,is specific,1
could break,1,convert unknowns,1,bigger lock,1,time who,1,specific to,1
break it,1,unknowns into,1,exit cost,1,who noticed,1,to that,1
it assumptions,1,into either,1,cost politically,1,noticed how,1,that city,1
assumptions you,1,either a,1,politically salient,1,fast who,1,s configuration,1
be underestimating,1,a evidence,1,salient operationally,1,who fixed,1,configuration infrastructure,1
underestimating modular,1,requests or,1,operationally real,1,fixed whether,1,infrastructure if,1
modular meaningfully,1,or b,1,real incident,1,whether emergency,1,t provide,1
meaningfully reduces,1,b contract,1,services priority,1,operations were,1,provide a,1
practice not,1,contract contingencies,1,priority vendor,1,were impacted,1,credible interim,1
just controllers,1,contingencies if,1,operational maturity,1,impacted whether,1,interim explanation,1
controllers underestimated,1,if something,1,maturity explicitly,1,has recurred,1,explanation quickly,1
that using,1,something is,1,explicitly penalize,1,recurred b,1,quickly that,1
controllers low,1,uncertain i,1,penalize compounding,1,b require,1,that itself,1
low lock,1,i don,1,compounding uncertainty,1,written corrective,1,itself is,1
in reality,1,t average,1,uncertainty under,1,corrective action,1,is informative,1
reality lock,1,average it,1,under tight,1,action package,1,informative b,1
often migrates,1,it out,1,tight timelines,1,package if,1,b convert,1
migrates to,1,out i,1,timelines i,1,in contention,1,convert it,1
to proprietary,1,i either,1,practical engineering,1,contention ask,1,into contractual,1
software licensing,1,either demand,1,engineering rule,1,for preliminary,1,contractual and,1
licensing proprietary,1,demand evidence,1,rule multiple,1,preliminary root,1,acceptance protections,1
plan formats,1,evidence quickly,1,multiple independent,1,root cause,1,protections if,1
formats paid,1,quickly references,1,independent uncertainties,1,cause analysis,1,remains under,1
and closed,1,references demos,1,uncertainties multiply,1,analysis rca,1,under consideration,1
apis renewal,1,demos documented,1,multiply risk,1,rca status,1,consideration require,1
renewal pricing,1,documented architectures,1,risk right,1,status and,1,require clear,1
pricing leverage,1,architectures or,1,now novagrid,1,expected completion,1,clear slas,1
leverage after,1,an enforceable,1,has stacked,1,completion date,1,for availability,1
year how,1,enforceable milestone,1,stacked dependencies,1,date corrective,1,response with,1
controllers but,1,milestone payment,1,waiver process,1,corrective and,1,remedies explicit,1
still can,1,payment authorization,1,time documentation,1,and preventive,1,explicit degraded,1
t competitively,1,authorization contingent,1,documentation review,1,preventive actions,1,function when,1
competitively maintain,1,passing tests,1,build cost,1,actions capa,1,comms fail,1
extend the,1,tests or,1,cost added,1,capa how,1,fail required,1
system without,1,or approvals,1,added implementation,1,the fix,1,failover testing,1
civitas what,1,approvals this,1,implementation time,1,fix is,1,testing frequency,1
now contract,1,is how,1,time testing,1,is validated,1,frequency and,1
defined data,1,how you,1,complexity ongoing,1,validated test,1,and proof,1
formats api,1,time without,1,ongoing cloud,1,plan rollout,1,proof since,1
api access,1,committing blindly,1,fee with,1,plan monitoring,1,since it,1
access rights,1,blindly what,1,volatility shorter,1,monitoring evidence,1,it already,1
rights documentation,1,logic produces,1,shorter operational,1,of no,1,already wants,1
and explicit,1,produces right,1,history less,1,no repeat,1,wants on,1
explicit rights,1,your latest,1,less evidence,1,repeat or,1,failover patch,1
components civitas,1,latest facts,1,evidence under,1,or reduction,1,and change,1
modular maturity,1,facts novagrid,1,under rare,1,reduction of,1,control audit,1
maturity is,1,s path,1,events any,1,of likelihood,1,trails c,1
is close,1,path now,1,any one,1,likelihood c,1,c run,1
close enough,1,has multiple,1,of those,1,c convert,1,a failure,1
civitas proven,1,multiple gating,1,those can,1,convert this,1,mode demo,1
proven integrated,1,gating penalties,1,be manageable,1,into acceptance,1,demo more,1
integrated track,1,penalties dot,1,manageable together,1,contract commitments,1,more valuable,1
record underestimated,1,waiver possible,1,together they,1,commitments regardless,1,valuable than,1
that civitas,1,but week,1,they increase,1,but especially,1,than another,1
year maturity,1,with extra,1,future cost,1,novagrid proceeds,1,another glossy,1
maturity transfers,1,extra documentation,1,cost surprises,1,proceeds mandatory,1,glossy performance,1
transfers fully,1,documentation it,1,surprises under,1,mandatory failover,1,performance demo,1
fully to,1,approved only,1,constraint that,1,failover test,1,demo ask,1
modular product,1,only with,1,stack is,1,test simulate,1,ask novagrid,1
line five,1,failover adding,1,is heavily,1,simulate loss,1,demonstrate lab,1
five cities,1,adding 180k,1,heavily weighted,1,of cloud,1,lab or,1
cities three,1,complexity opex,1,weighted treat,1,central verify,1,or controlled,1
three years,1,opex recurring,1,separate product,1,verify safe,1,controlled pilot,1
years is,1,annually likely,1,product line,1,safe local,1,pilot design,1
is encouraging,1,likely ongoing,1,line that,1,local operation,1,design loss,1
encouraging but,1,ongoing cost,1,be proven,1,operation patch,1,of cloud,1
same thing,1,cost for,1,proven then,1,control requirements,1,connectivity loss,1
thing as,1,environment not,1,then contract,1,requirements maintenance,1,of comms,1
as years,1,not yet,1,contract around,1,procedures uptime,1,comms to,1
of weird,1,yet quantified,1,around remaining,1,with remedies,1,a subset,1
weird edge,1,quantified under,1,remaining lock,1,remedies post,1,subset of,1
cases how,1,under the,1,in i,1,reporting obligations,1,intersections central,1
one stability,1,the gate,1,m not,1,obligations timelines,1,software restart,1
issues upgrade,1,gate first,1,not assuming,1,timelines transparency,1,restart failover,1
pain or,1,first logic,1,assuming civitas,1,transparency how,1,failover event,1
or controller,1,logic novagrid,1,is automatically,1,current decision,1,event recovery,1
controller central,1,not out,1,automatically safe,1,decision context,1,recovery steps,1
central integration,1,out but,1,safe just,1,context you,1,steps and,1
integration bugs,1,is conditional,1,just because,1,have two,1,restore operator,1
bugs exactly,1,conditional and,1,is established,1,two substantial,1,operator visibility,1
exactly the,1,and risks,1,established the,1,substantial novagrid,1,alarms during,1
the kind,1,risks violating,1,logic is,1,novagrid headwinds,1,event this,1
of incidents,1,violating your,1,civitas as,1,headwinds dot,1,this directly,1
incidents that,1,your no,1,vendor reduces,1,weeks this,1,answers operations,1
that opponents,1,delay to,1,reduces approval,1,this outage,1,operations core,1
opponents frame,1,constraint unless,1,delivery uncertainty,1,report doesn,1,core concern,1
frame as,1,you decouple,1,modular reduces,1,be catastrophic,1,happens on,1
as you,1,decouple start,1,in but,1,catastrophic to,1,day bottom,1
bought the,1,start from,1,but modular,1,to matter,1,line give,1
new version,1,from full,1,has shorter,1,matter it,1,give the,1
version what,1,commitment and,1,history so,1,it adds,1,outage enough,1
now modular,1,box approvals,1,we mitigate,1,adds incremental,1,enough weight,1
modular only,1,approvals aggressively,1,mitigate by,1,incremental reliability,1,tighten requirements,1
only references,1,aggressively civitas,1,by targeted,1,reliability uncertainty,1,and demand,1
references incident,1,modular clears,1,targeted references,1,uncertainty to,1,demand evidence,1
history upgrade,1,clears more,1,from modular,1,to an,1,evidence especially,1
upgrade history,1,more gates,1,modular deployments,1,already schedule,1,especially because,1
history and,1,gates with,1,tests outage,1,governance sensitive,1,because novagrid,1
rollback controller,1,fewer moving,1,drills contract,1,sensitive practically,1,already carries,1
availability will,1,parts dot,1,that make,1,practically it,1,carries waiver,1
will remain,1,dot gate,1,make portability,1,it pushes,1,waiver cloud,1
remain good,1,gate passes,1,portability real,1,pushes novagrid,1,complexity but,1
good and,1,passes automatically,1,real exports,1,novagrid further,1,as dispositive,1
and won,1,automatically it,1,assistance preserve,1,further into,1,dispositive until,1
new critical,1,it gate,1,preserve your,1,into only,1,until you,1
path underestimated,1,gate no,1,your sovereignty,1,only proceed,1,verify provenance,1
modular controllers,1,no new,1,sovereignty keep,1,proceed if,1,provenance and,1
controllers will,1,new cloud,1,keep an,1,if gates,1,and understand,1
will stay,1,requirement stated,1,an if,1,clear and,1,understand whether,1
stay available,1,stated fewer,1,then decision,1,and evidence,1,system failed,1
and interchangeable,1,fewer approval,1,statement rather,1,is strong,1,failed unsafely,1
interchangeable availability,1,approval unknowns,1,than pretending,1,strong a,1,unsafely or,1
availability can,1,unknowns lock,1,pretending certainty,1,simple weighting,1,or merely,1
can change,1,optics modular,1,certainty i,1,weighting rule,1,merely lost,1
change quickly,1,controllers is,1,m holding,1,rule you,1,lost central,1
quickly also,1,credible structural,1,holding the,1,use and,1,optimization while,1
also standard,1,structural answer,1,recommendation as,1,and explain,1,signals continued,1
controller doesn,1,s concern,1,as conditional,1,explain to,1,continued to,1
t mean,1,concern then,1,conditional logic,1,council low,1,to run,1
mean available,1,then reinforced,1,logic you,1,low to,1,run locally,1
available controller,1,reinforced via,1,you control,1,to moderate,1,locally if,1
controller how,1,via contract,1,control if,1,if limited,1,share two,1
you chose,1,terms opex,1,city cannot,1,limited impact,1,two details,1
chose modular,1,opex year,1,cannot tolerate,1,impact strong,1,details whether,1
modular specifically,1,volatility modular,1,tolerate external,1,strong fallback,1,outage affected,1
time then,1,has early,1,external gating,1,fallback clean,1,affected field,1
then hit,1,early indications,1,gating delays,1,clean recovery,1,field signal,1
hit a,1,indications of,1,delays waiver,1,recovery and,1,signal operation,1
different supply,1,of lower,1,immediately then,1,and credible,1,operation vs,1
supply shortage,1,maintenance so,1,then civitas,1,credible rca,1,vs central,1
shortage or,1,logic yields,1,the rational,1,rca underway,1,management only,1
or a,1,yields recommend,1,rational default,1,underway high,1,only and,1
a firmware,1,primary and,1,default if,1,if safety,1,whether it,1
firmware version,1,schedule by,1,leadership is,1,safety critical,1,it coincided,1
version compatibility,1,by structuring,1,accept higher,1,critical behavior,1,coincided with,1
compatibility constraint,1,structuring a,1,higher schedule,1,behavior poor,1,comms event,1
constraint what,1,and hardening,1,schedule complexity,1,poor fallback,1,event or,1
now named,1,hardening anti,1,complexity risk,1,fallback hard,1,a software,1
alternates procurement,1,anti lock,1,down waiver,1,hard manual,1,update i,1
plan ability,1,in terms,1,failover fee,1,manual recovery,1,can tell,1
ability for,1,terms the,1,caps quickly,1,recovery recurrence,1,you whether,1
to source,1,the if,1,quickly then,1,recurrence or,1,whether this,1
source directly,1,if then,1,then novagrid,1,or unclear,1,this should,1
directly tested,1,then decision,1,viable this,1,unclear accountability,1,a routine,1
tested firmware,1,decision tree,1,choice aligned,1,accountability if,1,routine reliability,1
firmware baselines,1,tree the,1,with city,1,can share,1,reliability data,1
baselines long,1,the simplest,1,priorities rather,1,share what,1,data point,1
beyond the,1,simplest way,1,than mine,1,what noticeable,1,point or,1
lock underestimated,1,to explain,1,mine start,1,outage means,1,a red,1
that year,1,explain it,1,without locking,1,means minutes,1,flag architectural,1
year locked,1,if an,1,locking in,1,minutes vs,1,architectural issue,1
locked pricing,1,an option,1,in too,1,vs hours,1,issue what,1
pricing covers,1,option requires,1,too early,1,hours central,1,changes immediately,1
covers the,1,requires external,1,early mobilize,1,central vs,1,immediately civitas,1
the period,1,approvals redesign,1,now gate,1,vs field,1,integrated becomes,1
period when,1,that likely,1,gate irreversible,1,field impact,1,becomes materially,1
when budgets,1,likely pushes,1,irreversible commitments,1,impact fallback,1,materially less,1
tighten most,1,pushes the,1,commitments because,1,behavior i,1,less attractive,1
most and,1,the start,1,said project,1,you place,1,attractive under,1
that post,1,start date,1,start can,1,place it,1,schedule constraint,1
post year,1,or introduces,1,slip i,1,right bucket,1,constraint if,1
year increases,1,introduces multi,1,a procurement,1,bucket and,1,if proprietary,1
increases will,1,multi week,1,procurement engineering,1,and draft,1,are weeks,1
be manageable,1,week uncertainty,1,engineering tactic,1,exact follow,1,that pushes,1
manageable how,1,uncertainty then,1,tactic start,1,follow up,1,pushes rollout,1
year renewal,1,it becomes,1,with phase,1,up questions,1,rollout past,1
renewal becomes,1,becomes secondary,1,phase work,1,questions contract,1,months then,1
budget shock,1,secondary unless,1,work design,1,contract language,1,then civitas,1
shock or,1,it provides,1,design inventories,1,risk measurable,1,integrated adds,1
upgrades emerge,1,provides uniquely,1,inventories comms,1,measurable and,1,adds critical,1
emerge os,1,uniquely critical,1,planning acceptance,1,and manageable,1,path supply,1
os cybersecurity,1,critical benefits,1,test plans,1,manageable what,1,just longer,1
cybersecurity licensing,1,benefits if,1,plans tie,1,new information,1,longer duration,1
licensing tier,1,t guarantee,1,tie big,1,information changes,1,duration uncertain,1
tier changes,1,guarantee safe,1,big commitments,1,changes civitas,1,uncertain duration,1
changes what,1,operations then,1,commitments controller,1,controller is,1,duration higher,1
now renewal,1,acceptable if,1,controller orders,1,now on,1,higher probability,1
renewal caps,1,if operating,1,orders full,1,time can,1,of phased,1
years definition,1,bounded fees,1,rollout multi,1,can easily,1,deployment stretching,1
definition of,1,fees escalators,1,subscriptions to,1,easily cascade,1,stretching out,1
of included,1,escalators unclear,1,to verified,1,cascade procurement,1,out higher,1
included updates,1,unclear then,1,verified deliverables,1,procurement cycle,1,higher chance,1
cybersecurity patch,1,acceptable in,1,package full,1,cycle contract,1,chance you,1
patch obligations,1,two options,1,export interface,1,contract execution,1,get squeezed,1
obligations and,1,options are,1,interface docs,1,execution manufacturing,1,squeezed as,1
cost schedules,1,are acceptable,1,docs outage,1,manufacturing shipping,1,cliff approaches,1
schedules for,1,acceptable then,1,drill pass,1,shipping variability,1,approaches given,1
for common,1,then prefer,1,pass criteria,1,variability staging,1,given you,1
common add,1,one with,1,criteria this,1,staging testing,1,also said,1
ons emergency,1,gates simpler,1,this reduces,1,testing field,1,start politically,1
capabilities can,1,simpler architecture,1,chance you,1,field installation,1,politically the,1
be replicated,1,architecture lower,1,you start,1,installation sequencing,1,worst case,1
replicated without,1,lower switching,1,time but,1,sequencing so,1,case is,1
novagrid underestimated,1,cost via,1,but get,1,so even,1,is you,1
that emergency,1,portability stronger,1,later be,1,the nominal,1,you start,1
adaptive advantages,1,stronger cost,1,be strict,1,rollout is,1,but hardware,1
advantages are,1,predictability what,1,strict about,1,months the,1,times slow,1
are nice,1,d ask,1,we assume,1,increases and,1,slow field,1
have or,1,ask you,1,assume i,1,and past,1,field cutover,1
be met,1,to confirm,1,treating the,1,past months,1,cutover and,1
met by,1,confirm to,1,following as,1,months becomes,1,you take,1
by civitas,1,an executable,1,as facts,1,becomes plausible,1,take political,1
civitas via,1,executable decision,1,from your,1,plausible especially,1,political heat,1
via configuration,1,what counts,1,your inputs,1,re upgrading,1,heat later,1
configuration integration,1,counts politically,1,inputs dot,1,upgrading many,1,later anyway,1
integration how,1,politically as,1,waiver for,1,t start,1,anyway civitas,1
you deliver,1,as project,1,novagrid week,1,start meaningful,1,becomes more,1
deliver a,1,start award,1,review extra,1,meaningful field,1,than lock,1
a stable,1,award ntp,1,documentation it,1,work without,1,mitigation it,1
stable system,1,ntp kickoff,1,automatically civitas,1,without controllers,1,s now,1
system but,1,kickoff first,1,hardware has,1,controllers given,1,now also,1
but lose,1,field install,1,times budget,1,start posture,1,also the,1
lose meaningful,1,install is,1,tightening raises,1,posture and,1,schedule hedge,1
meaningful incident,1,ntp or,1,raises importance,1,clock this,1,hedge previously,1
response performance,1,or conditional,1,of opex,1,longer a,1,previously modular,1
performance emergency,1,conditional milestone,1,treating as,1,minor detail,1,modular was,1
services and,1,milestone authorization,1,as uncertain,1,detail it,1,was mostly,1
council treat,1,authorization permitted,1,uncertain until,1,a key,1,mostly about,1
as operational,1,permitted under,1,until verified,1,key driver,1,about reducing,1
operational regression,1,rules do,1,verified civitas,1,driver civitas,1,reducing lock,1
regression what,1,need highway,1,modular s,1,longer just,1,in reducing,1
now scenario,1,integration in,1,s true,1,just anti,1,reducing maintenance,1
tests for,1,in phase,1,true portability,1,in it,1,maintenance now,1
avl triggers,1,phase or,1,portability software,1,also supply,1,s also,1
triggers and,1,be staged,1,benefits magnitude,1,risk mitigation,1,also about,1
and operator,1,staged affects,1,magnitude uniqueness,1,mitigation the,1,about controller,1
operator workflow,1,affects how,1,uniqueness in,1,option s,1,and supply,1
workflow requirements,1,how hard,1,city true,1,s better,1,chain resilience,1
requirements with,1,hard the,1,true year,1,better controller,1,resilience that,1
with deadlines,1,gate hits,1,tco under,1,and ability,1,that makes,1
deadlines no,1,hits novagrid,1,under realistic,1,use industry,1,makes modular,1
delay is,1,page council,1,realistic escalators,1,addresses schedule,1,more relevant,1
is primarily,1,council decision,1,escalators and,1,times spare,1,relevant civitas,1
primarily about,1,decision flowchart,1,and staffing,1,parts risk,1,civitas offering,1
about project,1,flowchart plus,1,staffing impacts,1,risk single,1,offering the,1
start not,1,exact gates,1,impacts that,1,pricing leverage,1,trade is,1
not visible,1,and contingencies,1,s why,1,leverage so,1,is clear,1
visible field,1,contingencies language,1,why the,1,so modular,1,clear better,1
field progress,1,language for,1,logic emphasizes,1,is increasingly,1,availability less,1
progress underestimated,1,memo how,1,emphasizes gating,1,increasingly the,1,less proprietary,1
that starting,1,to give,1,gating tests,1,the practical,1,proprietary dependence,1
starting design,1,and why,1,tests references,1,practical path,1,dependence but,1
design work,1,why give,1,can express,1,civitas not,1,deployments the,1
work satisfies,1,it moderate,1,express this,1,the politically,1,the updated,1
satisfies the,1,moderate to,1,paragraph decision,1,politically neat,1,updated trade,1
the political,1,to high,1,logic statement,1,neat one,1,off supply,1
political need,1,weight as,1,statement you,1,one but,1,chain certainty,1
need often,1,risk indicator,1,can paste,1,but modular,1,vs deployment,1
often what,1,indicator but,1,paste into,1,maturity remains,1,deployment maturity,1
matters politically,1,not as,1,into your,1,real risk,1,maturity you,1
politically is,1,a standalone,1,memo written,1,so treat,1,have three,1
is visible,1,standalone disqualifier,1,written in,1,product fewer,1,three distinct,1
visible intersection,1,disqualifier unless,1,in neutral,1,deployments means,1,distinct risk,1
intersection cutovers,1,unless the,1,neutral defensible,1,should assume,1,risk bundles,1
cutovers on,1,outage involved,1,defensible language,1,assume higher,1,bundles civitas,1
corridor how,1,involved unsafe,1,language how,1,higher likelihood,1,integrated pros,1
you issue,1,unsafe intersection,1,much weight,1,likelihood of,1,pros most,1
issue ntp,1,intersection behavior,1,weight to,1,of edge,1,most mature,1
ntp on,1,behavior or,1,to give,1,edge cases,1,mature architecture,1
time but,1,an inability,1,it in,1,cases less,1,architecture within,1
but field,1,to recover,1,practice give,1,evidence potentially,1,within civitas,1
field deployment,1,recover quickly,1,it moderate,1,potentially more,1,civitas proven,1
deployment slips,1,quickly because,1,moderate weight,1,more integration,1,vendor cons,1
slips critics,1,because traffic,1,weight as,1,integration tuning,1,cons controller,1
critics say,1,signal systems,1,risk flag,1,tuning that,1,risk likely,1
you started,1,systems are,1,flag not,1,that risk,1,likely on,1
started on,1,are essential,1,disqualifier unless,1,is manageable,1,on critical,1
on paper,1,infrastructure even,1,outage plausibly,1,manageable if,1,path lock,1
paper while,1,even rare,1,plausibly implicates,1,you turn,1,in could,1
while residents,1,rare outages,1,implicates a,1,turn it,1,could slip,1
residents see,1,outages matter,1,core architectural,1,into verification,1,slip beyond,1
see no,1,matter disproportionately,1,architectural failure,1,verification contract,1,beyond months,1
no improvement,1,disproportionately one,1,mode that,1,enforceability not,1,modular pros,1
improvement what,1,one visible,1,novagrid shares,1,not trust,1,pros standard,1
corridor first,1,visible failure,1,shares e,1,trust how,1,standard better,1
first deployment,1,failure during,1,g cloud,1,s current,1,better available,1
deployment plan,1,a storm,1,dependency centralized,1,current hurdles,1,available controllers,1
early wins,1,storm event,1,centralized control,1,hurdles remember,1,controllers addresses,1
wins and,1,event or,1,plane fragility,1,remember novagrid,1,early evidence,1
public facing,1,or major,1,fragility update,1,already carrying,1,of lower,1
facing milestones,1,incident can,1,mechanism certificate,1,carrying dot,1,maintenance avoids,1
milestones what,1,the defining,1,expiry etc,1,an unresolved,1,avoids proprietary,1
what would,1,defining story,1,be credibly,1,unresolved pilot,1,controller bottleneck,1
would make,1,story at,1,credibly mitigated,1,in similar,1,bottleneck cons,1
modular recommendation,1,council at,1,mitigated because,1,similar system,1,cons fewer,1
recommendation clearly,1,same time,1,because this,1,system signal,1,years less,1
hindsight a,1,time early,1,is traffic,1,that needs,1,term operational,1
a civitas,1,early pilots,1,signal control,1,needs classification,1,operational evidence,1
modular has,1,pilots do,1,control essential,1,classification so,1,evidence novagrid,1
a material,1,do surface,1,infrastructure you,1,re effectively,1,novagrid with,1
material outage,1,surface bugs,1,treat rare,1,effectively choosing,1,with waiver,1
outage or,1,bugs that,1,but noticeable,1,choosing among,1,requirements pros,1
or safety,1,that get,1,outage as,1,among civitas,1,pros modular,1
impacting failure,1,get fixed,1,as not,1,integrated mature,1,modular concept,1
failure early,1,fixed you,1,not proof,1,mature but,1,concept faster,1
early if,1,t want,1,proof of,1,but potentially,1,faster base,1
if there,1,treat every,1,of systemic,1,potentially schedule,1,base rollout,1
there s,1,every incident,1,systemic unreliability,1,schedule slipping,1,rollout incident,1
a notable,1,incident as,1,unreliability but,1,slipping due,1,features valued,1
notable year,1,as proof,1,a prompt,1,to controller,1,valued by,1
failure tied,1,proof of,1,prompt to,1,times lock,1,by emergency,1
architecture integration,1,of systemic,1,to raise,1,optics civitas,1,services cons,1
integration upgrade,1,systemic unsuitability,1,raise the,1,modular better,1,cons dot,1
upgrade central,1,unsuitability use,1,the burden,1,availability less,1,weeks it,1
central issues,1,weighting rubric,1,burden of,1,less lock,1,weeks cloud,1
issues the,1,rubric what,1,of proof,1,in still,1,cloud opex,1
the narrative,1,what makes,1,proof on,1,still avoids,1,volatility plus,1
narrative becomes,1,makes this,1,on resilience,1,avoids dot,1,plus emerging,1
becomes council,1,this report,1,resilience failover,1,dot cloud,1,emerging reliability,1
council was,1,report more,1,handling also,1,cloud gates,1,reliability signal,1
was warned,1,more or,1,also context,1,gates but,1,signal pilot,1
warned it,1,or less,1,context matters,1,but newer,1,in similar,1
was newer,1,less important,1,matters novagrid,1,architecture footprint,1,do with,1
newer we,1,important increase,1,novagrid already,1,footprint novagrid,1,with this,1
we still,1,increase weight,1,has added,1,novagrid attractive,1,this information,1
still picked,1,toward major,1,path dependencies,1,attractive features,1,information practical,1
picked it,1,major concern,1,waiver it,1,features but,1,practical and,1
it that,1,concern if,1,failover a,1,but multiple,1,time aware,1
most damaging,1,following are,1,new reliability,1,multiple approval,1,aware re,1
damaging hindsight,1,are true,1,reliability uncertainty,1,approval scope,1,baseline both,1
hindsight outcome,1,true safety,1,uncertainty compounds,1,scope gates,1,vendors schedules,1
outcome because,1,safety impact,1,compounds the,1,complexity what,1,schedules using,1
it undercuts,1,impact signals,1,to know,1,do with,1,using critical,1
undercuts both,1,signals went,1,know before,1,with decision,1,path not,1
both proven,1,went dark,1,before weighting,1,logic now,1,not advertised,1
and reduced,1,unexpectedly lost,1,weighting it,1,now updated,1,advertised duration,1
in prevention,1,lost coordination,1,it higher,1,updated gate,1,duration ask,1
prevention require,1,coordination in,1,higher or,1,we start,1,ask for,1
require fail,1,a hazardous,1,or lower,1,and stay,1,page schedule,1
safe testing,1,hazardous way,1,lower ask,1,stay on,1,schedule from,1
testing upgrade,1,way or,1,ask these,1,schedule without,1,from each,1
upgrade rollback,1,or preemption,1,these now,1,without external,1,includes controller,1
rollback procedures,1,preemption behaved,1,avoid anecdote,1,gate stacking,1,times with,1
procedures slas,1,behaved incorrectly,1,anecdote driven,1,stacking civitas,1,evidence supplier,1
slas rca,1,incorrectly central,1,driven decisions,1,integrated fails,1,supplier commitments,1
timelines and,1,central dependency,1,decisions ask,1,fails at,1,commitments staging,1
rollout b,1,dependency outage,1,for specifics,1,to supply,1,staging cabinet,1
b modular,1,was a,1,specifics scope,1,controllers unless,1,cabinet work,1
modular turns,1,a central,1,scope and,1,unless they,1,work communications,1
turns out,1,failure that,1,and impact,1,they can,1,communications readiness,1
out to,1,that materially,1,impact was,1,credibly guarantee,1,readiness pilot,1
be lock,1,materially degraded,1,it citywide,1,guarantee delivery,1,pilot start,1
in by,1,degraded corridor,1,citywide corridor,1,delivery windows,1,start date,1
by another,1,corridor operations,1,corridor level,1,can order,1,date first,1
another name,1,operations not,1,level or,1,order immediately,1,first corridor,1
name if,1,just reporting,1,intersection did,1,immediately civitas,1,corridor live,1
if after,1,reporting dashboards,1,did signals,1,modular passes,1,live and,1
award you,1,dashboards recovery,1,signals go,1,passes best,1,and full,1
you discover,1,recovery weakness,1,go dark,1,best if,1,full cutover,1
discover you,1,weakness long,1,dark flash,1,if controller,1,cutover acceptance,1
t realistically,1,long mttr,1,flash revert,1,is confirmed,1,in then,1
realistically export,1,mttr e,1,revert to,1,confirmed and,1,then add,1
export configs,1,g hours,1,to free,1,sourcing is,1,add your,1
configs timing,1,hours unclear,1,free lose,1,real novagrid,1,your own,1
plans in,1,unclear rollback,1,lose coordination,1,to waiver,1,own buffer,1
formats integrate,1,rollback or,1,or was,1,failover cloud,1,buffer assumption,1
integrate without,1,or required,1,it only,1,complexity gate,1,assumption because,1
without paid,1,required vendor,1,only central,1,we defend,1,because supply,1
paid proprietary,1,only intervention,1,monitoring duration,1,defend lock,1,supply chains,1
proprietary modules,1,intervention similarity,1,duration and,1,and opex,1,chains and,1
modules or,1,similarity is,1,day any,1,opex under,1,conditions slip,1
or maintain,1,real same,1,any safety,1,integrated weak,1,slip turn,1
extend without,1,vendor same,1,safety incidents,1,weak on,1,turn controller,1
then you,1,same architecture,1,incidents failure,1,in may,1,availability into,1
ll have,1,architecture pattern,1,mode category,1,may increase,1,contract requirement,1
have lost,1,pattern cloud,1,category cloud,1,increase long,1,for whichever,1
lost the,1,central same,1,outage wan,1,run cost,1,whichever path,1
key political,1,same controller,1,wan outage,1,modular strong,1,choose require,1
political protection,1,controller comms,1,outage dns,1,strong on,1,require guaranteed,1
protection against,1,comms stack,1,dns certificate,1,likely better,1,guaranteed delivery,1
narrative making,1,stack similar,1,certificate expiry,1,better opex,1,controllers or,1
award look,1,similar scale,1,expiry authentication,1,predictability plus,1,or defined,1
fiasco all,1,scale repeat,1,authentication outage,1,plus civitas,1,defined remedies,1
again prevention,1,repeat risk,1,outage software,1,m fee,1,remedies alternates,1
prevention make,1,risk symptoms,1,software update,1,risk gate,1,alternates approved,1
make interoperability,1,symptoms suggest,1,update regression,1,can emergency,1,approved equivalent,1
exit deliverables,1,a class,1,regression database,1,capability be,1,equivalent substitutions,1
deliverables contractual,1,class issue,1,database corruption,1,delivered as,1,substitutions especially,1
acceptance items,1,issue e,1,corruption or,1,requirement if,1,especially if,1
items including,1,g certificate,1,or failover,1,if yes,1,if standard,1
including an,1,certificate expiry,1,failover malfunction,1,yes via,1,are used,1
test c,1,expiry bad,1,malfunction telemetry,1,via incident,1,used minimum,1
c novagrid,1,update mechanism,1,telemetry monitoring,1,evp integrations,1,minimum spares,1
novagrid would,1,mechanism single,1,monitoring failure,1,integrations you,1,no surprises,1
would have,1,single region,1,failure misinterpreted,1,accept extra,1,surprises bill,1
have cleared,1,region cloud,1,misinterpreted as,1,extra governance,1,materials locked,1
cleared the,1,failure brittle,1,as control,1,governance gates,1,locked before,1
gates cleanly,1,brittle networking,1,control failure,1,gates just,1,before notice,1
delivered faster,1,networking decrease,1,failure field,1,it practical,1,integrated specifically,1
cheaper with,1,decrease weight,1,field device,1,practical recommendation,1,specifically if,1
better incident,1,toward watch,1,device firmware,1,recommendation shift,1,they cannot,1
performance this,1,watch item,1,firmware controller,1,shift at,1,cannot provide,1
main scenario,1,item if,1,controller issue,1,this point,1,provide credible,1
scenario where,1,if intersections,1,issue unrelated,1,point civitas,1,credible committed,1
where your,1,stayed on,1,unrelated to,1,modular becomes,1,delivery windows,1
recommendation could,1,on local,1,to central,1,becomes the,1,windows treat,1
could look,1,plans with,1,system architecture,1,most coherent,1,treat that,1
look overly,1,with only,1,architecture similarity,1,coherent start,1,that as,1
overly conservative,1,only central,1,similarity similar,1,start now,1,as disqualifying,1
conservative dot,1,central visibility,1,similar to,1,now de,1,disqualifying under,1
waiver approved,1,visibility control,1,s can,1,risk schedule,1,delay support,1
approved quickly,1,control lost,1,can mean,1,schedule satisfy,1,cliff reality,1
quickly with,1,lost temporarily,1,mean anything,1,satisfy council,1,you go,1
documentation it,1,temporarily the,1,anything determine,1,concern option,1,go civitas,1
exception approved,1,was due,1,determine what,1,option provided,1,modular reduce,1
approved with,1,to an,1,s truly,1,do accelerated,1,the fewer,1
failover delivered,1,external dependency,1,truly shared,1,accelerated due,1,deployments risk,1
delivered without,1,dependency that,1,shared cloud,1,diligence on,1,right way,1
without real,1,your design,1,only vs,1,maturity i,1,way don,1
real delay,1,design would,1,vs hybrid,1,would now,1,t hand,1
delay or,1,would mitigate,1,hybrid same,1,treat civitas,1,hand wave,1
novagrid revises,1,mitigate e,1,same hosting,1,integrated as,1,wave it,1
revises architecture,1,g that,1,hosting provider,1,a fallback,1,it mitigate,1
architecture cost,1,that city,1,provider region,1,fallback only,1,mitigate it,1
cost cost,1,city lacked,1,region model,1,risk which,1,it reference,1
cost escalation,1,lacked on,1,model same,1,hard in,1,checks targeted,1
escalation capped,1,failover you,1,same update,1,in supply,1,targeted to,1
novagrid shows,1,you will,1,mechanism same,1,chain realities,1,cities not,1
shows superior,1,will require,1,same controller,1,realities or,1,civitas generally,1
superior incident,1,require it,1,controller ecosystem,1,modular due,1,generally pilot,1
operations that,1,vendor has,1,ecosystem same,1,diligence fails,1,first deployment,1
matter publicly,1,has a,1,same central,1,fails how,1,deployment commit,1
publicly if,1,report fix,1,plane design,1,to de,1,a small,1
if that,1,not recurring,1,design recoverability,1,modular fast,1,small pilot,1
that path,1,recurring why,1,recoverability did,1,fast concrete,1,before scaling,1
path was,1,this matters,1,it recover,1,make fewer,1,scaling rollback,1
was realistically,1,two major,1,recover automatically,1,deployments acceptable,1,and reversion,1
realistically available,1,gating pressures,1,automatically what,1,acceptable require,1,reversion plan,1
fully test,1,pressures on,1,what was,1,require evidence,1,plan documented,1
it critics,1,novagrid dot,1,was the,1,and controls,1,documented how,1
can claim,1,waiver adds,1,the manual,1,controls controller,1,operate if,1
claim you,1,weeks of,1,manual recovery,1,availability proof,1,central features,1
you defaulted,1,of review,1,recovery procedure,1,proof not,1,features misbehave,1
defaulted to,1,time uncertainty,1,procedure and,1,not assurances,1,misbehave warranty,1
s praised,1,uncertainty it,1,long did,1,assurances written,1,warranty and,1
praised vendor,1,it requires,1,it take,1,of controller,1,support escalation,1
vendor prevention,1,requires on,1,take what,1,models suppliers,1,escalation tighter,1
prevention document,1,weeks precisely,1,what operational,1,suppliers and,1,tighter slas,1
s gates,1,precisely to,1,operational tools,1,and current,1,slas during,1
gates added,1,to mitigate,1,tools did,1,current lead,1,with named,1
added unavoidable,1,mitigate central,1,did the,1,times evidence,1,escalation this,1
unavoidable time,1,cloud outage,1,city have,1,of recent,1,architecture acceptable,1
risk at,1,outage risk,1,a principled,1,recent deliveries,1,acceptable in,1
at decision,1,risk so,1,principled way,1,deliveries last,1,in an,1
decision time,1,so this,1,to weight,1,last days,1,infrastructure context,1
and capture,1,this pilot,1,can defend,1,days and,1,context keep,1
capture what,1,outage report,1,defend it,1,and committed,1,novagrid pressure,1
what commitments,1,report should,1,council use,1,allocation for,1,pressure as,1
commitments they,1,as corroborating,1,simple risk,1,your project,1,as leverage,1
they would,1,corroborating evidence,1,risk model,1,project a,1,leverage but,1
would wouldn,1,evidence that,1,model probability,1,plan initial,1,but recognize,1
wouldn t,1,s resilience,1,probability impact,1,initial spares,1,recognize the,1
make d,1,resilience requirement,1,impact detectability,1,spares delivered,1,the comparison,1
d civitas,1,requirement is,1,recoverability probability,1,calls targeted,1,comparison shifted,1
still misses,1,not theoretical,1,probability one,1,targeted call,1,shifted with,1
misses schedule,1,theoretical it,1,event doesn,1,call modular,1,integrated weakened,1
schedule due,1,the argument,1,t estimate,1,cities and,1,weakened by,1
different constraint,1,argument that,1,estimate it,1,and ask,1,by lead,1
constraint even,1,that if,1,it well,1,ask only,1,times novagrid,1
are available,1,is chosen,1,well treat,1,only outages,1,novagrid might,1
available other,1,chosen at,1,treat as,1,outages instability,1,might look,1
other items,1,at all,1,as unknown,1,instability history,1,look better,1
items can,1,all it,1,unknown but,1,history upgrade,1,better again,1
can become,1,be with,1,but non,1,experience integration,1,again on,1
path communications,1,proven failover,1,non zero,1,pain points,1,on schedule,1
communications upgrades,1,dr design,1,zero impact,1,points detection,1,schedule but,1
upgrades cabinet,1,and tested,1,impact for,1,comms preemption,1,s real,1
cabinet rebuilds,1,tested operational,1,for signals,1,preemption vendor,1,schedule is,1
rebuilds permitting,1,operational procedures,1,signals impact,1,responsiveness during,1,is now,1
permitting staffing,1,procedures what,1,impact can,1,incidents whether,1,now base,1
staffing integration,1,do immediately,1,be high,1,whether industry,1,base months,1
dot atms,1,immediately targeted,1,high even,1,controllers truly,1,months plus,1
atms if,1,targeted due,1,if rare,1,truly enabled,1,plus failover,1
then slips,1,diligence that,1,rare detectability,1,enabled flexibility,1,failover weeks,1
slips beyond,1,that fits,1,recoverability if,1,flexibility acceptance,1,weeks plus,1
beyond what,1,fits your,1,if detection,1,that specifically,1,plus waiver,1
what novagrid,1,timeline ask,1,detection is,1,specifically address,1,weeks review,1
could have,1,novagrid and,1,is quick,1,address new,1,time plus,1
have delivered,1,possible the,1,quick and,1,new architecture,1,plus prep,1
delivered you,1,the other,1,and intersections,1,architecture risks,1,prep and,1
asked why,1,other city,1,intersections fall,1,risks make,1,and completeness,1
why you,1,a time,1,fall back,1,these contractual,1,completeness cycles,1
you paid,1,boxed incident,1,back safely,1,contractual comms,1,cycles it,1
paid more,1,incident disclosure,1,safely impact,1,central unavailability,1,be competitive,1
more for,1,disclosure package,1,impact is,1,unavailability behavior,1,competitive but,1
a slower,1,package incident,1,is largely,1,behavior configuration,1,longer simple,1
slower outcome,1,incident timeline,1,largely operational,1,configuration rollback,1,simple fast,1
outcome prevention,1,timeline start,1,operational annoyance,1,procedures patch,1,fast also,1
prevention demand,1,start time,1,annoyance if,1,control performance,1,also it,1
demand a,1,time detection,1,if recovery,1,performance monitoring,1,it remains,1
path schedule,1,detection escalation,1,recovery is,1,monitoring and,1,remains approval,1
schedule with,1,escalation mitigation,1,slow or,1,and alarm,1,reliability sensitive,1
with dependencies,1,mitigation full,1,or unsafe,1,alarm accuracy,1,sensitive what,1
dependencies city,1,full recovery,1,unsafe behavior,1,accuracy contract,1,recommendation updated,1
city responsibility,1,recovery time,1,behavior occurs,1,contract levers,1,updated do,1
responsibility items,1,time scope,1,occurs it,1,levers that,1,not recommend,1
items and,1,and symptoms,1,s much,1,you if,1,integrated unless,1
payments the,1,symptoms what,1,more serious,1,modular surprises,1,contractually neutralize,1
one final,1,exactly failed,1,serious rule,1,surprises appear,1,neutralize controller,1
final check,1,failed cloud,1,rule of,1,appear milestone,1,risk committed,1
check i,1,cloud region,1,of thumb,1,to acceptance,1,committed supply,1
do before,1,region application,1,thumb for,1,tests remedies,1,supply dates,1
lock it,1,application layer,1,infrastructure if,1,remedies for,1,dates alternates,1
in ask,1,layer comms,1,outage affected,1,for failure,1,alternates in,1
provide in,1,comms certs,1,affected safe,1,failure to,1,way you,1
writing tied,1,certs update,1,safe intersection,1,meet uptime,1,you believe,1
to acceptance,1,update database,1,intersection operation,1,mttr targets,1,believe civitas,1
acceptance controller,1,database and,1,operation weight,1,targets documented,1,most balanced,1
alternates lead,1,what intersections,1,it heavily,1,documented data,1,balanced civitas,1
times sourcing,1,intersections experienced,1,heavily if,1,assistance pricing,1,civitas path,1
sourcing rights,1,experienced operational,1,it primarily,1,pricing two,1,path because,1
rights data,1,operational impact,1,primarily affected,1,two tactical,1,it simultaneously,1
formats an,1,impact did,1,affected central,1,tactical moves,1,simultaneously addresses,1
export restore,1,did controllers,1,central visibility,1,moves that,1,politics opex,1
restore test,1,controllers continue,1,visibility optimization,1,help regardless,1,lock early,1
test plan,1,continue running,1,optimization while,1,vendor early,1,reduction signals,1
plan api,1,plans were,1,while intersections,1,early procurement,1,signals and,1
api interface,1,were there,1,intersections stayed,1,procurement of,1,and now,1
deliverables staged,1,there unsafe,1,stayed in,1,of long,1,now hardware,1
early corridor,1,unsafe states,1,control weight,1,long lead,1,hardware availability,1
corridor cutovers,1,states rca,1,it moderately,1,lead field,1,availability novagrid,1
cutovers incident,1,rca status,1,moderately what,1,field components,1,the conditional,1
ops capabilities,1,status and,1,do with,1,components where,1,should compare,1
capabilities demo,1,and corrective,1,it right,1,where procurement,1,compare it,1
demo plan,1,corrective actions,1,now actionable,1,allow cabinets,1,it against,1
plan aligned,1,actions interim,1,actionable steps,1,cabinets detection,1,against civitas,1
aligned to,1,interim mitigation,1,steps request,1,detection hardware,1,integrated the,1
to emergency,1,mitigation now,1,request a,1,hardware comms,1,key decision,1
needs if,1,now permanent,1,a formal,1,comms gear,1,pivot now,1
t commit,1,permanent fix,1,formal incident,1,gear things,1,now your,1
commit clearly,1,fix eta,1,incident package,1,things that,1,decision likely,1
clearly on,1,eta and,1,package even,1,that don,1,likely turns,1
on those,1,how they,1,if preliminary,1,proprietary choices,1,turns on,1
those points,1,they ll,1,preliminary ask,1,choices phased,1,on one,1
points that,1,ll prevent,1,or the,1,plan start,1,question can,1
your warning,1,prevent recurrence,1,the reference,1,corridor pilot,1,modular demonstrate,1
warning that,1,recurrence monitoring,1,city if,1,pilot zone,1,demonstrate enough,1
option may,1,and alerting,1,if accessible,1,zone to,1,enough operational,1
not deliver,1,alerting how,1,accessible for,1,to validate,1,maturity through,1
in benefits,1,quickly operators,1,for preliminary,1,validate operations,1,through references,1
benefits you,1,operators are,1,preliminary root,1,and staff,1,references acceptance,1
re counting,1,are notified,1,cause analysis,1,staff workflow,1,testing commitments,1
counting on,1,notified what,1,analysis rca,1,workflow before,1,commitments support,1
on if,1,alarms what,1,rca date,1,before scaling,1,support terms,1
your planned,1,what runbook,1,date and,1,scaling key,1,offset its,1
planned contract,1,runbook steps,1,and status,1,key remaining,1,its smaller,1
structure fixed,1,steps exist,1,status timeline,1,uncertainties to,1,smaller deployment,1
fixed price,1,exist evidence,1,of events,1,close now,1,deployment base,1
price vs,1,of robustness,1,events detection,1,now that,1,base while,1
vs t,1,robustness any,1,detection response,1,that controllers,1,while delivering,1
t m,1,any similar,1,response mitigation,1,are central,1,delivering with,1
m milestone,1,similar incidents,1,mitigation restoration,1,central how,1,with materially,1
payments term,1,incidents across,1,restoration affected,1,many controllers,1,lower supply,1
length and,1,across their,1,affected functions,1,controllers intersections,1,than integrated,1
suggest the,1,their cities,1,functions field,1,how soon,1,and lower,1
clauses most,1,cities frequency,1,field control,1,soon controllers,1,yes civitas,1
prevent the,1,severity summary,1,control vs,1,are needed,1,cleanest recommendation,1
the clearly,1,summary if,1,vs central,1,for first,1,recommendation if,1
hindsight scenarios,1,they cannot,1,central mgmt,1,first field,1,no novagrid,1
scenarios above,1,cannot provide,1,mgmt vs,1,work whether,1,may become,1
above recommendation,1,provide this,1,vs analytics,1,whether civitas,1,become viable,1
recommendation award,1,this within,1,analytics corrective,1,are truly,1,viable despite,1
using their,1,days that,1,corrective actions,1,truly multi,1,despite waiver,1
and do,1,that itself,1,actions planned,1,source or,1,failover burdens,1
architecture reasoning,1,itself is,1,planned code,1,just not,1,burdens but,1
reasoning clean,1,a signal,1,code fix,1,civitas branded,1,can lock,1
clean and,1,signal about,1,fix config,1,branded but,1,down cloud,1
and defensible,1,about operational,1,config change,1,still constrained,1,failover operations,1
defensible lowest,1,operational maturity,1,change monitoring,1,constrained whether,1,operations and,1
lowest approval,1,and transparency,1,monitoring process,1,uses the,1,controls immediate,1
risk to,1,transparency how,1,process change,1,same central,1,immediate asks,1
time novagrid,1,to translate,1,change whether,1,software stack,1,asks to,1
on two,1,a decision,1,was triggered,1,stack likely,1,to resolve,1
external conditional,1,decision without,1,triggered by,1,likely and,1,resolve this,1
conditional gates,1,without getting,1,by an,1,whether any,1,this quickly,1
gates a,1,getting stuck,1,update or,1,any proprietary,1,quickly from,1
outcome and,1,stuck if,1,an external,1,proprietary elements,1,civitas written,1
approval which,1,can demonstrate,1,external dependency,1,elements remain,1,written controller,1
novagrid says,1,degraded behavior,1,t provide,1,remain that,1,availability commitments,1
says adds,1,behavior controllers,1,provide anything,1,that affect,1,commitments for,1
adds 180k,1,controllers run,1,anything substantive,1,affect exit,1,for modular,1
weeks civitas,1,locally fast,1,substantive that,1,options whether,1,controllers list,1
schedule beyond,1,fast recovery,1,s information,1,is constrained,1,of compatible,1
beyond months,1,recovery rollback,1,information too,1,constrained by,1,compatible alternates,1
best alignment,1,rollback credible,1,too it,1,by controllers,1,alternates from,1
alignment with,1,credible rca,1,it implies,1,controllers specifically,1,modular city,1
concern civitas,1,rca and,1,implies weaker,1,specifically or,1,city references,1
heavy that,1,and fix,1,weaker incident,1,or by,1,on stability,1
s why,1,tested on,1,transparency process,1,by other,1,stability outages,1
recommendation is,1,failover plan,1,process maturity,1,other fieldwork,1,outages and,1
is specifically,1,plan that,1,maturity add,1,fieldwork fiber,1,workload from,1
specifically the,1,that meets,1,add explicit,1,fiber power,1,written plan,1
option which,1,meets it,1,explicit acceptance,1,power permitting,1,plan cost,1
which uses,1,s rto,1,tests tied,1,permitting this,1,cost to,1
be contractually,1,rpo needs,1,to that,1,affects how,1,meet it,1
contractually structured,1,needs then,1,failure class,1,how damaging,1,requirement and,1
structured to,1,outage becomes,1,class turn,1,damaging the,1,a draft,1
leverage data,1,a managed,1,outage into,1,time really,1,draft waiver,1
export documented,1,managed risk,1,into test,1,really is,1,documentation package,1
interfaces right,1,risk rather,1,test requirements,1,is if,1,package for,1
components better,1,than a,1,requirements demonstrate,1,me roughly,1,for dot,1
predictability budgets,1,a blocker,1,demonstrate behavior,1,roughly how,1,dot if,1
budgets are,1,blocker if,1,connectivity for,1,many signalized,1,share roughly,1
are tightening,1,novagrid cannot,1,hours demonstrate,1,project and,1,roughly how,1
tightening civitas,1,cannot demonstrate,1,demonstrate failover,1,re replacing,1,how many,1
modular approach,1,demonstrate those,1,failover of,1,replacing controllers,1,many intersections,1
approach novagrid,1,quickly then,1,management to,1,controllers everywhere,1,intersections controllers,1
novagrid carries,1,then this,1,to on,1,everywhere or,1,are in,1
carries an,1,this outage,1,prem within,1,or only,1,you plan,1
an ongoing,1,outage should,1,within y,1,only at,1,plan phased,1
ongoing cloud,1,toward treating,1,y minutes,1,at certain,1,phased corridor,1
adjustment plus,1,treating novagrid,1,minutes demonstrate,1,certain sites,1,corridor cutovers,1
plus added,1,conditional alternate,1,demonstrate rollback,1,sites i,1,cutovers i,1
added cost,1,alternate or,1,rollback after,1,can map,1,can suggest,1
cost complexity,1,or dropping,1,a bad,1,map the,1,suggest a,1
complexity to,1,dropping it,1,bad update,1,time impact,1,schedule structure,1
meet essential,1,it in,1,update demonstrate,1,impact to,1,structure pilot,1
infrastructure failover,1,in favor,1,demonstrate certificate,1,a realistic,1,rollout that,1
failover requirements,1,favor of,1,expiry handling,1,realistic critical,1,that minimizes,1
requirements incident,1,lower gating,1,handling or,1,and suggest,1,minimizes the,1
response needs,1,gating option,1,or monitoring,1,cleanest award,1,of either,1
needs can,1,option given,1,monitoring without,1,award early,1,vendor s,1
be handled,1,your cannot,1,without loss,1,early order,1,s uncertainties,1
handled as,1,constraint contract,1,control adjust,1,order strategy,1,uncertainties if,1
requirements emergency,1,contract acceptance,1,adjust procurement,1,strategy that,1,if there,1
services desired,1,acceptance terms,1,procurement scoring,1,you politically,1,failure in,1
desired incident,1,to require,1,scoring and,1,politically on,1,one how,1
incident adaptivity,1,require if,1,protections if,1,time the,1,how differently,1
adaptivity should,1,remains in,1,novagrid stays,1,the basic,1,differently would,1
be written,1,in contention,1,stays in,1,basic rule,1,would each,1
written into,1,contention use,1,consideration increase,1,rule incidents,1,choice be,1
tests and,1,this event,1,the weight,1,incidents get,1,judged the,1
slas scenario,1,event to,1,weight or,1,judged through,1,key idea,1
triggers rather,1,justify enforceable,1,or penalty,1,decision narrative,1,idea year,1
than driving,1,enforceable requirements,1,penalty under,1,narrative you,1,one judgment,1
driving the,1,requirements council,1,under operational,1,you set,1,judgment is,1
architecture condition,1,council will,1,resilience strengthen,1,set today,1,is about,1
condition for,1,will understand,1,strengthen slas,1,today a,1,about story,1
for award,1,understand these,1,slas uptime,1,minor year,1,story accountability,1
award simple,1,these degraded,1,uptime incident,1,interpreted through,1,accountability not,1
simple make,1,test simulate,1,and add,1,through three,1,not root,1
alternates data,1,simulate central,1,add remedies,1,three lenses,1,cause detail,1
documentation milestone,1,central loss,1,remedies require,1,lenses was,1,detail a,1
based acceptance,1,loss verify,1,require post,1,was this,1,failure brief,1
acceptance and,1,verify safe,1,post incident,1,this failure,1,brief outage,1
support rca,1,defined operator,1,reporting obligations,1,failure foreseeable,1,outage comms,1
rca slas,1,procedures dr,1,obligations rca,1,foreseeable given,1,comms drop,1
slas it,1,dr failover,1,within n,1,the chosen,1,drop mis,1
it changes,1,a milestone,1,n days,1,chosen risks,1,mis timed,1
the upfront,1,milestone demonstrate,1,days ensure,1,risks did,1,timed coordination,1
comparison but,1,demonstrate on,1,ensure local,1,we have,1,coordination short,1
it does,1,works within,1,local safe,1,have safeguards,1,short lived,1
two biggest,1,within agreed,1,requirements are,1,safeguards and,1,lived software,1
biggest issues,1,agreed rto,1,explicit and,1,recovery plans,1,software bug,1
re trying,1,rpo before,1,and verifiable,1,plans that,1,bug will,1
trying to,1,rollout incident,1,verifiable how,1,that worked,1,be evaluated,1
to manage,1,incident reporting,1,affects the,1,worked did,1,evaluated through,1
manage schedule,1,reporting sla,1,current vendor,1,we take,1,through expectations,1
in optics,1,sla defined,1,your other,1,take avoidable,1,expectations you,1
optics long,1,defined timelines,1,other constraints,1,exceptions waivers,1,you set,1
leverage in,1,timelines for,1,constraints standing,1,waivers special,1,set whether,1
in fact,1,for notification,1,standing alone,1,special architectures,1,whether safe,1
fact this,1,notification rca,1,alone this,1,architectures to,1,operation continued,1
offer pushes,1,rca delivery,1,this outage,1,get here,1,continued speed,1
is most,1,and remediation,1,outage shouldn,1,here the,1,transparency of,1
most vulnerable,1,remediation service,1,t automatically,1,same technical,1,of response,1
vulnerable politically,1,credits penalties,1,automatically eliminate,1,technical event,1,response whether,1
politically budget,1,penalties tied,1,eliminate novagrid,1,event can,1,whether critics,1
operationally controller,1,to central,1,but combined,1,be routine,1,critics can,1
times why,1,central availability,1,combined with,1,routine commissioning,1,can link,1
match does,1,and response,1,waiver requirement,1,commissioning turbulence,1,link it,1
automatically make,1,time careful,1,requirement it,1,turbulence or,1,a known,1
make civitas,1,careful to,1,on 180k,1,or proof,1,known controversy,1
integrated the,1,to align,1,and tighter,1,proof we,1,controversy lock,1
right choice,1,align with,1,opex sensitivity,1,we made,1,in cloud,1
choice you,1,can measure,1,sensitivity it,1,made the,1,cloud reliance,1
you d,1,measure change,1,it pushes,1,wrong bet,1,reliance vendor,1
be choosing,1,staged updates,1,pushes the,1,bet depending,1,vendor favoritism,1
most lock,1,updates rollback,1,risk balance,1,on context,1,favoritism so,1
heavy architecture,1,rollback capability,1,balance further,1,context how,1,same technical,1
architecture the,1,capability and,1,further toward,1,each option,1,technical event,1
chair has,1,and prohibited,1,toward the,1,option would,1,event can,1
has made,1,prohibited silent,1,lower gate,1,judged if,1,politically survivable,1
made lock,1,silent auto,1,gate more,1,one civitas,1,survivable or,1
in his,1,auto updates,1,predictable path,1,controllers tighter,1,or politically,1
his issue,1,updates without,1,path unless,1,tighter lock,1,politically corrosive,1
issue accepting,1,without approval,1,unless novagrid,1,likely public,1,corrosive depending,1
accepting an,1,approval how,1,rapidly a,1,public political,1,choice and,1
even at,1,message it,1,a explain,1,political interpretation,1,narrative how,1
a discount,1,it politically,1,explain the,1,interpretation if,1,how each,1
discount creates,1,re grasping,1,incident class,1,hiccup why,1,choice would,1
creates an,1,grasping for,1,class and,1,we buy,1,would likely,1
an easy,1,for reasons,1,b demonstrate,1,buy the,1,likely be,1
easy parking,1,reasons in,1,demonstrate robust,1,in system,1,judged civitas,1
fiasco again,1,your record,1,robust mitigation,1,system again,1,controllers tighter,1
again narrative,1,record describe,1,mitigation a,1,again after,1,tighter lock,1
narrative lower,1,describe it,1,safe way,1,fiasco warning,1,in how,1
lower price,1,it neutrally,1,to talk,1,warning the,1,framed we,1
price now,1,neutrally we,1,talk about,1,chair is,1,we picked,1
now can,1,we became,1,about it,1,is primed,1,picked the,1
be outweighed,1,became aware,1,it we,1,primed to,1,the established,1
outweighed by,1,of an,1,are aware,1,to see,1,established vendor,1
by higher,1,outage in,1,aware of,1,see any,1,had problems,1
higher switching,1,a comparable,1,a comparable,1,any issue,1,problems what,1
switching costs,1,comparable architecture,1,comparable pilot,1,issue as,1,what did,1
and vendor,1,and used,1,pilot one,1,as evidence,1,we pay,1
leverage later,1,used it,1,event is,1,evidence that,1,pay for,1
later the,1,to strengthen,1,not conclusive,1,that lock,1,chair angle,1
risk still,1,strengthen reliability,1,conclusive but,1,is dangerous,1,angle and,1
still sits,1,testing we,1,but for,1,dangerous because,1,re locked,1
sits on,1,not basing,1,we require,1,because remedies,1,locked in,1
path you,1,basing the,1,require transparent,1,remedies can,1,in on,1
already identified,1,decision on,1,transparent incident,1,can feel,1,on top,1
identified week,1,single anecdote,1,reporting demonstrated,1,feel vendor,1,top of,1
on civitas,1,anecdote we,1,tests designed,1,vendor controlled,1,of it,1
controllers with,1,are using,1,designed around,1,controlled and,1,it why,1
with potential,1,using it,1,around that,1,expensive why,1,s vulnerable,1
potential to,1,to validate,1,mode before,1,is higher,1,vulnerable you,1
to push,1,validate failover,1,before committing,1,higher you,1,the we,1
schedule past,1,failover and,1,committing if,1,defending not,1,in defense,1
months a,1,and recovery,1,what noticeable,1,incident but,1,defense if,1
a price,1,recovery capabilities,1,outage means,1,the strategic,1,if procurement,1
match doesn,1,capabilities appropriate,1,means loss,1,strategic choice,1,procurement delays,1
t fix,1,appropriate for,1,of monitoring,1,choice of,1,delays or,1
fix that,1,infrastructure bottom,1,monitoring vs,1,of a,1,or parts,1
that if,1,line give,1,vs loss,1,a tightly,1,times contributed,1
anything a,1,give the,1,of coordinated,1,system if,1,contributed it,1
a commit,1,the report,1,coordinated timing,1,failure involves,1,like predictable,1
week deal,1,report enough,1,timing vs,1,involves parts,1,predictable mismanagement,1
deal can,1,enough weight,1,flashing i,1,parts delays,1,mismanagement mitigation,1
can lock,1,to trigger,1,can tell,1,delays or,1,you went,1
lock you,1,trigger a,1,you whether,1,it reinforces,1,went this,1
you into,1,a reliability,1,a moderate,1,reinforces a,1,this route,1
control the,1,reliability deep,1,moderate concern,1,source dependency,1,route you,1
the commit,1,deep dive,1,concern or,1,dependency narrative,1,need very,1
week pressure,1,dive and,1,major red,1,narrative how,1,very strong,1
pressure is,1,and mandatory,1,red flag,1,reduce that,1,slas spares,1
a governance,1,mandatory failover,1,flag this,1,that judgment,1,clear lock,1
governance optics,1,dr proof,1,this update,1,judgment risk,1,rationale harder,1
optics hazard,1,proof especially,1,update sharpens,1,risk this,1,harder given,1
hazard council,1,especially because,1,sharpens your,1,this option,1,politics civitas,1
will ask,1,because novagrid,1,decision into,1,is hardest,1,controllers fewer,1
ask why,1,s architecture,1,into three,1,hardest to,1,deployments of,1
why a,1,is already,1,three distinct,1,to insulate,1,this architecture,1
infrastructure decision,1,under scrutiny,1,distinct choices,1,insulate politically,1,architecture how,1
decision was,1,scrutiny for,1,choices not,1,politically unless,1,framed two,1
was effectively,1,dependency don,1,not two,1,have exceptionally,1,two plausible,1
effectively made,1,let one,1,two because,1,exceptionally strong,1,plausible frames,1
made under,1,one unresolved,1,and civitas,1,strong contract,1,frames your,1
under an,1,unresolved pilot,1,modular are,1,a compelling,1,your prep,1
an ultimatum,1,pilot incident,1,now operationally,1,compelling reason,1,prep determines,1
ultimatum procurement,1,incident dominate,1,operationally different,1,reason you,1,determines which,1
procurement integrity,1,dominate the,1,different options,1,you couldn,1,which one,1
integrity questions,1,decision by,1,options what,1,couldn t,1,one wins,1
questions aside,1,itself but,1,this changes,1,controllers fewer,1,wins positive,1
aside it,1,but do,1,changes immediately,1,deployments likely,1,positive frame,1
it reads,1,not treat,1,immediately civitas,1,interpretation engineering,1,frame most,1
reads like,1,as noise,1,now a,1,engineering operations,1,most available,1
like you,1,noise it,1,time on,1,operations will,1,available to,1
you were,1,s exactly,1,on proprietary,1,will generally,1,you we,1
were steered,1,of tail,1,controllers can,1,generally view,1,a proven,1
steered by,1,tail event,1,can easily,1,view minor,1,vendor but,1
by price,1,event that,1,easily push,1,failures as,1,parts to,1
price tactics,1,operational controls,1,push an,1,as normal,1,early hiccups,1
tactics rather,1,controls are,1,months especially,1,normal early,1,hiccups happened,1
than risk,1,are supposed,1,especially if,1,early life,1,happened were,1
management when,1,supposed to,1,there are,1,life issues,1,were contained,1
and only,1,to anticipate,1,are multiple,1,issues if,1,contained and,1
only when,1,anticipate if,1,multiple procurement,1,system stayed,1,and fixed,1
when this,1,what outage,1,procurement batches,1,stayed safe,1,fixed quickly,1
offer would,1,outage meant,1,batches cabinets,1,recovery was,1,quickly budget,1
it would,1,meant in,1,cabinets detectors,1,was quick,1,chair can,1
change things,1,in that,1,comms work,1,quick politically,1,still say,1
things if,1,that pilot,1,work must,1,s easier,1,say at,1
can make,1,pilot central,1,must wait,1,to say,1,least we,1
integrated option,1,central dashboard,1,wait on,1,say we,1,not trapped,1
not behave,1,dashboard down,1,on controller,1,the established,1,trapped negative,1
behave like,1,down vs,1,availability qa,1,in with,1,negative frame,1
like an,1,vs intersections,1,qa acceptance,1,with open,1,frame if,1
integrated lock,1,intersections misbehaving,1,acceptance occurs,1,controllers where,1,t pre,1
in supply,1,misbehaving i,1,occurs late,1,where you,1,wire expectations,1
choice by,1,whether it,1,late even,1,could take,1,expectations they,1
by putting,1,it should,1,if months,1,take hits,1,they sold,1
putting hard,1,a manageable,1,months is,1,hits if,1,sold us,1
commitments in,1,manageable it,1,is still,1,clearly tied,1,us their,1
writing for,1,it dr,1,still inside,1,new modular,1,their new,1
for example,1,dr issue,1,cliff it,1,option critics,1,new modular,1
example guaranteed,1,a fundamental,1,chance of,1,critics might,1,modular thing,1
guaranteed controller,1,fundamental operational,1,schedule compression,1,might say,1,thing and,1
availability allocated,1,operational red,1,compression overtime,1,say why,1,not mature,1
allocated inventory,1,red flag,1,overtime or,1,we let,1,mature why,1
or firm,1,flag what,1,or partial,1,let them,1,s relatively,1
firm delivery,1,changes concretely,1,partial cutovers,1,them experiment,1,relatively defensible,1
delivery dates,1,concretely civitas,1,cutovers exactly,1,experiment on,1,defensible you,1
dates and,1,longer the,1,what creates,1,on us,1,you addressed,1
and liquidated,1,the predictable,1,creates political,1,us but,1,addressed lock,1
damages credits,1,predictable schedule,1,operational headaches,1,but because,1,via architecture,1
credits if,1,schedule option,1,headaches practical,1,because civitas,1,choice you,1
slip acceptance,1,time can,1,implication if,1,is established,1,can position,1
acceptance tied,1,easily push,1,civitas remains,1,established you,1,position modular,1
field commissioning,1,push an,1,remains your,1,credibly frame,1,a controlled,1
commissioning not,1,month plan,1,your preferred,1,we adopted,1,controlled modernization,1
not shipment,1,plan past,1,preferred vendor,1,adopted a,1,modernization pilot,1
shipment exit,1,months because,1,vendor you,1,a newer,1,rollout not,1
rights export,1,because hardware,1,should assume,1,architecture with,1,a leap,1
interfaces strong,1,hardware delivery,1,assume the,1,with guardrails,1,leap mitigation,1
strong enough,1,delivery is,1,safe baseline,1,guardrails to,1,mitigation to,1
to blunt,1,is rarely,1,robust civitas,1,be most,1,ensure it,1
blunt lock,1,rarely the,1,if verified,1,defensible your,1,judged as,1
in even,1,only dependency,1,verified better,1,your narrative,1,a hiccup,1
even on,1,dependency pos,1,real advantage,1,narrative can,1,hiccup treat,1
on an,1,pos staging,1,advantage it,1,be established,1,year as,1
integrated stack,1,staging burn,1,also aligns,1,architecture explicit,1,a stabilization,1
stack a,1,burn in,1,narrative standard,1,explicit acceptance,1,stabilization year,1
a commitment,1,in testing,1,but yes,1,testing a,1,acceptance metrics,1
commitment to,1,and firmware,1,yes fewer,1,less likely,1,metrics escalation,1
to use,1,firmware alignment,1,deployments means,1,interpreted as,1,pilot phase,1
use alternate,1,alignment add,1,must treat,1,a fundamental,1,phase novagrid,1
alternate readily,1,add time,1,as less,1,fundamental procurement,1,cloud based,1
available controllers,1,time any,1,less field,1,procurement mistake,1,based central,1
controllers where,1,any quantity,1,field aged,1,mistake novagrid,1,central waiver,1
feasible which,1,quantity change,1,aged than,1,hosted dot,1,waiver on,1
which starts,1,change or,1,legacy approach,1,waiver on,1,requirement newer,1
starts to,1,or design,1,approach how,1,failover likely,1,newer track,1
to look,1,design change,1,weigh fewer,1,interpretation even,1,record how,1
like modular,1,change can,1,deployments against,1,a small,1,framed it,1
t won,1,can reset,1,against hardware,1,small glitch,1,more likely,1
t do,1,reset the,1,time reality,1,glitch will,1,be interpreted,1
do those,1,the clock,1,reality in,1,be read,1,interpreted as,1
then the,1,clock field,1,in infrastructure,1,read through,1,as validating,1
match is,1,sequencing often,1,infrastructure projects,1,the avoidable,1,validating pre,1
is mainly,1,often depends,1,projects known,1,avoidable complexity,1,pre existing,1
mainly buying,1,on having,1,known supply,1,complexity lens,1,existing concerns,1
buying you,1,having spares,1,supply constraints,1,lens they,1,concerns this,1
you short,1,on hand,1,constraints are,1,they needed,1,when we,1
budget relief,1,hand so,1,are often,1,needed a,1,newer vendor,1
relief at,1,so civitas,1,often more,1,waiver it,1,vendor under,1
term political,1,integrated now,1,more deterministic,1,it made,1,dot threshold,1
political and,1,carries a,1,deterministic than,1,made them,1,threshold cloud,1
operational exposure,1,credible critical,1,than maturity,1,them add,1,system for,1
exposure what,1,path slip,1,maturity concerns,1,failover it,1,infrastructure told,1
would do,1,slip risk,1,concerns because,1,hosted essential,1,told you,1
do right,1,the practical,1,can plan,1,infrastructure if,1,you so,1
now stick,1,practical civitas,1,plan around,1,the issue,1,so now,1
stick with,1,civitas path,1,around maturity,1,issue is,1,now we,1
and tell,1,can get,1,maturity testing,1,is remotely,1,re paying,1
tell civitas,1,get comfortable,1,testing references,1,remotely connected,1,paying recurring,1
civitas we,1,comfortable with,1,references acceptance,1,connected to,1,had an,1
can move,1,with its,1,criteria but,1,to cloud,1,outage if,1
move quickly,1,its maturity,1,t will,1,connectivity vendor,1,it relates,1
quickly but,1,maturity because,1,will hardware,1,vendor hosting,1,relates to,1
but we,1,option uses,1,hardware into,1,hosting or,1,comms why,1
we need,1,uses different,1,into existence,1,or failover,1,are signals,1
need the,1,different more,1,existence a,1,failover behavior,1,signals dependent,1
to address,1,more available,1,defensible stance,1,behavior however,1,dependent on,1
address council,1,available standard,1,is treat,1,however minor,1,the internet,1
concerns and,1,controllers it,1,treat controller,1,minor it,1,internet why,1
for one,1,it reduces,1,availability as,1,it will,1,judged more,1
one of,1,reduces single,1,gate treat,1,will look,1,more harshly,1
of these,1,source hardware,1,modular maturity,1,like confirmation,1,harshly you,1
these concessions,1,hardware risk,1,maturity as,1,the very,1,already need,1
concessions instead,1,risk schedule,1,risk to,1,very risks,1,need exceptions,1
instead of,1,schedule volatility,1,mitigate through,1,risks stakeholders,1,exceptions dot,1
of accepting,1,and often,1,through evidence,1,stakeholders flagged,1,special architecture,1
accepting integrated,1,often long,1,favor civitas,1,flagged why,1,architecture on,1
integrated match,1,term parts,1,tight verification,1,is highest,1,failover any,1
match or,1,pricing risk,1,verification rather,1,highest you,1,any failure,1
or nearly,1,risk but,1,integrated with,1,re asking,1,failure can,1
nearly match,1,re right,1,a likely,1,asking political,1,the complexity,1
match price,1,right it,1,likely schedule,1,political stakeholders,1,complexity we,1
price on,1,deployments so,1,slip what,1,stakeholders to,1,we invited,1
modular or,1,must buy,1,do now,1,accept an,1,invited a,1
or offer,1,down that,1,avoid getting,1,exception waiver,1,single reported,1
offer the,1,evidence contract,1,trapped a,1,waiver a,1,system still,1
system now,1,decision field,1,a ask,1,a special,1,still being,1
now with,1,field effectively,1,ask civitas,1,special architecture,1,being investigated,1
a contractually,1,effectively narrows,1,a controller,1,architecture cloud,1,investigated makes,1
defined conversion,1,narrows to,1,controller specific,1,failover and,1,narrative easier,1
conversion path,1,modular lower,1,specific bill,1,ongoing fees,1,easier for,1
to modular,1,lower supply,1,bill of,1,essential service,1,for critics,1
modular later,1,risk moderate,1,of materials,1,service that,1,critics mitigation,1
later at,1,moderate newer,1,materials and,1,that creates,1,is selected,1
at predetermined,1,newer product,1,supply commitments,1,creates a,1,selected you,1
predetermined pricing,1,line maturity,1,commitments for,1,high burden,1,must demonstrate,1
pricing still,1,maturity risk,1,for both,1,proof minor,1,demonstrate early,1
still not,1,risk versus,1,both integrated,1,minor incidents,1,and visibly,1
as good,1,versus novagrid,1,modular require,1,incidents become,1,visibly that,1
good as,1,still carrying,1,require exact,1,become symbolic,1,that local,1
as starting,1,carrying dot,1,and firmware,1,symbolic this,1,local safe,1
starting modular,1,failover recurring,1,firmware requirements,1,is what,1,operation continues,1
controller delivery,1,volatility now,1,requirements lead,1,what we,1,continues and,1
delivery guarantees,1,now an,1,and supplier,1,warned about,1,works and,1
guarantees either,1,an anecdotal,1,many units,1,one counterweight,1,must cap,1
either way,1,anecdotal outage,1,units are,1,counterweight if,1,cap fees,1
way bottom,1,outage signal,1,are needed,1,novagrid demonstrably,1,we paid,1
line no,1,signal to,1,and when,1,demonstrably improves,1,paid more,1
no this,1,to scrutinize,1,when substitution,1,improves incident,1,got less,1
this does,1,scrutinize how,1,substitution policy,1,show measurable,1,less what,1
core recommendation,1,how i,1,policy pre,1,measurable benefits,1,most in,1
it reinforces,1,d weigh,1,approved alternates,1,benefits early,1,the minor,1
reinforces that,1,weigh it,1,alternates whether,1,early you,1,failure scenario,1
should avoid,1,now updated,1,will hold,1,a positive,1,scenario what,1
avoid civitas,1,updated logic,1,hold inventory,1,positive narrative,1,what failed,1
they also,1,logic gate,1,inventory or,1,narrative buffer,1,failed the,1
also eliminate,1,we control,1,or reserve,1,buffer yes,1,the severity,1
eliminate the,1,control the,1,reserve manufacturing,1,yes there,1,severity of,1
and give,1,schedule in,1,manufacturing slots,1,there was,1,of judgment,1
give you,1,in reality,1,slots if,1,was a,1,judgment depends,1
you contract,1,reality civitas,1,modular uses,1,hiccup but,1,depends heavily,1
contract level,1,integrated likely,1,uses standard,1,but response,1,heavily on,1
level protections,1,likely fails,1,controllers make,1,and corridor,1,the type,1
protections against,1,fails schedule,1,make them,1,corridor clearance,1,type of,1
against lock,1,schedule control,1,them name,1,clearance improved,1,of failure,1
cleanest most,1,control gate,1,name them,1,improved materially,1,failure local,1
most publicly,1,gate unless,1,them standard,1,materially without,1,local signal,1
publicly defensible,1,unless civitas,1,standard without,1,without that,1,signal safety,1
path remains,1,can guarantee,1,without named,1,re exposed,1,safety preserved,1
remains civitas,1,guarantee controller,1,named skus,1,most the,1,preserved only,1
explicit interoperability,1,availability in,1,skus is,1,of minor,1,only central,1
terms choosing,1,writing or,1,not actionable,1,failure here,1,optimization affected,1
could be,1,or provide,1,actionable b,1,s how,1,affected best,1
be a,1,provide approved,1,b pull,1,how judgment,1,case usually,1
mistake in,1,equivalents quickly,1,pull the,1,judgment typically,1,usually survivable,1
specific context,1,quickly unlikely,1,schedule apart,1,typically differs,1,survivable if,1
context unless,1,unlikely if,1,apart where,1,differs depending,1,if restored,1
can close,1,if proprietary,1,where do,1,on failure,1,restored quickly,1
close a,1,proprietary civitas,1,do controllers,1,failure category,1,and communicated,1
small number,1,modular more,1,controllers sit,1,category a,1,communicated well,1
of high,1,likely passes,1,sit on,1,software dashboard,1,well intersections,1
high impact,1,passes assuming,1,path have,1,dashboard issue,1,intersections go,1
impact risks,1,assuming controller,1,your pm,1,issue signals,1,flash unexpectedly,1
risks before,1,availability is,1,pm integrator,1,signals keep,1,unexpectedly or,1
the reason,1,confirmed and,1,integrator build,1,keep running,1,or coordination,1
reason isn,1,and substitutions,1,build a,1,running safely,1,coordination collapses,1
t that,1,are allowed,1,simple dependency,1,safely civitas,1,collapses broadly,1
bad it,1,allowed novagrid,1,dependency chart,1,modular integrated,1,broadly even,1
s that,1,novagrid schedule,1,chart design,1,integrated likely,1,if minor,1
and no,1,schedule is,1,design procurement,1,likely viewed,1,minor it,1
delay politics,1,is burdened,1,procurement delivery,1,viewed as,1,feels major,1
politics make,1,burdened by,1,delivery cabinet,1,as manageable,1,major to,1
with more,1,by dot,1,cabinet work,1,manageable it,1,the public,1
more ways,1,dot weeks,1,work controller,1,it issue,1,public and,1
ways to,1,failover weeks,1,controller install,1,issue novagrid,1,council failure,1
to fail,1,weeks before,1,install field,1,novagrid may,1,connectivity central,1
fail procedurally,1,you even,1,field testing,1,as cloud,1,central hosting,1
procedurally and,1,even reach,1,testing system,1,cloud fragility,1,hosting especially,1
operationally in,1,reach baseline,1,system integration,1,fragility even,1,infrastructure debate,1
one why,1,baseline rollout,1,integration acceptance,1,if intersections,1,debate failure,1
s likely,1,rollout implication,1,acceptance if,1,intersections were,1,parts availability,1
likely a,1,implication if,1,if controller,1,were fine,1,availability especially,1
mistake given,1,if cannot,1,delivery is,1,fine because,1,integrated given,1
given what,1,start remains,1,path it,1,because cloud,1,given known,1
ve told,1,remains paramount,1,it usually,1,is part,1,known lead,1
told me,1,paramount civitas,1,usually is,1,political story,1,politics how,1
me you,1,now the,1,is then,1,story b,1,to pre,1
re accepting,1,only path,1,integrated option,1,b communications,1,wire the,1
accepting two,1,that plausibly,1,s schedule,1,communications outage,1,rollout so,1
can derail,1,plausibly starts,1,schedule is,1,outage cell,1,so year,1
schedule dot,1,starts and,1,is fragile,1,cell fiber,1,one failures,1
outcome it,1,and stays,1,fragile c,1,fiber intersections,1,failures don,1
exception conditioned,1,stays moving,1,c treat,1,intersections fall,1,become year,1
conditioned on,1,moving with,1,distinct product,1,fall back,1,one scandals,1
weeks if,1,less hardware,1,product and,1,to local,1,scandals regardless,1
pick novagrid,1,hardware bottleneck,1,and qualify,1,plans any,1,vendor you,1
novagrid and,1,bottleneck risk,1,qualify it,1,any vendor,1,can materially,1
and either,1,risk gate,1,it fast,1,vendor acceptable,1,change how,1
either gate,1,we manage,1,fast because,1,if fallback,1,how failures,1
gate slips,1,manage operational,1,deployments focus,1,fallback is,1,failures are,1
slips you,1,operational and,1,focus due,1,expected novagrid,1,are judged,1
you own,1,risk credibly,1,due diligence,1,why the,1,judged by,1
own the,1,credibly civitas,1,diligence on,1,the expensive,1,by building,1
the delay,1,made council,1,on reference,1,expensive failover,1,building trust,1
delay politically,1,you require,1,cities outages,1,failover didn,1,trust mechanics,1
politically because,1,require standard,1,outages upgrades,1,t prevent,1,mechanics a,1
was a,1,transition rights,1,maintenance reality,1,prevent the,1,set expectations,1
a foreseeable,1,and verify,1,reality acceptance,1,the impact,1,expectations explicitly,1
foreseeable dependency,1,verify modular,1,for degraded,1,impact even,1,explicitly year,1
dependency at,1,modular references,1,degraded modes,1,it wasn,1,one includes,1
at selection,1,references civitas,1,modes and,1,wasn t,1,includes phased,1
selection time,1,is harder,1,cutover integration,1,t designed,1,and stabilization,1
re paying,1,defend to,1,integration maturity,1,designed to,1,stabilization intersections,1
paying to,1,in focused,1,maturity controllers,1,address last,1,intersections operate,1
to un,1,focused budget,1,controllers detection,1,last mile,1,safely locally,1
un cloud,1,chair and,1,detection communications,1,mile comms,1,locally even,1
cloud a,1,has supply,1,communications central,1,comms c,1,are degraded,1
first design,1,fragility novagrid,1,software what,1,c field,1,degraded define,1
the on,1,still requires,1,this does,1,field hardware,1,what minor,1
requirement indicates,1,requires heavier,1,does to,1,hardware availability,1,failure means,1
indicates novagrid,1,heavier governance,1,overall vendor,1,availability repair,1,means and,1
s default,1,governance accommodations,1,vendor comparison,1,repair delays,1,what response,1
default architecture,1,accommodations hybrid,1,comparison big,1,delays civitas,1,times you,1
architecture doesn,1,and longer,1,big picture,1,higher reputational,1,you commit,1
t meet,1,longer approval,1,picture given,1,reputational risk,1,to b,1
meet your,1,approval chain,1,already know,1,risk because,1,b pilot,1
infrastructure posture,1,chain what,1,know novagrid,1,of known,1,first and,1
posture without,1,next actionable,1,waiver weeks,1,known proprietary,1,and phased,1
without add,1,actionable within,1,weeks cloud,1,time issues,1,cutover politically,1
ons that,1,treat controller,1,governance requires,1,issues civitas,1,operationally safer,1
complexity more,1,availability as,1,weeks plus,1,defend if,1,safer start,1
more moving,1,must prove,1,a recent,1,if standard,1,stability then,1
moving parts,1,prove item,1,recent similar,1,controllers spares,1,scale this,1
parts to,1,item not,1,system outage,1,spares exist,1,makes early,1
maintain and,1,promise for,1,outage signal,1,exist novagrid,1,issues look,1
test implementation,1,modular request,1,signal civitas,1,novagrid depends,1,like controlled,1
and additional,1,request within,1,integrated dot,1,on hardware,1,controlled learning,1
additional long,1,days named,1,clear but,1,hardware model,1,learning not,1
operational burden,1,named controller,1,but hardware,1,model but,1,not citywide,1
burden budget,1,models written,1,push schedule,1,the narrative,1,citywide failure,1
is weaker,1,written distributor,1,schedule past,1,narrative is,1,failure c,1
weaker recurring,1,distributor manufacturer,1,increase risk,1,less preloaded,1,c contract,1
adjustments potential,1,manufacturer availability,1,modular dot,1,preloaded than,1,for response,1
potential dual,1,availability statements,1,clear avoids,1,than cloud,1,transparency high,1
environment costs,1,statements not,1,bottleneck addresses,1,cloud waiver,1,severity incident,1
costs cloud,1,vendor estimates,1,concerns but,1,waiver how,1,escalation path,1
failover are,1,estimates a,1,but has,1,to future,1,path root,1
are harder,1,plan how,1,deployments maturity,1,future proof,1,analysis timelines,1
defend when,1,many spares,1,maturity risk,1,proof the,1,timelines e,1
when next,1,spares delivered,1,risk manageable,1,the judgment,1,g preliminary,1
budget is,1,delivered by,1,manageable via,1,judgment now,1,preliminary within,1
is tighter,1,by what,1,via verification,1,now regardless,1,within business,1
tighter compared,1,what date,1,verification net,1,vendor you,1,days required,1
lock any,1,date approved,1,net civitas,1,can materially,1,required public,1
any early,1,models list,1,modular increasingly,1,materially change,1,public facing,1
early outage,1,list and,1,increasingly looks,1,change how,1,facing metrics,1
outage gets,1,language allowing,1,like the,1,how year,1,mttr number,1
gets judged,1,allowing substitution,1,least bad,1,one issues,1,number of,1
harshly with,1,substitution without,1,bad risk,1,are judged,1,intersections affected,1
record cloud,1,without re,1,stack under,1,judged by,1,affected d,1
cloud controversy,1,re procurement,1,your combined,1,by setting,1,d spares,1
controversy a,1,integrated ask,1,combined constraints,1,setting expectations,1,rollback on,1
a reported,1,same if,1,constraints start,1,and safeguards,1,on hand,1
reported outage,1,t produce,1,now minimize,1,safeguards in,1,hand spares,1
outage in,1,produce it,1,minimize external,1,in advance,1,spares for,1
system a,1,it you,1,gates protect,1,advance define,1,controllers comms,1
one incident,1,clean factual,1,protect timeline,1,what normal,1,gear documented,1
incident is,1,factual basis,1,timeline avoid,1,normal commissioning,1,documented rollback,1
to become,1,to deprioritize,1,in how,1,commissioning issues,1,rollback for,1
become we,1,deprioritize that,1,make civitas,1,issues look,1,for software,1
we took,1,that configuration,1,modular council,1,like publish,1,software updates,1
took a,1,configuration b,1,defensible despite,1,publish internal,1,updates and,1
a risky,1,b buy,1,despite fewer,1,internal thresholds,1,plan changes,1
risky bet,1,down fewer,1,deployments frame,1,thresholds expected,1,changes bottom,1
bet in,1,deployments risk,1,it explicitly,1,expected tuning,1,line which,1
in council,1,with targeted,1,explicitly as,1,tuning period,1,which choice,1
council public,1,targeted evidence,1,managed choice,1,period planned,1,choice is,1
public narrative,1,evidence ask,1,choice we,1,planned maintenance,1,is most,1
narrative when,1,cities and,1,path we,1,how fallback,1,forgiving in,1
when novagrid,1,and specifically,1,are using,1,fallback works,1,one most,1
mistake clear,1,specifically outage,1,configuration to,1,works contract,1,forgiving if,1
clear conditions,1,history rollback,1,avoid supply,1,and transparency,1,you manage,1
go novagrid,1,incidents upgrade,1,chain delays,1,transparency incident,1,manage it,1
novagrid i,1,cadence controller,1,delays and,1,slas required,1,it well,1
would only,1,controller integration,1,reduce lock,1,required incident,1,well civitas,1
only do,1,integration issues,1,in because,1,incident reports,1,modular it,1
do it,1,cost reality,1,configuration is,1,reports postmortems,1,with we,1
secure before,1,reality a,1,newer we,1,postmortems with,1,a mature,1
award or,1,a demo,1,are including,1,with timelines,1,mature partner,1
as explicit,1,demo of,1,including additional,1,and corrective,1,partner while,1
explicit award,1,of degraded,1,additional acceptance,1,corrective actions,1,while allowing,1
award contingencies,1,operation and,1,tests reference,1,actions demonstrate,1,allowing you,1
contingencies allowed,1,rollback central,1,and portability,1,you planned,1,to frame,1
allowed by,1,update c,1,portability requirements,1,planned for,1,frame early,1
by procurement,1,c put,1,and tying,1,for failures,1,issues as,1
procurement written,1,put schedule,1,tying payments,1,failures execute,1,as part,1
or written,1,schedule protection,1,payments to,1,execute and,1,of controlled,1
dot pre,1,protection into,1,to those,1,and document,1,controlled rollout,1
clearance that,1,contract for,1,those milestones,1,document failover,1,rollout least,1
that approval,1,modular attach,1,milestones this,1,failover fallback,1,least forgiving,1
is imminent,1,attach a,1,this acknowledges,1,fallback tests,1,forgiving novagrid,1
imminent and,1,schedule as,1,acknowledges the,1,tests during,1,novagrid because,1
and unconditional,1,items called,1,the maturity,1,during acceptance,1,because cloud,1
unconditional written,1,called out,1,maturity concern,1,acceptance keep,1,cloud waiver,1
written it,1,out add,1,without hiding,1,keep an,1,complexity makes,1
it approval,1,add milestone,1,hiding it,1,an operator,1,makes any,1
approval of,1,based payment,1,it contract,1,operator playbook,1,any outage,1
a fully,1,payment tied,1,contract levers,1,playbook who,1,outage feel,1
fully defined,1,to controller,1,levers you,1,who does,1,feel like,1
defined failover,1,delivery pilot,1,should add,1,does what,1,like confirmation,1
architecture including,1,corridor acceptance,1,add specifically,1,what when,1,of risk,1
including who,1,acceptance and,1,specifically because,1,when alarms,1,risk taking,1
who operates,1,and system,1,acceptance milestone,1,alarms fire,1,taking unless,1
operates it,1,system wide,1,milestone controller,1,fire have,1,you very,1
it how,1,wide acceptance,1,plan accepted,1,have early,1,very clearly,1
s tested,1,tests include,1,accepted before,1,early performance,1,clearly demonstrate,1
tested and,1,include remedies,1,rollout spend,1,reporting if,1,demonstrate failover,1
happens during,1,remedies service,1,portability milestone,1,show stable,1,failover and,1
during loss,1,credits or,1,milestone deliver,1,stable uptime,1,and local,1
of connectivity,1,or similar,1,deliver export,1,and measurable,1,local safety,1
connectivity a,1,similar for,1,export full,1,measurable improvements,1,and keep,1
your political,1,missed vendor,1,full configs,1,improvements overall,1,keep incidents,1
political milestones,1,milestones d,1,configs documentation,1,overall isolated,1,incidents small,1
milestones showing,1,d keep,1,documentation early,1,isolated minor,1,small via,1
showing the,1,leverage only,1,early stability,1,failures look,1,via phased,1
what work,1,clear its,1,stability protections,1,look less,1,deployment civitas,1
work runs,1,its gates,1,protections rollback,1,less damning,1,is also,1
runs in,1,fast given,1,rollback plan,1,damning bottom,1,also politically,1
parallel cost,1,failover cost,1,plan patch,1,line novagrid,1,exposed because,1
controls cap,1,time novagrid,1,cadence commitments,1,judged most,1,s hardest,1
increases define,1,viable only,1,commitments rca,1,most harshly,1,hardest to,1
included fix,1,can rapidly,1,rca requirements,1,failure because,1,defend on,1
fix pricing,1,rapidly deliver,1,requirements warranty,1,defending a,1,on lock,1
pricing for,1,deliver waiver,1,warranty and,1,infrastructure posture,1,if something,1
for failover,1,package readiness,1,performance holdback,1,posture added,1,something goes,1
failover o,1,and confidence,1,holdback retainage,1,integrated would,1,goes wrong,1
m change,1,confidence on,1,retainage until,1,harshly if,1,wrong if,1
protections operational,1,on outcome,1,until system,1,incident touches,1,you mean,1
operational proof,1,design with,1,system passes,1,touches lock,1,mean by,1
proof a,1,with fixed,1,passes a,1,proprietary supply,1,by minor,1
demo showing,1,clear rto,1,defined burn,1,chain because,1,failure e,1
showing incident,1,rpo capped,1,in period,1,because that,1,g loss,1
operations plus,1,capped recurring,1,days of,1,a live,1,of central,1
plus safe,1,defined hybrid,1,of stable,1,live political,1,central comms,1
safe degraded,1,hybrid maintenance,1,operations one,1,political scar,1,comms for,1
degraded modes,1,credible answer,1,one clarifying,1,scar civitas,1,hours a,1
modes central,1,outage concern,1,clarifying question,1,is typically,1,a few,1
central down,1,concern rca,1,question that,1,typically the,1,few intersections,1
down comms,1,rca mitigation,1,determines how,1,defensible it,1,intersections flashing,1
comms down,1,mitigation if,1,how urgent,1,with established,1,flashing or,1
down with,1,not you,1,urgent this,1,vendor expectations,1,bad timing,1
with documented,1,you document,1,is do,1,expectations while,1,plan push,1
documented behavior,1,a qualified,1,have flexibility,1,giving you,1,push i,1
behavior if,1,qualified solution,1,flexibility to,1,credible anti,1,can give,1
you cannot,1,solution that,1,to place,1,story provided,1,give you,1
cannot get,1,that became,1,place controller,1,you treat,1,you an,1
get those,1,became schedule,1,controller purchase,1,treat modular,1,an even,1
then yes,1,governance risky,1,orders immediately,1,strong acceptance,1,more precise,1
yes it,1,risky under,1,immediately after,1,protections if,1,precise likely,1
mistake relative,1,under current,1,after award,1,me what,1,likely reaction,1
lower gate,1,recommendation where,1,or even,1,your stakeholders,1,reaction map,1
gate path,1,it likely,1,even pre,1,stakeholders would,1,map and,1
path the,1,likely lands,1,pre order,1,would consider,1,specific mitigations,1
the crux,1,lands recommend,1,order under,1,consider a,1,mitigations to,1
crux leaning,1,path explicitly,1,under allowable,1,failure e,1,to include,1
leaning novagrid,1,state we,1,allowable procurement,1,g minutes,1,include in,1
is rational,1,not recommending,1,rules or,1,minutes of,1,recommendation to,1
rational if,1,integrated due,1,must you,1,central downtime,1,to city,1
re prioritizing,1,time risk,1,you wait,1,downtime a,1,city council,1
prioritizing incident,1,slip delivery,1,wait for,1,a handful,1,council select,1
and modern,1,delivery emphasize,1,for later,1,handful of,1,using the,1
modern modularity,1,chair modular,1,later design,1,intersections on,1,option standard,1
modularity it,1,transition clauses,1,design milestones,1,on flash,1,and proceed,1
mistake if,1,clauses are,1,milestones the,1,flash etc,1,proceed immediately,1
re underestimating,1,in countermeasure,1,the earlier,1,etc i,1,immediately with,1
underestimating how,1,countermeasure emphasize,1,earlier you,1,exact slas,1,first this,1
how often,1,office still,1,lock controller,1,make that,1,best single,1
often projects,1,still civitas,1,controller supply,1,that level,1,single recommendation,1
projects like,1,civitas consistent,1,supply the,1,level of,1,recommendation now,1
like this,1,with prior,1,the less,1,of event,1,now because,1
this fail,1,prior positive,1,less the,1,event politically,1,the only,1
fail on,1,positive view,1,can hurt,1,politically survivable,1,only path,1
on approvals,1,view but,1,hurt you,1,survivable recommendation,1,path that,1
approvals hosting,1,but in,1,you the,1,recommendation single,1,that simultaneously,1
hosting governance,1,more modern,1,the short,1,single council,1,simultaneously avoids,1
and lifecycle,1,modern resilient,1,short answer,1,ready select,1,avoids dot,1
cost volatility,1,resilient architecture,1,same minor,1,make award,1,dot exception,1
volatility not,1,key uncertainty,1,failure will,1,award contingent,1,exception risk,1
on core,1,uncertainty that,1,interpreted very,1,on specific,1,year threshold,1
core functionality,1,that remains,1,very differently,1,specific interoperability,1,threshold automatically,1
functionality if,1,remains and,1,differently a,1,operations deliverables,1,review avoids,1
your drop,1,resolve it,1,failure say,1,deliverables in,1,avoids it,1
packet finalization,1,it quickly,1,say brief,1,contract why,1,it driven,1
finalization and,1,quickly the,1,brief loss,1,few decisive,1,driven redesign,1
whether procurement,1,only meaningful,1,monitoring a,1,decisive reasons,1,redesign delay,1
procurement allows,1,meaningful unresolved,1,software bug,1,reasons most,1,delay cost,1
allows conditional,1,unresolved question,1,bug causing,1,executable without,1,cost novagrid,1
award i,1,question on,1,causing a,1,without delay,1,be approvable,1
five conditions,1,modular path,1,a few,1,delay or,1,approvable civitas,1
conditions above,1,is is,1,few intersections,1,or external,1,not have,1
tight go,1,offering operationally,1,intersections to,1,gates civitas,1,have that,1
go no,1,operationally mature,1,to drop,1,dot year,1,that gating,1
no go,1,mature enough,1,drop coordination,1,preference automatically,1,gating condition,1
go checklist,1,enough for,1,short outage,1,automatically novagrid,1,condition as,1
use this,1,your risk,1,outage during,1,waiver week,1,as presented,1
week final,1,risk tolerance,1,update will,1,novagrid also,1,presented protects,1
final position,1,tolerance you,1,judged less,1,also triggers,1,protects schedule,1
position recommend,1,you resolve,1,on technical,1,triggers an,1,now politics,1
recommend and,1,resolve that,1,technical severity,1,cloud condition,1,politics fewer,1
and proceed,1,that in,1,severity and,1,condition requiring,1,external approvals,1
option why,1,in weeks,1,more on,1,requiring on,1,parts on,1
why in,1,weeks by,1,on whether,1,weeks you,1,path addresses,1
the simplest,1,by reference,1,it confirms,1,said project,1,optics credibly,1
simplest defensible,1,upgrades incidents,1,confirms the,1,start cannot,1,credibly modular,1
defensible terms,1,incidents a,1,the perceived,1,cannot slip,1,concern and,1
terms highest,1,based demo,1,perceived risk,1,slip without,1,and avoids,1
highest certainty,1,demo and,1,choice below,1,without political,1,civitas proprietary,1
certainty to,1,contractually enforceable,1,below is,1,political consequences,1,time problem,1
start and,1,enforceable acceptance,1,how each,1,consequences civitas,1,problem improves,1
and deliver,1,testing portability,1,each option,1,cleanest path,1,improves opex,1
plus on,1,portability if,1,option would,1,start best,1,budget climate,1
adds time,1,share roughly,1,would likely,1,best answer,1,climate civitas,1
cost those,1,roughly how,1,likely be,1,concern civitas,1,footprint why,1
are avoidable,1,many controllers,1,judged given,1,is vulnerable,1,why not,1
avoidable schedule,1,controllers intersections,1,current political,1,now also,1,other options,1
approval risks,1,intersections are,1,governance context,1,also vulnerable,1,options stated,1
risks best,1,are in,1,context if,1,on week,1,plainly not,1
best way,1,can phase,1,controllers tight,1,week proprietary,1,not novagrid,1
to neutralize,1,phase by,1,tight integration,1,times civitas,1,novagrid too,1
chair will,1,by corridor,1,integration likely,1,with better,1,too much,1
will attack,1,corridor i,1,chair this,1,availability this,1,much approval,1
attack the,1,sequencing approach,1,what lock,1,most credible,1,and complexity,1
with industry,1,approach that,1,in looks,1,credible we,1,complexity risk,1
path here,1,reduces exposure,1,like now,1,fiasco posture,1,risk right,1
here that,1,exposure pilot,1,re stuck,1,posture better,1,now dot,1
that credibly,1,pilot first,1,stuck and,1,modular data,1,waiver essential,1
credibly answers,1,first then,1,and dependent,1,data indicates,1,review required,1
answers we,1,then scale,1,dependent on,1,indicates lower,1,failover with,1
we learned,1,scale without,1,on them,1,versus their,1,with additional,1
learned from,1,delay politically,1,them engineering,1,system novagrid,1,additional reliability,1
system better,1,politically the,1,engineering annoying,1,adjustment plus,1,uncertainty flagged,1
predictability as,1,main idea,1,annoying but,1,failover costs,1,similar deployment,1
tighten civitas,1,idea year,1,but expected,1,maintenance overhead,1,fees that,1
under modular,1,one failures,1,expected we,1,overhead operational,1,are harder,1
modular align,1,judged through,1,we ll,1,defensibility in,1,to control,1
align with,1,through expectations,1,ll work,1,is judged,1,control in,1
your tightening,1,expectations attribution,1,work through,1,harshest when,1,in tight,1
tightening budget,1,attribution a,1,vendor mayor,1,when it,1,budget years,1
budget outlook,1,failure say,1,office potentially,1,it traces,1,years not,1
outlook novagrid,1,say a,1,potentially neutral,1,traces back,1,weeks can,1
s recurring,1,short central,1,neutral to,1,cloud complexity,1,push the,1
and dual,1,outage a,1,to supportive,1,modular lets,1,schedule past,1
environment failover,1,a detector,1,supportive because,1,you credibly,1,and reintroduce,1
failover implications,1,detector issue,1,has positive,1,credibly say,1,reintroduce both,1
implications add,1,few intersections,1,positive mention,1,say proven,1,both supply,1
add volatility,1,intersections dropping,1,mention unless,1,architecture tested,1,chain and,1
volatility you,1,dropping out,1,failure becomes,1,safes why,1,in political,1
still meet,1,coordination will,1,becomes public,1,why we,1,risk what,1
needs by,1,judged on,1,public why,1,not recommending,1,what council,1
making them,1,on four,1,way your,1,the other,1,council should,1
acceptance requirements,1,four questions,1,your known,1,other paths,1,should approve,1
requirements write,1,questions did,1,known vulnerability,1,paths brief,1,approve with,1
write incident,1,did it,1,vulnerability here,1,brief direct,1,the selection,1
response adaptive,1,it create,1,here is,1,direct not,1,selection this,1
adaptive operations,1,a safety,1,in proprietary,1,not novagrid,1,a hedge,1
operations into,1,safety problem,1,proprietary supply,1,this time,1,hedge it,1
and acceptance,1,problem signals,1,chain any,1,time requires,1,s how,1
tests scenario,1,signals dark,1,any hiccup,1,mandated on,1,choice defensible,1
triggers rollback,1,unexpectedly unsafe,1,hiccup can,1,and time,1,defensible direct,1
audit what,1,unsafe preemption,1,as and,1,time undermining,1,direct staff,1
would not,1,preemption behavior,1,t easily,1,undermining its,1,staff to,1
not do,1,behavior was,1,easily switch,1,its speed,1,finalize the,1
do do,1,was it,1,switch what,1,speed cost,1,with these,1
not take,1,it foreseeable,1,damage strong,1,and increasing,1,these non,1
take civitas,1,foreseeable avoidable,1,strong slas,1,increasing governance,1,negotiables standards,1
civitas last,1,avoidable given,1,slas fast,1,complexity for,1,without written,1
last minute,1,you knew,1,fast fix,1,times can,1,written city,1
minute price,1,knew at,1,fix clear,1,can push,1,services top,1
match on,1,at award,1,clear communications,1,push the,1,top incident,1
system it,1,award time,1,communications and,1,the weakest,1,implemented trained,1
it reintroduces,1,time how,1,and proof,1,weakest option,1,deploy rollback,1
reintroduces the,1,fast did,1,city can,1,option on,1,behavior schedule,1
things you,1,did you,1,can operate,1,on vendor,1,accountability milestone,1
can least,1,you recover,1,operate intersections,1,in now,1,critical milestones,1
least afford,1,recover and,1,intersections safely,1,central council,1,milestones early,1
afford politically,1,who owned,1,safely without,1,concern conditions,1,clarity confirm,1
operationally lock,1,owned it,1,without the,1,conditions to,1,confirm what,1
risk minimum,1,it city,1,system if,1,to attach,1,cap define,1
minimum must,1,city vs,1,controllers newer,1,attach so,1,define any,1
have conditions,1,vs vendor,1,configuration likely,1,choice is,1,any pass,1
conditions to,1,vendor vs,1,chair could,1,not modular,1,pass through,1
in when,1,party does,1,could go,1,name only,1,through items,1
when you,1,does it,1,go either,1,only include,1,items the,1
you proceed,1,it confirm,1,either way,1,contract requirements,1,implementation posture,1
proceed named,1,confirm an,1,way positive,1,criteria open,1,posture you,1
alternates documented,1,an existing,1,positive at,1,controller commitment,1,should state,1
documented lead,1,existing political,1,least we,1,commitment named,1,state to,1
times city,1,political fear,1,that avoids,1,procurement permitted,1,reduce year,1
as acceptance,1,fear lock,1,in fix,1,permitted data,1,one political,1
acceptance interface,1,in cloud,1,fix it,1,plans configs,1,risk pilot,1
to commissioned,1,dependency vendor,1,it and,1,exhibit api,1,first start,1
commissioned intersections,1,vendor immaturity,1,not trapped,1,documented integration,1,workflows then,1
intersections support,1,immaturity where,1,trapped negative,1,integration interfaces,1,scale corridor,1
timelines proceed,1,where civitas,1,negative if,1,pricing capped,1,corridor by,1
that basis,1,novagrid differ,1,you didn,1,priority integration,1,by corridor,1
,,differ is,1,didn t,1,integration incident,1,corridor operate,1
,,the default,1,t set,1,modes activation,1,operate safe,1
,,default attribution,1,set expectations,1,drills reliability,1,safe by,1
,,attribution council,1,expectations why,1,reliability change,1,by default,1
,,council and,1,why did,1,control patch,1,default intersections,1
,,and media,1,did we,1,with postmortems,1,must continue,1
,,media will,1,we pick,1,postmortems what,1,continue safe,1
,,will make,1,the newer,1,council in,1,safe local,1
,,make how,1,newer variant,1,in one,1,operation even,1
,,how each,1,variant engineering,1,sentence we,1,even during,1
,,each choice,1,engineering manageable,1,based controller,1,during central,1
,,choice would,1,manageable provided,1,avoids waiver,1,central outages,1
,,would likely,1,provided we,1,mitigates lock,1,outages monthly,1
,,likely be,1,can troubleshoot,1,requirements civitas,1,monthly public,1
,,judged same,1,troubleshoot and,1,controllers why,1,public reporting,1
,,same minor,1,and swap,1,why i,1,reporting uptime,1
,,failure different,1,swap standard,1,d stand,1,mttr intersections,1
,,different lens,1,parts quickly,1,stand behind,1,intersections onboarded,1
,,lens if,1,quickly mayor,1,behind it,1,onboarded and,1
,,prior praise,1,office generally,1,it publicly,1,response readiness,1
,,praise default,1,generally less,1,publicly lowest,1,readiness progress,1
,,safe proven,1,exposed still,1,risk now,1,progress if,1
,,proven choice,1,still a,1,now civitas,1,paste your,1
,,choice why,1,a civitas,1,clears the,1,your draft,1
,,why are,1,award but,1,dot experience,1,draft council,1
,,are we,1,to risk,1,experience threshold,1,council agenda,1
,,we having,1,managed configuration,1,automatically while,1,agenda memo,1
,,having issues,1,configuration why,1,while novagrid,1,memo language,1
,,issues so,1,way this,1,added essential,1,language and,1
,,so even,1,choice sits,1,extends time,1,ll rewrite,1
,,even minor,1,sits in,1,cost best,1,rewrite it,1
,,be framed,1,the middle,1,best we,1,tight recommendation,1
,,framed as,1,middle proven,1,from lock,1,recommendation rationale,1
,,for reliability,1,vendor newer,1,story modular,1,rationale conditions,1
,,reliability why,1,newer architecture,1,explainable safeguard,1,conditions of,1
,,why didn,1,architecture a,1,safeguard to,1,of award,1
,,didn t,1,failure could,1,council after,1,award format,1
,,t we,1,could be,1,system fiasco,1,format that,1
,,we get,1,be seen,1,fiasco better,1,that reads,1
,,get it,1,seen as,1,term budget,1,reads decisive,1
,,decision influenced,1,normal rollout,1,budget posture,1,decisive and,1
,,influenced politically,1,rollout issue,1,posture year,1,audit proof,1
,,politically even,1,issue or,1,s integrated,1,proof i,1
,,even unfairly,1,or as,1,approach operational,1,would stand,1
,,unfairly what,1,new product,1,defensibility easier,1,stand behind,1
,,modular explicitly,1,product teething,1,explain how,1,behind civitas,1
,,explicitly to,1,teething problem,1,system stays,1,why i,1
,,to address,1,problem depending,1,stays safe,1,d be,1
,,credibly say,1,depending on,1,and recoverable,1,be comfortable,1
,,say we,1,on transparency,1,recoverable without,1,comfortable defending,1
,,selected civitas,1,and readiness,1,without layering,1,defending that,1
,,civitas and,1,readiness what,1,layering cloud,1,that publicly,1
,,and reduced,1,damage being,1,and failover,1,publicly lowest,1
,,reduced dependency,1,being able,1,complexity into,1,review starts,1
,,risk via,1,able to,1,into year,1,starts on,1
,,standards if,1,say this,1,one operations,1,time with,1
,,your contract,1,this did,1,operations the,1,parts novagrid,1
,,contract has,1,not affect,1,one caveat,1,it for,1
,,has clear,1,affect safety,1,caveat i,1,infrastructure better,1
,,you enforce,1,safety we,1,d say,1,better fit,1
,,enforce them,1,we fell,1,say out,1,tightening budgets,1
,,them council,1,fell back,1,out loud,1,novagrid carries,1
,,council sees,1,back to,1,loud and,1,carries adjustable,1
,,sees governance,1,to local,1,how we,1,footprint addresses,1
,,governance competence,1,control here,1,we manage,1,in sensitivity,1
,,competence not,1,the root,1,manage it,1,sensitivity modular,1
,,choice what,1,cause here,1,it the,1,a concrete,1
,,is tied,1,the patch,1,has fewer,1,concrete explainable,1
,,controllers lead,1,patch and,1,deployments than,1,explainable mitigation,1
,,times or,1,architecture keeps,1,s legacy,1,mitigation especially,1
,,locked architecture,1,keeps exit,1,architecture so,1,important after,1
,,chair can,1,exit options,1,so we,1,fiasco avoids,1
,,as same,1,options open,1,will require,1,reduces that,1
,,same pattern,1,open if,1,operation and,1,the one,1
,,pattern as,1,novagrid cloud,1,and hard,1,one caveat,1
,,parking fiasco,1,cloud centric,1,terms for,1,caveat i,1
,,fiasco vendor,1,centric waiver,1,for data,1,d state,1
,,dependency created,1,failover modifications,1,interoperability before,1,state and,1
,,created fragility,1,modifications likely,1,final acceptance,1,d neutralize,1
,,fragility if,1,we warned,1,acceptance and,1,neutralize it,1
,,chose novagrid,1,warned you,1,payment milestones,1,it civitas,1
,,novagrid default,1,you new,1,milestones assumptions,1,modular has,1
,,this was,1,new vendor,1,assumptions you,1,deployments than,1
,,the innovative,1,vendor cloud,1,be underestimating,1,system so,1
,,innovative riskier,1,re paying,1,underestimating the,1,award contingent,1
,,riskier option,1,paying recurring,1,the ones,1,on specific,1
,,option issues,1,for outages,1,ones that,1,specific contractual,1
,,issues were,1,outages it,1,that bite,1,contractual safeguards,1
,,were predictable,1,security this,1,bite cities,1,safeguards standards,1
,,predictable a,1,exactly why,1,cities later,1,commitment data,1
,,failure will,1,why we,1,later modular,1,portability priced,1
,,will more,1,we required,1,not locked,1,operations scenarios,1
,,more readily,1,failover did,1,be locked,1,scenarios from,1
,,readily be,1,it work,1,in via,1,from emergency,1
,,be interpreted,1,work engineering,1,via central,1,services as,1
,,interpreted as,1,engineering may,1,software data,1,as acceptance,1
,,we warned,1,may tolerate,1,data formats,1,milestone accountability,1
,,warned you,1,tolerate it,1,formats paid,1,early spare,1
,,you about,1,it if,1,paid api,1,parts that,1
,,about cloud,1,if field,1,only tooling,1,recommendation decisive,1
,,cloud waivers,1,field operations,1,tooling even,1,while showing,1
,,waivers immaturity,1,operations were,1,even with,1,showing you,1
,,immaturity essential,1,were stable,1,controllers what,1,you managed,1
,,infrastructure shouldn,1,stable less,1,check now,1,managed the,1
,,t rely,1,less tolerant,1,now obtain,1,the remaining,1
,,cloud platform,1,tolerant if,1,and contractually,1,remaining risk,1
,,platform that,1,it impacts,1,require documented,1,risk in,1
,,can hiccup,1,impacts coordination,1,access modular,1,can audit,1
,,hiccup because,1,or requires,1,maturity risk,1,audit assumptions,1
,,it already,1,requires vendor,1,being washed,1,assumptions you,1
,,already required,1,vendor intervention,1,washed out,1,you may,1
,,failover any,1,intervention mayor,1,out by,1,be underestimating,1
,,any cloud,1,office more,1,by civitas,1,underestimating the,1
,,cloud related,1,more exposed,1,s overall,1,ones that,1
,,related glitch,1,exposed politically,1,overall track,1,that bite,1
,,glitch will,1,politically because,1,record civitas,1,bite cities,1
,,will attract,1,choice required,1,proven the,1,cities modular,1
,,attract scrutiny,1,required extra,1,years underestimated,1,modular might,1
,,scrutiny did,1,and was,1,underestimated failure,1,might mean,1
,,did the,1,was more,1,mode edge,1,mean hardware,1
,,failover work,1,more contestable,1,bugs upgrade,1,hardware modular,1
,,work why,1,contestable why,1,upgrade version,1,not system,1
,,we pay,1,way novagrid,1,version conflicts,1,system modular,1
,,pay extra,1,is already,1,conflicts mixed,1,modular underestimated,1
,,extra what,1,already associated,1,controller integration,1,assumption industry,1
,,a well,1,associated with,1,integration issues,1,controllers automatically,1
,,well handled,1,governance exception,1,issues what,1,automatically low,1
,,handled non,1,exception shorter,1,check modular,1,in reality,1
,,non safety,1,dependency a,1,references and,1,reality lock,1
,,safety incident,1,failure can,1,require upgrade,1,in often,1
,,incident and,1,can quickly,1,upgrade change,1,often shifts,1
,,works as,1,quickly be,1,control procedures,1,shifts to,1
,,designed you,1,consequence even,1,tests controller,1,software licensing,1
,,a success,1,s objectively,1,better known,1,licensing proprietary,1
,,success of,1,objectively small,1,known than,1,proprietary configuration,1
,,of your,1,small what,1,than it,1,formats paid,1
,,your safeguards,1,damage demonstrated,1,availability can,1,paid professional,1
,,safeguards we,1,failover success,1,change quickly,1,routine changes,1
,,for this,1,success cloud,1,be model,1,changes api,1
,,this service,1,down on,1,model specific,1,access limitations,1
,,service degraded,1,prem took,1,specific what,1,limitations or,1
,,degraded safely,1,took over,1,check named,1,or fees,1
,,safely recovery,1,over rapid,1,models committed,1,fees inability,1
,,recovery was,1,rapid vendor,1,allocation lead,1,migrate timing,1
,,was within,1,strong incident,1,time letter,1,plans coordination,1
,,within sla,1,transparency timely,1,letter and,1,coordination logic,1
,,sla if,1,timely rca,1,early the,1,logic cleanly,1
,,features demonstrably,1,rca also,1,path might,1,cleanly pressure,1
,,demonstrably improve,1,also showing,1,might not,1,contract exhibit,1
,,improve outcomes,1,showing the,1,not be,1,exhibit listing,1
,,outcomes response,1,benefits that,1,be controllers,1,listing a,1
,,times detour,1,that justified,1,controllers permitting,1,a export,1
,,detour management,1,justified the,1,permitting comms,1,formats b,1
,,management you,1,the selection,1,comms fiber,1,b apis,1
,,can argue,1,selection the,1,cellular detection,1,apis c,1
,,argue the,1,the judgment,1,detection replacement,1,c what,1
,,the trade,1,judgment differential,1,replacement cabinet,1,can do,1
,,trade was,1,differential in,1,power grounding,1,do without,1
,,was worth,1,one table,1,grounding and,1,d priced,1
,,worth it,1,table think,1,traffic control,1,assistance the,1
,,it what,1,think of,1,control work,1,s maturity,1
,,judgment anything,1,as how,1,work can,1,maturity is,1
,,anything that,1,much benefit,1,dominate what,1,is good,1
,,that looks,1,the doubt,1,check build,1,good enough,1
,,looks like,1,doubt you,1,corridor level,1,enough for,1
,,dependency without,1,you get,1,level critical,1,your first,1
,,without graceful,1,get civitas,1,confirm what,1,year risk,1
,,graceful degradation,1,integrated more,1,what must,1,risk tolerance,1
,,degradation or,1,more benefit,1,must arrive,1,tolerance underestimated,1
,,delay attributable,1,doubt on,1,arrive first,1,assumption civitas,1
,,attributable to,1,on reliability,1,first to,1,year record,1
,,approval shortcuts,1,reliability less,1,to show,1,record transfers,1
,,shortcuts will,1,modular moderate,1,show visible,1,transfers to,1
,,judged harshly,1,moderate benefit,1,visible progress,1,modular stack,1
,,harshly the,1,doubt if,1,progress operating,1,stack reality,1
,,the type,1,you documented,1,cost is,1,reality the,1
,,type of,1,documented why,1,is mostly,1,years that,1
,,of minor,1,why modular,1,mostly maintenance,1,not experimental,1
,,failure matters,1,modular was,1,fees often,1,experimental but,1
,,vendor name,1,was chosen,1,often the,1,s meaningfully,1
,,name here,1,chosen avoid,1,the bigger,1,meaningfully less,1
,,here s,1,chain but,1,bigger opex,1,less proven,1
,,s how,1,must message,1,opex drivers,1,proven than,1
,,how judgment,1,message that,1,drivers are,1,platform pressure,1
,,judgment tends,1,that it,1,are staffing,1,test reference,1
,,to map,1,configuration with,1,workload communications,1,focused only,1
,,map by,1,with added,1,communications fees,1,only on,1
,,by failure,1,added safeguards,1,fees detection,1,cities require,1
,,failure class,1,safeguards novagrid,1,detection maintenance,1,scale integration,1
,,class field,1,novagrid least,1,maintenance software,1,conditions will,1
,,field safety,1,least benefit,1,software module,1,be smoother,1
,,safety event,1,doubt because,1,module licenses,1,smoother than,1
,,event signal,1,has more,1,licenses and,1,than planned,1
,,flash unsafe,1,more visible,1,change requests,1,planned underestimated,1
,,unsafe indications,1,visible exceptions,1,requests what,1,assumption rollout,1
,,indications harsh,1,exceptions waiver,1,check a,1,rollout timeline,1
,,harsh for,1,cloud failover,1,opex model,1,mostly controlled,1
,,vendor existential,1,on unless,1,model that,1,controlled by,1
,,existential for,1,ve already,1,that includes,1,vendor reality,1
,,for year,1,already demonstrated,1,includes staff,1,reality city,1
,,one central,1,demonstrated clear,1,time comms,1,city side,1
,,management outage,1,clear incident,1,comms and,1,side and,1
,,outage but,1,response wins,1,any recurring,1,field realities,1
,,but intersections,1,wins and,1,recurring software,1,realities dominate,1
,,locally survivable,1,robust failover,1,software license,1,dominate cabinet,1
,,survivable if,1,failover how,1,license elements,1,cabinet condition,1
,,if comms,1,to pre,1,elements emergency,1,condition variability,1
,,are clear,1,pre emptively,1,capability can,1,variability detector,1
,,restoration is,1,emptively manage,1,replicated easily,1,health and,1
,,is quick,1,manage year,1,easily it,1,and placement,1
,,quick billing,1,one judgment,1,often can,1,placement issues,1
,,billing fee,1,judgment regardless,1,be met,1,issues comms,1
,,fee surprise,1,of choice,1,met via,1,comms fiber,1
,,surprise novagrid,1,choice this,1,via evp,1,cellular stability,1
,,novagrid or,1,practical playbook,1,integrations but,1,stability utility,1
,,or change,1,playbook that,1,but sometimes,1,utility power,1
,,order surprise,1,reduces political,1,sometimes a,1,quality intersection,1
,,surprise either,1,fallout a,1,s tooling,1,intersection access,1
,,either politically,1,a define,1,is genuinely,1,access windows,1
,,damaging in,1,define minor,1,genuinely superior,1,traffic control,1
,,budget year,1,failure and,1,superior what,1,control legacy,1
,,year parts,1,and major,1,check define,1,legacy documentation,1
,,parts delay,1,major failure,1,use cases,1,documentation gaps,1
,,delay that,1,failure before,1,cases and,1,gaps pressure,1
,,that slows,1,before you,1,and run,1,test insist,1
,,slows fixes,1,live put,1,run scripted,1,insist on,1
,,fixes civitas,1,contract and,1,scripted demos,1,a field,1
,,integrated risk,1,council briefing,1,demos acceptance,1,field inventory,1
,,risk fuels,1,briefing what,1,criteria cyber,1,inventory assessment,1
,,fuels the,1,minor incident,1,cyber governance,1,assessment phase,1
,,narrative how,1,incident monitoring,1,requirements won,1,phase early,1
,,make either,1,monitoring loss,1,t expand,1,and tie,1
,,either choice,1,loss single,1,expand after,1,tie schedule,1
,,choice more,1,intersection issue,1,after award,1,to measured,1
,,more failure,1,issue x,1,award essential,1,measured readiness,1
,,failure tolerant,1,minutes what,1,infrastructure programs,1,readiness not,1
,,tolerant in,1,triggers mandatory,1,programs often,1,not assumptions,1
,,one practical,1,mandatory reporting,1,often see,1,assumptions year,1
,,steps you,1,reporting escalation,1,see tightening,1,maintenance price,1
,,can significantly,1,major outage,1,tightening requirements,1,covers most,1
,,significantly shape,1,outage safety,1,requirements over,1,most of,1
,,shape how,1,safety impact,1,time audit,1,what will,1
,,how failures,1,impact widespread,1,audit findings,1,will inflate,1
,,judged by,1,widespread loss,1,findings new,1,inflate underestimated,1
,,by setting,1,of coordination,1,new policies,1,assumption price,1
,,setting the,1,coordination x,1,policies what,1,lock predictable,1
,,the frame,1,x intersections,1,check ensure,1,opex reality,1
,,frame now,1,intersections y,1,ensure the,1,reality costs,1
,,now before,1,y duration,1,contract can,1,still rise,1
,,first incident,1,duration b,1,can absorb,1,rise through,1
,,incident put,1,b require,1,absorb increased,1,through out,1
,,put a,1,require incident,1,increased logging,1,of scope,1
,,year stabilization,1,and speed,1,logging access,1,scope work,1
,,stabilization plan,1,speed contractual,1,controls and,1,work orders,1
,,plan in,1,contractual commitments,1,audit obligations,1,orders required,1
,,packet include,1,commitments acknowledgement,1,obligations without,1,required upgrades,1
,,defined stabilization,1,acknowledgement within,1,major rework,1,upgrades not,1
,,stabilization period,1,within minutes,1,rework vendor,1,not covered,1
,,period e,1,minutes for,1,responsiveness won,1,covered under,1
,,g first,1,severity issues,1,matter much,1,under maintenance,1
,,first days,1,issues interim,1,much in,1,maintenance third,1
,,days after,1,interim status,1,one responsiveness,1,party dependencies,1
,,after cutover,1,status updates,1,responsiveness bugs,1,dependencies comms,1
,,cutover per,1,updates cadence,1,bugs tuning,1,comms detection,1
,,per corridor,1,cadence rca,1,tuning feature,1,detection mapping,1
,,corridor a,1,days or,1,feature gaps,1,mapping feeds,1
,,a punch,1,or similar,1,gaps is,1,feeds increased,1
,,punch list,1,similar corrective,1,is disproportionately,1,increased staff,1
,,list process,1,corrective action,1,disproportionately important,1,staff time,1
,,process and,1,action plan,1,check slas,1,time due,1
,,and weekly,1,and verification,1,slas escalation,1,to tooling,1
,,weekly status,1,verification steps,1,paths and,1,tooling complexity,1
,,status reporting,1,steps c,1,and milestone,1,complexity pressure,1
,,reporting clear,1,c establish,1,to responsiveness,1,test define,1
,,clear success,1,establish burn,1,and stability,1,billable configuration,1
,,success metrics,1,governance for,1,stability what,1,configuration changes,1
,,metrics uptime,1,first days,1,the civitas,1,changes reporting,1
,,uptime intersections,1,days post,1,modular recommendation,1,reporting integrations,1
,,intersections in,1,post go,1,recommendation clearly,1,integrations incident,1
,,in good,1,live weekly,1,clearly wrong,1,incident support,1
,,good health,1,weekly operations,1,hindsight these,1,cap key,1
,,health response,1,operations review,1,the if,1,key rates,1
,,times this,1,review published,1,if this,1,rates incident,1
,,turns early,1,published uptime,1,this happens,1,be added,1
,,early hiccups,1,dashboard documented,1,happens we,1,added later,1
,,hiccups from,1,documented changes,1,we should,1,later without,1
,,from surprise,1,rollback capability,1,should have,1,without friction,1
,,surprise failure,1,capability d,1,have chosen,1,friction underestimated,1
,,failure into,1,d make,1,chosen differently,1,assumption emergency,1
,,into managed,1,sure safe,1,differently conditions,1,needs can,1
,,managed commissioning,1,local operation,1,conditions systemic,1,be met,1
,,commissioning predefine,1,operation is,1,systemic stability,1,met post,1
,,predefine incident,1,is demonstrated,1,stability problems,1,post award,1
,,incident classes,1,demonstrated publicly,1,problems unique,1,award reality,1
,,classes slas,1,publicly internally,1,unique to,1,workflows aren,1
,,slas communications,1,internally before,1,modular repeated,1,t baked,1
,,communications protocol,1,full cutover,1,repeated outages,1,baked into,1
,,protocol engineering,1,cutover run,1,outages unsafe,1,acceptance they,1
,,engineering style,1,down drill,1,unsafe degraded,1,they often,1
,,style but,1,document that,1,degraded intersection,1,often become,1
,,but politically,1,that intersections,1,intersection behavior,1,become backlog,1
,,politically protective,1,functional this,1,behavior or,1,backlog items,1
,,protective severity,1,defense if,1,or upgrades,1,items pressure,1
,,severity levels,1,system hiccup,1,upgrades that,1,test make,1
,,levels s1,1,hiccup occurs,1,that destabilize,1,workflows part,1
,,s1 safety,1,occurs what,1,destabilize operations,1,training deliverables,1
,,safety s2,1,your selection,1,operations especially,1,deliverables supply,1
,,s2 operational,1,selection messaging,1,especially damning,1,is solved,1
,,operational disruption,1,messaging if,1,damning if,1,solved by,1
,,disruption s3,1,you anticipate,1,if recovery,1,by modular,1
,,s3 nuisance,1,anticipate that,1,recovery requires,1,controllers underestimated,1
,,nuisance required,1,that minor,1,intervention and,1,assumption standard,1
,,required response,1,minor failures,1,and impacts,1,controllers will,1
,,restoration times,1,failures will,1,impacts many,1,will always,1
,,times who,1,politically amplified,1,intersections open,1,always be,1
,,who notifies,1,amplified favor,1,controllers doesn,1,be available,1
,,notifies whom,1,favor the,1,t translate,1,available reality,1
,,whom including,1,option where,1,into real,1,reality availability,1
,,including emergency,1,where the,1,options if,1,better but,1
,,services and,1,modes are,1,if exports,1,not guaranteed,1
,,and pio,1,are least,1,exports are,1,guaranteed also,1
,,pio required,1,least likely,1,are incomplete,1,also firmware,1
,,required post,1,interpreted as,1,incomplete unusable,1,firmware versions,1
,,report timelines,1,as we,1,unusable apis,1,versions accessories,1
,,timelines rca,1,we took,1,apis are,1,accessories and,1
,,rca expectations,1,took an,1,are gated,1,and compatible,1
,,expectations acceptance,1,an avoidable,1,gated expensive,1,compatible detection,1
,,that simulate,1,avoidable gamble,1,expensive or,1,comms modules,1
,,simulate minor,1,gamble and,1,operational configuration,1,modules can,1
,,failures require,1,we planned,1,configuration cannot,1,still bottleneck,1
,,require tests,1,planned for,1,be migrated,1,bottleneck pressure,1
,,tests like,1,for this,1,migrated without,1,a bill,1
,,behavior rollback,1,this and,1,major cost,1,materials committed,1
,,update failover,1,system degraded,1,time in,1,committed ship,1
,,test especially,1,degraded safely,1,hindsight it,1,ship dates,1
,,with measured,1,safely given,1,it would,1,dates approved,1
,,rpo audit,1,current context,1,would look,1,alternates and,1
,,when make,1,context that,1,you paid,1,an early,1
,,make responsibility,1,that typically,1,paid extra,1,spares package,1
,,responsibility unambiguous,1,typically points,1,extra for,1,package what,1
,,unambiguous contracts,1,points toward,1,modular and,1,modular recommendation,1
,,contracts should,1,toward civitas,1,still got,1,recommendation clearly,1
,,should clearly,1,explicit safeguards,1,got trapped,1,wrong in,1
,,clearly allocate,1,safeguards and,1,trapped controller,1,in hindsight,1
,,allocate what,1,and transparency,1,availability advantage,1,hindsight these,1
,,s vendor,1,transparency rather,1,advantage proves,1,the pre,1
,,vendor managed,1,than novagrid,1,proves illusory,1,pre mortem,1
,,vs city,1,novagrid with,1,illusory if,1,mortem outcomes,1
,,city managed,1,with multiple,1,modular controller,1,outcomes that,1
,,party network,1,multiple exception,1,supply becomes,1,that would,1
,,network provider,1,exception paths,1,becomes constrained,1,justify saying,1
,,provider cloud,1,paths if,1,constrained or,1,saying later,1
,,cloud provider,1,you mean,1,or civitas,1,later we,1
,,provider what,1,mean by,1,cannot secure,1,chose wrong,1
,,constitutes a,1,by minor,1,secure units,1,wrong not,1
,,a billable,1,failure monitoring,1,units on,1,just projects,1
,,billable change,1,monitoring outage,1,schedule eliminating,1,projects are,1
,,order vs,1,outage vs,1,eliminating the,1,are hard,1
,,vs included,1,flashing vs,1,main practical,1,hard a,1
,,support this,1,vs coordination,1,practical reason,1,a the,1
,,prevents a,1,coordination loss,1,integrated option,1,architecture proves,1
,,failure from,1,loss i,1,option hidden,1,proves materially,1
,,a public,1,can map,1,hidden long,1,materially unstable,1
,,public blame,1,map the,1,cost drivers,1,unstable or,1
,,blame dispute,1,likely reaction,1,drivers overwhelm,1,or operationally,1
,,dispute net,1,reaction and,1,overwhelm the,1,operationally fragile,1
,,net which,1,best preemptive,1,the price,1,fragile frequent,1
,,which choice,1,preemptive contract,1,lock if,1,frequent outages,1
,,choice is,1,language more,1,if key,1,outages widespread,1
,,more politically,1,more precisely,1,key costs,1,widespread split,1
,,politically resilient,1,precisely recommendation,1,costs sit,1,failures coordination,1
,,resilient to,1,city council,1,sit outside,1,coordination collapse,1
,,minor year,1,council clear,1,outside the,1,collapse beyond,1
,,one failure,1,and direct,1,locked maintenance,1,beyond expected,1
,,failure given,1,direct award,1,fees licenses,1,expected tuning,1
,,your context,1,award the,1,integrations required,1,tuning updates,1
,,context mayor,1,the traffic,1,required modules,1,updates that,1
,,mayor praised,1,signal and,1,modules paid,1,that regularly,1
,,praised civitas,1,and adaptive,1,paid interfaces,1,regularly introduce,1
,,civitas chair,1,adaptive control,1,and escalate,1,introduce regressions,1
,,chair hostile,1,control system,1,escalate making,1,regressions unacceptable,1
,,hostile to,1,system to,1,making total,1,unacceptable mttr,1
,,in tight,1,systems specifically,1,total opex,1,mttr because,1
,,budgets dot,1,specifically selecting,1,opex worse,1,because troubleshooting,1
,,gates civitas,1,system why,1,worse than,1,troubleshooting is,1
,,is generally,1,best decision,1,than alternatives,1,is opaque,1
,,generally the,1,decision under,1,alternatives emergency,1,opaque why,1
,,most resilient,1,constraints highest,1,operations outcomes,1,you paid,1
,,resilient posture,1,highest probability,1,outcomes are,1,paid a,1
,,you frame,1,of staying,1,are materially,1,premium for,1
,,as proven,1,staying on,1,materially worse,1,got fragility,1
,,vendor standards,1,schedule without,1,worse if,1,fragility b,1
,,based architecture,1,without governance,1,if incident,1,b lock,1
,,architecture enforceable,1,governance induced,1,incident clearance,1,in persists,1
,,terms it,1,induced delays,1,clearance and,1,persists in,1
,,it blunts,1,delays civitas,1,emergency response,1,council would,1
,,blunts both,1,dot year,1,response performance,1,would view,1
,,both mayor,1,plus additional,1,performance is,1,view as,1
,,mayor favoritism,1,documentation this,1,clearly inferior,1,a repeat,1
,,favoritism and,1,real schedule,1,inferior and,1,repeat fiasco,1
,,in critiques,1,schedule dependency,1,be corrected,1,fiasco examples,1
,,critiques novagrid,1,governance conditions,1,corrected with,1,examples you,1
,,novagrid will,1,conditions see,1,with configuration,1,t export,1
,,judged against,1,see below,1,configuration integration,1,configs in,1
,,against its,1,below adding,1,integration creating,1,apis are,1
,,its cloud,1,adding more,1,creating safety,1,are restricted,1
,,cloud waiver,1,more critical,1,political fallout,1,restricted or,1
,,waiver novelty,1,risk lowest,1,fallout civitas,1,expensive routine,1
,,novelty narrative,1,lowest risk,1,civitas support,1,changes require,1
,,narrative a,1,infrastructure novagrid,1,support update,1,require paid,1
,,be used,1,s risk,1,update cadence,1,paid vendor,1
,,used as,1,stack has,1,cadence becomes,1,services replacing,1
,,as confirmation,1,has grown,1,visible operational,1,replacing the,1
,,confirmation of,1,grown materially,1,operational drag,1,the central,1
,,of prior,1,materially dot,1,drag if,1,software would,1
,,prior concerns,1,dependency process,1,if slow,1,would effectively,1
,,concerns unless,1,time iteration,1,slow updates,1,effectively require,1
,,to failover,1,failover to,1,updates cause,1,a full,1
,,failover success,1,to approve,1,cause prolonged,1,full system,1
,,success and,1,cloud use,1,prolonged known,1,system replacement,1
,,safeguards that,1,use for,1,known issues,1,replacement why,1
,,that worked,1,infrastructure 180k,1,issues public,1,wrong it,1
,,worked exactly,1,weeks recurring,1,public complaints,1,it violates,1
,,exactly as,1,volatility emerging,1,complaints or,1,violates the,1
,,as promised,1,emerging signal,1,or repeated,1,the explicit,1
,,promised if,1,signal of,1,repeated manual,1,explicit political,1
,,you mean,1,a rare,1,workarounds that,1,political mandate,1
,,mean by,1,rare outage,1,that raise,1,mandate to,1
,,by minor,1,system not,1,raise opex,1,c the,1
,,outage intersection,1,not disqualifying,1,and erode,1,project still,1
,,intersection dark,1,disqualifying alone,1,erode credibility,1,still slips,1
,,dark loss,1,compounds uncertainty,1,credibility how,1,slips so,1
,,loss of,1,civitas main,1,chance of,1,so much,1
,,coordination i,1,main schedule,1,being wrong,1,much that,1
,,map the,1,risk week,1,hindsight quick,1,month safety,1
,,the likely,1,times is,1,quick pre,1,safety buffer,1
,,likely reaction,1,is specifically,1,pre final,1,buffer controller,1
,,reaction path,1,avoided by,1,final checks,1,availability improves,1
,,path more,1,path best,1,checks require,1,improves but,1
,,more precisely,1,best alignment,1,calls including,1,but field,1
,,precisely and,1,alignment with,1,including at,1,deployment drags,1
,,and suggest,1,with council,1,has experienced,1,drags acceptance,1
,,test contract,1,concern while,1,experienced an,1,testing fails,1
,,contract clause,1,while still,1,an upgrade,1,fails repeatedly,1
,,clause that,1,still being,1,cycle get,1,repeatedly resourcing,1
,,best inoculates,1,being proven,1,get a,1,resourcing is,1
,,inoculates you,1,proven the,1,a data,1,is insufficient,1
,,you recommendation,1,is vendor,1,export sample,1,insufficient either,1
,,recommendation to,1,most credible,1,sample and,1,vendor or,1
,,council clear,1,credible way,1,make export,1,or city,1
,,and actionable,1,we did,1,export api,1,city why,1
,,actionable award,1,not choose,1,api requirements,1,wrong the,1
,,award the,1,choose proprietary,1,requirements contractual,1,top non,1
,,the traffic,1,in this,1,contractual lock,1,negotiable was,1
,,signal and,1,is also,1,down controller,1,was timely,1
,,adaptive control,1,defensible posture,1,models lead,1,timely cutover,1
,,control upgrade,1,posture if,1,allocation in,1,cutover away,1
,,upgrade to,1,if year,1,writing require,1,away from,1
,,using their,1,one issues,1,require early,1,from an,1
,,option standard,1,issues occur,1,spares define,1,an unsupported,1
,,controllers why,1,occur you,1,ops acceptance,1,unsupported system,1
,,choice now,1,to standard,1,and tie,1,system d,1
,,now fastest,1,rights and,1,tie payments,1,d emergency,1
,,fastest path,1,and contractual,1,payments to,1,incident performance,1
,,preference without,1,contractual exit,1,fail milestones,1,performance is,1
,,waiver novagrid,1,exit provisions,1,milestones clarify,1,is meaningfully,1
,,review plus,1,provisions better,1,clarify the,1,meaningfully worse,1
,,weeks two,1,better operating,1,full fee,1,worse than,1
,,two separate,1,predictability in,1,fee surface,1,could have,1
,,separate gates,1,budget environment,1,surface area,1,delivered during,1
,,can derail,1,environment civitas,1,area licenses,1,major incidents,1
,,derail your,1,lock which,1,modules and,1,incidents your,1
,,your start,1,is straightforward,1,and future,1,your team,1
,,compress the,1,straightforward for,1,future expansion,1,team cannot,1
,,buffer reduces,1,for budgeting,1,expansion costs,1,cannot implement,1
,,is most,1,budgeting novagrid,1,costs if,1,overrides fast,1
,,most sensitive,1,subscription is,1,want list,1,fast enough,1
,,sensitive to,1,is recurring,1,list the,1,enough emergency,1
,,modular uses,1,recurring and,1,exhibits you,1,services experiences,1
,,uses industry,1,adjustable and,1,can attach,1,experiences measurable,1
,,controllers which,1,the failover,1,attach data,1,measurable response,1
,,most practical,1,failover requirement,1,export spec,1,response corridor,1
,,practical lever,1,requirement increases,1,spec sla,1,clearance degradation,1
,,lever to,1,increases both,1,sla table,1,degradation the,1
,,avoid the,1,both cost,1,table acceptance,1,incident tooling,1
,,system style,1,operational complexity,1,plan controller,1,tooling gap,1
,,style trap,1,complexity what,1,controller bill,1,gap becomes,1
,,trap hardware,1,council should,1,bill of,1,a persistent,1
,,field assets,1,should know,1,of materials,1,persistent public,1
,,assets become,1,know we,1,materials transition,1,safety complaint,1
,,become less,1,choosing explicitly,1,ll suggest,1,complaint why,1
,,less vendor,1,explicitly we,1,most directly,1,ignored a,1
,,vendor captive,1,because supply,1,directly prevents,1,a high,1
,,captive better,1,times could,1,prevents the,1,high consequence,1
,,control under,1,push the,1,hindsight outcomes,1,consequence operating,1
,,under tighter,1,the rollout,1,outcomes above,1,operating mode,1
,,budgets civitas,1,and introduce,1,above recommendation,1,that stakeholders,1
,,civitas provides,1,introduce avoidable,1,recommendation award,1,stakeholders flagged,1
,,provides a,1,novagrid because,1,using their,1,flagged upfront,1
,,given next,1,it now,1,explicit contract,1,upfront e,1
,,year s,1,requires multiple,1,that guarantee,1,e novagrid,1
,,s likely,1,multiple schedule,1,guarantee interoperability,1,have cleared,1
,,likely budget,1,critical approvals,1,and deliver,1,cleared gates,1
,,tightening novagrid,1,and modifications,1,deliver incident,1,and delivered,1
,,and hybrid,1,modifications dot,1,operations clean,1,delivered a,1
,,costs complexity,1,volatility for,1,clean reasoning,1,a clearly,1
,,complexity avoids,1,infrastructure conditions,1,reasoning why,1,clearly superior,1
,,real critical,1,conditions we,1,now fastest,1,superior outcome,1
,,path risk,1,will put,1,gates novagrid,1,outcome at,1
,,risk modular,1,civitas contract,1,a state,1,at lower,1
,,controllers with,1,so this,1,state dot,1,lower year,1
,,with better,1,this stays,1,and per,1,cost this,1
,,availability remove,1,stays lock,1,per it,1,this would,1
,,remove that,1,and ops,1,policy for,1,would require,1
,,that bottleneck,1,ops safe,1,an on,1,require all,1
,,bottleneck what,1,safe council,1,that novagrid,1,following to,1
,,require in,1,council will,1,weeks those,1,be true,1
,,contract not,1,be most,1,governance dependencies,1,true dot,1
,,hedge terms,1,most comfortable,1,preference threshold,1,waiver would,1
,,terms of,1,comfortable if,1,and does,1,been straightforward,1
,,make modular,1,you attach,1,not introduce,1,straightforward it,1
,,modular real,1,attach these,1,and buildout,1,failover would,1
,,proof include,1,as explicit,1,buildout you,1,been clean,1
,,include these,1,explicit award,1,ve been,1,path recurring,1
,,award conditions,1,award terms,1,been told,1,fees would,1
,,conditions exhibits,1,terms milestones,1,told is,1,been constrained,1
,,exhibits controller,1,milestones standard,1,is needed,1,capability would,1
,,neutrality substitutions,1,controller specifics,1,novagrid best,1,delivered tangible,1
,,substitutions named,1,specifics delivery,1,best council,1,tangible operational,1
,,named standard,1,commitment civitas,1,defensible answer,1,operational value,1
,,and pre,1,name controller,1,budget leadership,1,value reliability,1
,,equivalents right,1,model s,1,leadership is,1,reliability would,1
,,substitute equivalents,1,s provide,1,is explicitly,1,have matched,1
,,equivalents without,1,substitutions allowed,1,explicitly sensitive,1,matched expectations,1
,,without penalty,1,allowed to,1,sensitive to,1,expectations why,1
,,penalty if,1,prevent a,1,in after,1,you chose,1
,,if supply,1,bottleneck portability,1,system issue,1,chose the,1
,,supply tightens,1,package anti,1,issue civitas,1,the safe,1
,,tightens city,1,in city,1,option with,1,safe path,1
,,portability city,1,all data,1,explainable lock,1,path but,1
,,city owns,1,and configurations,1,mitigation and,1,cost more,1
,,owns timing,1,configurations full,1,and also,1,and performed,1
,,data defined,1,plans configs,1,also reduces,1,performed worse,1
,,access documented,1,formats delivered,1,reduces single,1,worse without,1
,,documented procedure,1,delivered early,1,source supply,1,without actually,1
,,procedure to,1,early documented,1,chain exposure,1,actually reducing,1
,,migrate transition,1,apis interfaces,1,exposure versus,1,reducing risk,1
,,assistance fixed,1,interfaces required,1,controllers better,1,risk how,1
,,price or,1,for integration,1,stability under,1,the chance,1
,,or rate,1,integration no,1,under tightening,1,of being,1
,,rate capped,1,operational access,1,tightening budgets,1,being wrong,1
,,capped transition,1,future operational,1,maintenance costs,1,wrong without,1
,,city later,1,requirements demonstrated,1,costs in,1,without delaying,1
,,later changes,1,demonstrated central,1,fees adjustable,1,delaying start,1
,,changes vendors,1,behavior intersections,1,adjustable annually,1,start you,1
,,vendors acceptance,1,locally incident,1,annually plus,1,can keep,1
,,that match,1,rca timeline,1,plus the,1,recommendation and,1
,,match real,1,timeline e,1,operational overhead,1,and materially,1
,,real operations,1,g written,1,overhead of,1,lower hindsight,1
,,operations demonstrate,1,written root,1,of on,1,hindsight risk,1
,,safe operation,1,cause report,1,failover operational,1,risk by,1
,,operation with,1,report within,1,defensibility if,1,by locking,1
,,with central,1,for significant,1,something goes,1,locking three,1
,,update and,1,significant incidents,1,harshest if,1,things before,1
,,basics tie,1,incidents acceptance,1,s tied,1,final signature,1
,,tie payment,1,tied payment,1,or single,1,signature portability,1
,,to passing,1,milestones hold,1,source dependencies,1,exit exhibit,1
,,passing schedule,1,hold a,1,modular gives,1,exhibit formats,1
,,items contractual,1,a portion,1,strongest we,1,now pilot,1
,,contractual critical,1,portion of,1,we reduced,1,criteria including,1
,,schedule including,1,of payment,1,reduced those,1,behavior opex,1
,,including controller,1,payment until,1,risks narrative,1,opex scope,1
,,dates the,1,until portability,1,narrative what,1,clarity what,1
,,one paragraph,1,delivered and,1,must require,1,what maintenance,1
,,paragraph council,1,and outage,1,require so,1,maintenance covers,1
,,narrative useful,1,drills are,1,stays strong,1,covers capped,1
,,useful in,1,are passed,1,strong include,1,capped rates,1
,,the meeting,1,passed this,1,include as,1,rates for,1
,,meeting we,1,you make,1,conditions acceptance,1,for common,1
,,we recommend,1,not rhetorical,1,criteria named,1,common work,1
,,based controller,1,rhetorical how,1,export of,1,any one,1
,,architecture because,1,to present,1,of timing,1,of those,1
,,that keeps,1,present this,1,timing configuration,1,those cannot,1
,,project moving,1,politically one,1,configuration log,1,cannot be,1
,,moving on,1,clean sentence,1,log data,1,be secured,1
,,time controls,1,sentence we,1,terms incident,1,secured in,1
,,controls operating,1,are recommending,1,support incident,1,writing that,1
,,and directly,1,civitas in,1,incident slas,1,a serious,1
,,concern novagrid,1,a modular,1,control rollback,1,serious warning,1
,,technically capable,1,configuration because,1,rollback requirements,1,warning that,1
,,capable but,1,time it,1,cleanest most,1,modular low,1
,,add material,1,and it,1,executable and,1,in predictable,1
,,material time,1,it provides,1,and most,1,opex premise,1
,,budget predictability,1,provides predictable,1,path given,1,premise may,1
,,infrastructure if,1,costs while,1,schedule dot,1,may not,1
,,draft motion,1,added failover,1,gating realities,1,not hold,1
,,motion award,1,increases time,1,realities opex,1,hold one,1
,,language paragraphs,1,complexity immediate,1,opex pressure,1,one sharp,1
,,paragraphs that,1,step to,1,pressure and,1,sharp question,1
,,legal can,1,keep momentum,1,scrutiny does,1,civitas that,1
,,can drop,1,momentum authorize,1,it change,1,that reveals,1
,,drop into,1,authorize staff,1,change anything,1,reveals a,1
,,council agenda,1,staff to,1,changes cost,1,a lot,1
,,agenda item,1,to issue,1,core risk,1,lot if,1
,,item civitas,1,issue notice,1,risk picture,1,we terminated,1
,,systems modular,1,proceed immediately,1,picture it,1,terminated in,1
,,option what,1,immediately for,1,s meaningful,1,year what,1
,,d say,1,for mobilization,1,meaningful that,1,what exact,1
,,say publicly,1,design while,1,civitas will,1,exact artifacts,1
,,publicly tight,1,contractually gating,1,will match,1,artifacts files,1
,,tight defensible,1,gating major,1,match novagrid,1,files databases,1
,,re recommending,1,major procurement,1,main reasons,1,databases timing,1
,,based system,1,rollout on,1,reasons civitas,1,logs would,1
,,system because,1,the deliverables,1,modular was,1,would we,1
,,gives the,1,deliverables above,1,was emerging,1,we receive,1
,,city the,1,above controller,1,emerging as,1,receive in,1
,,most reliable,1,availability commitments,1,best public,1,in what,1
,,reliable path,1,package resilience,1,choice were,1,what formats,1
,,and deliver,1,tests civitas,1,were lock,1,formats and,1
,,deliver on,1,systems modular,1,and real,1,would it,1
,,schedule while,1,controllers why,1,exit difficulty,1,cost contractually,1
,,while reducing,1,why i,1,difficulty civitas,1,contractually to,1
,,reducing vendor,1,can stand,1,still tightly,1,to transition,1
,,and keeping,1,stand behind,1,integrated with,1,transition to,1
,,keeping operating,1,behind it,1,with costly,1,to another,1
,,costs predictable,1,it publicly,1,costly vendor,1,another vendor,1
,,predictable novagrid,1,publicly lowest,1,vendor switching,1,a confident,1
,,has strong,1,clears the,1,switching later,1,confident specific,1
,,strong features,1,preference without,1,later given,1,specific answer,1
,,features but,1,waiver while,1,stance and,1,answer is,1
,,now requires,1,it mandated,1,system precedent,1,a green,1
,,failover build,1,mandated on,1,precedent picking,1,green flag,1
,,build adding,1,time best,1,picking the,1,flag vagueness,1
,,adding time,1,best fit,1,architecture makes,1,vagueness is,1
,,that we,1,governance you,1,makes you,1,in hides,1
,,t justify,1,you avoid,1,you more,1,hides recommendation,1
,,justify for,1,avoid making,1,more vulnerable,1,recommendation award,1
,,infrastructure under,1,making cloud,1,vulnerable if,1,award the,1
,,under our,1,and failover,1,anything goes,1,project to,1
,,our timeline,1,architecture the,1,one or,1,using their,1
,,timeline why,1,the defining,1,if costs,1,their modular,1
,,why i,1,defining risk,1,costs rise,1,option industry,1
,,can stand,1,program addresses,1,rise later,1,rollout starting,1
,,stand behind,1,in head,1,later schedule,1,starting immediately,1
,,behind it,1,head on,1,chain you,1,immediately reasoning,1
,,it clears,1,on standard,1,ve flagged,1,reasoning clean,1
,,dot automatically,1,controllers plus,1,flagged week,1,and direct,1
,,gate avoids,1,portability focused,1,times on,1,direct lowest,1
,,avoids it,1,focused contract,1,on civitas,1,and process,1
,,failover escalation,1,contract is,1,controllers that,1,timeline civitas,1
,,novagrid triggers,1,strongest response,1,could push,1,and also,1
,,triggers reduces,1,response to,1,push beyond,1,also triggers,1
,,most concrete,1,concern more,1,beyond months,1,triggers essential,1
,,controllers while,1,costs civitas,1,months a,1,cloud scrutiny,1
,,keeping a,1,civitas maintenance,1,match does,1,scrutiny best,1
,,vendor more,1,is easier,1,not fix,1,for start,1
,,opex maintenance,1,defend in,1,fix a,1,time politics,1
,,lock aligned,1,budget climate,1,time bottleneck,1,politics novagrid,1
,,with tighter,1,climate than,1,bottleneck if,1,s model,1
,,budgets avoids,1,the one,1,can tempt,1,requires it,1
,,controller bottleneck,1,one sentence,1,tempt you,1,failover which,1
,,bottleneck by,1,sentence i,1,you into,1,weeks eroding,1
,,path the,1,d use,1,that looks,1,eroding its,1
,,one condition,1,use on,1,looks cheaper,1,its speed,1
,,condition i,1,record we,1,cheaper but,1,speed advantage,1
,,d attach,1,re selecting,1,but is,1,and adding,1
,,attach so,1,selecting civitas,1,to deliver,1,adding complexity,1
,,not blind,1,most reliable,1,deliver on,1,complexity civitas,1
,,blind faith,1,reliable path,1,time so,1,not carry,1
,,faith award,1,and deliver,1,offer reduces,1,carry that,1
,,award it,1,within our,1,reduces one,1,failover gating,1
,,it with,1,our regulatory,1,one disadvantage,1,gating requirement,1
,,explicit contract,1,regulatory and,1,disadvantage capex,1,requirement based,1
,,contract requirements,1,and essential,1,it does,1,provided better,1
,,for controller,1,infrastructure requirements,1,not resolve,1,better long,1
,,rights data,1,requirements while,1,resolve the,1,a tightening,1
,,assistance and,1,contractually protecting,1,the dominant,1,tightening budget,1
,,and degraded,1,protecting the,1,dominant constraints,1,budget civitas,1
,,testing so,1,city from,1,constraints lock,1,fees with,1
,,modular promise,1,volatility what,1,in lead,1,adjustment and,1
,,is enforceable,1,d insist,1,time political,1,and would,1
,,enforceable and,1,insist on,1,defensibility the,1,would add,1
,,proof assumptions,1,on so,1,the commit,1,an additional,1
,,assumptions we,1,so that,1,week condition,1,additional on,1
,,we may,1,that statement,1,condition is,1,environment to,1
,,be underestimating,1,statement stays,1,is itself,1,to maintain,1
,,underestimating the,1,stays true,1,itself a,1,maintain addresses,1
,,the ones,1,true named,1,signal even,1,concern while,1
,,ones that,1,and approved,1,s commercially,1,avoiding civitas,1
,,that commonly,1,apis outage,1,commercially normal,1,integrated supply,1
,,commonly bite,1,incident acceptance,1,normal it,1,times which,1
,,bite cities,1,down and,1,creates two,1,which can,1
,,cities modular,1,strict incident,1,two practical,1,push deployment,1
,,modular meaningfully,1,response rca,1,practical hazards,1,deployment past,1
,,meaningfully reduces,1,timelines if,1,hazards process,1,uses different,1
,,just at,1,turn that,1,process audit,1,different controllers,1
,,controller level,1,that into,1,rules require,1,with better,1
,,level risk,1,a second,1,require fair,1,in by,1
,,modular could,1,second script,1,fair treatment,1,by relying,1
,,could still,1,script and,1,treatment bafo,1,relying on,1
,,be open,1,page why,1,bafo timing,1,on industry,1
,,open hardware,1,choice handout,1,timing a,1,controllers directly,1
,,hardware closed,1,handout for,1,a last,1,directly responsive,1
,,closed brain,1,public release,1,last minute,1,responsive to,1
,,brain if,1,release assumptions,1,minute conditional,1,concern keeps,1
,,if configuration,1,assumptions you,1,conditional concession,1,keeps emergency,1
,,configuration optimization,1,be underestimating,1,concession can,1,needs in,1
,,optimization tuning,1,underestimating and,1,can create,1,without picking,1
,,tuning reporting,1,test them,1,create challenges,1,picking the,1
,,integration tooling,1,them now,1,challenges later,1,the higher,1
,,tooling is,1,effectively as,1,later unless,1,higher governance,1
,,proprietary and,1,as mature,1,unless handled,1,vendor rather,1
,,and non,1,mature as,1,handled formally,1,than choosing,1
,,non portable,1,as civitas,1,formally decision,1,novagrid primarily,1
,,portable you,1,civitas why,1,decision quality,1,primarily for,1
,,be locked,1,underestimated civitas,1,quality risk,1,for incident,1
,,locked in,1,civitas company,1,risk it,1,deliver incident,1
,,in economically,1,is strong,1,compresses due,1,tested scenarios,1
,,economically and,1,strong but,1,diligence right,1,workflows rollback,1
,,operationally reality,1,option has,1,right when,1,behavior conditions,1
,,check questions,1,deployments cities,1,when new,1,should attach,1
,,questions ask,1,years meaning,1,facts lead,1,attach to,1
,,for written,1,meaning fewer,1,times it,1,award to,1
,,answers contract,1,fewer real,1,it failover,1,it defensible,1
,,exhibits can,1,world cycles,1,failover dot,1,named standard,1
,,can the,1,cycles of,1,be integrated,1,controllers no,1
,,city export,1,of upgrades,1,integrated when,1,logs priced,1
,,export all,1,upgrades outages,1,when would,1,incident acceptance,1
,,all timing,1,and odd,1,would taking,1,tests emergency,1
,,plans detector,1,odd edge,1,taking civitas,1,implemented and,1
,,detector mappings,1,cases how,1,integrated at,1,and tested,1
,,mappings coordination,1,test quickly,1,at novagrid,1,tested before,1
,,coordination groups,1,quickly evidence,1,novagrid price,1,rollout milestones,1
,,groups and,1,based get,1,price be,1,spares delivery,1
,,adaptive configuration,1,get incident,1,call only,1,delivery that,1
,,configuration in,1,incident history,1,two biggest,1,defensible lowest,1
,,formats are,1,history from,1,biggest exposures,1,lowest regret,1
,,are there,1,from at,1,exposures enough,1,regret path,1
,,there published,1,reference cities,1,that council,1,path given,1
,,published apis,1,cities ask,1,is survivable,1,the combined,1
,,apis and,1,ask specifically,1,survivable a,1,combined schedule,1
,,and do,1,specifically about,1,risk must,1,governance cost,1
,,do they,1,about coordination,1,be contract,1,political constraints,1
,,they cover,1,coordination drops,1,contract managed,1,constraints you,1
,,cover the,1,drops central,1,managed not,1,re operating,1
,,the objects,1,central outages,1,not hoped,1,operating under,1
,,objects you,1,outages firmware,1,hoped away,1,under civitas,1
,,d need,1,firmware issues,1,away require,1,civitas just,1
,,migrate what,1,issues rollback,1,require in,1,just came,1
,,what parts,1,rollback events,1,writing guaranteed,1,came back,1
,,parts require,1,events require,1,guaranteed controller,1,back they,1
,,only tools,1,a burn,1,controller ship,1,they ll,1
,,tools licenses,1,in acceptance,1,ship dates,1,ll match,1
,,licenses to,1,acceptance period,1,dates or,1,match novagrid,1
,,to modify,1,days stable,1,a delivery,1,s price,1
,,modify what,1,operations with,1,schedule with,1,on their,1
,,wrong later,1,with defined,1,with reserved,1,their standard,1
,,later discovery,1,defined metrics,1,reserved allocation,1,standard integrated,1
,,discovery that,1,metrics standard,1,allocation a,1,system if,1
,,that switching,1,controllers no,1,early remedies,1,we commit,1
,,switching central,1,no lock,1,remedies if,1,week no,1
,,software or,1,in why,1,if lead,1,no modular,1
,,or even,1,underestimated hardware,1,times slip,1,option at,1
,,even operating,1,hardware openness,1,slip credits,1,at that,1
,,operating independently,1,openness helps,1,credits expedited,1,that price,1
,,independently is,1,but lock,1,expedited shipping,1,price but,1
,,is impractical,1,in often,1,shipping at,1,but full,1
,,impractical because,1,often lives,1,at vendor,1,full integration,1
,,because essential,1,lives in,1,vendor cost,1,and their,1
,,essential configuration,1,in software,1,cost or,1,their year,1
,,configuration is,1,software configuration,1,or other,1,year track,1
,,not truly,1,formats tooling,1,other enforceable,1,record does,1
,,truly portable,1,tooling apis,1,enforceable terms,1,anything does,1
,,portable the,1,access costs,1,cannot commit,1,anything it,1
,,the newer,1,costs test,1,commit credibly,1,the cost,1
,,newer civitas,1,mitigate contract,1,credibly on,1,cost narrative,1
,,modular line,1,contract for,1,on delivery,1,it does,1
,,line will,1,for full,1,delivery the,1,not automatically,1
,,will behave,1,logs and,1,price is,1,automatically change,1
,,behave like,1,formats require,1,a trap,1,recommendation the,1
,,like civitas,1,package delivery,1,trap you,1,biggest reasons,1
,,civitas mature,1,delivery milestone,1,you save,1,reasons you,1
,,mature integrated,1,milestone early,1,save money,1,were trending,1
,,integrated product,1,early docs,1,money and,1,modular weren,1
,,product risk,1,docs exports,1,and lose,1,weren t,1
,,year track,1,exports schema,1,lose the,1,t just,1
,,record is,1,schema api,1,schedule b,1,just price,1
,,not automatically,1,access tied,1,b lock,1,price they,1
,,automatically transfer,1,to payment,1,in must,1,they were,1
,,transfer to,1,payment controller,1,be materially,1,were lock,1
,,city architecture,1,availability will,1,materially mitigated,1,risk budget,1
,,architecture variant,1,will stay,1,mitigated harder,1,chair scrutiny,1
,,variant early,1,stay better,1,harder with,1,scrutiny after,1
,,early life,1,better throughout,1,an integrated,1,fiasco schedule,1
,,life issues,1,throughout procurement,1,architecture you,1,weeks with,1
,,issues tend,1,procurement why,1,you likely,1,with risk,1
,,appear around,1,underestimated supply,1,likely cannot,1,of pushing,1
,,around upgrades,1,chain conditions,1,cannot make,1,pushing past,1
,,upgrades security,1,conditions can,1,make integrated,1,months long,1
,,security patches,1,change mid,1,integrated non,1,term opex,1
,,patches and,1,mid project,1,non lock,1,predictability modular,1
,,and odd,1,project better,1,in but,1,modular showed,1
,,odd field,1,better availability,1,reduce damage,1,showed early,1
,,field edge,1,as committed,1,damage data,1,reduction integrated,1
,,cases what,1,committed delivery,1,logs in,1,integrated does,1
,,now at,1,dates test,1,terms and,1,a price,1
,,least two,1,mitigate civitas,1,pricing caps,1,match makes,1
,,calls from,1,name exact,1,caps pre,1,integrated more,1
,,on upgrade,1,and provide,1,assistance so,1,more tempting,1
,,cadence rollback,1,times supplier,1,on punitive,1,tempting but,1
,,incidents and,1,commitments include,1,punitive licensing,1,it also,1
,,any multi,1,include pre,1,licensing fees,1,also tries,1
,,multi hour,1,substitutes and,1,fees if,1,tries to,1
,,hour outages,1,delivery remedy,1,you change,1,to trade,1
,,outages a,1,remedy if,1,components if,1,trade away,1
,,a release,1,slip we,1,civitas won,1,away the,1
,,release history,1,can satisfy,1,t put,1,the very,1
,,history summary,1,satisfy emergency,1,put strong,1,very feature,1
,,summary for,1,incident needs,1,strong portability,1,feature modular,1
,,modular product,1,without novagrid,1,portability transition,1,modular that,1
,,line how,1,routing why,1,terms in,1,that was,1
,,often how,1,underestimated if,1,contract the,1,was your,1
,,how disruptive,1,services expects,1,architecture remains,1,your cleanest,1
,,disruptive what,1,expects measurable,1,remains politically,1,cleanest answer,1
,,a pattern,1,measurable response,1,politically exposed,1,answer to,1
,,pattern of,1,improvements from,1,next fast,1,offer really,1
,,of instability,1,from specific,1,fast non,1,really is,1
,,instability or,1,specific tooling,1,non hedged,1,a commitment,1
,,or painful,1,tooling you,1,hedged executable,1,commitment week,1
,,upgrades in,1,you could,1,executable do,1,week trade,1
,,year that,1,could under,1,not commit,1,is offering,1
,,system wouldn,1,under deliver,1,week solely,1,offering lower,1
,,wouldn t,1,deliver politically,1,solely for,1,lower price,1
,,have had,1,and operationally,1,for price,1,price now,1
,,had controller,1,operationally even,1,price tell,1,now in,1
,,availability for,1,is stable,1,tell civitas,1,in exchange,1
,,option will,1,stable test,1,civitas you,1,exchange for,1
,,will remain,1,mitigate convert,1,will consider,1,for integrated,1
,,remain good,1,convert emergency,1,consider their,1,architecture harder,1
,,good enough,1,emergency needs,1,their price,1,to switch,1
,,enough risk,1,needs into,1,match only,1,switch later,1
,,risk supply,1,incident requirements,1,they also,1,later foregoing,1
,,supply chains,1,requirements time,1,also provide,1,foregoing modular,1
,,chains move,1,mode preemption,1,provide written,1,modular benefits,1
,,move today,1,reporting reliability,1,written controller,1,benefits standard,1
,,today s,1,reliability detour,1,availability commitments,1,controllers lower,1
,,s better,1,deployment require,1,commitments and,1,maintenance trend,1
,,availability can,1,to demonstrate,1,and accept,1,trend accelerated,1
,,become tomorrow,1,demonstrate those,1,accept specific,1,accelerated decision,1
,,tomorrow s,1,those workflows,1,specific anti,1,decision timing,1
,,s constraint,1,workflows tabletop,1,clauses data,1,timing commit,1
,,constraint especially,1,tabletop scripted,1,export interfaces,1,week that,1
,,controller model,1,scripted drill,1,transition rates,1,that last,1
,,model is,1,and include,1,rates use,1,last point,1
,,is popular,1,include them,1,offer as,1,point is,1
,,popular statewide,1,criteria operating,1,as leverage,1,a governance,1
,,statewide or,1,costs are,1,leverage to,1,governance political,1
,,or has,1,are predictable,1,to push,1,risk it,1
,,has component,1,predictable because,1,push civitas,1,like you,1
,,component shortages,1,because of,1,civitas toward,1,were pressured,1
,,shortages mitigation,1,year price,1,toward what,1,pressured into,1
,,mitigation that,1,lock why,1,you actually,1,a choice,1
,,s concrete,1,underestimated tight,1,actually need,1,choice especially,1
,,concrete contractual,1,budgets bite,1,need ask,1,especially with,1
,,contractual right,1,bite in,1,ask them,1,council watching,1
,,to use,1,years too,1,them to,1,watching the,1
,,use pre,1,too also,1,sharpen pricing,1,decision hinge,1
,,equivalent controller,1,also change,1,pricing on,1,hinge will,1
,,civitas to,1,orders integrations,1,not full,1,will council,1
,,to certify,1,and paid,1,full match,1,council judge,1
,,certify compatibility,1,upgrades can,1,match get,1,judge price,1
,,compatibility require,1,can dominate,1,it closer,1,match as,1
,,require an,1,dominate costs,1,closer or,1,as worth,1
,,an initial,1,costs even,1,or include,1,worth reintroducing,1
,,initial spare,1,with locked,1,a pre,1,reintroducing lock,1
,,spare inventory,1,maintenance test,1,priced conversion,1,in given,1
,,inventory delivered,1,mitigate ask,1,conversion path,1,politics there,1
,,delivered early,1,cost of,1,controllers later,1,real risk,1
,,early what,1,of ownership,1,later if,1,chair frames,1
,,controller line,1,ownership worksheet,1,feasible with,1,frames it,1
,,line also,1,worksheet with,1,with capped,1,as they,1
,,also becomes,1,explicit assumptions,1,capped costs,1,they discounted,1
,,becomes constrained,1,assumptions support,1,costs bottom,1,discounted us,1
,,constrained and,1,support licensing,1,line no,1,us into,1
,,allow fast,1,licensing services,1,no this,1,into another,1
,,fast substitution,1,services hours,1,not by,1,another lock,1
,,substitution lifecycle,1,hours training,1,by itself,1,in situation,1
,,are predictable,1,training hardware,1,itself overturn,1,situation so,1
,,predictable beyond,1,hardware refresh,1,overturn the,1,the question,1
,,first years,1,refresh negotiate,1,price makes,1,question isn,1
,,years risk,1,negotiate at,1,makes civitas,1,t is,1
,,is great,1,on post,1,civitas more,1,is it,1
,,great but,1,priced option,1,more competitive,1,it cheaper,1
,,the big,1,option years,1,competitive on,1,cheaper it,1
,,big budget,1,years the,1,on cost,1,s can,1
,,budget pain,1,city has,1,cost but,1,you credibly,1
,,pain often,1,has or,1,but civitas,1,we avoided,1
,,often arrives,1,or will,1,integrated still,1,avoided lock,1
,,arrives in,1,will have,1,still carries,1,in anyway,1
,,years renewals,1,have the,1,carries the,1,anyway with,1
,,renewals included,1,operational capacity,1,risks most,1,with integrated,1
,,vs excluded,1,capacity to,1,to hurt,1,integrated that,1
,,excluded required,1,run what,1,hurt you,1,s harder,1
,,required upgrades,1,we buy,1,you publicly,1,harder unless,1
,,upgrades what,1,buy why,1,publicly lock,1,you negotiate,1
,,verify lock,1,underestimated new,1,in high,1,negotiate strong,1
,,lock now,1,new systems,1,political sensitivity,1,strong protections,1
,,cap or,1,systems shift,1,sensitivity and,1,protections below,1
,,or extension,1,shift workload,1,time schedule,1,below what,1
,,extension option,1,workload monitoring,1,uncertainty if,1,make accepting,1
,,option for,1,monitoring cybersecurity,1,civitas wants,1,accepting civitas,1
,,years clear,1,cybersecurity coordination,1,wants you,1,integrated reasonable,1
,,inclusions patching,1,coordination plan,1,switch to,1,reasonable if,1
,,patching cybersecurity,1,management detector,1,to integrated,1,re going,1
,,updates support,1,detector qa,1,integrated they,1,going to,1
,,support hours,1,qa reporting,1,to neutralize,1,to consider,1
,,hours so,1,reporting if,1,neutralize those,1,consider taking,1
,,so costs,1,if staffing,1,risks in,1,taking this,1
,,costs don,1,staffing is,1,writing otherwise,1,deal i,1
,,t reappear,1,is tight,1,otherwise you,1,would only,1
,,reappear as,1,tight best,1,should stay,1,only do,1
,,as change,1,system can,1,stay with,1,do it,1
,,orders what,1,still fail,1,the defensible,1,civitas agrees,1
,,wrong year,1,fail operationally,1,paste the,1,agrees in,1
,,year renewal,1,operationally test,1,wording of,1,writing to,1
,,renewal shock,1,mitigate validate,1,s offer,1,to terms,1
,,shock or,1,the steady,1,offer including,1,neutralize the,1
,,recurring out,1,steady state,1,including any,1,two key,1
,,of scope,1,state staffing,1,any delivery,1,key downsides,1
,,scope charges,1,model who,1,delivery language,1,downsides a,1
,,charges that,1,who does,1,language i,1,a neutralize,1
,,the expected,1,does what,1,one paragraph,1,neutralize schedule,1
,,expected opex,1,what weekly,1,paragraph counterproposal,1,from controller,1
,,opex stability,1,weekly monthly,1,counterproposal that,1,times require,1
,,stability operations,1,monthly require,1,keeps pressure,1,require committed,1
,,operations staffing,1,require training,1,pressure on,1,controllers not,1
,,staffing impact,1,training documentation,1,on them,1,not estimates,1
,,impact is,1,and runbooks,1,them while,1,estimates backed,1
,,being underestimated,1,runbooks as,1,while staying,1,backed by,1
,,underestimated risk,1,as deliverables,1,staying procurement,1,by remedies,1
,,risk adaptive,1,deliverables integration,1,procurement safe,1,remedies credits,1
,,systems can,1,cutover complexity,1,safe leaning,1,credits lds,1
,,can quietly,1,complexity won,1,leaning toward,1,lds holdbacks,1
,,quietly shift,1,schedule killer,1,mistake if,1,holdbacks guaranteed,1
,,shift work,1,killer why,1,treating today,1,guaranteed availability,1
,,work onto,1,underestimated many,1,today s,1,defined contingency,1
,,onto city,1,many signal,1,s plan,1,contingency if,1
,,staff more,1,signal projects,1,plan as,1,if lead,1
,,more alarms,1,projects slip,1,and start,1,times slip,1
,,alarms detector,1,slip not,1,start cleanly,1,slip approved,1
,,detector calibration,1,not on,1,cleanly because,1,alternates or,1
,,calibration comms,1,on procurement,1,because novagrid,1,or phased,1
,,comms troubleshooting,1,procurement but,1,carries multiple,1,deployment plan,1
,,troubleshooting tuning,1,but on,1,multiple stacked,1,plan that,1
,,tuning requests,1,on comms,1,stacked dependencies,1,that still,1
,,requests after,1,comms detector,1,dependencies that,1,still protects,1
,,hours changes,1,detector rehab,1,that directly,1,protects the,1
,,changes how,1,rehab cabinet,1,directly conflict,1,commit on,1
,,to test,1,cabinet conditions,1,conflict with,1,on supply,1
,,test fast,1,conditions and,1,start reality,1,supply the,1
,,fast ask,1,and intersection,1,reality why,1,match is,1
,,to quantify,1,intersection by,1,s risky,1,is irrelevant,1
,,quantify expected,1,by intersection,1,risky in,1,irrelevant because,1
,,expected truck,1,intersection cutovers,1,your specific,1,because missed,1
,,rolls avoided,1,cutovers test,1,specific situation,1,missed timeline,1
,,avoided tuning,1,mitigate demand,1,situation not,1,timeline becomes,1
,,tuning hours,1,a realistic,1,not in,1,real cost,1
,,and training,1,realistic cutover,1,in general,1,cost b,1
,,training time,1,cutover plan,1,general dot,1,b neutralize,1
,,time then,1,with assumptions,1,adds a,1,in as,1
,,then validate,1,assumptions and,1,real external,1,as much,1
,,validate with,1,and contingencies,1,a stated,1,much as,1
,,with references,1,contingencies bad,1,stated week,1,system realistically,1
,,references run,1,bad cabinets,1,review requirement,1,realistically can,1
,,tabletop detector,1,cabinets comms,1,requirement due,1,t make,1
,,detector failure,1,comms gaps,1,preference that,1,make integrated,1
,,failure on,1,gaps stage,1,s half,1,integrated not,1
,,corridor who,1,stage rollout,1,half your,1,not integrated,1
,,what and,1,rollout to,1,can stop,1,integrated but,1
,,how long,1,to prove,1,dot asks,1,reduce hostage,1
,,long what,1,prove one,1,asks for,1,hostage dynamics,1
,,the chosen,1,one corridor,1,for more,1,dynamics data,1
,,chosen system,1,corridor end,1,more documentation,1,portability exhibit,1
,,system increases,1,end to,1,documentation it,1,exhibit exact,1
,,increases overtime,1,to end,1,s essential,1,exact export,1
,,vendor call,1,end before,1,infrastructure condition,1,export artifacts,1
,,call dependency,1,before scaling,1,condition adds,1,artifacts timing,1
,,dependency more,1,scaling what,1,complexity it,1,and formats,1
,,than anticipated,1,would make,1,can approve,1,formats transition,1
,,anticipated becoming,1,this recommendation,1,approve cloud,1,rights and,1
,,a budget,1,recommendation clearly,1,cloud but,1,logs license,1
,,budget and,1,clearly wrong,1,but wants,1,license survivability,1
,,and morale,1,wrong in,1,wants on,1,survivability clear,1
,,morale problem,1,in hindsight,1,failover novagrid,1,clear terms,1
,,problem incident,1,hindsight below,1,says 180k,1,terms on,1
,,being discounted,1,below are,1,weeks that,1,renewal end,1
,,discounted tail,1,are red,1,that materially,1,of term,1
,,risk risk,1,red line,1,materially undermines,1,term ideally,1
,,risk emergency,1,line outcomes,1,undermines novagrid,1,ideally a,1
,,services interest,1,outcomes where,1,s faster,1,a pre,1
,,interest suggests,1,where if,1,cheaper advantage,1,pre priced,1
,,suggests that,1,they occur,1,adds integration,1,priced option,1
,,that incident,1,occur choosing,1,testing risk,1,option to,1
,,performance matters,1,modular would,1,be choosing,1,migrate to,1
,,matters in,1,would look,1,one hiccup,1,modular later,1
,,your local,1,look decisively,1,hiccup because,1,later or,1
,,local context,1,decisively incorrect,1,buildout even,1,or to,1
,,context if,1,incorrect not,1,even minor,1,to standard,1
,,that need,1,just imperfect,1,minor issues,1,defined costs,1
,,need you,1,imperfect a,1,issues can,1,timelines if,1
,,you could,1,modular system,1,warned you,1,civitas won,1
,,could face,1,system shows,1,you given,1,t do,1
,,face operational,1,shows systemic,1,given those,1,do these,1
,,operational dissatisfaction,1,reliability issues,1,those facts,1,these integrated,1
,,dissatisfaction even,1,issues not,1,facts picking,1,integrated will,1
,,if normal,1,not isolated,1,picking novagrid,1,politically fragile,1
,,is fine,1,isolated bugs,1,novagrid without,1,fragile what,1
,,fine what,1,bugs examples,1,without very,1,week practical,1
,,now demonstrated,1,examples repeated,1,very strong,1,next move,1
,,demonstrated workflow,1,repeated coordination,1,strong mitigations,1,move ask,1
,,workflow for,1,coordination failures,1,mitigations is,1,extend the,1
,,for detour,1,failures widespread,1,a technical,1,offer to,1
,,deployment rollback,1,widespread resets,1,technical gamble,1,to align,1
,,rollback timed,1,resets unstable,1,gamble it,1,align with,1
,,timed exercise,1,unstable central,1,governance gamble,1,council timeline,1
,,exercise preemption,1,or failure,1,gamble when,1,timeline even,1
,,priority reliability,1,failure to,1,when novagrid,1,even a,1
,,reliability logs,1,to degrade,1,mistake clear,1,short extension,1
,,trail capability,1,degrade safely,1,clear conditions,1,extension helps,1
,,capability what,1,safely during,1,conditions if,1,helps optics,1
,,incident exposes,1,loss why,1,can make,1,optics counter,1
,,exposes that,1,is decisive,1,these true,1,counter with,1
,,is slow,1,reduce risk,1,true in,1,with match,1
,,slow to,1,risk systemic,1,writing quickly,1,match price,1
,,adapt operationally,1,reliability problems,1,quickly novagrid,1,or integrated,1
,,operationally and,1,problems would,1,becomes defensible,1,integrated price,1
,,that weakness,1,would undermine,1,defensible dot,1,match the,1
,,weakness becomes,1,undermine the,1,waiver submission,1,in supply,1
,,public story,1,core rationale,1,submission is,1,supply commitments,1
,,story what,1,rationale b,1,is complete,1,commitments above,1
,,the current,1,b the,1,complete immediately,1,above put,1
,,current recommendation,1,city still,1,immediately dot,1,offer through,1
,,recommendation civitas,1,still ends,1,dot confirms,1,through procurement,1
,,modular clearly,1,ends up,1,confirms the,1,procurement legal,1
,,hindsight these,1,up effectively,1,week clock,1,legal review,1
,,the clear,1,effectively locked,1,clock starts,1,review to,1
,,clear miss,1,in despite,1,starts on,1,ensure you,1
,,miss scenarios,1,despite modular,1,on receipt,1,not violating,1
,,scenarios if,1,modular examples,1,receipt and,1,violating fairness,1
,,any are,1,examples configs,1,and there,1,fairness bafo,1
,,are plausible,1,plans data,1,high confidence,1,bafo rules,1
,,plausible you,1,data cannot,1,confidence path,1,rules this,1
,,should pause,1,cannot be,1,to approval,1,is important,1
,,pause and,1,be exported,1,approval no,1,important time,1
,,and resolve,1,exported in,1,major unknown,1,time limited,1
,,resolve them,1,usable form,1,unknown criteria,1,limited postures,1
,,them now,1,form required,1,criteria it,1,postures can,1
,,now modular,1,are only,1,is granted,1,create process,1
,,modular isn,1,available through,1,granted with,1,risk prepare,1
,,t truly,1,through proprietary,1,defined control,1,prepare a,1
,,truly open,1,proprietary tools,1,control set,1,one paragraph,1
,,open where,1,tools services,1,set and,1,paragraph council,1
,,it matters,1,services with,1,scope is,1,narrative either,1
,,matters if,1,with escalating,1,is fully,1,either way,1
,,you later,1,fees apis,1,fully specified,1,way if,1
,,later can,1,apis are,1,specified rto,1,you reject,1
,,t export,1,are incomplete,1,rpo responsibilities,1,reject discount,1
,,configs can,1,incomplete or,1,responsibilities test,1,discount doesn,1
,,t integrate,1,or paywalled,1,credible delivery,1,t offset,1
,,integrate without,1,paywalled why,1,delivery plan,1,offset lock,1
,,without civitas,1,would validate,1,t blow,1,you accept,1
,,only middleware,1,s worst,1,up your,1,accept we,1
,,middleware or,1,worst case,1,your political,1,we accepted,1
,,or face,1,case narrative,1,political start,1,accepted only,1
,,face punitive,1,narrative and,1,milestones contract,1,only with,1
,,punitive licensing,1,and negate,1,contract you,1,with enforceable,1
,,licensing then,1,negate the,1,you cap,1,enforceable exit,1
,,critique will,1,political strategic,1,cap recurring,1,and delivery,1
,,will return,1,strategic benefit,1,in sla,1,delivery guarantees,1
,,return despite,1,of modular,1,sla incident,1,guarantees bottom,1
,,despite standard,1,modular c,1,response terms,1,line this,1
,,controllers civitas,1,c schedule,1,terms require,1,not change,1
,,has reliability,1,schedule slips,1,require data,1,change my,1
,,reliability upgrade,1,slips anyway,1,export apis,1,my core,1
,,upgrade problems,1,anyway due,1,pre price,1,core recommendation,1
,,problems in,1,to controller,1,price transition,1,civitas also,1
,,first year,1,availability being,1,assistance ops,1,also removes,1
,,year a,1,being overstated,1,ops reality,1,removes contractually,1
,,a visible,1,overstated examples,1,reality you,1,contractually the,1
,,visible outage,1,examples standard,1,have verified,1,two remaining,1
,,outage botched,1,controllers become,1,verified safe,1,remaining problems,1
,,botched update,1,become constrained,1,mode behavior,1,problems proprietary,1
,,update or,1,constrained substitutions,1,behavior signals,1,proprietary lead,1
,,or repeated,1,substitutions aren,1,signals run,1,time schedule,1
,,repeated rollback,1,aren t,1,run acceptably,1,schedule exposure,1
,,rollback events,1,t acceptable,1,acceptably if,1,exposure and,1
,,events would,1,or procurement,1,central is,1,optics if,1
,,damaging because,1,procurement sequencing,1,impaired and,1,they won,1
,,being chosen,1,sequencing delays,1,re satisfied,1,t then,1
,,chosen for,1,delays installs,1,satisfied the,1,then the,1
,,predictability costs,1,installs why,1,outage story,1,path remains,1
,,costs migrate,1,time trap,1,story doesn,1,remains civitas,1
,,migrate from,1,trap d,1,t indicate,1,modular even,1
,,from capex,1,d emergency,1,indicate a,1,not at,1
,,capex to,1,incident outcomes,1,a systemic,1,at the,1
,,to change,1,outcomes materially,1,systemic failure,1,the matched,1
,,orders if,1,materially worsen,1,mode if,1,matched price,1
,,if feature,1,worsen or,1,t secure,1,price because,1
,,feature requests,1,or promised,1,secure those,1,because that,1
,,requests incident,1,promised improvements,1,those then,1,s what,1
,,mode support,1,improvements fail,1,then yes,1,what best,1
,,support reporting,1,fail examples,1,s very,1,best aligns,1
,,or cybersecurity,1,examples inability,1,very likely,1,scrutiny and,1
,,cybersecurity hardening,1,to execute,1,likely a,1,term operations,1
,,hardening repeatedly,1,execute incident,1,mistake because,1,you paste,1
,,repeatedly triggers,1,timing changes,1,re betting,1,paste the,1
,,triggers paid,1,changes quickly,1,project on,1,the exact,1
,,paid change,1,quickly preemption,1,on factors,1,exact wording,1
,,orders the,1,reporting unreliable,1,factors outside,1,wording of,1
,,the tight,1,unreliable emergency,1,outside your,1,match offer,1
,,environment will,1,emergency stakeholders,1,your direct,1,offer especially,1
,,will turn,1,stakeholders conclude,1,direct control,1,especially any,1
,,turn hostile,1,conclude the,1,control if,1,any term,1
,,hostile quickly,1,system made,1,the least,1,term duration,1
,,quickly controller,1,made incident,1,least risk,1,duration scope,1
,,availability flips,1,operations harder,1,risk way,1,scope exclusions,1
,,flips and,1,harder why,1,it do,1,exclusions i,1
,,t substitute,1,would fracture,1,not proceed,1,can help,1
,,substitute if,1,fracture stakeholder,1,on optimism,1,help you,1
,,spares fast,1,stakeholder support,1,optimism proceed,1,you draft,1
,,allow equivalents,1,support and,1,on gates,1,tight counterproposal,1
,,equivalents you,1,and create,1,gates with,1,counterproposal that,1
,,ll be,1,create ongoing,1,with deadlines,1,decision decisive,1
,,be stuck,1,ongoing political,1,deadlines submit,1,while protecting,1
,,stuck explaining,1,political drag,1,submit dot,1,protecting you,1
,,explaining delays,1,drag e,1,waiver package,1,you politically,1
,,and outages,1,e lifecycle,1,package immediately,1,operationally i,1
,,outages novagrid,1,lifecycle costs,1,and get,1,m leaning,1
,,would have,1,costs become,1,of completeness,1,novagrid tell,1
,,have cleared,1,become worse,1,completeness and,1,me if,1
,,cleared gates,1,worse than,1,and review,1,you think,1
,,gates cleanly,1,than the,1,review start,1,think that,1
,,cleanly and,1,the alternative,1,start date,1,mistake i,1
,,and delivered,1,alternative examples,1,date get,1,t think,1
,,delivered provably,1,examples high,1,s written,1,think leaning,1
,,provably better,1,high change,1,approval requirements,1,is inherently,1
,,incident outcomes,1,change order,1,signed architecture,1,inherently a,1
,,outcomes at,1,order frequency,1,architecture decision,1,mistake but,1
,,at manageable,1,frequency expensive,1,decision including,1,you proceed,1
,,manageable cost,1,expensive add,1,including failover,1,proceed without,1
,,main counterfactual,1,add ons,1,failover rto,1,without first,1
,,counterfactual if,1,ons for,1,rpo make,1,first neutralizing,1
,,novagrid could,1,features data,1,make failover,1,neutralizing three,1
,,could have,1,access or,1,contractual milestone,1,three concrete,1
,,have met,1,or steep,1,milestone with,1,concrete risks,1
,,met dot,1,steep post,1,payment tied,1,risks that,1
,,requirements without,1,increases that,1,fail lock,1,already visible,1
,,without material,1,that swamp,1,fee escalators,1,visible in,1
,,material delay,1,swamp the,1,escalators and,1,your situation,1
,,delay cost,1,initial predictability,1,and ensure,1,situation right,1
,,and its,1,predictability why,1,ensure data,1,option with,1
,,incident tooling,1,decisive tightening,1,portability exit,1,more things,1
,,tooling measurably,1,budgets were,1,exit rights,1,things that,1
,,measurably improved,1,were a,1,rights are,1,must go,1
,,improved response,1,a key,1,are explicit,1,go right,1
,,response outcomes,1,key reason,1,explicit exhibits,1,right on,1
,,outcomes choosing,1,reason to,1,exhibits if,1,the calendar,1
,,choosing civitas,1,favor predictable,1,can obtain,1,calendar and,1
,,civitas could,1,practical safeguard,1,written dot,1,and in,1
,,could look,1,safeguard set,1,dot completeness,1,in governance,1
,,look overly,1,set tripwires,1,completeness confirmation,1,governance when,1
,,overly conservative,1,tripwires now,1,confirmation within,1,when choosing,1
,,conservative to,1,now so,1,within a,1,mistake in,1
,,be candid,1,t discover,1,week and,1,context if,1
,,candid given,1,discover failure,1,signed it,1,t confidently,1
,,learned dot,1,failure too,1,it architecture,1,the approval,1
,,add tight,1,too late,1,architecture approval,1,approval timeline,1
,,tight opex,1,late to,1,approval within,1,timeline you,1
,,opex this,1,avoid hindsight,1,within two,1,already have,1
,,this last,1,hindsight failure,1,two weeks,1,gating items,1
,,last scenario,1,failure lock,1,weeks i,1,not theoretical,1
,,scenario is,1,lock these,1,can give,1,theoretical state,1
,,is possible,1,these into,1,give you,1,s inside,1
,,but increasingly,1,contract project,1,crisp go,1,window it,1
,,increasingly unlikely,1,plan early,1,go by,1,infrastructure condition,1
,,unlikely unless,1,early deliverables,1,by date,1,weeks if,1
,,unless new,1,deliverables before,1,date plan,1,either of,1
,,new facts,1,major spend,1,either slips,1,these is,1
,,facts emerge,1,package controller,1,slips you,1,to slip,1
,,emerge e,1,plan scripted,1,ll know,1,slip back,1
,,g dot,1,scripted acceptance,1,know you,1,forth submission,1
,,dot fast,1,tests central,1,should pivot,1,submission completeness,1
,,fast tracks,1,down incident,1,pivot final,1,completeness delays,1
,,tracks the,1,activation rollback,1,final position,1,delays added,1
,,it relaxes,1,rollback from,1,position what,1,added conditions,1
,,relaxes failover,1,from update,1,recommend you,1,conditions novagrid,1
,,failover requirements,1,update reference,1,do award,1,schedule gamble,1
,,requirements a,1,validation requirement,1,award the,1,gamble especially,1
,,short pre,1,requirement modular,1,contract to,1,especially since,1
,,pre mortem,1,modular city,1,award acceptance,1,ve said,1
,,mortem you,1,city references,1,acceptance contingent,1,without political,1
,,run in,1,references completed,1,short set,1,consequences if,1
,,in hours,1,completed and,1,of enforceable,1,t cap,1
,,practical ask,1,documented before,1,enforceable requirements,1,contain long,1
,,your team,1,rollout authorization,1,you on,1,volatility with,1
,,team to,1,authorization performance,1,in delivery,1,with budgets,1
,,to assume,1,performance availability,1,delivery and,1,budgets tightening,1
,,months after,1,availability reporting,1,operations why,1,tightening novagrid,1
,,after go,1,dashboard and,1,call to,1,base subject,1
,,live and,1,timelines e,1,proceed now,1,adjustment plus,1
,,is upset,1,g rca,1,now it,1,environment which,1
,,upset why,1,severity events,1,best satisfies,1,which usually,1
,,why then,1,events if,1,satisfies cannot,1,usually carries,1
,,then test,1,of these,1,start novagrid,1,carries maintenance,1
,,test the,1,tripwires fail,1,two stacked,1,monitoring costs,1
,,the top,1,in early,1,stacked gates,1,can become,1
,,top causes,1,phase you,1,gates that,1,become exactly,1
,,causes with,1,have objective,1,can slip,1,of we,1
,,requests evidence,1,objective grounds,1,slip you,1,we didn,1
,,evidence checklist,1,grounds to,1,you dot,1,see that,1
,,checklist to,1,to pause,1,waiver weeks,1,that coming,1
,,to close,1,pause remediate,1,civitas avoids,1,coming operating,1
,,close before,1,remediate or,1,avoids those,1,operating expense,1
,,before full,1,or renegotiate,1,those external,1,expense that,1
,,commitment not,1,renegotiate rather,1,external dependencies,1,that councils,1
,,hedge risk,1,than trying,1,dependencies it,1,councils punish,1
,,risk closure,1,trying to,1,most council,1,punish later,1
,,closure written,1,explain it,1,choice on,1,later if,1
,,written controller,1,it after,1,in civitas,1,t lock,1
,,availability pre,1,after citywide,1,integrated even,1,lock fee,1
,,dates two,1,citywide deployment,1,even at,1,and define,1
,,two modular,1,deployment if,1,a matched,1,billable novagrid,1
,,modular reference,1,what procurement,1,price keeps,1,becomes financially,1
,,upgrades outages,1,procurement flexibility,1,exposed to,1,financially fragile,1
,,outages data,1,flexibility you,1,adds proprietary,1,fragile if,1
,,config export,1,have e,1,modular directly,1,routing isn,1
,,export demonstration,1,g can,1,directly answers,1,t turned,1
,,demonstration real,1,can you,1,in issue,1,turned into,1
,,real artifacts,1,gate payments,1,issue with,1,tested deliverables,1
,,artifacts not,1,payments and,1,controllers it,1,deliverables if,1
,,not promises,1,and scope,1,it fits,1,reason you,1
,,promises degraded,1,scope with,1,fits tightening,1,you prefer,1
,,mode and,1,with milestones,1,tightening operating,1,is emergency,1
,,rollback acceptance,1,milestones i,1,operating budgets,1,emergency operations,1
,,plan attached,1,can propose,1,civitas provides,1,capability it,1
,,attached to,1,propose specific,1,provides a,1,choose them,1
,,to contract,1,makes these,1,novagrid adds,1,them unless,1
,,contract post,1,tripwires enforceable,1,adds recurring,1,can define,1
,,pricing approach,1,enforceable recommendation,1,fees plus,1,scenarios set,1
,,approach extension,1,recommendation award,1,plus on,1,set response,1
,,or escalation,1,systems and,1,failover overhead,1,time workflow,1
,,cap language,1,and specify,1,overhead it,1,workflow requirements,1
,,language early,1,specify their,1,reduces year,1,and make,1
,,early warning,1,system clean,1,one incident,1,them part,1
,,warning indicators,1,clean reasoning,1,incident narrative,1,training otherwise,1
,,indicators so,1,reasoning why,1,wrong you,1,otherwise you,1
,,can act,1,choice now,1,credibly show,1,buying a,1
,,act before,1,now most,1,chose a,1,a narrative,1
,,before problems,1,most schedule,1,a proven,1,narrative not,1
,,problems become,1,path under,1,and built,1,a guaranteed,1
,,become public,1,delay and,1,built in,1,guaranteed capability,1
,,public vendor,1,and avoid,1,based portability,1,capability when,1
,,vendor delays,1,avoid political,1,safes rather,1,when novagrid,1
,,delays providing,1,fallout from,1,than relying,1,be the,1
,,providing concrete,1,from slippage,1,relying on,1,right call,1
,,concrete export,1,slippage civitas,1,on waivers,1,call and,1
,,formats or,1,documentation an,1,waivers and,1,d support,1
,,or resists,1,path dependency,1,and complex,1,support it,1
,,resists portability,1,hosting conditions,1,complex cloud,1,if all,1
,,clauses vague,1,conditions that,1,failover arrangements,1,following are,1
,,vague included,1,that add,1,arrangements the,1,are true,1
,,support language,1,add time,1,the minimum,1,true novagrid,1
,,language or,1,complexity lowest,1,minimum safeguards,1,recommendation dot,1
,,or frequent,1,infrastructure it,1,safeguards you,1,path is,1
,,frequent carve,1,model only,1,should require,1,is started,1
,,carve outs,1,failover novagrid,1,require before,1,started immediately,1
,,outs inability,1,says that,1,final signature,1,dot confirms,1
,,to name,1,weeks that,1,signature include,1,confirms the,1
,,name controller,1,that erodes,1,exhibits acceptance,1,clock and,1
,,controller alternatives,1,erodes novagrid,1,criteria controller,1,and criteria,1
,,alternatives in,1,s faster,1,controller standard,1,criteria in,1
,,writing references,1,rollout advantage,1,standard and,1,writing including,1
,,references describe,1,advantage and,1,and availability,1,submission definition,1
,,describe painful,1,and increases,1,availability named,1,definition it,1
,,upgrades or,1,increases integration,1,named models,1,it signs,1
,,or slow,1,testing burden,1,models standards,1,signs off,1
,,slow incident,1,burden a,1,standards committed,1,off on,1
,,response any,1,system isn,1,committed lead,1,architecture with,1
,,any attempt,1,t decisive,1,allocation early,1,with clear,1
,,start hardware,1,decisive alone,1,spares data,1,clear rto,1
,,hardware ordering,1,adds uncertainty,1,documented integrations,1,an understanding,1
,,ordering before,1,uncertainty on,1,with fees,1,understanding of,1
,,before substitution,1,on top,1,fees capped,1,what functions,1
,,are set,1,top of,1,control slas,1,functions failover,1
,,set your,1,of existing,1,response restoration,1,failover provides,1
,,your call,1,existing gates,1,restoration patch,1,provides full,1
,,call point,1,gates best,1,procedures post,1,full control,1
,,point sovereignty,1,staying with,1,reporting one,1,control vs,1
,,sovereignty if,1,vendor civitas,1,use to,1,vs minimal,1
,,want maximum,1,legacy integrated,1,close the,1,minimal and,1
,,maximum political,1,prone and,1,decision publicly,1,week addition,1
,,political protection,1,now also,1,publicly we,1,addition is,1
,,protection you,1,also faces,1,are selecting,1,is either,1
,,can insist,1,faces proprietary,1,it lets,1,either a,1
,,one line,1,times weeks,1,lets us,1,a not,1
,,line in,1,weeks the,1,us start,1,path or,1
,,your internal,1,option reduces,1,waiver or,1,b still,1
,,internal decision,1,controllers reduces,1,or cloud,1,still leaves,1
,,decision rule,1,chain bottleneck,1,requirements if,1,leaves ample,1
,,rule no,1,bottleneck risk,1,your council,1,ample buffer,1
,,no full,1,risk provides,1,council agenda,1,cliff commercial,1
,,full ntp,1,strong credible,1,agenda blurb,1,are strong,1
,,ntp until,1,answer to,1,blurb and,1,strong including,1
,,until portability,1,concern better,1,ll tighten,1,including a,1
,,substitution acceptance,1,better fit,1,tighten it,1,a multi,1
,,contractually executed,1,for tightening,1,a line,1,escalator pricing,1
,,executed that,1,budgets operating,1,recommendation statement,1,clarity for,1
,,while preventing,1,lock improving,1,statement that,1,failover support,1
,,preventing the,1,improving near,1,matches your,1,support change,1
,,common hindsight,1,budget certainty,1,s tone,1,assistance strong,1
,,hindsight regrets,1,certainty novagrid,1,tone and,1,mode guarantees,1
,,regrets if,1,fees adjustable,1,and procurement,1,guarantees you,1
,,what procurement,1,adjustable plus,1,procurement norms,1,verify the,1
,,procurement allows,1,plus failover,1,,,the recent,1
,,allows phased,1,maintenance create,1,,,recent pilot,1
,,ntp vs,1,create more,1,,,signal is,1
,,vs single,1,more long,1,,,an architectural,1
,,single ntp,1,run cost,1,,,architectural red,1
,,ntp i,1,volatility unless,1,,,flag or,1
,,you the,1,unless heavily,1,,,or that,1
,,cleanest way,1,heavily constrained,1,,,that mitigations,1
,,to enforce,1,constrained contractually,1,,,mitigations are,1
,,enforce that,1,contractually how,1,,,already shipped,1
,,that rule,1,recommendation hold,1,,,shipped and,1
,,rule without,1,hold up,1,,,and demonstrable,1
,,delaying the,1,up in,1,,,demonstrable if,1
,,public project,1,in delivery,1,,,can check,1
,,start clean,1,delivery the,1,,,check those,1
,,recommendation select,1,required guardrails,1,,,those boxes,1
,,controllers clean,1,guardrails approve,1,,,boxes quickly,1
,,clean reasoning,1,approve civitas,1,,,quickly novagrid,1
,,reasoning the,1,explicit contract,1,,,s strengths,1
,,the few,1,contract requirements,1,,,strengths speed,1
,,few decisive,1,requirements named,1,,,speed documented,1
,,decisive points,1,and pre,1,,,documented performance,1
,,points lowest,1,apis resilience,1,,,performance improvements,1
,,risk under,1,operation incident,1,,,improvements incident,1
,,and per,1,timely rcas,1,,,incident oriented,1
,,per it,1,rcas with,1,,,oriented tooling,1
,,it an,1,milestones tied,1,,,tooling can,1
,,add 180k,1,to these,1,,,can outweigh,1
,,weeks to,1,these deliverables,1,,,outweigh the,1
,,be approvable,1,deliverables that,1,,,complexity my,1
,,approvable as,1,the clean,1,,,my candid,1
,,infrastructure those,1,clean defensible,1,,,candid view,1
,,are real,1,defensible lowest,1,,,view given,1
,,real external,1,lowest regret,1,,,shared with,1
,,slip start,1,regret path,1,,,requirement tighter,1
,,compress schedule,1,the facts,1,,,budget sensitivity,1
,,buffer direct,1,facts you,1,,,sensitivity novagrid,1
,,direct response,1,have today,1,,,option most,1
,,concern civitas,1,today it,1,,,most likely,1
,,system would,1,cost picture,1,,,to create,1
,,be hard,1,picture but,1,,,create a,1
,,defend due,1,it does,1,,,a we,1
,,to tight,1,automatically change,1,,,chose complexity,1
,,tight coupling,1,choice because,1,,,paid for,1
,,coupling and,1,because your,1,,,for it,1
,,times civitas,1,your hard,1,,,it later,1
,,modular materially,1,hard problems,1,,,later narrative,1
,,materially reduces,1,problems weren,1,,,narrative unless,1
,,in by,1,t primarily,1,,,you lock,1
,,using standard,1,primarily price,1,,,down the,1
,,controllers making,1,price they,1,,,terms up,1
,,making future,1,they were,1,,,front so,1
,,future substitution,1,were schedule,1,,,so leaning,1
,,substitution and,1,schedule approvals,1,,,leaning novagrid,1
,,spares management,1,and lock,1,,,is only,1
,,management more,1,in lifecycle,1,,,only a,1
,,more feasible,1,lifecycle controllability,1,,,re leaning,1
,,feasible and,1,controllability what,1,,,toward it,1
,,you a,1,what doesn,1,,,it because,1
,,credible narrative,1,t what,1,,,feels better,1
,,narrative that,1,changes upfront,1,,,better operationally,1
,,you acted,1,price advantage,1,,,operationally without,1
,,acted on,1,advantage of,1,,,without being,1
,,system lesson,1,of novagrid,1,,,being prepared,1
,,lesson better,1,novagrid largely,1,,,prepared to,1
,,better operating,1,largely disappears,1,,,do the,1
,,predictability in,1,disappears if,1,,,the hard,1
,,environment civitas,1,civitas truly,1,,,gate closure,1
,,which reduces,1,truly matches,1,,,closure work,1
,,and with,1,matches it,1,,,work immediately,1
,,the it,1,makes civitas,1,,,immediately two,1
,,it requirement,1,civitas vs,1,,,two questions,1
,,requirement ongoing,1,vs novagrid,1,,,questions that,1
,,ongoing hybrid,1,novagrid even,1,,,that determine,1
,,failover complexity,1,even more,1,,,whether your,1
,,and costs,1,about governance,1,,,your lean,1
,,costs more,1,governance architecture,1,,,lean is,1
,,more controllable,1,architecture risk,1,,,is prudent,1
,,controllable technical,1,risk than,1,,,prudent or,1
,,technical risk,1,than cost,1,,,or risky,1
,,risk than,1,cost what,1,,,risky can,1
,,the alternatives,1,what does,1,,,confirmation from,1
,,alternatives the,1,not change,1,,,dot within,1
,,key civitas,1,change civitas,1,,,within the,1
,,is that,1,integrated still,1,,,days that,1
,,is manageable,1,still carries,1,,,failover approval,1
,,manageable by,1,carries lock,1,,,approval are,1
,,by requiring,1,in tightly,1,,,are on,1
,,requiring references,1,architecture costly,1,,,track with,1
,,references acceptance,1,costly to,1,,,no hidden,1
,,tests degraded,1,to change,1,,,hidden conditions,1
,,mode rollback,1,change later,1,,,conditions are,1
,,and data,1,later week,1,,,are you,1
,,clauses novagrid,1,risk which,1,,,you willing,1
,,s risks,1,which you,1,,,make novagrid,1
,,are less,1,already flagged,1,,,novagrid acceptance,1
,,less controllable,1,flagged could,1,,,acceptance contingent,1
,,controllable because,1,push past,1,,,on firm,1
,,are driven,1,months political,1,,,firm fee,1
,,driven by,1,political exposure,1,,,caps failover,1
,,by external,1,exposure with,1,,,scope slas,1
,,approvals dot,1,chair lock,1,,,slas incident,1
,,and structural,1,is his,1,,,scenario acceptance,1
,,structural opex,1,his issue,1,,,answer those,1
,,continuity exposure,1,issue not,1,,,those i,1
,,to attach,1,not price,1,,,ll tell,1
,,award so,1,price so,1,,,you plainly,1
,,it stays,1,so if,1,,,plainly whether,1
,,stays modular,1,you accept,1,,,a smart,1
,,modular in,1,accept this,1,,,smart calculated,1
,,hedge controller,1,this offer,1,,,calculated risk,1
,,models early,1,offer as,1,,,risk or,1
,,delivery data,1,as is,1,,,or an,1
,,and city,1,is you,1,,,an avoidable,1
,,timing config,1,be trading,1,,,avoidable unforced,1
,,config logs,1,trading away,1,,,unforced error,1
,,logs transition,1,away the,1,,,error in,1
,,assistance obligations,1,defense you,1,,,situation final,1
,,includes central,1,you had,1,,,final position,1
,,loss and,1,had for,1,,,position so,1
,,rollback tied,1,council scrutiny,1,,,can proceed,1
,,milestones schedule,1,scrutiny we,1,,,proceed select,1
,,exhibit identifying,1,controllers to,1,,,option and,1
,,identifying long,1,key question,1,,,and move,1
,,milestones that,1,question is,1,,,move forward,1
,,the clean,1,match worth,1,,,forward to,1
,,clean defensible,1,worth re,1,,,to award,1
,,momentum answers,1,re accepting,1,,,award contract,1
,,answers council,1,accepting lock,1,,,contract this,1
,,in focus,1,in my,1,,,week structured,1
,,focus and,1,my view,1,,,structured as,1
,,and minimizes,1,view only,1,,,first with,1
,,minimizes the,1,will also,1,,,with strict,1
,,the chance,1,also remove,1,,,strict contract,1
,,chance that,1,remove or,1,,,protections why,1
,,that external,1,or heavily,1,,,right final,1
,,or hidden,1,heavily bound,1,,,call given,1
,,hidden lifecycle,1,bound those,1,,,facts lowest,1
,,lifecycle costs,1,those risks,1,,,constraint civitas,1
,,up the,1,risks contractually,1,,,approve cloud,1
,,project does,1,contractually otherwise,1,,,infrastructure too,1
,,does this,1,re taking,1,,,too many,1
,,this change,1,the very,1,,,many gates,1
,,change anything,1,very critique,1,,,gates for,1
,,anything it,1,critique council,1,,,a must,1
,,it changes,1,council is,1,,,must start,1
,,changes one,1,is primed,1,,,start project,1
,,one dimension,1,primed to,1,,,project best,1
,,dimension upfront,1,make just,1,,,defensibility modular,1
,,upfront price,1,just at,1,,,modular directly,1
,,price it,1,a lower,1,,,answers the,1
,,not change,1,lower sticker,1,,,in focus,1
,,the factors,1,sticker price,1,,,focus standard,1
,,factors that,1,price how,1,,,an easier,1
,,that were,1,how i,1,,,easier future,1
,,were making,1,would respond,1,,,future exit,1
,,making civitas,1,respond practical,1,,,exit than,1
,,the defensible,1,practical this,1,,,than an,1
,,defensible recommendation,1,week negotiation,1,,,proprietary stack,1
,,recommendation governability,1,negotiation posture,1,,,stack it,1
,,governability exit,1,posture treat,1,,,it avoids,1
,,exit lock,1,treat commit,1,,,the perception,1
,,schedule controllability,1,week as,1,,,perception that,1
,,controllability under,1,normal vendor,1,,,you accepted,1
,,under hardware,1,vendor pressure,1,,,accepted a,1
,,hardware constraints,1,pressure tactic,1,,,a discounted,1
,,constraints in,1,tactic and,1,,,discounted proprietary,1
,,in fact,1,and counter,1,,,proprietary integrated,1
,,fact this,1,counter with,1,,,system and,1
,,offer pushes,1,a commit,1,,,and repeated,1
,,pushes you,1,week if,1,,,repeated the,1
,,you back,1,you sign,1,,,system pattern,1
,,back toward,1,sign these,1,,,pattern best,1
,,most politically,1,these terms,1,,,tightening operating,1
,,politically sensitive,1,terms posture,1,,,operating budgets,1
,,sensitive configuration,1,a if,1,,,lock supports,1
,,configuration tightly,1,modular recommendation,1,,,supports predictability,1
,,controllers exactly,1,recommendation my,1,,,predictability novagrid,1
,,exactly what,1,my default,1,,,footprint increase,1
,,budget committee,1,default counteroffer,1,,,increase opex,1
,,committee chair,1,counteroffer civitas,1,,,volatility avoids,1
,,chair has,1,at near,1,,,exposure civitas,1
,,has been,1,near the,1,,,s proprietary,1
,,been primed,1,the matched,1,,,are a,1
,,primed to,1,price using,1,,,s controller,1
,,to attack,1,using one,1,,,better conditions,1
,,attack what,1,one or,1,,,should make,1
,,match helps,1,or more,1,,,make non,1
,,helps real,1,more levers,1,,,negotiable in,1
,,real benefits,1,levers reduce,1,,,contract these,1
,,benefits council,1,reduce the,1,,,not hedges,1
,,council optics,1,modular adder,1,,,hedges they,1
,,optics on,1,adder smaller,1,,,they are,1
,,on sticker,1,smaller extend,1,,,the mechanisms,1
,,sticker price,1,extend the,1,,,mechanisms that,1
,,price removes,1,maintenance lock,1,,,decision defensible,1
,,removes the,1,or cap,1,,,no substitutions,1
,,more argument,1,cap years,1,,,substitutions without,1
,,argument near,1,years increases,1,,,of configurations,1
,,budget pressure,1,include additional,1,,,configurations timing,1
,,pressure easier,1,additional intersections,1,,,deliverables emergency,1
,,to fit,1,intersections cabinets,1,,,scenarios built,1
,,fit in,1,cabinets services,1,,,built trained,1
,,in capital,1,services at,1,,,deploy overrides,1
,,capital planning,1,no cost,1,,,overrides detours,1
,,planning vendor,1,cost make,1,,,detours rollback,1
,,maturity remains,1,make your,1,,,logs degraded,1
,,remains strong,1,city a,1,,,behavior milestones,1
,,strong year,1,reference site,1,,,accountability holdbacks,1
,,year record,1,site in,1,,,holdbacks credits,1
,,record still,1,for pricing,1,,,clarity define,1
,,still a,1,pricing this,1,,,the maintenance,1
,,a plus,1,this preserves,1,,,cap common,1
,,plus if,1,preserves policy,1,,,common professional,1
,,your only,1,policy certainty,1,,,professional service,1
,,only decision,1,certainty schedule,1,,,service rates,1
,,decision variable,1,robustness better,1,,,rates what,1
,,variable were,1,availability lock,1,,,say publicly,1
,,were upfront,1,mitigation b,1,,,publicly one,1
,,cost yes,1,civitas refuses,1,,,sentence we,1
,,yes it,1,refuses and,1,,,selecting civitas,1
,,it would,1,you consider,1,,,based system,1
,,be decisive,1,consider integrated,1,,,system because,1
,,decisive why,1,integrated anyway,1,,,best meets,1
,,t by,1,anyway require,1,,,meets our,1
,,itself overturn,1,require risk,1,,,our schedule,1
,,overturn the,1,risk buy,1,,,and approval,1
,,recommendation it,1,buy down,1,,,approval requirements,1
,,narrative not,1,down terms,1,,,requirements while,1
,,not improves,1,you were,1,,,while reducing,1
,,improves it,1,were to,1,,,reducing long,1
,,is explicitly,1,to switch,1,,,term lock,1
,,explicitly tightly,1,switch to,1,,,and stabilizing,1
,,integrated changing,1,integrated at,1,,,stabilizing operating,1
,,changing vendors,1,at matched,1,,,costs with,1
,,vendors later,1,price i,1,,,with incident,1
,,later would,1,not do,1,,,capabilities and,1
,,be costly,1,these minimum,1,,,portability written,1
,,it relies,1,minimum conditions,1,,,written into,1
,,relies on,1,conditions controller,1,,,contract if,1
,,controller hardware,1,delivery guarantee,1,,,turn the,1
,,hardware even,1,guarantee named,1,,,the above,1
,,lower price,1,named quantities,1,,,above into,1
,,price you,1,quantities delivery,1,,,tight page,1
,,configuration that,1,dates remedies,1,,,page motion,1
,,that most,1,remedies credits,1,,,motion findings,1
,,most resembles,1,credits liquidated,1,,,findings template,1
,,resembles the,1,damages if,1,,,template for,1
,,mode council,1,slip pre,1,,,,
,,is worried,1,substitutions if,1,,,,
,,worried about,1,possible or,1,,,,
,,about high,1,or civitas,1,,,,
,,costs vendor,1,civitas held,1,,,,
,,dependency public,1,held inventory,1,,,,
,,public risk,1,inventory allocation,1,,,,
,,risk if,1,allocation portability,1,,,,
,,if anything,1,rights to,1,,,,
,,anything goes,1,to blunt,1,,,,
,,goes wrong,1,blunt lock,1,,,,
,,year the,1,in politically,1,,,,
,,s critique,1,and practically,1,,,,
,,critique becomes,1,practically city,1,,,,
,,becomes we,1,configs data,1,,,,
,,we ignored,1,data full,1,,,,
,,ignored the,1,export in,1,,,,
,,in lesson,1,formats at,1,,,,
,,lesson because,1,no added,1,,,,
,,because we,1,cost api,1,,,,
,,we got,1,interface access,1,,,,
,,got a,1,operational needs,1,,,,
,,discount it,1,you migrate,1,,,,
,,not solve,1,migrate later,1,,,,
,,the supply,1,later a,1,,,,
,,ve already,1,a priced,1,,,,
,,identified week,1,priced convert,1,,,,
,,times on,1,convert to,1,,,,
,,risk of,1,option held,1,,,,
,,of timeline,1,held open,1,,,,
,,timeline slipping,1,open contractual,1,,,,
,,slipping past,1,contractual option,1,,,,
,,months a,1,option at,1,,,,
,,a price,1,at any,1,,,,
,,match doesn,1,any time,1,,,,
,,t make,1,time within,1,,,,
,,make controllers,1,x years,1,,,,
,,controllers arrive,1,years city,1,,,,
,,arrive faster,1,city may,1,,,,
,,faster it,1,may migrate,1,,,,
,,may increase,1,migrate to,1,,,,
,,increase long,1,architecture at,1,,,,
,,term cost,1,fixed pre,1,,,,
,,if year,1,negotiated price,1,,,,
,,price is,1,timeline this,1,,,,
,,is lower,1,the single,1,,,,
,,lower integrated,1,single best,1,,,,
,,integrated architectures,1,chair if,1,,,,
,,architectures tend,1,up choosing,1,,,,
,,to create,1,choosing integrated,1,,,,
,,create higher,1,integrated now,1,,,,
,,higher future,1,now schedule,1,,,,
,,future switching,1,schedule realism,1,,,,
,,less competitive,1,realism updated,1,,,,
,,competitive pricing,1,updated project,1,,,,
,,pricing pressure,1,showing controller,1,,,,
,,pressure on,1,time dependencies,1,,,,
,,on parts,1,dependencies with,1,,,,
,,parts support,1,path diagram,1,,,,
,,support more,1,diagram and,1,,,,
,,more vendor,1,and mitigation,1,,,,
,,changes given,1,mitigation actions,1,,,,
,,your expectation,1,actions without,1,,,,
,,expectation of,1,these the,1,,,,
,,of tighter,1,match is,1,,,,
,,budgets next,1,is mostly,1,,,,
,,and leverage,1,mostly cosmetic,1,,,,
,,leverage matter,1,cosmetic it,1,,,,
,,matter as,1,it doesn,1,,,,
,,as much,1,t protect,1,,,,
,,much as,1,flexibility does,1,,,,
,,as or,1,it change,1,,,,
,,or more,1,recommendation not,1,,,,
,,than initial,1,not by,1,,,,
,,initial price,1,by itself,1,,,,
,,price the,1,itself my,1,,,,
,,the commit,1,my public,1,,,,
,,week pressure,1,public recommendation,1,,,,
,,pressure is,1,recommendation would,1,,,,
,,is itself,1,would still,1,,,,
,,itself a,1,be civitas,1,,,,
,,governance procurement,1,modular remains,1,,,,
,,s legitimate,1,remains the,1,,,,
,,legitimate it,1,best overall,1,,,,
,,can look,1,overall choice,1,,,,
,,a pressure,1,given council,1,,,,
,,pressure tactic,1,sensitivity proprietary,1,,,,
,,tactic and,1,risk on,1,,,,
,,and raise,1,on integrated,1,,,,
,,raise fairness,1,integrated budget,1,,,,
,,fairness questions,1,tightening predictability,1,,,,
,,questions were,1,predictability controllability,1,,,,
,,were terms,1,controllability matters,1,,,,
,,terms changed,1,matters and,1,,,,
,,changed outside,1,s stacked,1,,,,
,,outside the,1,stacked gates,1,,,,
,,the process,1,gates dot,1,,,,
,,process make,1,failover recurring,1,,,,
,,make sure,1,fees it,1,,,,
,,sure procurement,1,recommendation only,1,,,,
,,legal confirms,1,civitas either,1,,,,
,,confirms you,1,either matches,1,,,,
,,can accept,1,matches price,1,,,,
,,accept this,1,price on,1,,,,
,,this without,1,on modular,1,,,,
,,jeopardizing the,1,or makes,1,,,,
,,award when,1,makes the,1,,,,
,,when this,1,integrated offer,1,,,,
,,offer would,1,offer effectively,1,,,,
,,would change,1,effectively modular,1,,,,
,,change my,1,modular like,1,,,,
,,my recommendation,1,like in,1,,,,
,,recommendation clear,1,risk terms,1,,,,
,,clear conditions,1,terms via,1,,,,
,,conditions i,1,via the,1,,,,
,,would support,1,contract delivery,1,,,,
,,support switching,1,guarantees portability,1,,,,
,,switching to,1,portability fixed,1,,,,
,,integrated at,1,fixed price,1,,,,
,,at matched,1,price conversion,1,,,,
,,matched price,1,conversion option,1,,,,
,,price only,1,option one,1,,,,
,,civitas neutralizes,1,thing to,1,,,,
,,neutralizes the,1,to watch,1,,,,
,,in schedule,1,watch commit,1,,,,
,,risks in,1,week vs,1,,,,
,,writing enough,1,vs council,1,,,,
,,enough that,1,council process,1,,,,
,,can defend,1,process if,1,,,,
,,council concretely,1,council approval,1,,,,
,,concretely a,1,approval briefing,1,,,,
,,certainty terms,1,briefing is,1,,,,
,,have controller,1,required committing,1,,,,
,,delivery guarantee,1,committing this,1,,,,
,,guarantee with,1,week may,1,,,,
,,with dates,1,be infeasible,1,,,,
,,dates and,1,infeasible or,1,,,,
,,and meaningful,1,or risky,1,,,,
,,meaningful remedies,1,risky procedurally,1,,,,
,,remedies if,1,procedurally if,1,,,,
,,if missed,1,t ethically,1,,,,
,,missed credits,1,ethically or,1,,,,
,,credits expedited,1,or legally,1,,,,
,,expedited shipping,1,legally commit,1,,,,
,,shipping at,1,commit tell,1,,,,
,,at their,1,tell civitas,1,,,,
,,their cost,1,civitas we,1,,,,
,,cost etc,1,move quickly,1,,,,
,,etc approved,1,quickly but,1,,,,
,,approved substitution,1,we must,1,,,,
,,substitution path,1,must maintain,1,,,,
,,if their,1,maintain a,1,,,,
,,their proprietary,1,defensible public,1,,,,
,,supply slips,1,public process,1,,,,
,,slips if,1,process we,1,,,,
,,if substitution,1,can only,1,,,,
,,substitution is,1,only commit,1,,,,
,,is impossible,1,commit contingent,1,,,,
,,impossible that,1,on council,1,,,,
,,an honest,1,council authorization,1,,,,
,,honest constraint,1,authorization and,1,,,,
,,constraint then,1,the listed,1,,,,
,,the guarantee,1,listed terms,1,,,,
,,guarantee becomes,1,terms quick,1,,,,
,,important early,1,quick clarifier,1,,,,
,,spares commitment,1,clarifier so,1,,,,
,,commitment delivered,1,can advise,1,,,,
,,delivered up,1,advise cleanly,1,,,,
,,up front,1,cleanly when,1,,,,
,,front b,1,when civitas,1,,,,
,,b lock,1,civitas says,1,,,,
,,mitigation terms,1,says match,1,,,,
,,have even,1,match novagrid,1,,,,
,,even for,1,s price,1,,,,
,,for integrated,1,that total,1,,,,
,,integrated even,1,total delivered,1,,,,
,,if hardware,1,delivered price,1,,,,
,,hardware is,1,price including,1,,,,
,,proprietary you,1,including controllers,1,,,,
,,still reduce,1,controllers field,1,,,,
,,operational economic,1,field devices,1,,,,
,,in city,1,devices software,1,,,,
,,ownership full,1,software services,1,,,,
,,full export,1,services or,1,,,,
,,defined hours,1,just software,1,,,,
,,hours rates,1,software central,1,,,,
,,rates and,1,system while,1,,,,
,,city migrates,1,while controllers,1,,,,
,,migrates later,1,separate line,1,,,,
,,later fee,1,line items,1,,,,
,,controls for,1,that distinction,1,,,,
,,for maintenance,1,distinction determines,1,,,,
,,support beyond,1,whether this,1,,,,
,,year or,1,real price,1,,,,
,,extension of,1,match or,1,,,,
,,lock with,1,a scope,1,,,,
,,prevent change,1,scope shift,1,,,,
,,order leakage,1,shift leaning,1,,,,
,,leakage c,1,mistake if,1,,,,
,,c governance,1,following are,1,,,,
,,governance protection,1,are true,1,,,,
,,protection must,1,true in,1,,,,
,,confirmation from,1,situation and,1,,,,
,,from procurement,1,and based,1,,,,
,,legal that,1,ve told,1,,,,
,,that accepting,1,told me,1,,,,
,,accepting a,1,me several,1,,,,
,,a this,1,several are,1,,,,
,,week only,1,are already,1,,,,
,,only price,1,already trending,1,,,,
,,t undermine,1,trending that,1,,,,
,,undermine the,1,way when,1,,,,
,,the competitive,1,mistake clear,1,,,,
,,competitive process,1,clear red,1,,,,
,,process if,1,red flags,1,,,,
,,t commit,1,flags you,1,,,,
,,these the,1,t afford,1,,,,
,,not worth,1,afford schedule,1,,,,
,,worth the,1,schedule uncertainty,1,,,,
,,the political,1,uncertainty novagrid,1,,,,
,,lifecycle exposure,1,two schedule,1,,,,
,,do in,1,waiver extra,1,,,,
,,next hours,1,plus possible,1,,,,
,,practical path,1,and added,1,,,,
,,path counteroffer,1,added design,1,,,,
,,counteroffer match,1,design testing,1,,,,
,,match price,1,you proceed,1,,,,
,,price on,1,proceed without,1,,,,
,,option or,1,hard plan,1,,,,
,,or include,1,plan to,1,,,,
,,contractual upgrade,1,absorb or,1,,,,
,,upgrade path,1,or neutralize,1,,,,
,,modular at,1,neutralize those,1,,,,
,,price once,1,those you,1,,,,
,,once controller,1,re betting,1,,,,
,,availability stabilizes,1,betting against,1,,,,
,,stabilizes ask,1,against the,1,,,,
,,written bafo,1,the calendar,1,,,,
,,bafo best,1,calendar you,1,,,,
,,and final,1,t lock,1,,,,
,,final offer,1,down total,1,,,,
,,offer with,1,escalation with,1,,,,
,,with exact,1,with tighter,1,,,,
,,exact system,1,budgets 90k,1,,,,
,,system configuration,1,year subject,1,,,,
,,configuration controller,1,is risky,1,,,,
,,models delivery,1,risky unless,1,,,,
,,delivery schedule,1,increases and,1,,,,
,,schedule commitments,1,inclusions otherwise,1,,,,
,,commitments support,1,be defending,1,,,,
,,support maintenance,1,defending compounding,1,,,,
,,maintenance pricing,1,compounding opex,1,,,,
,,pricing terms,1,opex every,1,,,,
,,terms data,1,every budget,1,,,,
,,terms run,1,budget season,1,,,,
,,run it,1,season your,1,,,,
,,it past,1,operational concept,1,,,,
,,past procurement,1,concept assumes,1,,,,
,,legal before,1,assumes always,1,,,,
,,before reacting,1,always on,1,,,,
,,the deadline,1,on connectivity,1,,,,
,,deadline pre,1,connectivity traffic,1,,,,
,,pre brief,1,traffic systems,1,,,,
,,we pushed,1,systems must,1,,,,
,,pushed for,1,must behave,1,,,,
,,discount we,1,behave safely,1,,,,
,,not trading,1,and predictably,1,,,,
,,trading away,1,predictably when,1,,,,
,,away exit,1,when cloud,1,,,,
,,exit options,1,wan power,1,,,,
,,options here,1,power is,1,,,,
,,protections we,1,is degraded,1,,,,
,,we require,1,degraded if,1,,,,
,,require bottom,1,s failover,1,,,,
,,line no,1,is bolted,1,,,,
,,no it,1,bolted on,1,,,,
,,core recommendation,1,on rather,1,,,,
,,recommendation by,1,than cleanly,1,,,,
,,itself it,1,cleanly integrated,1,,,,
,,it makes,1,tested you,1,,,,
,,makes civitas,1,can end,1,,,,
,,civitas cheaper,1,up with,1,,,,
,,cheaper but,1,is complex,1,,,,
,,it steers,1,complex to,1,,,,
,,steers you,1,operate and,1,,,,
,,configuration with,1,and fragile,1,,,,
,,the highest,1,fragile in,1,,,,
,,highest lock,1,in edge,1,,,,
,,chain exposure,1,cases you,1,,,,
,,exposure which,1,get strong,1,,,,
,,exactly where,1,strong written,1,,,,
,,where your,1,written deliverables,1,,,,
,,political risk,1,deliverables quickly,1,,,,
,,risk sits,1,quickly if,1,,,,
,,sits treat,1,novagrid cannot,1,,,,
,,leverage to,1,cannot provide,1,,,,
,,to improve,1,provide quickly,1,,,,
,,improve the,1,credible waiver,1,,,,
,,modular deal,1,package failover,1,,,,
,,deal or,1,design acceptance,1,,,,
,,or to,1,terms slas,1,,,,
,,to force,1,slas rca,1,,,,
,,force integrated,1,timelines export,1,,,,
,,integrated to,1,rights you,1,,,,
,,include strong,1,ll be,1,,,,
,,strong delivery,1,be forced,1,,,,
,,delivery guarantees,1,forced into,1,,,,
,,guarantees and,1,into trust,1,,,,
,,exit portability,1,trust us,1,,,,
,,terms if,1,us mode,1,,,,
,,meet those,1,mode bad,1,,,,
,,those conditions,1,bad for,1,,,,
,,conditions stick,1,review you,1,,,,
,,stick with,1,re underestimating,1,,,,
,,modular even,1,underestimating the,1,,,,
,,the higher,1,political narrative,1,,,,
,,higher price,1,narrative risk,1,,,,
,,price if,1,focus and,1,,,,
,,you paste,1,the extra,1,,,,
,,paste the,1,approvals required,1,,,,
,,exact language,1,novagrid a,1,,,,
,,language of,1,one issue,1,,,,
,,civitas offer,1,judged as,1,,,,
,,offer especially,1,consequence of,1,,,,
,,especially what,1,a risky,1,,,,
,,what commit,1,risky choice,1,,,,
,,week means,1,choice even,1,,,,
,,means and,1,if technically,1,,,,
,,included i,1,technically minor,1,,,,
,,suggest specific,1,minor when,1,,,,
,,clauses and,1,not be,1,,,,
,,tight counterproposal,1,mistake the,1,,,,
,,counterproposal i,1,the conditions,1,,,,
,,i think,1,conditions novagrid,1,,,,
,,think leaning,1,right choice,1,,,,
,,toward novagrid,1,choice if,1,,,,
,,easily become,1,can make,1,,,,
,,mistake in,1,make three,1,,,,
,,hindsight given,1,three things,1,,,,
,,constraints unless,1,things true,1,,,,
,,clear near,1,true before,1,,,,
,,term path,1,least before,1,,,,
,,to de,1,before irrevocable,1,,,,
,,de risk,1,irrevocable commitments,1,,,,
,,cost exposure,1,commitments regulatory,1,,,,
,,exposure the,1,regulatory certainty,1,,,,
,,the reason,1,certainty dot,1,,,,
,,is simple,1,dot indicates,1,,,,
,,simple the,1,indicates the,1,,,,
,,the risks,1,is likely,1,,,,
,,risks with,1,likely and,1,,,,
,,with novagrid,1,is complete,1,,,,
,,novagrid are,1,complete enough,1,,,,
,,not abstract,1,avoid rework,1,,,,
,,abstract they,1,rework with,1,,,,
,,now calendar,1,a confirmed,1,,,,
,,calendar and,1,confirmed review,1,,,,
,,and dollar,1,review clock,1,,,,
,,dollar specific,1,clock governance,1,,,,
,,specific and,1,governance certainty,1,,,,
,,and sit,1,certainty it,1,,,,
,,sit on,1,it approves,1,,,,
,,mistake based,1,approves the,1,,,,
,,learned so,1,novagrid provides,1,,,,
,,far you,1,clear architecture,1,,,,
,,most external,1,architecture showing,1,,,,
,,gates right,1,over how,1,,,,
,,now novagrid,1,quickly what,1,,,,
,,has dot,1,what operators,1,,,,
,,waiver additional,1,do in,1,,,,
,,additional documentation,1,during loss,1,,,,
,,documentation week,1,wan commercial,1,,,,
,,review it,1,commercial and,1,,,,
,,it approval,1,operational protections,1,,,,
,,approval condition,1,protections fee,1,,,,
,,condition on,1,caps cpi,1,,,,
,,failover capability,1,or fixed,1,,,,
,,capability 180k,1,fixed inclusions,1,,,,
,,the normal,1,inclusions defined,1,,,,
,,normal implementation,1,defined data,1,,,,
,,implementation risks,1,apis so,1,,,,
,,risks every,1,not locked,1,,,,
,,every signal,1,via software,1,,,,
,,signal project,1,software slas,1,,,,
,,project has,1,handling response,1,,,,
,,has field,1,times central,1,,,,
,,comms testing,1,rca deadlines,1,,,,
,,tuning that,1,deadlines if,1,,,,
,,a lot,1,can secure,1,,,,
,,lot of,1,secure those,1,,,,
,,of dependency,1,those and,1,,,,
,,on third,1,and still,1,,,,
,,party review,1,still maintain,1,,,,
,,added architecture,1,maintain your,1,,,,
,,architecture work,1,your political,1,,,,
,,work especially,1,political start,1,,,,
,,especially when,1,time posture,1,,,,
,,when you,1,posture mobilize,1,,,,
,,delay project,1,now test,1,,,,
,,start without,1,test early,1,,,,
,,without political,1,early novagrid,1,,,,
,,political pain,1,becomes defensible,1,,,,
,,pain tight,1,defensible and,1,,,,
,,amplify novagrid,1,response upside,1,,,,
,,s opex,1,upside you,1,,,,
,,opex uncertainty,1,re valuing,1,,,,
,,uncertainty novagrid,1,valuing can,1,,,,
,,cloud model,1,can justify,1,,,,
,,model brings,1,justify it,1,,,,
,,brings recurring,1,it my,1,,,,
,,recurring annual,1,my direct,1,,,,
,,annual fees,1,direct view,1,,,,
,,adjustable likely,1,view given,1,,,,
,,likely additional,1,shared yes,1,,,,
,,additional recurring,1,yes choosing,1,,,,
,,recurring cost,1,novagrid right,1,,,,
,,environment often,1,now is,1,,,,
,,often not,1,mistake than,1,,,,
,,not free,1,than choosing,1,,,,
,,free long,1,modular unless,1,,,,
,,term in,1,rapidly convert,1,,,,
,,budget climate,1,convert novagrid,1,,,,
,,climate adjustable,1,s current,1,,,,
,,annually is,1,current unknowns,1,,,,
,,of thing,1,unknowns into,1,,,,
,,thing councils,1,into written,1,,,,
,,councils end,1,written approvals,1,,,,
,,up fighting,1,contractable guarantees,1,,,,
,,fighting over,1,guarantees the,1,,,,
,,over in,1,the reason,1,,,,
,,year essential,1,reason isn,1,,,,
,,infrastructure optics,1,t that,1,,,,
,,optics cloud,1,is bad,1,,,,
,,dependency is,1,bad it,1,,,,
,,is less,1,s that,1,,,,
,,less forgiving,1,has accumulated,1,,,,
,,forgiving even,1,accumulated a,1,,,,
,,even a,1,a stack,1,,,,
,,minor central,1,stack of,1,,,,
,,outage can,1,of gates,1,,,,
,,headline if,1,gates waiver,1,,,,
,,s perceived,1,failover cloud,1,,,,
,,perceived as,1,cloud opex,1,,,,
,,as cloud,1,opex that,1,,,,
,,cloud caused,1,that increase,1,,,,
,,caused it,1,slip cost,1,,,,
,,it especially,1,volatility and,1,,,,
,,a known,1,and council,1,,,,
,,known similar,1,council blowback,1,,,,
,,similar system,1,blowback while,1,,,,
,,system pilot,1,constraints punish,1,,,,
,,outage under,1,punish delay,1,,,,
,,under investigation,1,still lean,1,,,,
,,investigation this,1,lean novagrid,1,,,,
,,this doesn,1,the shortest,1,,,,
,,t mean,1,shortest path,1,,,,
,,mean cloud,1,it safe,1,,,,
,,inherently bad,1,safe enough,1,,,,
,,does mean,1,recommend use,1,,,,
,,mean you,1,a hour,1,,,,
,,say credibly,1,hour proof,1,,,,
,,credibly we,1,proof package,1,,,,
,,failover worked,1,package demand,1,,,,
,,worked intersections,1,demand require,1,,,,
,,stayed safe,1,require novagrid,1,,,,
,,safe when,1,novagrid to,1,,,,
,,when leaning,1,deliver in,1,,,,
,,mistake the,1,documentation set,1,,,,
,,the conditions,1,set named,1,,,,
,,can answer,1,named point,1,,,,
,,answer yes,1,point of,1,,,,
,,yes to,1,of contact,1,,,,
,,to all,1,contact submission,1,,,,
,,all of,1,submission date,1,,,,
,,following within,1,date failover,1,,,,
,,decision window,1,architecture diagram,1,,,,
,,window novagrid,1,diagram rto,1,,,,
,,a defensible,1,rto rpo,1,,,,
,,choice dot,1,rpo testing,1,,,,
,,outcome is,1,testing plan,1,,,,
,,is highly,1,a firm,1,,,,
,,highly likely,1,firm week,1,,,,
,,likely and,1,week impact,1,,,,
,,can submit,1,impact explanation,1,,,,
,,submit the,1,explanation what,1,,,,
,,the packet,1,what overlaps,1,,,,
,,packet immediately,1,overlaps vs,1,,,,
,,immediately novagrid,1,vs extends,1,,,,
,,novagrid provides,1,extends critical,1,,,,
,,provides strong,1,a capped,1,,,,
,,strong comparable,1,capped pricing,1,,,,
,,comparable deployment,1,pricing schedule,1,,,,
,,design is,1,schedule cloud,1,,,,
,,is fully,1,fee escalator,1,,,,
,,fully specified,1,escalator cap,1,,,,
,,specified approved,1,cap failover,1,,,,
,,approved in,1,costs included,1,,,,
,,writing and,1,included portability,1,,,,
,,is fixed,1,portability sample,1,,,,
,,fixed and,1,sample exports,1,,,,
,,and inclusive,1,exports of,1,,,,
,,inclusive including,1,of full,1,,,,
,,controls testing,1,configuration api,1,,,,
,,documentation failover,1,api docs,1,,,,
,,failover is,1,docs incident,1,,,,
,,proven you,1,drill plan,1,,,,
,,can require,1,with pass,1,,,,
,,require and,1,fail criteria,1,,,,
,,novagrid agrees,1,criteria including,1,,,,
,,agrees to,1,including cloud,1,,,,
,,a demonstrated,1,down if,1,,,,
,,demonstrated failover,1,they can,1,,,,
,,test with,1,t produce,1,,,,
,,with defined,1,produce this,1,,,,
,,defined rto,1,this quickly,1,,,,
,,rpo as,1,quickly that,1,,,,
,,milestone before,1,s your,1,,,,
,,rollout opex,1,your answer,1,,,,
,,bounded cloud,1,the organization,1,,,,
,,fees have,1,organization isn,1,,,,
,,hard escalation,1,t yet,1,,,,
,,the hybrid,1,yet operating,1,,,,
,,failover s,1,operating at,1,,,,
,,s ongoing,1,the rigor,1,,,,
,,ongoing support,1,rigor level,1,,,,
,,are explicit,1,level you,1,,,,
,,explicit and,1,need for,1,,,,
,,and capped,1,infrastructure under,1,,,,
,,capped degraded,1,under political,1,,,,
,,mode safety,1,political time,1,,,,
,,safety is,1,time pressure,1,,,,
,,is clear,1,pressure if,1,,,,
,,clear intersections,1,s driving,1,,,,
,,run safe,1,driving your,1,,,,
,,timing locally,1,your novagrid,1,,,,
,,locally when,1,novagrid preference,1,,,,
,,comms fail,1,preference most,1,,,,
,,fail with,1,most incident,1,,,,
,,clear operator,1,routing emergency,1,,,,
,,logs if,1,time modularity,1,,,,
,,of those,1,modularity or,1,,,,
,,are no,1,or distrust,1,,,,
,,no or,1,distrust of,1,,,,
,,or maybe,1,of civitas,1,,,,
,,maybe the,1,ll tell,1,,,,
,,t novagrid,1,you exactly,1,,,,
,,might be,1,what evidence,1,,,,
,,be worse,1,terms would,1,,,,
,,worse it,1,would satisfy,1,,,,
,,s novagrid,1,satisfy that,1,,,,
,,might not,1,that concern,1,,,,
,,be deliverable,1,without exposing,1,,,,
,,deliverable on,1,exposing you,1,,,,
,,budget with,1,to avoidable,1,,,,
,,council scrutiny,1,avoidable downside,1,,,,
,,the do,1,downside final,1,,,,
,,it responsibly,1,position so,1,,,,
,,responsibly package,1,can proceed,1,,,,
,,package non,1,proceed make,1,,,,
,,keep your,1,recommendation and,1,,,,
,,your lean,1,and award,1,,,,
,,lean from,1,systems specifying,1,,,,
,,from turning,1,specifying the,1,,,,
,,turning into,1,controllers as,1,,,,
,,mistake i,1,required configuration,1,,,,
,,d insist,1,configuration do,1,,,,
,,on these,1,select civitas,1,,,,
,,contingencies contract,1,and do,1,,,,
,,exhibits written,1,select novagrid,1,,,,
,,written dot,1,novagrid why,1,,,,
,,waiver plan,1,why in,1,,,,
,,plan contents,1,clean chain,1,,,,
,,contents submission,1,chain of,1,,,,
,,submission date,1,of reasoning,1,,,,
,,date expected,1,reasoning you,1,,,,
,,expected decision,1,you cannot,1,,,,
,,decision date,1,cannot afford,1,,,,
,,date right,1,afford added,1,,,,
,,to terminate,1,added external,1,,,,
,,terminate or,1,gates novagrid,1,,,,
,,switch if,1,an it,1,,,,
,,not approved,1,satisfy essential,1,,,,
,,approved by,1,governance that,1,,,,
,,by a,1,stack increases,1,,,,
,,specific date,1,increases schedule,1,,,,
,,date it,1,and political,1,,,,
,,approved architecture,1,constraint civitas,1,,,,
,,failover documented,1,safe civitas,1,,,,
,,documented topology,1,path the,1,,,,
,,topology responsibilities,1,push beyond,1,,,,
,,responsibilities patching,1,the stated,1,,,,
,,patching model,1,stated month,1,,,,
,,model dr,1,and reintroduce,1,,,,
,,dr procedures,1,reintroduce avoidable,1,,,,
,,procedures failover,1,risk plus,1,,,,
,,failover acceptance,1,plus lock,1,,,,
,,test measured,1,optics civitas,1,,,,
,,rollback test,1,lowest combined,1,,,,
,,test tied,1,combined risk,1,,,,
,,milestones fee,1,risk option,1,,,,
,,caps cloud,1,option it,1,,,,
,,cap explicit,1,it keeps,1,,,,
,,explicit costs,1,civitas policy,1,,,,
,,failover support,1,policy track,1,,,,
,,support annual,1,record advantages,1,,,,
,,annual clear,1,advantages while,1,,,,
,,clear triggers,1,while avoiding,1,,,,
,,triggers for,1,avoiding the,1,,,,
,,for add,1,hardware bottleneck,1,,,,
,,on fees,1,bottleneck and,1,,,,
,,fees data,1,and directly,1,,,,
,,assistance so,1,addressing council,1,,,,
,,so modularity,1,concern with,1,,,,
,,modularity is,1,controllers paired,1,,,,
,,not marketing,1,paired with,1,,,,
,,marketing my,1,with contract,1,,,,
,,my candid,1,contract enforced,1,,,,
,,candid judgment,1,enforced portability,1,,,,
,,judgment call,1,portability tightening,1,,,,
,,call given,1,make opex,1,,,,
,,everything on,1,predictability a,1,,,,
,,the table,1,a priority,1,,,,
,,table leaning,1,priority civitas,1,,,,
,,likely a,1,a standard,1,,,,
,,mistake unless,1,controller maintenance,1,,,,
,,have strong,1,maintenance posture,1,,,,
,,strong confidence,1,posture are,1,,,,
,,confidence that,1,are easier,1,,,,
,,waiver will,1,defend than,1,,,,
,,will clear,1,costs plus,1,,,,
,,clear smoothly,1,plus hybrid,1,,,,
,,smoothly and,1,hybrid failover,1,,,,
,,s failover,1,failover overhead,1,,,,
,,requirement won,1,overhead what,1,,,,
,,t expand,1,next immediately,1,,,,
,,expand beyond,1,immediately to,1,,,,
,,the quoted,1,this robust,1,,,,
,,quoted cost,1,robust in,1,,,,
,,can lock,1,ntp package,1,,,,
,,down opex,1,package require,1,,,,
,,opex escalation,1,require these,1,,,,
,,escalation if,1,these conditions,1,,,,
,,clear those,1,conditions as,1,,,,
,,truly value,1,acceptance gated,1,,,,
,,value incident,1,gated deliverables,1,,,,
,,capability enough,1,sourcing lock,1,,,,
,,enough to,1,lock named,1,,,,
,,justify added,1,substitutes portability,1,,,,
,,added complexity,1,portability anti,1,,,,
,,complexity novagrid,1,in package,1,,,,
,,reasonable bet,1,package city,1,,,,
,,bet but,1,city data,1,,,,
,,choosing a,1,formats api,1,,,,
,,more governance,1,documentation transition,1,,,,
,,governance heavy,1,clause resilience,1,,,,
,,heavy path,1,resilience proof,1,,,,
,,executed tightly,1,proof scripted,1,,,,
,,tightly if,1,scripted tests,1,,,,
,,me one,1,operation and,1,,,,
,,one thing,1,mode procedures,1,,,,
,,thing do,1,procedures incident,1,,,,
,,it agreement,1,response sla,1,,,,
,,agreement on,1,sla rca,1,,,,
,,what on,1,timelines payment,1,,,,
,,do rto,1,to proof,1,,,,
,,and functions,1,proof holdback,1,,,,
,,functions i,1,holdback acceptance,1,,,,
,,whether novagrid,1,acceptance milestones,1,,,,
,,is realistically,1,milestones so,1,,,,
,,realistically controllable,1,so modular,1,,,,
,,controllable or,1,modular and,1,,,,
,,or whether,1,and portable,1,,,,
,,re walking,1,portable is,1,,,,
,,walking into,1,is enforceable,1,,,,
,,open ended,1,enforceable not,1,,,,
,,ended integration,1,promised if,1,,,,
,,integration final,1,your planned,1,,,,
,,final position,1,planned recommendation,1,,,,
,,position recommend,1,or staff,1,,,,
,,recommend award,1,staff report,1,,,,
,,and issue,1,report outline,1,,,,
,,issue a,1,outline and,1,,,,
,,proceed that,1,ll tighten,1,,,,
,,that starts,1,tighten it,1,,,,
,,starts immediately,1,ready language,1,,,,
,,design while,1,language aligned,1,,,,
,,while locking,1,with this,1,,,,
,,in enforceable,1,this final,1,,,,
,,openness and,1,,,,,,
,,and reliability,1,,,,,,
,,requirements before,1,,,,,,
,,before major,1,,,,,,
,,major field,1,,,,,,
,,field procurement,1,,,,,,
,,procurement why,1,,,,,,
,,right call,1,,,,,,
,,call to,1,,,,,,
,,proceed fewest,1,,,,,,
,,s threshold,1,,,,,,
,,waiver plus,1,,,,,,
,,it driven,1,,,,,,
,,driven architectural,1,,,,,,
,,ons best,1,,,,,,
,,best alignment,1,,,,,,
,,alignment with,1,,,,,,
,,with start,1,,,,,,
,,now reality,1,,,,,,
,,reality novagrid,1,,,,,,
,,weeks create,1,,,,,,
,,create immediate,1,,,,,,
,,immediate calendar,1,,,,,,
,,modular avoids,1,,,,,,
,,avoids those,1,,,,,,
,,those gates,1,,,,,,
,,gates addresses,1,,,,,,
,,council lock,1,,,,,,
,,in scrutiny,1,,,,,,
,,scrutiny standard,1,,,,,,
,,controllers contractually,1,,,,,,
,,contractually guaranteed,1,,,,,,
,,guaranteed portability,1,,,,,,
,,transition is,1,,,,,,
,,defensible answer,1,,,,,,
,,system experience,1,,,,,,
,,experience budget,1,,,,,,
,,budget resilience,1,,,,,,
,,resilience civitas,1,,,,,,
,,early lower,1,,,,,,
,,maintenance signal,1,,,,,,
,,signal provide,1,,,,,,
,,provide more,1,,,,,,
,,opex than,1,,,,,,
,,than novagrid,1,,,,,,
,,s adjustable,1,,,,,,
,,adjustable cloud,1,,,,,,
,,fees plus,1,,,,,,
,,plus hybrid,1,,,,,,
,,failover upkeep,1,,,,,,
,,upkeep avoids,1,,,,,,
,,s supply,1,,,,,,
,,chain trap,1,,,,,,
,,trap proprietary,1,,,,,,
,,controller week,1,,,,,,
,,times can,1,,,,,,
,,slip schedule,1,,,,,,
,,schedule modular,1,,,,,,
,,reduce that,1,,,,,,
,,risk non,1,,,,,,
,,include in,1,,,,,,
,,award package,1,,,,,,
,,package so,1,,,,,,
,,real controller,1,,,,,,
,,rights spares,1,,,,,,
,,spares named,1,,,,,,
,,equivalents early,1,,,,,,
,,early spare,1,,,,,,
,,dates data,1,,,,,,
,,config ownership,1,,,,,,
,,and export,1,,,,,,
,,export timing,1,,,,,,
,,defined obligations,1,,,,,,
,,tests for,1,,,,,,
,,loss rollback,1,,,,,,
,,incident workflow,1,,,,,,
,,basics tied,1,,,,,,
,,to milestones,1,,,,,,
,,milestones payment,1,,,,,,
,,payment schedule,1,,,,,,
,,milestones if,1,,,,,,
,,proceed on,1,,,,,,
,,on this,1,,,,,,
,,this basis,1,,,,,,
,,basis you,1,,,,,,
,,ll have,1,,,,,,
,,single clean,1,,,,,,
,,is operationally,1,,,,,,
,,operationally sound,1,,,,,,
,,sound politically,1,,,,,,
,,politically defensible,1,,,,,,
,,defensible and,1,,,,,,
,,and least,1,,,,,,
,,least likely,1,,,,,,
,,be clearly,1,,,,,,
